,co2,temp,humidity,pressure,gas_resistance,pm1_0,pm2_5,pm4_0,pm10_0,pnc_0_5,pnc_1_0,pnc_2_5,pnc_4_0,pnc_10_0,tps
[2026-05-08 00:12:23.781] ,508,27.3,32.47,100575.63,279475.97,8.64,9.13,9.13,9.13,60.58,68.67,68.91,68.93,68.94,0.43
[2026-05-08 00:12:28.801] ,507,27.26,32.46,100576.86,277883.31,8.71,9.22,9.22,9.22,61.14,69.3,69.55,69.57,69.57,0.43
[2026-05-08 00:12:33.812] ,509,27.26,32.45,100576.8,276756.75,9.02,9.54,9.54,9.54,63.31,71.76,72.02,72.03,72.04,0.43
[2026-05-08 00:12:38.831] ,510,27.26,32.45,100577.05,277883.31,8.62,9.12,9.12,9.12,60.51,68.58,68.83,68.84,68.85,0.43
[2026-05-08 00:12:43.841] ,511,27.29,32.5,100575.78,277206.28,8.5,8.99,8.99,8.99,59.66,67.63,67.87,67.88,67.89,0.43
[2026-05-08 00:12:48.859] ,511,27.33,32.5,100576.66,277431.59,8.54,9.03,9.03,9.03,59.9,67.9,68.14,68.15,68.16,0.43
[2026-05-08 00:12:53.873] ,511,27.32,32.43,100575.92,279019.06,8.43,8.91,8.91,8.91,59.14,67.03,67.27,67.28,67.29,0.44
[2026-05-08 00:12:58.889] ,510,27.31,32.32,100576.24,281783.16,8.12,8.59,8.59,8.59,57,64.61,64.84,64.85,64.86,0.43
[2026-05-08 00:13:03.904] ,510,27.29,32.3,100575.21,279705,8.04,8.5,8.5,8.5,56.41,63.94,64.16,64.18,64.18,0.43
[2026-05-08 00:13:08.911] ,510,27.28,32.32,100575.26,280164.16,8.11,8.57,8.57,8.58,56.88,64.48,64.71,64.72,64.73,0.44
[2026-05-08 00:13:13.931] ,509,27.26,32.32,100574.92,280394.31,8.24,8.72,8.72,8.72,57.8,65.52,65.76,65.77,65.78,0.44
[2026-05-08 00:13:18.939] ,508,27.28,32.35,100575.51,278791.19,7.9,8.36,8.36,8.36,55.38,62.79,63.02,63.03,63.03,0.45
[2026-05-08 00:13:23.958] ,510,27.24,32.32,100575.01,274973.16,7.81,8.27,8.27,8.28,54.76,62.09,62.32,62.33,62.34,0.45
[2026-05-08 00:13:28.975] ,509,27.25,32.31,100575.35,276981.34,7.87,8.33,8.34,8.34,55.18,62.57,62.8,62.82,62.82,0.45
[2026-05-08 00:13:33.991] ,509,27.26,32.33,100576.52,277206.28,8.01,8.49,8.5,8.5,56.2,63.72,63.96,63.97,63.98,0.46
[2026-05-08 00:13:39.000] ,511,27.25,32.32,100574.7,278109.72,7.73,8.19,8.2,8.2,54.21,61.47,61.7,61.72,61.72,0.45
[2026-05-08 00:13:44.010] ,510,27.2,32.32,100576.38,279247.34,8.03,8.51,8.53,8.53,56.32,63.87,64.11,64.13,64.13,0.46
[2026-05-08 00:13:49.031] ,509,27.24,32.36,100576.86,277431.59,8.29,8.79,8.8,8.81,58.09,65.88,66.13,66.15,66.16,0.46
[2026-05-08 00:13:54.041] ,509,27.28,32.38,100575.53,278791.19,7.99,8.48,8.5,8.51,55.99,63.51,63.77,63.78,63.79,0.45
[2026-05-08 00:13:59.062] ,510,27.3,32.37,100576.16,277431.59,8.27,8.78,8.8,8.82,57.92,65.71,65.98,66,66,0.45
[2026-05-08 00:14:04.066] ,511,27.27,32.31,100577.77,277883.31,8.48,9.01,9.04,9.05,59.41,67.41,67.68,67.7,67.71,0.45
[2026-05-08 00:14:09.082] ,510,27.28,32.32,100577.28,278336.5,8.73,9.27,9.3,9.32,61.16,69.39,69.67,69.69,69.69,0.45
[2026-05-08 00:14:14.097] ,508,27.32,32.32,100576.55,277431.59,8.55,9.08,9.11,9.12,59.86,67.92,68.19,68.21,68.22,0.46
[2026-05-08 00:14:19.111] ,507,27.33,32.28,100576.48,277883.31,8.24,8.76,8.79,8.8,57.75,65.52,65.79,65.81,65.82,0.45
[2026-05-08 00:14:24.121] ,506,27.34,32.24,100576.68,278791.19,8.01,8.5,8.53,8.55,56.08,63.63,63.89,63.9,63.91,0.46
[2026-05-08 00:14:29.139] ,506,27.36,32.22,100577.97,278109.72,7.99,8.49,8.52,8.53,55.94,63.47,63.74,63.75,63.76,0.47
[2026-05-08 00:14:34.152] ,505,27.36,32.17,100577.34,278563.66,8.21,8.72,8.75,8.77,57.48,65.22,65.49,65.51,65.51,0.46
[2026-05-08 00:14:39.165] ,504,27.32,32.15,100577.63,278336.5,8.52,9.05,9.09,9.1,59.69,67.73,68.01,68.03,68.04,0.46
[2026-05-08 00:14:44.182] ,503,27.31,32.19,100577.04,277883.31,8.74,9.28,9.32,9.33,61.22,69.46,69.75,69.77,69.78,0.46
[2026-05-08 00:14:49.191] ,502,27.34,32.2,100576.48,277206.28,8.81,9.36,9.39,9.41,61.7,70.01,70.3,70.32,70.32,0.46
[2026-05-08 00:14:54.212] ,501,27.33,32.18,100577.12,277206.28,8.9,9.45,9.49,9.5,62.34,70.73,71.02,71.04,71.04,0.46
[2026-05-08 00:14:59.221] ,500,27.3,32.19,100576.77,278336.5,8.82,9.37,9.4,9.42,61.81,70.13,70.42,70.44,70.44,0.46
[2026-05-08 00:15:04.241] ,498,27.31,32.21,100575.71,277431.59,8.61,9.15,9.18,9.19,60.35,68.46,68.74,68.76,68.77,0.45
[2026-05-08 00:15:09.250] ,497,27.29,32.24,100576.75,278563.66,8.65,9.19,9.22,9.23,60.62,68.77,69.05,69.07,69.08,0.45
[2026-05-08 00:15:14.262] ,497,27.28,32.27,100576.47,277431.59,8.44,8.96,8.99,9,59.1,67.05,67.32,67.34,67.35,0.46
[2026-05-08 00:15:19.282] ,498,27.31,32.32,100578.06,277206.28,8.39,8.91,8.94,8.95,58.75,66.66,66.93,66.95,66.96,0.45
[2026-05-08 00:15:24.289] ,498,27.34,32.3,100577.44,275862.06,8.58,9.11,9.14,9.16,60.13,68.21,68.49,68.51,68.51,0.45
[2026-05-08 00:15:29.311] ,497,27.32,32.27,100577.84,277883.31,8.51,9.03,9.05,9.07,59.6,67.61,67.88,67.9,67.9,0.45
[2026-05-08 00:15:34.321] ,496,27.32,32.27,100578.16,278791.19,8.21,8.71,8.73,8.75,57.52,65.25,65.5,65.52,65.53,0.45
[2026-05-08 00:15:39.335] ,497,27.37,32.26,100575.94,278109.72,8.03,8.52,8.54,8.56,56.29,63.85,64.1,64.12,64.12,0.45
[2026-05-08 00:15:44.353] ,496,27.31,32.22,100577.02,280394.31,8.03,8.52,8.55,8.56,56.28,63.84,64.09,64.11,64.12,0.45
[2026-05-08 00:15:49.366] ,496,27.29,32.18,100576.02,281318.69,7.89,8.37,8.39,8.41,55.28,62.71,62.96,62.97,62.98,0.45
[2026-05-08 00:15:54.381] ,495,27.24,32.2,100577.19,282482.75,8.02,8.5,8.53,8.54,56.17,63.72,63.97,63.99,64,0.45
[2026-05-08 00:15:59.391] ,495,27.23,32.19,100577.15,281550.72,7.96,8.44,8.46,8.47,55.78,63.27,63.52,63.53,63.54,0.45
[2026-05-08 00:16:04.413] ,494,27.2,32.21,100577.97,282482.75,7.58,8.04,8.06,8.07,53.16,60.29,60.52,60.54,60.54,0.44
[2026-05-08 00:16:09.430] ,496,27.22,32.25,100577.66,283420.97,7.29,7.73,7.75,7.76,51.13,57.99,58.22,58.23,58.24,0.44
[2026-05-08 00:16:14.444] ,495,27.23,32.22,100577.29,284840.06,7.59,8.05,8.06,8.07,53.23,60.37,60.6,60.62,60.62,0.45
[2026-05-08 00:16:19.460] ,494,27.26,32.2,100575.89,280855.72,7.7,8.15,8.17,8.17,53.95,61.18,61.41,61.43,61.43,0.45
[2026-05-08 00:16:24.471] ,494,27.28,32.18,100576.7,281550.72,7.81,8.28,8.29,8.3,54.78,62.12,62.36,62.38,62.38,0.46
[2026-05-08 00:16:29.481] ,493,27.33,32.15,100577.64,280394.31,7.83,8.3,8.31,8.32,54.89,62.24,62.48,62.5,62.5,0.46
[2026-05-08 00:16:34.502] ,495,27.36,32.14,100578.09,279705,7.6,8.05,8.07,8.08,53.25,60.39,60.63,60.64,60.65,0.46
[2026-05-08 00:16:39.513] ,495,27.38,32.1,100578.37,278791.19,7.51,7.97,7.98,7.99,52.66,59.73,59.96,59.97,59.98,0.46
[2026-05-08 00:16:44.532] ,495,27.41,32.07,100578.18,278336.5,7.45,7.9,7.91,7.92,52.21,59.21,59.44,59.46,59.46,0.45
[2026-05-08 00:16:49.552] ,496,27.43,32.03,100577.89,278791.19,7.18,7.61,7.63,7.64,50.31,57.06,57.28,57.3,57.3,0.45
[2026-05-08 00:16:54.561] ,495,27.42,31.99,100579.05,278791.19,7.25,7.68,7.7,7.71,50.79,57.6,57.83,57.84,57.85,0.46
[2026-05-08 00:16:59.578] ,496,27.38,31.96,100577.69,279705,7.21,7.65,7.66,7.67,50.54,57.32,57.54,57.56,57.56,0.46
[2026-05-08 00:17:04.598] ,498,27.34,32,100577.82,279705,7.34,7.78,7.8,7.81,51.45,58.35,58.58,58.59,58.6,0.46
[2026-05-08 00:17:09.612] ,496,27.33,32.01,100579.35,281318.69,7.39,7.83,7.85,7.86,51.77,58.72,58.95,58.96,58.97,0.46
[2026-05-08 00:17:14.622] ,495,27.3,32.04,100579.47,281087.03,7.51,7.97,7.98,7.99,52.66,59.73,59.96,59.97,59.98,0.46
[2026-05-08 00:17:19.641] ,495,27.32,32.07,100579.59,281550.72,7.83,8.3,8.32,8.33,54.9,62.26,62.5,62.52,62.53,0.45
[2026-05-08 00:17:24.655] ,494,27.34,32.08,100579.35,281087.03,8.02,8.5,8.52,8.53,56.25,63.79,64.04,64.05,64.06,0.45
[2026-05-08 00:17:29.669] ,492,27.34,32.07,100580.27,280855.72,7.77,8.23,8.25,8.25,54.47,61.77,62,62.01,62.02,0.45
[2026-05-08 00:17:34.688] ,492,27.37,32.07,100579.89,280624.84,7.55,8,8.01,8.02,52.93,60.02,60.25,60.26,60.27,0.45
[2026-05-08 00:17:39.697] ,494,27.37,32.08,100579.73,280164.16,7.38,7.82,7.83,7.83,51.75,58.68,58.9,58.91,58.92,0.44
[2026-05-08 00:17:44.711] ,493,27.39,32.1,100579.93,278109.72,7.2,7.62,7.63,7.64,50.48,57.24,57.46,57.47,57.48,0.45
[2026-05-08 00:17:49.732] ,494,27.41,32.1,100579.56,278563.66,7.25,7.68,7.69,7.69,50.84,57.65,57.86,57.88,57.88,0.46
[2026-05-08 00:17:54.738] ,494,27.38,32.08,100579.71,278563.66,7.15,7.57,7.58,7.58,50.11,56.82,57.04,57.05,57.05,0.46
[2026-05-08 00:17:59.761] ,493,27.37,32.06,100579.66,279705,7.22,7.64,7.65,7.66,50.6,57.37,57.59,57.6,57.61,0.45
[2026-05-08 00:18:04.768] ,493,27.35,32.07,100580.43,280394.31,7.51,7.95,7.96,7.97,52.66,59.71,59.93,59.95,59.95,0.45
[2026-05-08 00:18:09.792] ,493,27.35,32.07,100579.62,281087.03,7.34,7.77,7.78,7.78,51.46,58.34,58.56,58.58,58.58,0.45
[2026-05-08 00:18:14.802] ,493,27.39,32.09,100578.6,280164.16,7.27,7.7,7.71,7.72,51,57.83,58.05,58.06,58.06,0.44
[2026-05-08 00:18:19.813] ,492,27.41,32.05,100577.62,280394.31,7.38,7.81,7.82,7.83,51.74,58.67,58.89,58.9,58.91,0.45
[2026-05-08 00:18:24.832] ,490,27.42,32.02,100577.71,278791.19,7.33,7.77,7.78,7.78,51.42,58.3,58.52,58.53,58.54,0.45
[2026-05-08 00:18:29.841] ,492,27.39,31.96,100577.8,271906.53,7.56,8,8.01,8.02,52.98,60.07,60.29,60.31,60.31,0.45
[2026-05-08 00:18:34.862] ,494,27.28,31.93,100578.99,272993.88,7.74,8.2,8.21,8.21,54.26,61.53,61.76,61.77,61.78,0.45
[2026-05-08 00:18:39.877] ,493,27.33,31.99,100580.02,274751.81,7.66,8.11,8.13,8.13,53.71,60.9,61.13,61.15,61.15,0.45
[2026-05-08 00:18:44.892] ,494,27.36,32.04,100577.73,276308.69,7.7,8.16,8.17,8.18,53.98,61.22,61.45,61.47,61.47,0.46
[2026-05-08 00:18:49.903] ,492,27.37,32.04,100578.8,274310.22,7.6,8.06,8.08,8.09,53.29,60.44,60.67,60.69,60.69,0.45
[2026-05-08 00:18:54.915] ,491,27.39,32.01,100578.75,274530.84,7.64,8.1,8.12,8.13,53.55,60.73,60.97,60.99,60.99,0.45
[2026-05-08 00:18:59.931] ,491,27.37,32,100578.46,273870.03,7.49,7.95,7.97,7.98,52.52,59.57,59.81,59.82,59.83,0.44
[2026-05-08 00:19:04.951] ,490,27.34,32,100578.09,274973.16,7.28,7.72,7.75,7.76,51,57.85,58.08,58.1,58.1,0.45
[2026-05-08 00:19:09.962] ,489,27.32,32.01,100578.41,276532.53,7.48,7.94,7.97,7.98,52.42,59.46,59.7,59.72,59.73,0.45
[2026-05-08 00:19:14.982] ,491,27.3,32,100577.44,278563.66,7.38,7.84,7.86,7.88,51.71,58.66,58.9,58.92,58.92,0.45
[2026-05-08 00:19:19.992] ,490,27.33,32.01,100578.93,278109.72,7.08,7.52,7.55,7.56,49.57,56.25,56.48,56.49,56.5,0.45
[2026-05-08 00:19:25.010] ,490,27.31,31.98,100576.55,279705,6.88,7.31,7.34,7.36,48.2,54.69,54.92,54.94,54.94,0.45
[2026-05-08 00:19:30.018] ,490,27.3,31.98,100577.95,279934.38,6.9,7.33,7.36,7.38,48.33,54.84,55.07,55.09,55.09,0.45
[2026-05-08 00:19:35.035] ,489,27.24,31.95,100578.76,279247.34,7.02,7.46,7.49,7.51,49.17,55.8,56.03,56.05,56.05,0.45
[2026-05-08 00:19:40.048] ,489,27.16,31.95,100581.18,279247.34,7.14,7.59,7.62,7.63,49.97,56.71,56.95,56.97,56.97,0.45
[2026-05-08 00:19:45.066] ,488,27.17,32.05,100582.09,278791.19,7.32,7.78,7.81,7.83,51.25,58.16,58.4,58.42,58.43,0.45
[2026-05-08 00:19:50.081] ,487,27.16,32.08,100582.57,279705,7.28,7.73,7.76,7.78,50.95,57.82,58.06,58.07,58.08,0.45
[2026-05-08 00:19:55.094] ,486,27.12,32.08,100581.8,279934.38,7.13,7.57,7.6,7.61,49.91,56.63,56.86,56.88,56.89,0.44
[2026-05-08 00:20:00.111] ,485,27.17,32.11,100581.32,278791.19,6.99,7.43,7.45,7.47,48.99,55.58,55.81,55.82,55.83,0.44
[2026-05-08 00:20:05.125] ,482,27.21,32.14,100579.67,276756.75,7.02,7.46,7.48,7.49,49.2,55.82,56.05,56.06,56.07,0.44
[2026-05-08 00:20:10.142] ,482,27.26,32.15,100578.87,275194.84,7.1,7.52,7.54,7.54,49.8,56.47,56.69,56.7,56.7,0.44
[2026-05-08 00:20:15.152] ,483,27.29,32.11,100578.48,276308.69,7.06,7.48,7.49,7.49,49.51,56.14,56.34,56.36,56.36,0.44
[2026-05-08 00:20:20.172] ,481,27.31,32.09,100578.62,276756.75,7.19,7.61,7.61,7.61,50.44,57.18,57.39,57.4,57.4,0.43
[2026-05-08 00:20:25.183] ,483,27.28,32.05,100578.24,278791.19,7.2,7.61,7.61,7.61,50.48,57.22,57.42,57.44,57.44,0.43
[2026-05-08 00:20:30.191] ,482,27.29,32.04,100577.63,278563.66,7.22,7.64,7.64,7.64,50.68,57.44,57.65,57.66,57.66,0.43
[2026-05-08 00:20:35.209] ,483,27.24,32.01,100579.36,283656.5,7.37,7.79,7.79,7.79,51.7,58.6,58.81,58.82,58.83,0.43
[2026-05-08 00:20:40.229] ,482,27.2,31.97,100578.59,285316.25,7.37,7.79,7.79,7.79,51.71,58.62,58.83,58.84,58.85,0.42
[2026-05-08 00:20:45.242] ,483,27.16,31.99,100581.96,283420.97,7.29,7.71,7.71,7.71,51.15,57.98,58.19,58.2,58.21,0.42
[2026-05-08 00:20:50.252] ,482,27.15,32.05,100581.93,284365.47,7.16,7.58,7.58,7.58,50.26,56.97,57.17,57.18,57.19,0.43
[2026-05-08 00:20:55.272] ,481,27.09,32.06,100579.97,284602.56,6.96,7.36,7.36,7.36,48.86,55.38,55.58,55.59,55.6,0.43
[2026-05-08 00:21:00.282] ,483,27.07,32.08,100578.86,285316.25,7.1,7.51,7.51,7.51,49.83,56.49,56.69,56.7,56.71,0.43
[2026-05-08 00:21:05.297] ,482,27.06,32.08,100579.84,285794.03,6.99,7.39,7.39,7.39,49.03,55.58,55.77,55.79,55.79,0.42
[2026-05-08 00:21:10.311] ,480,27.09,32.12,100580.11,284365.47,6.89,7.29,7.29,7.29,48.36,54.82,55.02,55.03,55.03,0.42
[2026-05-08 00:21:15.321] ,481,27.15,32.09,100580.74,284602.56,6.8,7.2,7.2,7.2,47.74,54.11,54.3,54.31,54.32,0.42
[2026-05-08 00:21:20.336] ,480,27.17,32.06,100580.94,282951.09,6.76,7.15,7.15,7.15,47.42,53.75,53.94,53.95,53.96,0.42
[2026-05-08 00:21:25.357] ,481,27.18,32.05,100580.05,281318.69,6.68,7.07,7.07,7.07,46.88,53.14,53.33,53.34,53.35,0.42
[2026-05-08 00:21:30.370] ,481,27.2,32.05,100579.77,280164.16,6.54,6.92,6.92,6.92,45.89,52.02,52.2,52.21,52.22,0.42
[2026-05-08 00:21:35.381] ,480,27.23,32.04,100576.57,280624.84,6.4,6.76,6.76,6.76,44.88,50.87,51.05,51.06,51.07,0.42
[2026-05-08 00:21:40.401] ,480,27.26,32.02,100578.56,279934.38,6.26,6.62,6.62,6.62,43.94,49.8,49.98,49.99,50,0.42
[2026-05-08 00:21:45.413] ,480,27.28,32.01,100577.61,277883.31,6.42,6.79,6.79,6.79,45.03,51.04,51.23,51.24,51.24,0.42
[2026-05-08 00:21:50.431] ,480,27.27,31.95,100577.27,279705,6.48,6.85,6.85,6.85,45.46,51.53,51.71,51.72,51.72,0.42
[2026-05-08 00:21:55.441] ,480,27.25,31.94,100576.85,281550.72,6.47,6.84,6.84,6.84,45.36,51.42,51.6,51.61,51.61,0.42
[2026-05-08 00:22:00.451] ,481,27.18,31.9,100580.19,285554.94,6.67,7.05,7.05,7.05,46.77,53.01,53.2,53.21,53.21,0.42
[2026-05-08 00:22:05.473] ,479,27.19,31.9,100578.99,283656.5,6.83,7.22,7.22,7.22,47.89,54.28,54.47,54.48,54.49,0.42
[2026-05-08 00:22:10.484] ,478,27.13,31.92,100579.34,286033.53,6.88,7.28,7.28,7.28,48.3,54.75,54.95,54.96,54.96,0.42
[2026-05-08 00:22:15.504] ,478,27.14,31.96,100580.92,284840.06,6.79,7.18,7.18,7.18,47.63,53.98,54.18,54.19,54.19,0.43
[2026-05-08 00:22:20.511] ,477,27.17,31.95,100582,285077.94,6.64,7.02,7.02,7.02,46.56,52.78,52.96,52.98,52.98,0.43
[2026-05-08 00:22:25.535] ,478,27.21,31.94,100578.52,283656.5,6.57,6.95,6.95,6.95,46.11,52.27,52.46,52.47,52.47,0.43
[2026-05-08 00:22:30.552] ,476,27.23,31.93,100577.12,283892.44,6.59,6.96,6.96,6.96,46.2,52.37,52.56,52.57,52.57,0.42
[2026-05-08 00:22:35.562] ,477,27.26,31.91,100577.69,281087.03,6.6,6.98,6.98,6.98,46.31,52.49,52.68,52.69,52.69,0.42
[2026-05-08 00:22:40.581] ,477,27.29,31.88,100578.57,279934.38,6.77,7.16,7.16,7.16,47.5,53.84,54.04,54.05,54.05,0.43
[2026-05-08 00:22:45.586] ,477,27.29,31.84,100577.36,279705,6.88,7.28,7.28,7.28,48.28,54.73,54.93,54.94,54.94,0.42
[2026-05-08 00:22:50.601] ,476,27.31,31.8,100578.12,280164.16,6.9,7.29,7.29,7.29,48.39,54.85,55.04,55.05,55.06,0.42
[2026-05-08 00:22:55.621] ,477,27.3,31.79,100577.37,280855.72,6.77,7.16,7.16,7.16,47.51,53.85,54.04,54.05,54.06,0.41
[2026-05-08 00:23:00.635] ,475,27.25,31.77,100575.12,282015.97,6.67,7.05,7.05,7.05,46.8,53.05,53.24,53.25,53.26,0.42
[2026-05-08 00:23:05.651] ,474,27.24,31.77,100575.09,283892.44,6.75,7.14,7.14,7.14,47.35,53.67,53.86,53.87,53.88,0.41
[2026-05-08 00:23:10.666] ,474,27.26,31.79,100575.08,283892.44,7.08,7.48,7.48,7.48,49.65,56.28,56.48,56.5,56.5,0.42
[2026-05-08 00:23:15.679] ,474,27.31,31.8,100576.6,282015.97,7.17,7.58,7.58,7.58,50.27,56.98,57.19,57.2,57.2,0.41
[2026-05-08 00:23:20.691] ,474,27.33,31.78,100576.82,281318.69,7.38,7.8,7.8,7.8,51.77,58.68,58.89,58.9,58.91,0.42
[2026-05-08 00:23:25.711] ,472,27.36,31.81,100579.2,280394.31,7.33,7.75,7.75,7.75,51.39,58.25,58.46,58.47,58.48,0.42
[2026-05-08 00:23:30.725] ,471,27.37,31.85,100577.11,278109.72,7.04,7.45,7.45,7.45,49.42,56.02,56.21,56.23,56.23,0.41
[2026-05-08 00:23:35.741] ,470,27.36,31.88,100576.62,276756.75,6.81,7.2,7.2,7.2,47.75,54.13,54.32,54.33,54.34,0.41
[2026-05-08 00:23:40.757] ,468,27.37,31.9,100577.73,275639.31,6.43,6.8,6.8,6.8,45.12,51.15,51.33,51.34,51.34,0.41
[2026-05-08 00:23:45.773] ,467,27.37,31.93,100576.69,275862.06,6.1,6.45,6.45,6.45,42.8,48.51,48.68,48.69,48.7,0.41
[2026-05-08 00:23:50.782] ,467,27.38,31.89,100576.8,277883.31,6.04,6.39,6.39,6.39,42.41,48.07,48.24,48.25,48.25,0.41
[2026-05-08 00:23:55.803] ,472,27.38,31.84,100575.75,276756.75,6.22,6.57,6.57,6.57,43.61,49.43,49.61,49.62,49.62,0.42
[2026-05-08 00:24:00.814] ,472,27.38,31.85,100577.54,276308.69,6.37,6.73,6.73,6.73,44.66,50.63,50.81,50.82,50.82,0.42
[2026-05-08 00:24:05.824] ,471,27.36,31.84,100577.72,277206.28,6.57,6.95,6.95,6.95,46.12,52.27,52.46,52.47,52.48,0.42
[2026-05-08 00:24:10.841] ,473,27.32,31.87,100578.06,276981.34,6.64,7.02,7.02,7.02,46.59,52.81,53,53.01,53.02,0.41
[2026-05-08 00:24:15.854] ,473,27.31,31.94,100576.86,278109.72,6.6,6.98,6.98,6.98,46.3,52.48,52.67,52.68,52.69,0.41
[2026-05-08 00:24:20.872] ,473,27.36,31.97,100576.03,276308.69,6.48,6.85,6.85,6.85,45.45,51.52,51.7,51.71,51.72,0.41
[2026-05-08 00:24:25.892] ,475,27.39,31.95,100575.59,276756.75,6.7,7.08,7.08,7.08,46.97,53.25,53.44,53.45,53.45,0.41
[2026-05-08 00:24:30.902] ,478,27.4,31.95,100575.63,273650.47,6.98,7.38,7.38,7.38,48.97,55.5,55.7,55.71,55.72,0.41
[2026-05-08 00:24:35.921] ,480,27.4,31.96,100576.17,274973.16,7.24,7.66,7.66,7.66,50.81,57.6,57.8,57.81,57.82,0.4
[2026-05-08 00:24:40.929] ,481,27.4,31.94,100576.27,276308.69,7.39,7.81,7.81,7.81,51.81,58.73,58.94,58.95,58.96,0.4
[2026-05-08 00:24:45.943] ,481,27.35,31.95,100575.98,275416.91,7.24,7.66,7.66,7.66,50.79,57.57,57.77,57.79,57.79,0.4
[2026-05-08 00:24:50.957] ,481,27.38,31.98,100575.64,276308.69,7.49,7.92,7.92,7.92,52.55,59.57,59.78,59.79,59.8,0.4
[2026-05-08 00:24:55.980] ,483,27.36,31.99,100575.27,275194.84,7.78,8.22,8.22,8.22,54.55,61.83,62.06,62.07,62.07,0.41
[2026-05-08 00:25:00.990] ,486,27.38,31.99,100575.23,277431.59,7.67,8.11,8.11,8.11,53.82,61,61.22,61.23,61.24,0.4
[2026-05-08 00:25:05.997] ,488,27.4,31.96,100576.12,276308.69,7.53,7.96,7.96,7.96,52.8,59.85,60.07,60.08,60.08,0.41
[2026-05-08 00:25:11.015] ,488,27.4,31.96,100575.91,273870.03,7.2,7.61,7.61,7.61,50.5,57.25,57.45,57.46,57.47,0.41
[2026-05-08 00:25:16.031] ,490,27.38,31.99,100575.01,273870.03,7.33,7.75,7.75,7.75,51.42,58.29,58.49,58.51,58.51,0.42
[2026-05-08 00:25:21.042] ,492,27.34,32.06,100575.05,273212.38,7.42,7.84,7.84,7.84,52.03,58.97,59.18,59.19,59.2,0.41
[2026-05-08 00:25:26.061] ,491,27.35,32.14,100576.55,273212.38,7.55,7.99,7.99,7.99,52.98,60.05,60.27,60.28,60.29,0.42
[2026-05-08 00:25:31.067] ,494,27.34,32.14,100577.14,274089.94,7.85,8.3,8.3,8.3,55.1,62.45,62.67,62.69,62.69,0.41
[2026-05-08 00:25:36.081] ,496,27.35,32.12,100576.83,274310.22,7.6,8.04,8.04,8.04,53.35,60.48,60.69,60.7,60.71,0.41
[2026-05-08 00:25:41.101] ,496,27.36,32.11,100576.09,274310.22,7.35,7.77,7.77,7.77,51.58,58.47,58.68,58.69,58.69,0.41
[2026-05-08 00:25:46.111] ,496,27.32,32.09,100575.81,275862.06,7.02,7.42,7.42,7.42,49.25,55.82,56.02,56.03,56.04,0.41
[2026-05-08 00:25:51.130] ,500,27.36,32.1,100576.96,274751.81,6.66,7.05,7.05,7.05,46.75,52.99,53.18,53.19,53.2,0.4
[2026-05-08 00:25:56.142] ,504,27.35,32.1,100577.92,274530.84,6.27,6.63,6.63,6.63,44,49.87,50.05,50.06,50.07,0.4
[2026-05-08 00:26:01.151] ,504,27.3,32.09,100576.66,276981.34,6.04,6.39,6.39,6.39,42.38,48.04,48.21,48.22,48.23,0.4
[2026-05-08 00:26:06.173] ,504,27.29,32.11,100576.34,275862.06,5.91,6.25,6.25,6.25,41.49,47.03,47.19,47.2,47.21,0.41
[2026-05-08 00:26:11.181] ,505,27.3,32.12,100576.73,274310.22,5.91,6.25,6.25,6.25,41.47,47.01,47.17,47.18,47.19,0.41
[2026-05-08 00:26:16.195] ,504,27.31,32.14,100576.12,275194.84,6.1,6.45,6.45,6.45,42.8,48.52,48.69,48.7,48.7,0.41
[2026-05-08 00:26:21.217] ,506,27.33,32.16,100573.98,272775.72,6.43,6.8,6.8,6.8,45.1,51.12,51.3,51.31,51.32,0.41
[2026-05-08 00:26:26.231] ,508,27.33,32.17,100573.81,274089.94,6.44,6.81,6.81,6.81,45.15,51.18,51.36,51.37,51.38,0.42
[2026-05-08 00:26:31.242] ,510,27.31,32.17,100573.73,273870.03,6.39,6.76,6.76,6.76,44.86,50.85,51.03,51.05,51.05,0.41
[2026-05-08 00:26:36.250] ,509,27.26,32.19,100574.08,276308.69,6.41,6.78,6.78,6.78,44.99,51,51.18,51.19,51.19,0.41
[2026-05-08 00:26:41.271] ,507,27.24,32.2,100572.24,277431.59,6.2,6.56,6.56,6.56,43.5,49.31,49.48,49.49,49.5,0.4
[2026-05-08 00:26:46.284] ,508,27.26,32.21,100572.59,275639.31,6.1,6.46,6.46,6.46,42.83,48.55,48.72,48.73,48.74,0.4
[2026-05-08 00:26:51.292] ,509,27.23,32.21,100574.67,277206.28,6.1,6.45,6.45,6.45,42.79,48.5,48.67,48.68,48.68,0.39
[2026-05-08 00:26:56.309] ,510,27.21,32.24,100572.27,277206.28,6.25,6.61,6.61,6.61,43.84,49.69,49.87,49.88,49.88,0.4
[2026-05-08 00:27:01.313] ,512,27.23,32.28,100572.55,276085.19,6.59,6.97,6.97,6.97,46.26,52.43,52.62,52.63,52.63,0.4
[2026-05-08 00:27:06.331] ,513,27.27,32.31,100573.48,273431.25,6.69,7.07,7.07,7.07,46.91,53.17,53.36,53.37,53.37,0.4
[2026-05-08 00:27:11.344] ,516,27.3,32.31,100572.37,274751.81,6.84,7.23,7.23,7.23,47.98,54.39,54.58,54.6,54.6,0.41
[2026-05-08 00:27:16.361] ,517,27.29,32.29,100572.84,274089.94,7.03,7.43,7.43,7.43,49.3,55.88,56.08,56.09,56.1,0.42
[2026-05-08 00:27:21.371] ,518,27.24,32.27,100572.84,277657.28,7.11,7.52,7.52,7.52,49.9,56.57,56.77,56.78,56.79,0.43
[2026-05-08 00:27:26.381] ,520,27.28,32.25,100571.21,274751.81,7.13,7.54,7.54,7.54,50.03,56.71,56.91,56.92,56.92,0.43
[2026-05-08 00:27:31.393] ,519,27.22,32.26,100571.42,276756.75,7.02,7.42,7.42,7.42,49.24,55.81,56.01,56.02,56.03,0.43
[2026-05-08 00:27:36.412] ,519,27.2,32.29,100569.73,278336.5,6.77,7.16,7.16,7.16,47.5,53.84,54.04,54.05,54.05,0.43
[2026-05-08 00:27:41.424] ,519,27.22,32.33,100570.74,275194.84,6.82,7.22,7.22,7.22,47.87,54.26,54.46,54.47,54.47,0.43
[2026-05-08 00:27:46.441] ,520,27.24,32.34,100569.69,275639.31,7.15,7.56,7.56,7.56,50.15,56.85,57.05,57.07,57.07,0.41
[2026-05-08 00:27:51.452] ,522,27.26,32.32,100569.91,275639.31,7.06,7.46,7.46,7.46,49.52,56.14,56.34,56.35,56.35,0.42
[2026-05-08 00:27:56.472] ,524,27.29,32.29,100570.32,274751.81,6.91,7.31,7.31,7.31,48.51,54.98,55.18,55.19,55.2,0.42
[2026-05-08 00:28:01.479] ,524,27.31,32.26,100570.43,275862.06,6.81,7.2,7.2,7.2,47.75,54.12,54.32,54.33,54.33,0.41
[2026-05-08 00:28:06.491] ,523,27.34,32.19,100570.81,274751.81,6.94,7.33,7.33,7.33,48.66,55.16,55.35,55.36,55.37,0.41
[2026-05-08 00:28:11.501] ,527,27.36,32.14,100570.49,274310.22,7.3,7.72,7.72,7.72,51.22,58.06,58.27,58.28,58.29,0.42
[2026-05-08 00:28:16.520] ,528,27.38,32.13,100571.05,273431.25,7.23,7.64,7.64,7.64,50.71,57.48,57.69,57.7,57.71,0.42
[2026-05-08 00:28:21.540] ,528,27.39,32.06,100573.3,275639.31,6.84,7.23,7.23,7.23,48,54.41,54.6,54.61,54.62,0.41
[2026-05-08 00:28:26.547] ,527,27.35,32.01,100572.2,277431.59,6.51,6.89,6.89,6.89,45.7,51.8,51.98,51.99,52,0.42
[2026-05-08 00:28:31.561] ,527,27.31,31.99,100571.84,278791.19,6.49,6.86,6.86,6.86,45.55,51.63,51.81,51.82,51.83,0.41
[2026-05-08 00:28:36.581] ,527,27.28,32.02,100572.2,278109.72,6.57,6.94,6.94,6.94,46.06,52.21,52.39,52.41,52.41,0.41
[2026-05-08 00:28:41.592] ,527,27.27,32.05,100571.41,276756.75,6.64,7.03,7.03,7.03,46.61,52.83,53.02,53.03,53.04,0.41
[2026-05-08 00:28:46.601] ,525,27.24,32.1,100571.85,277206.28,6.66,7.04,7.04,7.04,46.73,52.97,53.16,53.17,53.18,0.41
[2026-05-08 00:28:51.622] ,525,27.23,32.16,100570.99,275194.84,6.31,6.68,6.68,6.68,44.3,50.22,50.39,50.41,50.41,0.41
[2026-05-08 00:28:56.637] ,523,27.27,32.21,100571.21,274530.84,6.27,6.63,6.63,6.63,43.98,49.85,50.03,50.04,50.04,0.41
[2026-05-08 00:29:01.653] ,522,27.3,32.2,100572.44,274751.81,6.13,6.48,6.48,6.48,43.02,48.77,48.94,48.95,48.95,0.42
[2026-05-08 00:29:06.661] ,522,27.34,32.15,100571.45,274089.94,5.88,6.22,6.22,6.22,41.26,46.77,46.94,46.95,46.95,0.42
[2026-05-08 00:29:11.677] ,522,27.37,32.1,100571.39,275862.06,5.81,6.14,6.14,6.14,40.77,46.21,46.37,46.38,46.39,0.42
[2026-05-08 00:29:16.691] ,521,27.35,32,100572.09,276532.53,6.14,6.5,6.5,6.5,43.09,48.85,49.02,49.03,49.04,0.42
[2026-05-08 00:29:21.706] ,521,27.36,31.96,100570.93,276981.34,6.12,6.47,6.47,6.47,42.92,48.65,48.83,48.84,48.84,0.41
[2026-05-08 00:29:26.721] ,520,27.39,31.94,100570.17,276756.75,6.09,6.44,6.44,6.44,42.74,48.45,48.62,48.63,48.64,0.42
[2026-05-08 00:29:31.734] ,519,27.42,31.9,100569.88,276085.19,6.06,6.41,6.41,6.41,42.52,48.19,48.37,48.38,48.38,0.42
[2026-05-08 00:29:36.751] ,519,27.42,31.87,100570.84,273431.25,6.12,6.47,6.47,6.47,42.94,48.68,48.85,48.86,48.87,0.41
[2026-05-08 00:29:41.761] ,517,27.3,31.79,100570.31,273650.47,6.22,6.58,6.58,6.58,43.67,49.5,49.67,49.68,49.69,0.41
[2026-05-08 00:29:46.780] ,515,27.29,31.83,100569.72,272775.72,6.19,6.55,6.55,6.55,43.44,49.24,49.42,49.43,49.43,0.42
[2026-05-08 00:29:51.791] ,515,27.29,31.85,100569.86,272340.44,6.28,6.64,6.64,6.64,44.08,49.96,50.14,50.15,50.16,0.42
[2026-05-08 00:29:56.801] ,517,27.26,31.82,100570.54,273650.47,6.37,6.74,6.74,6.74,44.68,50.65,50.83,50.84,50.85,0.42
[2026-05-08 00:30:01.822] ,516,27.2,31.83,100570.63,272123.31,6.22,6.57,6.57,6.57,43.62,49.44,49.61,49.62,49.63,0.42
[2026-05-08 00:30:06.831] ,516,27.17,31.86,100572.44,271906.53,6.17,6.52,6.52,6.52,43.27,49.05,49.22,49.23,49.24,0.42
[2026-05-08 00:30:11.851] ,517,27.18,31.92,100571.3,273431.25,6.11,6.46,6.46,6.46,42.89,48.62,48.79,48.8,48.81,0.42
[2026-05-08 00:30:16.861] ,519,27.16,31.96,100573.38,271042.88,5.91,6.25,6.25,6.25,41.44,46.97,47.14,47.15,47.16,0.43
[2026-05-08 00:30:21.882] ,517,27.19,32,100571.22,269971,6.04,6.38,6.38,6.38,42.35,48,48.17,48.18,48.19,0.43
[2026-05-08 00:30:26.892] ,516,27.22,32.01,100571.28,269119.59,5.87,6.21,6.21,6.21,41.18,46.68,46.85,46.86,46.86,0.42
[2026-05-08 00:30:31.901] ,515,27.26,31.99,100572.49,268484.53,5.83,6.16,6.16,6.16,40.89,46.35,46.51,46.52,46.52,0.42
[2026-05-08 00:30:36.921] ,516,27.28,31.96,100572.16,269331.94,5.91,6.25,6.25,6.25,41.48,47.02,47.19,47.2,47.2,0.42
[2026-05-08 00:30:41.931] ,516,27.31,31.93,100572.08,269757.62,6.03,6.37,6.37,6.37,42.27,47.91,48.09,48.1,48.1,0.42
[2026-05-08 00:30:46.942] ,516,27.33,31.91,100569.32,269757.62,5.98,6.32,6.32,6.32,41.96,47.56,47.73,47.74,47.75,0.41
[2026-05-08 00:30:51.961] ,517,27.34,31.87,100571,268273.5,5.96,6.3,6.3,6.3,41.83,47.41,47.58,47.59,47.59,0.41
[2026-05-08 00:30:56.974] ,517,27.36,31.83,100570.27,268273.5,5.91,6.25,6.25,6.25,41.46,46.99,47.16,47.17,47.18,0.41
[2026-05-08 00:31:01.991] ,518,27.34,31.8,100569.9,269544.62,5.56,5.88,5.88,5.88,39.01,44.22,44.38,44.39,44.39,0.42
[2026-05-08 00:31:07.002] ,517,27.32,31.76,100569.7,270398.72,5.4,5.71,5.71,5.71,37.88,42.94,43.09,43.1,43.1,0.42
[2026-05-08 00:31:12.011] ,518,27.33,31.75,100570.05,269757.62,5.33,5.63,5.63,5.63,37.39,42.38,42.53,42.54,42.54,0.43
[2026-05-08 00:31:17.025] ,517,27.32,31.78,100570.25,269757.62,5.19,5.49,5.49,5.49,36.45,41.31,41.46,41.47,41.47,0.42
[2026-05-08 00:31:22.041] ,516,27.32,31.78,100570.23,268695.88,5.23,5.53,5.53,5.53,36.7,41.6,41.75,41.75,41.76,0.42
[2026-05-08 00:31:27.055] ,518,27.33,31.8,100570.67,269971,5.57,5.89,5.89,5.89,39.07,44.28,44.44,44.45,44.45,0.43
[2026-05-08 00:31:32.070] ,516,27.3,31.77,100570.33,272123.31,5.94,6.28,6.28,6.28,41.68,47.25,47.42,47.43,47.43,0.43
[2026-05-08 00:31:37.080] ,518,27.28,31.8,100570.09,271906.53,6.21,6.56,6.56,6.56,43.53,49.35,49.52,49.53,49.54,0.42
[2026-05-08 00:31:42.093] ,515,27.26,31.83,100569.77,272123.31,6.3,6.66,6.66,6.66,44.18,50.07,50.25,50.26,50.27,0.43
[2026-05-08 00:31:47.116] ,516,27.24,31.93,100568.59,272557.91,6.26,6.62,6.62,6.62,43.89,49.75,49.93,49.94,49.94,0.43
[2026-05-08 00:31:52.121] ,512,27.22,31.99,100570.2,274751.81,6.22,6.58,6.58,6.58,43.65,49.48,49.65,49.66,49.67,0.42
[2026-05-08 00:31:57.139] ,512,27.21,31.97,100569.55,276085.19,6.33,6.69,6.69,6.69,44.4,50.33,50.51,50.52,50.52,0.42
[2026-05-08 00:32:02.153] ,513,27.16,31.96,100574.05,277657.28,6.38,6.74,6.74,6.74,44.75,50.72,50.9,50.91,50.92,0.42
[2026-05-08 00:32:07.172] ,513,27.17,31.99,100571.52,274751.81,6.44,6.81,6.81,6.81,45.17,51.2,51.38,51.39,51.4,0.43
[2026-05-08 00:32:12.181] ,513,27.2,31.99,100570.86,273870.03,6.29,6.65,6.65,6.65,44.12,50.01,50.19,50.2,50.21,0.43
[2026-05-08 00:32:17.198] ,514,27.21,31.98,100569.5,272993.88,6.43,6.8,6.8,6.8,45.11,51.13,51.31,51.32,51.33,0.43
[2026-05-08 00:32:22.211] ,513,27.18,32.04,100571.21,275194.84,6.65,7.03,7.03,7.03,46.63,52.86,53.05,53.06,53.06,0.43
[2026-05-08 00:32:27.232] ,512,27.18,32.1,100572.55,273870.03,7.04,7.44,7.44,7.44,49.38,55.97,56.17,56.18,56.19,0.42
[2026-05-08 00:32:32.242] ,512,27.19,32.11,100570.68,274530.84,7.16,7.57,7.57,7.57,50.21,56.91,57.11,57.12,57.13,0.42
[2026-05-08 00:32:37.254] ,513,27.19,32.09,100568.87,273431.25,6.82,7.22,7.22,7.22,47.88,54.27,54.46,54.47,54.48,0.42
[2026-05-08 00:32:42.272] ,513,27.15,32.09,100572.59,274751.81,6.73,7.12,7.12,7.12,47.25,53.56,53.75,53.76,53.76,0.43
[2026-05-08 00:32:47.278] ,513,27.17,32.12,100569.82,271474.03,6.73,7.12,7.12,7.12,47.21,53.52,53.71,53.72,53.72,0.42
[2026-05-08 00:32:52.291] ,512,27.18,32.17,100569.57,273870.03,6.89,7.29,7.29,7.29,48.35,54.8,55,55.01,55.01,0.42
[2026-05-08 00:32:57.311] ,512,27.18,32.17,100570.2,272775.72,6.91,7.3,7.3,7.3,48.45,54.92,55.12,55.13,55.14,0.41
[2026-05-08 00:33:02.321] ,512,27.14,32.13,100574.39,276308.69,6.79,7.18,7.18,7.18,47.66,54.03,54.22,54.23,54.24,0.41
[2026-05-08 00:33:07.333] ,512,27.19,32.14,100571.3,272775.72,6.75,7.14,7.14,7.14,47.38,53.71,53.9,53.91,53.92,0.42
[2026-05-08 00:33:12.350] ,511,27.24,32.15,100569.32,272340.44,6.36,6.72,6.72,6.72,44.6,50.55,50.73,50.74,50.75,0.42
[2026-05-08 00:33:17.361] ,512,27.26,32.14,100569.5,272123.31,6.07,6.42,6.42,6.42,42.58,48.27,48.44,48.45,48.46,0.42
[2026-05-08 00:33:22.371] ,511,27.3,32.11,100567.66,272993.88,5.95,6.29,6.29,6.29,41.75,47.32,47.49,47.5,47.51,0.43
[2026-05-08 00:33:27.390] ,510,27.32,32.05,100567.76,271258.28,5.99,6.34,6.34,6.34,42.05,47.67,47.84,47.85,47.85,0.43
[2026-05-08 00:33:32.406] ,510,27.33,32,100568.7,272123.31,5.89,6.22,6.22,6.22,41.29,46.8,46.97,46.98,46.98,0.44
[2026-05-08 00:33:37.413] ,511,27.26,31.93,100567.5,275639.31,5.97,6.31,6.31,6.31,41.86,47.45,47.62,47.63,47.63,0.43
[2026-05-08 00:33:42.431] ,510,27.25,31.92,100569.36,273431.25,6.33,6.69,6.69,6.69,44.4,50.33,50.51,50.52,50.52,0.43
[2026-05-08 00:33:47.442] ,511,27.27,31.95,100568.76,272557.91,6.35,6.72,6.72,6.72,44.57,50.52,50.7,50.71,50.71,0.43
[2026-05-08 00:33:52.462] ,511,27.26,31.93,100568.34,275416.91,6.43,6.8,6.8,6.8,45.1,51.13,51.31,51.32,51.32,0.43
[2026-05-08 00:33:57.471] ,510,27.29,31.93,100569.16,274751.81,6.38,6.75,6.75,6.75,44.76,50.74,50.92,50.93,50.93,0.43
[2026-05-08 00:34:02.481] ,509,27.33,31.9,100569.46,274089.94,6.17,6.53,6.53,6.53,43.3,49.08,49.26,49.27,49.27,0.43
[2026-05-08 00:34:07.501] ,509,27.35,31.87,100568.21,273431.25,5.81,6.15,6.15,6.15,40.79,46.24,46.4,46.41,46.42,0.43
[2026-05-08 00:34:12.508] ,509,27.36,31.85,100569.16,272123.31,5.52,5.84,5.84,5.84,38.76,43.93,44.09,44.1,44.1,0.42
[2026-05-08 00:34:17.521] ,507,27.35,31.86,100569.72,272775.72,5.37,5.68,5.68,5.68,37.7,42.74,42.89,42.9,42.9,0.42
[2026-05-08 00:34:22.541] ,508,27.36,31.87,100570.23,271474.03,5.42,5.73,5.73,5.73,38.01,43.08,43.23,43.24,43.25,0.42
[2026-05-08 00:34:27.551] ,509,27.36,31.85,100568.38,272993.88,5.57,5.89,5.89,5.89,39.09,44.31,44.47,44.48,44.48,0.43
[2026-05-08 00:34:32.561] ,511,27.38,31.85,100570.7,272993.88,5.72,6.04,6.04,6.04,40.1,45.46,45.62,45.63,45.63,0.42
[2026-05-08 00:34:37.581] ,510,27.38,31.81,100569.95,271258.28,5.53,5.84,5.84,5.84,38.77,43.94,44.1,44.11,44.11,0.43
[2026-05-08 00:34:42.595] ,513,27.34,31.79,100569.96,271906.53,5.41,5.72,5.72,5.72,37.98,43.05,43.2,43.21,43.21,0.43
[2026-05-08 00:34:47.607] ,511,27.35,31.82,100568.35,272340.44,5.27,5.57,5.57,5.57,36.95,41.88,42.03,42.04,42.05,0.42
[2026-05-08 00:34:52.621] ,512,27.3,31.82,100570.16,273431.25,5.32,5.62,5.62,5.62,37.32,42.3,42.45,42.46,42.46,0.43
[2026-05-08 00:34:57.631] ,511,27.28,31.86,100570.12,273431.25,5.5,5.82,5.82,5.82,38.61,43.76,43.92,43.93,43.93,0.43
[2026-05-08 00:35:02.643] ,509,27.27,31.9,100570.46,274310.22,5.66,5.99,5.99,5.99,39.73,45.04,45.2,45.21,45.21,0.43
[2026-05-08 00:35:07.661] ,510,27.25,31.92,100568.85,273650.47,5.94,6.29,6.29,6.29,41.7,47.27,47.44,47.45,47.45,0.43
[2026-05-08 00:35:12.672] ,512,27.22,31.94,100569.06,274530.84,6.11,6.46,6.46,6.46,42.88,48.61,48.78,48.79,48.79,0.43
[2026-05-08 00:35:17.680] ,513,27.23,31.96,100570.21,273431.25,5.96,6.3,6.3,6.3,41.8,47.38,47.55,47.56,47.56,0.43
[2026-05-08 00:35:22.701] ,513,27.21,31.92,100568.46,275194.84,5.84,6.17,6.17,6.17,40.95,46.42,46.58,46.59,46.6,0.43
[2026-05-08 00:35:27.711] ,516,27.19,31.92,100569.59,273650.47,5.61,5.94,5.94,5.94,39.38,44.64,44.8,44.81,44.81,0.43
[2026-05-08 00:35:32.727] ,516,27.16,31.95,100570.27,273650.47,5.46,5.77,5.77,5.77,38.29,43.4,43.55,43.56,43.57,0.42
[2026-05-08 00:35:37.742] ,515,27.15,31.97,100571.13,270398.72,5.39,5.7,5.7,5.7,37.8,42.85,43,43.01,43.01,0.43
[2026-05-08 00:35:42.748] ,512,27.17,32.01,100569.38,271690.09,5.16,5.46,5.46,5.46,36.22,41.05,41.2,41.21,41.21,0.43
[2026-05-08 00:35:47.761] ,513,27.19,32.02,100569.4,272340.44,5.02,5.31,5.31,5.31,35.2,39.9,40.04,40.05,40.06,0.43
[2026-05-08 00:35:52.782] ,511,27.2,31.99,100567.98,272993.88,5.48,5.8,5.8,5.8,38.48,43.62,43.77,43.78,43.78,0.43
[2026-05-08 00:35:57.792] ,512,27.18,31.97,100568.19,272557.91,5.88,6.22,6.22,6.22,41.27,46.78,46.95,46.96,46.96,0.43
[2026-05-08 00:36:02.810] ,510,27.19,31.95,100568.48,273212.38,5.95,6.29,6.29,6.29,41.72,47.29,47.46,47.47,47.47,0.43
[2026-05-08 00:36:07.821] ,510,27.2,31.94,100569.16,272557.91,5.61,5.93,5.93,5.93,39.33,44.58,44.74,44.75,44.75,0.43
[2026-05-08 00:36:12.831] ,509,27.23,31.93,100567.94,272557.91,5.5,5.82,5.82,5.82,38.62,43.77,43.93,43.94,43.94,0.43
[2026-05-08 00:36:17.851] ,508,27.26,31.93,100568.7,272775.72,5.5,5.82,5.82,5.82,38.58,43.73,43.89,43.9,43.9,0.42
[2026-05-08 00:36:22.861] ,508,27.22,31.9,100569.46,272993.88,5.57,5.89,5.89,5.89,39.05,44.27,44.43,44.44,44.44,0.42
[2026-05-08 00:36:27.871] ,508,27.25,31.88,100569.15,272775.72,5.26,5.56,5.56,5.56,36.89,41.82,41.97,41.98,41.98,0.42
[2026-05-08 00:36:32.889] ,509,27.17,31.87,100570.02,278336.5,5.19,5.49,5.49,5.49,36.43,41.29,41.44,41.45,41.45,0.42
[2026-05-08 00:36:37.901] ,508,27.19,31.9,100569.4,274530.84,5.42,5.73,5.73,5.73,38.03,43.11,43.26,43.27,43.27,0.41
[2026-05-08 00:36:42.913] ,506,27.23,31.94,100568.41,273870.03,5.74,6.07,6.07,6.07,40.28,45.66,45.83,45.84,45.84,0.42
[2026-05-08 00:36:47.923] ,504,27.24,31.91,100569.41,274089.94,5.68,6,6,6,39.83,45.14,45.3,45.31,45.32,0.41
[2026-05-08 00:36:52.939] ,505,27.22,31.91,100569.38,272557.91,5.39,5.7,5.7,5.7,37.83,42.88,43.04,43.05,43.05,0.42
[2026-05-08 00:36:57.949] ,504,27.19,31.97,100568.97,273431.25,5.21,5.51,5.51,5.51,36.54,41.41,41.56,41.57,41.57,0.42
[2026-05-08 00:37:02.956] ,503,27.22,32.02,100569.54,273212.38,5.18,5.48,5.48,5.48,36.36,41.22,41.37,41.38,41.38,0.42
[2026-05-08 00:37:07.969] ,503,27.25,32.01,100569.17,271474.03,5.16,5.46,5.46,5.46,36.21,41.04,41.19,41.19,41.2,0.42
[2026-05-08 00:37:12.981] ,505,27.25,31.97,100569.28,273870.03,5.24,5.54,5.54,5.54,36.74,41.64,41.79,41.8,41.8,0.42
[2026-05-08 00:37:17.992] ,508,27.21,31.94,100568.51,275639.31,5.44,5.75,5.75,5.75,38.13,43.22,43.38,43.39,43.39,0.42
[2026-05-08 00:37:23.011] ,507,27.2,31.91,100569.54,276085.19,5.56,5.88,5.88,5.88,39,44.21,44.36,44.37,44.38,0.42
[2026-05-08 00:37:28.021] ,506,27.15,31.89,100570.76,276981.34,5.55,5.87,5.87,5.87,38.91,44.11,44.27,44.28,44.28,0.42
[2026-05-08 00:37:33.032] ,506,27.14,31.92,100572.6,276308.69,5.6,5.92,5.92,5.92,39.29,44.54,44.69,44.7,44.71,0.42
[2026-05-08 00:37:38.041] ,504,27.16,31.94,100575.3,276532.53,5.7,6.03,6.03,6.03,40,45.34,45.5,45.51,45.51,0.42
[2026-05-08 00:37:43.062] ,502,27.19,31.95,100570.2,275639.31,5.73,6.06,6.06,6.06,40.2,45.57,45.73,45.74,45.74,0.42
[2026-05-08 00:37:48.065] ,503,27.19,31.97,100570.39,276532.53,5.52,5.83,5.83,5.83,38.71,43.87,44.03,44.04,44.04,0.42
[2026-05-08 00:37:53.078] ,502,27.21,31.94,100570.26,275639.31,5.44,5.75,5.75,5.75,38.16,43.26,43.41,43.42,43.42,0.42
[2026-05-08 00:37:58.099] ,501,27.22,31.93,100569.52,276085.19,5.32,5.62,5.62,5.62,37.29,42.27,42.42,42.43,42.43,0.41
[2026-05-08 00:38:03.112] ,501,27.21,31.91,100569.18,275194.84,5.06,5.35,5.35,5.35,35.51,40.25,40.39,40.4,40.4,0.41
[2026-05-08 00:38:08.121] ,501,27.19,31.89,100568.58,276981.34,5.21,5.51,5.51,5.51,36.53,41.41,41.56,41.56,41.57,0.41
[2026-05-08 00:38:13.133] ,505,27.19,31.91,100569.74,276756.75,5.57,5.89,5.89,5.89,39.06,44.28,44.44,44.44,44.45,0.42
[2026-05-08 00:38:18.143] ,505,27.15,31.88,100571.4,279247.34,5.66,5.99,5.99,5.99,39.74,45.05,45.21,45.22,45.22,0.42
[2026-05-08 00:38:23.161] ,505,27.1,31.9,100571.87,279475.97,5.62,5.95,5.95,5.95,39.45,44.72,44.87,44.88,44.89,0.42
[2026-05-08 00:38:28.170] ,505,27.1,31.95,100571.84,279934.38,5.52,5.84,5.84,5.84,38.76,43.93,44.09,44.1,44.1,0.42
[2026-05-08 00:38:33.182] ,504,27.09,31.98,100572.99,278109.72,5.4,5.71,5.71,5.71,37.9,42.96,43.11,43.12,43.12,0.42
[2026-05-08 00:38:38.198] ,503,27.07,32.02,100572.33,277883.31,5.42,5.73,5.73,5.73,38.01,43.08,43.24,43.24,43.25,0.42
[2026-05-08 00:38:43.210] ,505,27.06,32.06,100571.17,278563.66,5.59,5.91,5.91,5.91,39.2,44.43,44.59,44.6,44.6,0.41
[2026-05-08 00:38:48.221] ,504,27.07,32.09,100571.36,278109.72,5.56,5.88,5.88,5.88,39.02,44.22,44.38,44.39,44.4,0.41
[2026-05-08 00:38:53.237] ,504,27.04,32.08,100572.66,278109.72,6.05,6.4,6.4,6.4,42.48,48.15,48.32,48.33,48.33,0.42
[2026-05-08 00:38:58.247] ,506,27,32.11,100571.91,280164.16,6.66,7.04,7.04,7.04,46.71,52.94,53.13,53.14,53.15,0.41
[2026-05-08 00:39:03.261] ,510,26.95,32.07,100571.3,281550.72,6.78,7.17,7.17,7.17,47.56,53.91,54.11,54.12,54.12,0.42
[2026-05-08 00:39:08.271] ,510,26.95,32.12,100571.91,277431.59,6.91,7.31,7.31,7.31,48.49,54.97,55.16,55.17,55.18,0.41
[2026-05-08 00:39:13.281] ,508,26.99,32.15,100570.96,278791.19,6.71,7.09,7.09,7.09,47.06,53.34,53.53,53.54,53.55,0.42
[2026-05-08 00:39:18.297] ,509,26.95,32.11,100571.24,281783.16,6.46,6.83,6.83,6.83,45.32,51.37,51.55,51.57,51.57,0.41
[2026-05-08 00:39:23.311] ,507,26.96,32.11,100573.48,281087.03,6.4,6.77,6.77,6.77,44.9,50.9,51.08,51.09,51.09,0.41
[2026-05-08 00:39:28.327] ,507,26.99,32.14,100571.61,281087.03,6.26,6.62,6.62,6.62,43.89,49.76,49.93,49.94,49.95,0.41
[2026-05-08 00:39:33.342] ,507,27.02,32.09,100573.24,281087.03,6,6.35,6.35,6.35,42.1,47.72,47.89,47.9,47.91,0.41
[2026-05-08 00:39:38.352] ,504,27.02,32.08,100572.55,279934.38,5.65,5.98,5.98,5.98,39.67,44.97,45.13,45.14,45.14,0.41
[2026-05-08 00:39:43.366] ,502,26.99,32.1,100572.57,281087.03,5.3,5.61,5.61,5.61,37.2,42.16,42.31,42.32,42.33,0.41
[2026-05-08 00:39:48.372] ,503,26.98,32.12,100571.82,280164.16,5.46,5.78,5.78,5.78,38.34,43.46,43.61,43.62,43.62,0.4
[2026-05-08 00:39:53.388] ,502,27.02,32.13,100572.81,279019.06,5.73,6.06,6.06,6.06,40.22,45.59,45.75,45.76,45.76,0.4
[2026-05-08 00:39:58.393] ,500,27.06,32.11,100573.53,277883.31,5.69,6.02,6.02,6.02,39.95,45.28,45.45,45.46,45.46,0.41
[2026-05-08 00:40:03.411] ,500,27.08,32.11,100572.11,277883.31,5.8,6.14,6.14,6.14,40.71,46.15,46.31,46.32,46.32,0.41
[2026-05-08 00:40:08.416] ,499,27.1,32.13,100571.62,277883.31,5.79,6.12,6.12,6.12,40.6,46.02,46.18,46.19,46.2,0.41
[2026-05-08 00:40:13.430] ,498,27.08,32.12,100571.66,278109.72,5.81,6.14,6.14,6.14,40.75,46.2,46.36,46.37,46.37,0.42
[2026-05-08 00:40:18.445] ,499,27.08,32.12,100573.24,278336.5,5.77,6.11,6.11,6.11,40.51,45.92,46.09,46.1,46.1,0.42
[2026-05-08 00:40:23.451] ,501,27.15,32.14,100574.41,277431.59,5.72,6.05,6.05,6.05,40.11,45.47,45.63,45.64,45.64,0.42
[2026-05-08 00:40:28.465] ,499,27.16,32.09,100570.65,277431.59,5.7,6.03,6.03,6.03,40.01,45.35,45.51,45.52,45.52,0.43
[2026-05-08 00:40:33.479] ,497,27.16,32.06,100572.3,276981.34,5.45,5.76,5.76,5.76,38.21,43.31,43.47,43.48,43.48,0.42
[2026-05-08 00:40:38.491] ,497,27.11,32.08,100572.15,278791.19,5.31,5.62,5.62,5.62,37.26,42.24,42.39,42.4,42.4,0.42
[2026-05-08 00:40:43.498] ,499,27.08,32.08,100573.45,278109.72,5.12,5.41,5.41,5.41,35.9,40.69,40.84,40.85,40.85,0.42
[2026-05-08 00:40:48.521] ,500,27.08,32.15,100573.93,276981.34,5.48,5.79,5.79,5.79,38.43,43.56,43.72,43.73,43.73,0.42
[2026-05-08 00:40:53.525] ,501,27.07,32.16,100573.27,278791.19,5.64,5.96,5.96,5.96,39.56,44.84,45,45.01,45.02,0.42
[2026-05-08 00:40:58.542] ,500,27.06,32.15,100572.61,276981.34,5.62,5.94,5.94,5.94,39.41,44.67,44.83,44.84,44.84,0.42
[2026-05-08 00:41:03.551] ,500,27.06,32.11,100573.32,277206.28,5.74,6.07,6.07,6.07,40.24,45.61,45.78,45.79,45.79,0.42
[2026-05-08 00:41:08.561] ,501,27.11,32.1,100573.91,274973.16,5.98,6.32,6.32,6.32,41.95,47.55,47.72,47.73,47.73,0.41
[2026-05-08 00:41:13.582] ,499,27.13,32.08,100573.49,275416.91,5.9,6.24,6.24,6.24,41.39,46.92,47.09,47.1,47.1,0.41
[2026-05-08 00:41:18.591] ,501,27.17,32.06,100572.75,274751.81,5.64,5.97,5.97,5.97,39.59,44.87,45.03,45.04,45.04,0.41
[2026-05-08 00:41:23.602] ,503,27.15,32.03,100572.11,275416.91,5.74,6.08,6.08,6.08,40.31,45.69,45.85,45.86,45.86,0.41
[2026-05-08 00:41:28.622] ,503,27.1,32.01,100574.66,275194.84,5.71,6.04,6.04,6.04,40.08,45.44,45.6,45.61,45.61,0.41
[2026-05-08 00:41:33.631] ,501,27.07,32.03,100574.45,277431.59,5.51,5.82,5.82,5.82,38.63,43.79,43.95,43.96,43.96,0.41
[2026-05-08 00:41:38.650] ,503,27.04,32.04,100573.97,280164.16,5.43,5.74,5.74,5.74,38.11,43.19,43.35,43.36,43.36,0.41
[2026-05-08 00:41:43.661] ,503,27.05,32.08,100572.78,276981.34,5.5,5.82,5.82,5.82,38.61,43.76,43.92,43.93,43.93,0.41
[2026-05-08 00:41:48.674] ,503,27.02,32.1,100574.82,279019.06,5.57,5.9,5.9,5.9,39.11,44.33,44.49,44.5,44.5,0.41
[2026-05-08 00:41:53.678] ,503,26.98,32.09,100572.02,282249.19,5.56,5.88,5.88,5.88,39.04,44.25,44.41,44.42,44.42,0.41
[2026-05-08 00:41:58.691] ,500,26.96,32.09,100573.48,280624.84,5.37,5.68,5.68,5.68,37.7,42.73,42.89,42.89,42.9,0.41
[2026-05-08 00:42:03.702] ,501,26.96,32.12,100574.55,280394.31,5.22,5.52,5.52,5.52,36.65,41.55,41.7,41.7,41.71,0.41
[2026-05-08 00:42:08.722] ,499,27.01,32.15,100573.4,278336.5,5.22,5.52,5.52,5.52,36.6,41.49,41.64,41.65,41.65,0.41
[2026-05-08 00:42:13.731] ,500,27.05,32.14,100573.01,277883.31,5.22,5.52,5.52,5.52,36.61,41.5,41.65,41.66,41.66,0.41
[2026-05-08 00:42:18.742] ,496,27.12,32.11,100574.04,277206.28,5.05,5.34,5.34,5.34,35.45,40.18,40.33,40.33,40.34,0.41
[2026-05-08 00:42:23.756] ,496,27.12,32.06,100573.88,277657.28,4.92,5.2,5.2,5.2,34.49,39.09,39.23,39.24,39.24,0.41
[2026-05-08 00:42:28.771] ,495,27.13,32.01,100573.38,277206.28,4.95,5.23,5.23,5.23,34.69,39.33,39.47,39.48,39.48,0.41
[2026-05-08 00:42:33.783] ,495,27.12,32,100571.97,276532.53,4.96,5.24,5.24,5.24,34.79,39.43,39.57,39.58,39.59,0.41
[2026-05-08 00:42:38.791] ,496,27.15,31.98,100571.1,276532.53,5.08,5.37,5.37,5.37,35.65,40.41,40.56,40.57,40.57,0.41
[2026-05-08 00:42:43.799] ,495,27.14,31.98,100572.14,277657.28,4.96,5.25,5.25,5.25,34.81,39.46,39.6,39.61,39.61,0.42
[2026-05-08 00:42:48.814] ,494,27.05,31.95,100572.77,280394.31,5.14,5.43,5.43,5.43,36.05,40.87,41.01,41.02,41.02,0.42
[2026-05-08 00:42:53.831] ,493,27.02,31.99,100572.21,282716.72,5.32,5.62,5.62,5.62,37.31,42.29,42.44,42.45,42.45,0.42
[2026-05-08 00:42:58.841] ,492,26.96,32.02,100571.2,281087.03,5.51,5.83,5.83,5.83,38.69,43.85,44.01,44.02,44.02,0.42
[2026-05-08 00:43:03.850] ,492,26.98,32.07,100573.1,281550.72,5.67,6,6,6,39.79,45.1,45.26,45.27,45.27,0.41
[2026-05-08 00:43:08.861] ,493,26.96,32.08,100572.88,281087.03,5.95,6.29,6.29,6.29,41.71,47.28,47.45,47.46,47.46,0.41
[2026-05-08 00:43:13.881] ,494,26.94,32.1,100573.41,282482.75,6.04,6.39,6.39,6.39,42.37,48.03,48.2,48.21,48.22,0.41
[2026-05-08 00:43:18.886] ,496,26.97,32.13,100572.79,280624.84,6.25,6.61,6.61,6.61,43.83,49.68,49.86,49.87,49.87,0.42
[2026-05-08 00:43:23.906] ,495,26.99,32.12,100572.68,279019.06,6.2,6.56,6.56,6.56,43.49,49.3,49.47,49.48,49.49,0.42
[2026-05-08 00:43:28.915] ,495,27,32.1,100572.86,280394.31,6.25,6.61,6.61,6.61,43.86,49.72,49.9,49.91,49.91,0.4
[2026-05-08 00:43:33.922] ,494,26.96,32.09,100572.59,283420.97,6.13,6.48,6.48,6.48,42.98,48.72,48.89,48.9,48.91,0.4
[2026-05-08 00:43:38.940] ,495,26.94,32.09,100574.3,282951.09,6.23,6.59,6.59,6.59,43.72,49.55,49.73,49.74,49.75,0.4
[2026-05-08 00:43:43.951] ,494,26.99,32.1,100573.23,280164.16,6.39,6.76,6.76,6.76,44.82,50.81,50.99,51,51,0.4
[2026-05-08 00:43:48.965] ,495,27,32.08,100572.68,280855.72,6.57,6.95,6.95,6.95,46.08,52.23,52.42,52.43,52.43,0.41
[2026-05-08 00:43:53.971] ,494,26.95,32.06,100572.27,282951.09,6.5,6.88,6.88,6.88,45.63,51.72,51.91,51.92,51.92,0.4
[2026-05-08 00:43:58.992] ,492,26.91,32.07,100572.95,285077.94,6.49,6.87,6.87,6.87,45.55,51.63,51.81,51.82,51.83,0.4
[2026-05-08 00:44:04.001] ,488,26.87,32.09,100573.35,285794.03,6.21,6.57,6.57,6.57,43.6,49.42,49.6,49.61,49.61,0.4
[2026-05-08 00:44:09.011] ,490,26.86,32.12,100574.09,283892.44,5.98,6.33,6.33,6.33,41.96,47.57,47.74,47.75,47.75,0.4
[2026-05-08 00:44:14.021] ,490,26.89,32.16,100574.17,285316.25,5.81,6.15,6.15,6.15,40.79,46.24,46.4,46.41,46.41,0.4
[2026-05-08 00:44:19.034] ,490,26.9,32.14,100573.64,283185.84,5.66,5.98,5.98,5.98,39.68,44.98,45.14,45.15,45.16,0.4
[2026-05-08 00:44:24.047] ,491,26.89,32.14,100574.6,283656.5,5.47,5.79,5.79,5.79,38.4,43.52,43.68,43.69,43.69,0.4
[2026-05-08 00:44:29.059] ,491,26.92,32.16,100574.7,281318.69,5.25,5.55,5.55,5.55,36.83,41.74,41.89,41.9,41.9,0.4
[2026-05-08 00:44:34.068] ,491,26.95,32.17,100574.14,279705,5.14,5.44,5.44,5.44,36.09,40.91,41.06,41.07,41.07,0.4
[2026-05-08 00:44:39.080] ,490,26.98,32.13,100572.19,281087.03,5.19,5.49,5.49,5.49,36.41,41.27,41.42,41.42,41.43,0.4
[2026-05-08 00:44:44.091] ,488,27.02,32.1,100573.03,280855.72,5.31,5.61,5.61,5.61,37.22,42.19,42.34,42.35,42.36,0.4
[2026-05-08 00:44:49.111] ,489,26.98,32.06,100572.72,281087.03,5.21,5.51,5.51,5.51,36.56,41.45,41.59,41.6,41.61,0.4
[2026-05-08 00:44:54.124] ,489,26.94,32.05,100573.76,282482.75,5.1,5.39,5.39,5.39,35.78,40.56,40.71,40.71,40.72,0.4
[2026-05-08 00:44:59.131] ,489,26.95,32.07,100575.21,282951.09,5.02,5.31,5.31,5.31,35.21,39.91,40.06,40.06,40.07,0.4
[2026-05-08 00:45:04.141] ,486,26.95,32.05,100573.91,281783.16,4.97,5.25,5.25,5.25,34.85,39.5,39.64,39.65,39.66,0.4
[2026-05-08 00:45:09.150] ,487,26.96,32.06,100573.42,282951.09,4.67,4.94,4.94,4.94,32.79,37.17,37.3,37.3,37.31,0.4
[2026-05-08 00:45:14.166] ,484,26.97,32.04,100573.84,282015.97,4.54,4.8,4.8,4.8,31.85,36.1,36.23,36.23,36.24,0.4
[2026-05-08 00:45:19.181] ,484,26.94,32.03,100574.64,283656.5,4.76,5.03,5.03,5.03,33.4,37.86,37.99,38,38,0.4
[2026-05-08 00:45:24.192] ,485,26.89,32.04,100574.11,285794.03,4.83,5.1,5.1,5.1,33.85,38.37,38.51,38.52,38.52,0.41
[2026-05-08 00:45:29.206] ,486,26.88,32.06,100573.99,283892.44,5.64,5.96,5.96,5.96,39.54,44.82,44.98,44.99,44.99,0.41
[2026-05-08 00:45:34.216] ,487,26.87,32.08,100574.04,285794.03,5.76,6.09,6.09,6.09,40.43,45.83,45.99,46,46,0.4
[2026-05-08 00:45:39.232] ,485,26.86,32.08,100573.26,284602.56,5.47,5.79,5.79,5.79,38.4,43.53,43.68,43.69,43.69,0.4
[2026-05-08 00:45:44.242] ,486,26.86,32.12,100574.51,282716.72,5.55,5.87,5.87,5.87,38.94,44.13,44.29,44.3,44.3,0.41
[2026-05-08 00:45:49.254] ,487,26.89,32.14,100573.99,283656.5,5.8,6.13,6.13,6.13,40.67,46.1,46.26,46.27,46.28,0.4
[2026-05-08 00:45:54.268] ,485,26.89,32.15,100575.02,283656.5,5.77,6.1,6.1,6.1,40.45,45.85,46.01,46.02,46.02,0.4
[2026-05-08 00:45:59.271] ,486,26.89,32.14,100573.64,282951.09,5.4,5.71,5.71,5.71,37.89,42.95,43.1,43.11,43.12,0.41
[2026-05-08 00:46:04.291] ,489,26.89,32.16,100574.21,280855.72,5.41,5.73,5.73,5.73,37.99,43.06,43.21,43.22,43.22,0.41
[2026-05-08 00:46:09.295] ,490,26.92,32.12,100573.78,281550.72,5.63,5.95,5.95,5.95,39.48,44.75,44.91,44.92,44.92,0.4
[2026-05-08 00:46:14.312] ,490,26.94,32.09,100573.46,278791.19,5.73,6.06,6.06,6.06,40.21,45.58,45.74,45.75,45.76,0.4
[2026-05-08 00:46:19.318] ,489,26.86,32.05,100573.77,280394.31,5.62,5.94,5.94,5.94,39.41,44.67,44.83,44.84,44.85,0.4
[2026-05-08 00:46:24.337] ,489,26.87,32.09,100573.32,280164.16,5.35,5.65,5.65,5.65,37.51,42.52,42.67,42.68,42.69,0.4
[2026-05-08 00:46:29.340] ,489,26.89,32.09,100573.49,276981.34,5.12,5.42,5.42,5.42,35.93,40.72,40.87,40.88,40.88,0.4
[2026-05-08 00:46:34.351] ,488,26.88,32.1,100574.51,277657.28,4.98,5.27,5.27,5.27,34.96,39.63,39.77,39.78,39.78,0.4
[2026-05-08 00:46:39.367] ,489,26.88,32.12,100574.66,271690.09,5.3,5.6,5.6,5.6,37.16,42.13,42.28,42.29,42.29,0.41
[2026-05-08 00:46:44.381] ,487,26.85,32.14,100573.91,272557.91,5.4,5.71,5.71,5.71,37.85,42.9,43.06,43.07,43.07,0.41
[2026-05-08 00:46:49.391] ,487,26.77,32.1,100574.33,275194.84,5.26,5.57,5.57,5.57,36.94,41.87,42.02,42.03,42.03,0.41
[2026-05-08 00:46:54.399] ,486,26.78,32.15,100574.31,279019.06,5.25,5.56,5.56,5.56,36.86,41.78,41.92,41.93,41.94,0.41
[2026-05-08 00:46:59.418] ,487,26.76,32.15,100573.27,278791.19,5.38,5.69,5.69,5.69,37.76,42.8,42.95,42.96,42.97,0.41
[2026-05-08 00:47:04.431] ,486,26.78,32.17,100574.2,280624.84,5.61,5.94,5.94,5.94,39.38,44.64,44.8,44.81,44.81,0.41
[2026-05-08 00:47:09.441] ,484,26.75,32.15,100575.01,277883.31,5.59,5.91,5.91,5.91,39.19,44.43,44.58,44.59,44.6,0.41
[2026-05-08 00:47:14.452] ,482,26.76,32.2,100575.27,276308.69,5.32,5.63,5.63,5.63,37.32,42.31,42.46,42.46,42.47,0.41
[2026-05-08 00:47:19.471] ,484,26.75,32.26,100575.99,276308.69,5.41,5.72,5.72,5.72,37.98,43.05,43.21,43.22,43.22,0.42
[2026-05-08 00:47:24.477] ,486,26.76,32.26,100574.94,274751.81,5.37,5.68,5.68,5.68,37.68,42.71,42.87,42.87,42.88,0.42
[2026-05-08 00:47:29.489] ,485,26.79,32.28,100574.7,274751.81,5.3,5.6,5.6,5.6,37.16,42.12,42.28,42.28,42.29,0.41
[2026-05-08 00:47:34.505] ,483,26.81,32.29,100573.77,275416.91,5.38,5.69,5.69,5.69,37.76,42.8,42.96,42.97,42.97,0.41
[2026-05-08 00:47:39.515] ,484,26.83,32.27,100574.09,275416.91,5.39,5.7,5.7,5.7,37.8,42.84,43,43,43.01,0.41
[2026-05-08 00:47:44.530] ,483,26.85,32.25,100574.71,274751.81,5.35,5.66,5.66,5.66,37.52,42.53,42.68,42.69,42.69,0.41
[2026-05-08 00:47:49.542] ,483,26.9,32.21,100574.71,274751.81,5.58,5.9,5.9,5.9,39.16,44.39,44.54,44.55,44.56,0.41
[2026-05-08 00:47:54.552] ,482,26.88,32.17,100573.72,277206.28,5.59,5.91,5.91,5.91,39.23,44.47,44.63,44.64,44.64,0.41
[2026-05-08 00:47:59.559] ,481,26.87,32.15,100575.55,277431.59,5.45,5.77,5.77,5.77,38.26,43.37,43.52,43.53,43.53,0.41
[2026-05-08 00:48:04.571] ,482,26.86,32.12,100575.88,278563.66,5.17,5.46,5.46,5.46,36.25,41.09,41.23,41.24,41.24,0.41
[2026-05-08 00:48:09.580] ,482,26.88,32.12,100575.63,278109.72,4.83,5.11,5.11,5.11,33.89,38.41,38.55,38.56,38.56,0.4
[2026-05-08 00:48:14.601] ,481,26.83,32.14,100573.96,278336.5,4.82,5.1,5.1,5.1,33.83,38.35,38.49,38.49,38.5,0.41
[2026-05-08 00:48:19.611] ,479,26.79,32.18,100574.8,279247.34,4.85,5.13,5.13,5.13,34.02,38.56,38.7,38.71,38.71,0.41
[2026-05-08 00:48:24.621] ,478,26.75,32.21,100574.72,279934.38,4.91,5.19,5.19,5.19,34.42,39.01,39.15,39.16,39.17,0.41
[2026-05-08 00:48:29.631] ,476,26.74,32.22,100575.27,281318.69,4.98,5.27,5.27,5.27,34.97,39.64,39.78,39.79,39.79,0.41
[2026-05-08 00:48:34.643] ,477,26.73,32.19,100576.35,281783.16,5.35,5.66,5.66,5.66,37.57,42.58,42.74,42.74,42.75,0.41
[2026-05-08 00:48:39.651] ,476,26.71,32.21,100576.91,282015.97,5.41,5.72,5.72,5.72,37.97,43.04,43.19,43.2,43.2,0.41
[2026-05-08 00:48:44.671] ,478,26.7,32.22,100576.08,281087.03,5.36,5.67,5.67,5.67,37.61,42.63,42.78,42.79,42.79,0.41
[2026-05-08 00:48:49.681] ,476,26.73,32.25,100575.62,281318.69,5.13,5.43,5.43,5.43,36.02,40.83,40.97,40.98,40.98,0.41
[2026-05-08 00:48:54.689] ,474,26.72,32.25,100575.57,279705,5.06,5.35,5.35,5.35,35.47,40.2,40.35,40.36,40.36,0.41
[2026-05-08 00:48:59.704] ,472,26.73,32.28,100574.86,279934.38,5.16,5.46,5.46,5.46,36.22,41.05,41.2,41.21,41.21,0.41
[2026-05-08 00:49:04.716] ,472,26.68,32.26,100575.18,282951.09,5.3,5.6,5.6,5.6,37.15,42.11,42.26,42.27,42.27,0.41
[2026-05-08 00:49:09.732] ,472,26.68,32.28,100576.28,281550.72,5.25,5.55,5.55,5.55,36.8,41.72,41.87,41.87,41.88,0.41
[2026-05-08 00:49:14.752] ,473,26.71,32.3,100576.23,280855.72,5.31,5.61,5.61,5.61,37.25,42.22,42.37,42.38,42.38,0.41
[2026-05-08 00:49:19.762] ,473,26.68,32.3,100575.77,281783.16,5.25,5.55,5.55,5.55,36.83,41.75,41.9,41.91,41.91,0.41
[2026-05-08 00:49:24.771] ,472,26.72,32.34,100575.55,281783.16,5.24,5.54,5.54,5.54,36.77,41.68,41.83,41.84,41.84,0.41
[2026-05-08 00:49:29.791] ,470,26.75,32.34,100574.25,279019.06,5.54,5.86,5.86,5.86,38.87,44.07,44.22,44.23,44.24,0.41
[2026-05-08 00:49:34.796] ,470,26.78,32.32,100575.39,277431.59,5.64,5.97,5.97,5.97,39.58,44.87,45.03,45.04,45.04,0.41
[2026-05-08 00:49:39.809] ,469,26.78,32.29,100576.33,279475.97,5.5,5.81,5.81,5.81,38.57,43.72,43.88,43.89,43.89,0.41
[2026-05-08 00:49:44.824] ,471,26.81,32.28,100575.46,280164.16,5.3,5.61,5.61,5.61,37.21,42.18,42.33,42.34,42.35,0.41
[2026-05-08 00:49:49.842] ,470,26.85,32.26,100575.55,278563.66,5.05,5.35,5.35,5.35,35.46,40.2,40.34,40.35,40.35,0.41
[2026-05-08 00:49:54.851] ,468,26.87,32.26,100575.48,278109.72,5.14,5.43,5.43,5.43,36.05,40.86,41.01,41.02,41.02,0.41
[2026-05-08 00:49:59.863] ,467,26.89,32.22,100575.55,279934.38,5.28,5.58,5.58,5.58,37.02,41.96,42.11,42.12,42.12,0.41
[2026-05-08 00:50:04.871] ,467,26.91,32.17,100574.99,277431.59,5.38,5.69,5.69,5.69,37.77,42.81,42.96,42.97,42.97,0.41
[2026-05-08 00:50:09.891] ,468,26.91,32.15,100576.43,278791.19,5.47,5.78,5.78,5.78,38.35,43.47,43.63,43.64,43.64,0.41
[2026-05-08 00:50:14.898] ,469,26.96,32.13,100576.89,277883.31,5.49,5.81,5.81,5.81,38.54,43.69,43.84,43.85,43.86,0.41
[2026-05-08 00:50:19.919] ,469,26.97,32.11,100576.19,276981.34,5.24,5.54,5.54,5.54,36.78,41.7,41.84,41.85,41.86,0.41
[2026-05-08 00:50:24.928] ,469,26.93,32.18,100575.69,273431.25,5.12,5.42,5.42,5.42,35.94,40.74,40.88,40.89,40.89,0.41
[2026-05-08 00:50:29.942] ,471,26.93,32.26,100576.17,274751.81,5,5.29,5.29,5.29,35.11,39.8,39.94,39.95,39.95,0.42
[2026-05-08 00:50:34.949] ,472,26.94,32.27,100575.18,276308.69,4.88,5.16,5.16,5.16,34.21,38.78,38.91,38.92,38.93,0.42
[2026-05-08 00:50:39.966] ,471,26.95,32.25,100575.5,275639.31,4.94,5.22,5.22,5.22,34.66,39.28,39.42,39.43,39.43,0.42
[2026-05-08 00:50:44.981] ,471,27,32.24,100575.94,275194.84,5.2,5.5,5.5,5.5,36.47,41.34,41.49,41.49,41.5,0.42
[2026-05-08 00:50:49.991] ,471,27.01,32.22,100577.16,276308.69,5.49,5.8,5.8,5.8,38.5,43.64,43.8,43.81,43.81,0.42
[2026-05-08 00:50:55.011] ,473,26.95,32.22,100576.21,274751.81,5.57,5.89,5.89,5.89,39.1,44.32,44.48,44.49,44.49,0.42
[2026-05-08 00:51:00.022] ,475,26.96,32.24,100576.68,276308.69,5.79,6.13,6.13,6.13,40.64,46.07,46.23,46.24,46.25,0.42
[2026-05-08 00:51:05.032] ,477,26.95,32.21,100577.2,276981.34,5.67,5.99,5.99,5.99,39.77,45.08,45.25,45.25,45.26,0.42
[2026-05-08 00:51:10.047] ,478,26.95,32.23,100576.46,276308.69,5.58,5.9,5.9,5.9,39.13,44.36,44.52,44.53,44.53,0.42
[2026-05-08 00:51:15.057] ,477,26.98,32.23,100575.62,273870.03,5.7,6.03,6.03,6.03,39.98,45.32,45.48,45.49,45.5,0.42
[2026-05-08 00:51:20.071] ,477,26.96,32.21,100576.57,268695.88,5.65,5.97,5.97,5.97,39.61,44.9,45.06,45.07,45.08,0.42
[2026-05-08 00:51:25.081] ,477,26.96,32.29,100577.12,258912.77,5.82,6.16,6.16,6.16,40.86,46.32,46.48,46.49,46.49,0.42
[2026-05-08 00:51:30.102] ,476,26.97,32.35,100576.4,261691.8,5.83,6.16,6.16,6.16,40.88,46.34,46.51,46.52,46.52,0.42
[2026-05-08 00:51:35.112] ,477,27.01,32.35,100576.99,265560.16,5.61,5.93,5.93,5.93,39.33,44.58,44.74,44.75,44.76,0.42
[2026-05-08 00:51:40.125] ,476,27.05,32.3,100576.99,260891.72,5.59,5.91,5.91,5.91,39.2,44.43,44.59,44.6,44.6,0.42
[2026-05-08 00:51:45.142] ,477,26.94,32.31,100576.17,254663.02,5.45,5.76,5.76,5.76,38.22,43.33,43.48,43.49,43.49,0.42
[2026-05-08 00:51:50.150] ,476,26.92,32.35,100577.28,259898.48,5.4,5.71,5.71,5.71,37.91,42.97,43.12,43.13,43.14,0.43
[2026-05-08 00:51:55.161] ,477,26.95,32.35,100576.2,262093.67,5.48,5.8,5.8,5.8,38.45,43.59,43.74,43.75,43.76,0.42
[2026-05-08 00:52:00.182] ,479,26.93,32.34,100577.14,260891.72,5.42,5.73,5.73,5.73,38.01,43.09,43.24,43.25,43.26,0.42
[2026-05-08 00:52:05.192] ,479,26.92,32.37,100577.36,261691.8,5.25,5.55,5.55,5.55,36.8,41.72,41.86,41.87,41.88,0.42
[2026-05-08 00:52:10.208] ,481,26.95,32.38,100575.54,258912.77,5.12,5.41,5.41,5.41,35.92,40.72,40.86,40.87,40.87,0.42
[2026-05-08 00:52:15.214] ,481,26.95,32.39,100575.52,260692.47,5.31,5.62,5.62,5.62,37.26,42.24,42.39,42.4,42.4,0.42
[2026-05-08 00:52:20.232] ,482,26.95,32.39,100575.57,262295.09,5.23,5.53,5.53,5.53,36.67,41.57,41.72,41.73,41.73,0.42
[2026-05-08 00:52:25.241] ,485,27,32.37,100575.22,262496.78,5.4,5.71,5.71,5.71,37.88,42.93,43.08,43.09,43.1,0.43
[2026-05-08 00:52:30.250] ,485,26.98,32.33,100575.02,260493.52,5.44,5.75,5.75,5.75,38.18,43.27,43.43,43.44,43.44,0.43
[2026-05-08 00:52:35.263] ,486,26.97,32.35,100575.45,261691.8,5.43,5.74,5.74,5.74,38.07,43.15,43.31,43.32,43.32,0.43
[2026-05-08 00:52:40.277] ,487,27.01,32.34,100576.79,261691.8,5.35,5.65,5.65,5.65,37.51,42.52,42.67,42.68,42.68,0.43
[2026-05-08 00:52:45.291] ,490,27.07,32.3,100577.61,261892.58,5.27,5.57,5.57,5.57,36.98,41.91,42.06,42.07,42.08,0.43
[2026-05-08 00:52:50.305] ,494,27.1,32.25,100576.74,261691.8,5.24,5.55,5.55,5.55,36.79,41.7,41.85,41.86,41.86,0.43
[2026-05-08 00:52:55.321] ,496,27.16,32.21,100575.25,260891.72,5.25,5.56,5.56,5.56,36.86,41.78,41.93,41.94,41.94,0.43
[2026-05-08 00:53:00.333] ,498,27.17,32.15,100577.63,261892.58,4.83,5.11,5.11,5.11,33.88,38.41,38.55,38.55,38.56,0.43
[2026-05-08 00:53:05.349] ,499,27.11,32.15,100576.02,264531.12,4.66,4.93,4.93,4.93,32.72,37.09,37.22,37.23,37.23,0.43
[2026-05-08 00:53:10.361] ,501,27.09,32.21,100575.9,262496.78,4.63,4.9,4.9,4.9,32.52,36.86,36.99,37,37,0.44
[2026-05-08 00:53:15.371] ,502,27.06,32.24,100577.85,266597.25,4.56,4.82,4.82,4.82,31.97,36.24,36.37,36.38,36.39,0.44
[2026-05-08 00:53:20.381] ,502,26.98,32.28,100575.87,264941.78,4.65,4.92,4.92,4.92,32.64,37,37.13,37.14,37.15,0.43
[2026-05-08 00:53:25.397] ,501,26.96,32.38,100575.16,262093.67,4.93,5.21,5.21,5.21,34.58,39.2,39.34,39.35,39.35,0.44
[2026-05-08 00:53:30.411] ,502,26.91,32.42,100575.77,264121.75,5.04,5.33,5.33,5.33,35.39,40.12,40.26,40.27,40.27,0.43
[2026-05-08 00:53:35.428] ,504,26.92,32.44,100576.48,265353.72,5.12,5.42,5.42,5.42,35.94,40.74,40.88,40.89,40.89,0.43
[2026-05-08 00:53:40.442] ,506,26.88,32.48,100577.38,264941.78,5.13,5.43,5.43,5.43,36.02,40.83,40.97,40.98,40.99,0.43
[2026-05-08 00:53:45.451] ,507,26.93,32.49,100576.89,263103.81,5.11,5.4,5.4,5.4,35.84,40.63,40.77,40.78,40.78,0.43
[2026-05-08 00:53:50.470] ,508,26.97,32.48,100576.08,262496.78,5.14,5.44,5.44,5.44,36.09,40.91,41.06,41.06,41.07,0.43
[2026-05-08 00:53:55.481] ,507,27.01,32.42,100576.62,262496.78,5.06,5.35,5.35,5.35,35.51,40.26,40.4,40.41,40.41,0.43
[2026-05-08 00:54:00.495] ,510,27.04,32.38,100578.07,262496.78,4.99,5.27,5.27,5.27,34.98,39.65,39.79,39.8,39.81,0.43
[2026-05-08 00:54:05.501] ,510,27.01,32.34,100575.99,264326.28,4.93,5.22,5.22,5.22,34.62,39.24,39.38,39.39,39.39,0.43
[2026-05-08 00:54:10.522] ,513,26.99,32.34,100577.51,266597.25,4.92,5.2,5.2,5.2,34.51,39.12,39.26,39.27,39.27,0.42
[2026-05-08 00:54:15.537] ,516,26.95,32.3,100577.03,267852.47,4.86,5.14,5.14,5.14,34.12,38.68,38.82,38.83,38.83,0.42
[2026-05-08 00:54:20.541] ,515,26.92,32.29,100578.14,267852.47,4.85,5.13,5.13,5.13,34.05,38.59,38.73,38.74,38.74,0.42
[2026-05-08 00:54:25.560] ,515,26.9,32.33,100577.88,268484.53,4.92,5.21,5.21,5.21,34.55,39.16,39.3,39.31,39.32,0.42
[2026-05-08 00:54:30.574] ,518,26.9,32.36,100578.23,267432.75,4.84,5.12,5.12,5.12,33.98,38.52,38.66,38.67,38.67,0.42
[2026-05-08 00:54:35.585] ,517,26.88,32.42,100578.23,267223.38,4.76,5.03,5.03,5.03,33.39,37.85,37.98,37.99,37.99,0.42
[2026-05-08 00:54:40.601] ,519,26.93,32.46,100578.27,264326.28,4.73,5,5,5,33.2,37.63,37.76,37.77,37.77,0.43
[2026-05-08 00:54:45.611] ,521,26.87,32.45,100577.82,269971,4.89,5.17,5.17,5.17,34.29,38.87,39.01,39.02,39.02,0.43
[2026-05-08 00:54:50.621] ,522,26.82,32.49,100578.26,270613.09,4.97,5.25,5.25,5.25,34.86,39.51,39.65,39.66,39.66,0.43
[2026-05-08 00:54:55.632] ,522,26.81,32.52,100577.88,269544.62,5.17,5.47,5.47,5.47,36.27,41.12,41.26,41.27,41.27,0.43
[2026-05-08 00:55:00.645] ,523,26.8,32.54,100578.44,270398.72,5.39,5.7,5.7,5.7,37.84,42.89,43.04,43.05,43.05,0.42
[2026-05-08 00:55:05.655] ,525,26.78,32.57,100578.85,268907.56,5.41,5.72,5.72,5.72,37.97,43.04,43.19,43.2,43.21,0.42
[2026-05-08 00:55:10.672] ,526,26.79,32.58,100577.04,271906.53,5.14,5.44,5.44,5.44,36.07,40.89,41.04,41.04,41.05,0.42
[2026-05-08 00:55:15.682] ,524,26.83,32.57,100578.73,269971,4.89,5.17,5.17,5.17,34.28,38.86,39,39.01,39.01,0.42
[2026-05-08 00:55:20.702] ,524,26.84,32.56,100579.43,269757.62,5.06,5.35,5.35,5.35,35.47,40.21,40.35,40.36,40.36,0.42
[2026-05-08 00:55:25.711] ,523,26.81,32.52,100579.12,273650.47,5.08,5.37,5.37,5.37,35.62,40.38,40.52,40.53,40.53,0.42
[2026-05-08 00:55:30.721] ,523,26.75,32.51,100578.48,273212.38,4.94,5.22,5.22,5.22,34.66,39.29,39.43,39.43,39.44,0.42
[2026-05-08 00:55:35.731] ,521,26.72,32.56,100578.91,272993.88,4.97,5.25,5.25,5.25,34.85,39.51,39.65,39.66,39.66,0.42
[2026-05-08 00:55:40.748] ,520,26.78,32.59,100578.62,272993.88,5.02,5.31,5.31,5.31,35.25,39.96,40.1,40.11,40.11,0.42
[2026-05-08 00:55:45.762] ,522,26.83,32.58,100578.87,271042.88,4.97,5.26,5.26,5.26,34.87,39.53,39.67,39.68,39.68,0.42
[2026-05-08 00:55:50.772] ,521,26.85,32.56,100578.83,271474.03,5.08,5.37,5.37,5.37,35.62,40.38,40.52,40.53,40.53,0.42
[2026-05-08 00:55:55.782] ,522,26.86,32.54,100578.81,271690.09,5.3,5.6,5.6,5.6,37.18,42.14,42.29,42.3,42.3,0.42
[2026-05-08 00:56:00.795] ,522,26.86,32.53,100578.53,270613.09,5.58,5.9,5.9,5.9,39.11,44.34,44.49,44.5,44.51,0.42
[2026-05-08 00:56:05.809] ,521,26.86,32.52,100578.94,272340.44,5.91,6.25,6.25,6.25,41.5,47.04,47.21,47.22,47.22,0.42
[2026-05-08 00:56:10.821] ,520,26.85,32.51,100578.78,269757.62,5.59,5.91,5.91,5.91,39.23,44.46,44.62,44.63,44.64,0.41
[2026-05-08 00:56:15.833] ,522,26.77,32.5,100579.45,258520.58,5.26,5.56,5.56,5.56,36.92,41.85,42,42.01,42.01,0.41
[2026-05-08 00:56:20.851] ,521,26.75,32.52,100578.62,261691.8,5.15,5.44,5.44,5.44,36.12,40.95,41.09,41.1,41.1,0.41
[2026-05-08 00:56:25.858] ,522,26.75,32.55,100578.07,258324.92,4.94,5.22,5.22,5.22,34.66,39.29,39.43,39.43,39.44,0.41
[2026-05-08 00:56:30.871] ,522,26.77,32.59,100579.62,262295.09,4.61,4.87,4.87,4.87,32.33,36.65,36.78,36.79,36.79,0.41
[2026-05-08 00:56:35.881] ,524,26.75,32.59,100579.71,263917.53,4.57,4.83,4.83,4.83,32.08,36.36,36.49,36.5,36.5,0.42
[2026-05-08 00:56:40.901] ,524,26.75,32.6,100578.29,263713.62,4.51,4.77,4.77,4.77,31.61,35.83,35.96,35.97,35.97,0.42
[2026-05-08 00:56:45.911] ,527,26.77,32.59,100578.8,265147.59,4.76,5.03,5.03,5.03,33.38,37.84,37.98,37.98,37.99,0.42
[2026-05-08 00:56:50.929] ,529,26.8,32.59,100578.72,263713.62,5,5.29,5.29,5.29,35.08,39.77,39.91,39.92,39.92,0.42
[2026-05-08 00:56:55.943] ,530,26.85,32.56,100579.39,262496.78,5.21,5.51,5.51,5.51,36.54,41.42,41.56,41.57,41.58,0.43
[2026-05-08 00:57:00.947] ,532,26.87,32.51,100579.77,262901.16,5.08,5.38,5.38,5.38,35.67,40.43,40.58,40.59,40.59,0.42
[2026-05-08 00:57:05.963] ,530,26.84,32.46,100578.6,264326.28,5.08,5.37,5.37,5.37,35.65,40.41,40.55,40.56,40.57,0.43
[2026-05-08 00:57:10.982] ,531,26.88,32.43,100578.68,262496.78,5.2,5.5,5.5,5.5,36.5,41.38,41.52,41.53,41.54,0.42
[2026-05-08 00:57:15.992] ,530,26.9,32.42,100578.27,263713.62,5.36,5.66,5.66,5.66,37.58,42.59,42.75,42.75,42.76,0.42
[2026-05-08 00:57:21.002] ,530,26.93,32.37,100578.88,263917.53,5.35,5.66,5.66,5.66,37.52,42.53,42.68,42.69,42.7,0.42
[2026-05-08 00:57:26.011] ,530,26.92,32.35,100579,264941.78,5.15,5.44,5.44,5.44,36.1,40.92,41.07,41.08,41.08,0.42
[2026-05-08 00:57:31.021] ,530,26.88,32.33,100578.21,266597.25,5.06,5.35,5.35,5.35,35.48,40.21,40.36,40.36,40.37,0.42
[2026-05-08 00:57:36.036] ,528,26.82,32.33,100578.62,264531.12,4.88,5.16,5.16,5.16,34.26,38.84,38.97,38.98,38.99,0.42
[2026-05-08 00:57:41.051] ,529,26.83,32.38,100576.73,265560.16,4.85,5.13,5.13,5.13,34.01,38.55,38.69,38.69,38.7,0.42
[2026-05-08 00:57:46.061] ,529,26.86,32.4,100576.95,265147.59,4.77,5.04,5.04,5.04,33.45,37.91,38.05,38.06,38.06,0.42
[2026-05-08 00:57:51.073] ,531,26.84,32.41,100578.61,266389.19,4.85,5.13,5.13,5.13,34.04,38.59,38.73,38.74,38.74,0.42
[2026-05-08 00:57:56.091] ,531,26.79,32.42,100577.6,268273.5,4.65,4.92,4.92,4.92,32.62,36.98,37.11,37.12,37.12,0.42
[2026-05-08 00:58:01.102] ,530,26.77,32.46,100577.16,268484.53,4.57,4.84,4.84,4.84,32.08,36.37,36.5,36.5,36.51,0.42
[2026-05-08 00:58:06.117] ,529,26.8,32.51,100576.73,266805.62,4.95,5.24,5.24,5.24,34.73,39.37,39.51,39.52,39.52,0.43
[2026-05-08 00:58:11.131] ,529,26.8,32.48,100577.17,269119.59,5.57,5.89,5.89,5.89,39.05,44.26,44.42,44.43,44.43,0.43
[2026-05-08 00:58:16.141] ,528,26.81,32.45,100576.58,267852.47,5.59,5.91,5.91,5.91,39.19,44.42,44.58,44.59,44.59,0.42
[2026-05-08 00:58:21.152] ,529,26.83,32.43,100576.31,267852.47,5.35,5.66,5.66,5.66,37.52,42.53,42.68,42.69,42.69,0.42
[2026-05-08 00:58:26.165] ,528,26.84,32.41,100577.58,266181.44,5.13,5.43,5.43,5.43,36.01,40.82,40.97,40.98,40.98,0.42
[2026-05-08 00:58:31.181] ,527,26.8,32.41,100577.62,266597.25,5.12,5.41,5.41,5.41,35.91,40.7,40.85,40.86,40.86,0.43
[2026-05-08 00:58:36.198] ,526,26.82,32.42,100575.43,265147.59,5.08,5.37,5.37,5.37,35.65,40.41,40.55,40.56,40.56,0.43
[2026-05-08 00:58:41.209] ,526,26.85,32.42,100576.86,265560.16,5.14,5.44,5.44,5.44,36.09,40.91,41.06,41.07,41.07,0.43
[2026-05-08 00:58:46.221] ,526,26.85,32.4,100577.04,264941.78,5.19,5.49,5.49,5.49,36.45,41.31,41.46,41.47,41.47,0.43
[2026-05-08 00:58:51.232] ,525,26.83,32.41,100575.73,266389.19,5.05,5.34,5.34,5.34,35.42,40.15,40.3,40.3,40.31,0.43
[2026-05-08 00:58:56.240] ,526,26.83,32.43,100575.62,267852.47,5.24,5.54,5.54,5.54,36.77,41.68,41.83,41.84,41.84,0.43
[2026-05-08 00:59:01.256] ,525,26.83,32.43,100575.31,267642.44,5.44,5.75,5.75,5.75,38.17,43.26,43.42,43.43,43.43,0.42
[2026-05-08 00:59:06.267] ,525,26.79,32.42,100575.26,268695.88,5.39,5.7,5.7,5.7,37.8,42.84,43,43.01,43.01,0.42
[2026-05-08 00:59:11.284] ,526,26.75,32.41,100575.03,269971,5.37,5.68,5.68,5.68,37.7,42.74,42.89,42.9,42.9,0.42
[2026-05-08 00:59:16.300] ,526,26.75,32.48,100575.54,270827.81,5.39,5.7,5.7,5.7,37.81,42.86,43.01,43.02,43.02,0.42
[2026-05-08 00:59:21.304] ,524,26.76,32.51,100575.01,268484.53,5.36,5.67,5.67,5.67,37.59,42.61,42.77,42.77,42.78,0.42
[2026-05-08 00:59:26.325] ,524,26.78,32.54,100575.3,271042.88,5.54,5.86,5.86,5.86,38.87,44.06,44.22,44.23,44.23,0.42
[2026-05-08 00:59:31.329] ,523,26.77,32.52,100575.13,271258.28,5.62,5.94,5.94,5.94,39.44,44.7,44.86,44.87,44.88,0.41
[2026-05-08 00:59:36.349] ,523,26.76,32.51,100576.14,271258.28,5.56,5.88,5.88,5.88,39.03,44.24,44.4,44.41,44.41,0.41
[2026-05-08 00:59:41.359] ,522,26.8,32.53,100574.82,268907.56,5.44,5.75,5.75,5.75,38.15,43.24,43.39,43.4,43.41,0.41
[2026-05-08 00:59:46.372] ,523,26.84,32.51,100576.12,268273.5,5.17,5.47,5.47,5.47,36.29,41.14,41.28,41.29,41.3,0.4
[2026-05-08 00:59:51.391] ,521,26.88,32.45,100574.35,269544.62,4.99,5.28,5.28,5.28,35.04,39.72,39.86,39.86,39.87,0.4
[2026-05-08 00:59:56.402] ,522,26.9,32.4,100573.88,268695.88,4.96,5.25,5.25,5.25,34.81,39.45,39.59,39.6,39.61,0.4
[2026-05-08 01:00:01.414] ,521,26.88,32.33,100574.5,270184.69,5.14,5.44,5.44,5.44,36.08,40.9,41.04,41.05,41.06,0.4
[2026-05-08 01:00:06.421] ,521,26.86,32.27,100573.59,272775.72,5.21,5.51,5.51,5.51,36.59,41.47,41.62,41.63,41.63,0.39
[2026-05-08 01:00:11.435] ,522,26.87,32.26,100574.76,270184.69,4.99,5.28,5.28,5.28,35.03,39.71,39.85,39.86,39.86,0.39
[2026-05-08 01:00:16.448] ,523,26.8,32.25,100573.92,272123.31,4.88,5.16,5.16,5.16,34.24,38.81,38.95,38.96,38.96,0.39
[2026-05-08 01:00:21.461] ,523,26.77,32.31,100573.2,273870.03,4.69,4.96,4.96,4.96,32.89,37.28,37.41,37.42,37.42,0.4
[2026-05-08 01:00:26.474] ,523,26.77,32.37,100573.81,274089.94,4.61,4.88,4.88,4.88,32.37,36.69,36.82,36.83,36.84,0.39
[2026-05-08 01:00:31.488] ,524,26.77,32.41,100573.52,273212.38,4.85,5.13,5.13,5.13,34.03,38.58,38.72,38.72,38.73,0.39
[2026-05-08 01:00:36.501] ,524,26.76,32.42,100573.48,273650.47,4.96,5.25,5.25,5.25,34.81,39.45,39.59,39.6,39.61,0.39
[2026-05-08 01:00:41.511] ,524,26.79,32.43,100574.03,272557.91,4.93,5.22,5.22,5.22,34.6,39.22,39.36,39.37,39.37,0.39
[2026-05-08 01:00:46.531] ,525,26.83,32.42,100574.65,271258.28,5,5.28,5.28,5.28,35.05,39.73,39.87,39.88,39.88,0.39
[2026-05-08 01:00:51.542] ,525,26.88,32.39,100572.95,271906.53,5.08,5.38,5.38,5.38,35.67,40.43,40.57,40.58,40.58,0.39
[2026-05-08 01:00:56.555] ,526,26.9,32.35,100574.29,271258.28,4.98,5.27,5.27,5.27,34.96,39.63,39.77,39.78,39.78,0.39
[2026-05-08 01:01:01.567] ,524,26.91,32.3,100574.12,271042.88,5.03,5.32,5.32,5.32,35.31,40.02,40.16,40.17,40.17,0.4
[2026-05-08 01:01:06.581] ,524,26.85,32.23,100573.7,274089.94,5.13,5.42,5.42,5.42,35.97,40.78,40.92,40.93,40.93,0.4
[2026-05-08 01:01:11.591] ,524,26.85,32.24,100573.24,272340.44,5.16,5.46,5.46,5.46,36.2,41.03,41.17,41.18,41.19,0.4
[2026-05-08 01:01:16.601] ,524,26.89,32.25,100573.82,272123.31,5.18,5.48,5.48,5.48,36.36,41.21,41.36,41.36,41.37,0.4
[2026-05-08 01:01:21.618] ,523,26.9,32.24,100574.05,271690.09,5.23,5.53,5.53,5.53,36.66,41.56,41.71,41.71,41.72,0.39
[2026-05-08 01:01:26.628] ,524,26.9,32.22,100574.06,271690.09,5.31,5.62,5.62,5.62,37.25,42.23,42.38,42.39,42.39,0.4
[2026-05-08 01:01:31.646] ,525,26.93,32.21,100572.86,270827.81,5.46,5.77,5.77,5.77,38.29,43.41,43.56,43.57,43.57,0.4
[2026-05-08 01:01:36.653] ,526,26.92,32.16,100573.27,272123.31,5.48,5.79,5.79,5.79,38.44,43.57,43.73,43.74,43.74,0.4
[2026-05-08 01:01:41.671] ,525,26.89,32.17,100573.51,273431.25,5.24,5.54,5.54,5.54,36.77,41.68,41.83,41.84,41.84,0.4
[2026-05-08 01:01:46.682] ,526,26.86,32.19,100571.13,273212.38,5.12,5.41,5.41,5.41,35.91,40.71,40.85,40.86,40.86,0.4
[2026-05-08 01:01:51.691] ,523,26.82,32.23,100573.64,272340.44,5.14,5.43,5.43,5.43,36.04,40.85,40.99,41,41.01,0.4
[2026-05-08 01:01:56.713] ,522,26.85,32.26,100572.11,272340.44,5.17,5.47,5.47,5.47,36.27,41.11,41.26,41.27,41.27,0.4
[2026-05-08 01:02:01.721] ,522,26.87,32.26,100573.1,269119.59,5.15,5.45,5.45,5.45,36.15,40.97,41.12,41.13,41.13,0.4
[2026-05-08 01:02:06.731] ,523,26.86,32.27,100572.37,266597.25,5.17,5.47,5.47,5.47,36.3,41.14,41.29,41.3,41.3,0.39
[2026-05-08 01:02:11.752] ,522,26.82,32.27,100571.85,264121.75,5.24,5.54,5.54,5.54,36.79,41.7,41.85,41.85,41.86,0.39
[2026-05-08 01:02:16.757] ,523,26.79,32.28,100572.82,267432.75,5.09,5.38,5.38,5.38,35.7,40.47,40.61,40.62,40.62,0.39
[2026-05-08 01:02:21.775] ,524,26.76,32.26,100571.09,270398.72,5.04,5.33,5.33,5.33,35.33,40.05,40.19,40.2,40.2,0.38
[2026-05-08 01:02:26.790] ,524,26.81,32.25,100571.09,267852.47,4.98,5.27,5.27,5.27,34.96,39.63,39.77,39.78,39.78,0.39
[2026-05-08 01:02:31.800] ,524,26.82,32.26,100569.48,267642.44,5.12,5.41,5.41,5.41,35.92,40.72,40.87,40.87,40.88,0.39
[2026-05-08 01:02:36.811] ,524,26.84,32.25,100571.31,267642.44,5.2,5.5,5.5,5.5,36.47,41.34,41.49,41.5,41.5,0.38
[2026-05-08 01:02:41.830] ,524,26.83,32.25,100571.42,268695.88,5.14,5.43,5.43,5.43,36.05,40.86,41.01,41.02,41.02,0.39
[2026-05-08 01:02:46.839] ,523,26.84,32.26,100572.84,266805.62,5.32,5.63,5.63,5.63,37.33,42.31,42.46,42.47,42.47,0.39
[2026-05-08 01:02:51.851] ,522,26.83,32.26,100571.42,263306.75,5.34,5.65,5.65,5.65,37.47,42.47,42.62,42.63,42.63,0.39
[2026-05-08 01:02:56.863] ,524,26.78,32.25,100571.61,260493.52,5.34,5.64,5.64,5.64,37.44,42.44,42.59,42.6,42.6,0.4
[2026-05-08 01:03:01.874] ,523,26.73,32.26,100572.27,262093.67,5.45,5.77,5.77,5.77,38.25,43.36,43.51,43.52,43.53,0.39
[2026-05-08 01:03:06.892] ,521,26.73,32.3,100570.27,261491.31,5.58,5.9,5.9,5.9,39.14,44.37,44.53,44.54,44.54,0.4
[2026-05-08 01:03:11.908] ,521,26.73,32.32,100569.95,262698.81,5.77,6.1,6.1,6.1,40.49,45.9,46.06,46.07,46.08,0.4
[2026-05-08 01:03:16.922] ,519,26.7,32.34,100569.06,267432.75,5.66,5.98,5.98,5.98,39.69,44.99,45.15,45.16,45.16,0.4
[2026-05-08 01:03:21.936] ,521,26.71,32.39,100569.49,267014.34,5.58,5.9,5.9,5.9,39.14,44.37,44.52,44.53,44.54,0.4
[2026-05-08 01:03:26.941] ,521,26.7,32.41,100571.14,269331.94,5.59,5.91,5.91,5.91,39.23,44.47,44.63,44.64,44.64,0.41
[2026-05-08 01:03:31.954] ,518,26.67,32.43,100569.59,271258.28,5.67,6,6,6,39.79,45.1,45.26,45.27,45.28,0.41
[2026-05-08 01:03:36.975] ,518,26.67,32.44,100569.85,269971,5.79,6.13,6.13,6.13,40.65,46.08,46.25,46.26,46.26,0.41
[2026-05-08 01:03:41.981] ,517,26.73,32.46,100569.39,267852.47,5.7,6.02,6.02,6.02,39.96,45.29,45.45,45.46,45.47,0.41
[2026-05-08 01:03:47.000] ,518,26.74,32.46,100570.55,268484.53,5.66,5.99,5.99,5.99,39.73,45.03,45.19,45.2,45.21,0.41
[2026-05-08 01:03:52.011] ,516,26.74,32.45,100570.67,269331.94,5.62,5.94,5.94,5.94,39.4,44.66,44.82,44.83,44.83,0.42
[2026-05-08 01:03:57.019] ,514,26.79,32.44,100569.74,266389.19,5.64,5.96,5.96,5.96,39.54,44.82,44.98,44.99,44.99,0.42
[2026-05-08 01:04:02.038] ,515,26.84,32.38,100569.66,265974.03,5.67,5.99,5.99,5.99,39.76,45.07,45.23,45.24,45.24,0.42
[2026-05-08 01:04:07.049] ,514,26.89,32.32,100569.65,266805.62,5.4,5.71,5.71,5.71,37.91,42.97,43.12,43.13,43.14,0.43
[2026-05-08 01:04:12.066] ,514,26.88,32.28,100570.77,266597.25,5.06,5.35,5.35,5.35,35.51,40.25,40.39,40.4,40.41,0.43
[2026-05-08 01:04:17.074] ,514,26.86,32.27,100570.22,266805.62,4.97,5.26,5.26,5.26,34.9,39.56,39.7,39.71,39.71,0.42
[2026-05-08 01:04:22.090] ,512,26.85,32.28,100569.77,268695.88,5.21,5.51,5.51,5.51,36.57,41.45,41.6,41.61,41.61,0.43
[2026-05-08 01:04:27.099] ,511,26.86,32.29,100571.09,268907.56,5.55,5.87,5.87,5.87,38.96,44.17,44.32,44.33,44.34,0.42
[2026-05-08 01:04:32.113] ,511,26.84,32.26,100570.45,268695.88,5.6,5.92,5.92,5.92,39.28,44.52,44.68,44.69,44.69,0.43
[2026-05-08 01:04:37.125] ,513,26.81,32.28,100569.4,271258.28,5.6,5.93,5.93,5.93,39.32,44.57,44.73,44.74,44.74,0.42
[2026-05-08 01:04:42.136] ,512,26.78,32.31,100569.78,271042.88,5.57,5.89,5.89,5.89,39.06,44.28,44.44,44.45,44.45,0.43
[2026-05-08 01:04:47.154] ,511,26.8,32.33,100570.77,269757.62,5.47,5.78,5.78,5.78,38.36,43.48,43.63,43.64,43.65,0.42
[2026-05-08 01:04:52.162] ,510,26.82,32.32,100569.85,270398.72,5.55,5.87,5.87,5.87,38.94,44.14,44.29,44.3,44.31,0.42
[2026-05-08 01:04:57.171] ,507,26.78,32.31,100570,270398.72,5.63,5.96,5.96,5.96,39.51,44.79,44.95,44.96,44.96,0.42
[2026-05-08 01:05:02.192] ,507,26.78,32.29,100570,270184.69,5.29,5.59,5.59,5.59,37.1,42.05,42.2,42.21,42.21,0.42
[2026-05-08 01:05:07.201] ,508,26.8,32.28,100570.33,271690.09,5.07,5.37,5.37,5.37,35.6,40.36,40.5,40.51,40.51,0.42
[2026-05-08 01:05:12.214] ,505,26.82,32.26,100569.16,270827.81,4.98,5.26,5.26,5.26,34.92,39.58,39.72,39.73,39.73,0.42
[2026-05-08 01:05:17.231] ,506,26.76,32.27,100569.48,271690.09,4.97,5.25,5.25,5.25,34.86,39.52,39.66,39.66,39.67,0.42
[2026-05-08 01:05:22.239] ,505,26.73,32.29,100570.45,271258.28,5.11,5.41,5.41,5.41,35.87,40.66,40.81,40.82,40.82,0.42
[2026-05-08 01:05:27.259] ,507,26.69,32.33,100569.52,272993.88,5.42,5.74,5.74,5.74,38.06,43.14,43.29,43.3,43.31,0.42
[2026-05-08 01:05:32.269] ,506,26.72,32.38,100570.39,271690.09,5.66,5.99,5.99,5.99,39.73,45.04,45.2,45.21,45.21,0.42
[2026-05-08 01:05:37.282] ,505,26.73,32.38,100569.02,270613.09,5.44,5.75,5.75,5.75,38.16,43.25,43.41,43.42,43.42,0.42
[2026-05-08 01:05:42.296] ,505,26.72,32.41,100569.4,270827.81,5.4,5.71,5.71,5.71,37.91,42.98,43.13,43.14,43.14,0.42
[2026-05-08 01:05:47.311] ,504,26.72,32.45,100569.23,271690.09,5.44,5.76,5.76,5.76,38.2,43.3,43.45,43.46,43.47,0.41
[2026-05-08 01:05:52.325] ,503,26.75,32.45,100570.59,269331.94,5.49,5.81,5.81,5.81,38.55,43.69,43.85,43.86,43.86,0.42
[2026-05-08 01:05:57.334] ,503,26.79,32.41,100569.95,271690.09,5.51,5.82,5.82,5.82,38.64,43.79,43.95,43.96,43.96,0.42
[2026-05-08 01:06:02.352] ,501,26.83,32.39,100569.7,270398.72,5.47,5.78,5.78,5.78,38.35,43.47,43.63,43.64,43.64,0.42
[2026-05-08 01:06:07.361] ,501,26.86,32.35,100569.44,269757.62,5.31,5.62,5.62,5.62,37.26,42.23,42.38,42.39,42.4,0.42
[2026-05-08 01:06:12.371] ,500,26.83,32.35,100569.84,271690.09,5.15,5.45,5.45,5.45,36.15,40.98,41.13,41.13,41.14,0.42
[2026-05-08 01:06:17.389] ,500,26.79,32.35,100568.81,272775.72,4.96,5.25,5.25,5.25,34.81,39.46,39.6,39.6,39.61,0.42
[2026-05-08 01:06:22.400] ,499,26.73,32.34,100569.68,274751.81,4.9,5.19,5.19,5.19,34.41,39,39.14,39.15,39.15,0.42
[2026-05-08 01:06:27.411] ,498,26.69,32.35,100569.81,275416.91,5.01,5.3,5.3,5.3,35.14,39.83,39.97,39.98,39.98,0.42
[2026-05-08 01:06:32.427] ,498,26.64,32.38,100570.14,274751.81,5.16,5.45,5.45,5.45,36.18,41.01,41.15,41.16,41.17,0.42
[2026-05-08 01:06:37.441] ,500,26.67,32.44,100569.78,275194.84,5.03,5.32,5.32,5.32,35.31,40.02,40.17,40.18,40.18,0.42
[2026-05-08 01:06:42.457] ,499,26.63,32.45,100571.8,278109.72,4.88,5.16,5.16,5.16,34.24,38.81,38.95,38.96,38.96,0.41
[2026-05-08 01:06:47.471] ,500,26.67,32.45,100569.62,274751.81,4.82,5.1,5.1,5.1,33.84,38.36,38.49,38.5,38.5,0.41
[2026-05-08 01:06:52.481] ,500,26.69,32.46,100568.65,275862.06,4.85,5.13,5.13,5.13,34.05,38.6,38.74,38.75,38.75,0.42
[2026-05-08 01:06:57.495] ,499,26.74,32.46,100568.1,273431.25,4.96,5.25,5.25,5.25,34.83,39.48,39.62,39.63,39.63,0.42
[2026-05-08 01:07:02.508] ,500,26.75,32.42,100568.88,275639.31,5.08,5.37,5.37,5.37,35.63,40.39,40.53,40.54,40.54,0.41
[2026-05-08 01:07:07.521] ,498,26.74,32.37,100567.02,275416.91,5.26,5.57,5.57,5.57,36.94,41.87,42.02,42.02,42.03,0.41
[2026-05-08 01:07:12.542] ,499,26.76,32.33,100568.61,276532.53,5.24,5.54,5.54,5.54,36.77,41.68,41.83,41.83,41.84,0.41
[2026-05-08 01:07:17.546] ,501,26.71,32.3,100567.87,278109.72,5.44,5.75,5.75,5.75,38.17,43.27,43.43,43.43,43.44,0.42
[2026-05-08 01:07:22.558] ,502,26.72,32.29,100568.64,276085.19,5.56,5.88,5.88,5.88,39,44.2,44.36,44.37,44.37,0.42
[2026-05-08 01:07:27.575] ,499,26.69,32.3,100568.61,275194.84,6.02,6.37,6.37,6.37,42.27,47.91,48.08,48.09,48.1,0.42
[2026-05-08 01:07:32.591] ,499,26.71,32.29,100569.41,275416.91,5.96,6.3,6.3,6.3,41.82,47.41,47.58,47.59,47.59,0.42
[2026-05-08 01:07:37.601] ,498,26.71,32.29,100569.02,267852.47,5.87,6.21,6.21,6.21,41.19,46.69,46.85,46.86,46.87,0.42
[2026-05-08 01:07:42.621] ,498,26.7,32.28,100568.27,267223.38,5.89,6.23,6.23,6.23,41.31,46.83,47,47.01,47.01,0.42
[2026-05-08 01:07:47.627] ,496,26.71,32.28,100568.37,269119.59,5.85,6.19,6.19,6.19,41.05,46.53,46.7,46.71,46.71,0.42
[2026-05-08 01:07:52.641] ,495,26.74,32.28,100567.89,269757.62,5.67,6,6,6,39.81,45.12,45.28,45.29,45.3,0.42
[2026-05-08 01:07:57.661] ,495,26.76,32.27,100569.28,267432.75,5.51,5.83,5.83,5.83,38.69,43.85,44.01,44.02,44.02,0.42
[2026-05-08 01:08:02.672] ,494,26.79,32.24,100568.23,267852.47,5.54,5.86,5.86,5.86,38.87,44.05,44.21,44.22,44.22,0.42
[2026-05-08 01:08:07.684] ,495,26.81,32.21,100567.91,261291.14,5.45,5.77,5.77,5.77,38.25,43.36,43.51,43.52,43.53,0.41
[2026-05-08 01:08:12.701] ,496,26.83,32.17,100568.74,260692.47,5.4,5.71,5.71,5.71,37.86,42.92,43.07,43.08,43.08,0.41
[2026-05-08 01:08:17.707] ,493,26.82,32.16,100568.02,260294.86,5.31,5.62,5.62,5.62,37.27,42.25,42.4,42.41,42.41,0.41
[2026-05-08 01:08:22.730] ,492,26.79,32.13,100567.48,263917.53,5.14,5.43,5.43,5.43,36.05,40.87,41.01,41.02,41.02,0.42
[2026-05-08 01:08:27.741] ,491,26.75,32.12,100566.97,265974.03,4.9,5.18,5.18,5.18,34.38,38.97,39.11,39.12,39.12,0.42
[2026-05-08 01:08:32.750] ,489,26.7,32.14,100567.14,268484.53,4.61,4.87,4.87,4.87,32.32,36.64,36.77,36.78,36.78,0.42
[2026-05-08 01:08:37.759] ,489,26.71,32.18,100566.9,267852.47,4.55,4.81,4.81,4.81,31.94,36.2,36.33,36.34,36.34,0.42
[2026-05-08 01:08:42.770] ,489,26.72,32.21,100567.98,267642.44,4.7,4.97,4.97,4.97,32.96,37.37,37.5,37.51,37.51,0.42
[2026-05-08 01:08:47.791] ,489,26.7,32.23,100566.67,268907.56,4.74,5.02,5.02,5.02,33.28,37.73,37.86,37.87,37.87,0.41
[2026-05-08 01:08:52.801] ,490,26.7,32.25,100566.73,267852.47,4.66,4.92,4.92,4.92,32.66,37.02,37.15,37.16,37.16,0.41
[2026-05-08 01:08:57.811] ,492,26.68,32.27,100566.31,266389.19,4.6,4.87,4.87,4.87,32.28,36.59,36.72,36.73,36.73,0.41
[2026-05-08 01:09:02.824] ,491,26.7,32.29,100567.09,268907.56,4.71,4.98,4.98,4.98,33.04,37.45,37.59,37.6,37.6,0.41
[2026-05-08 01:09:07.831] ,491,26.72,32.3,100566.45,267852.47,4.96,5.24,5.24,5.24,34.8,39.44,39.58,39.59,39.6,0.41
[2026-05-08 01:09:12.852] ,488,26.73,32.28,100566.79,262496.78,5.06,5.35,5.35,5.35,35.52,40.27,40.41,40.42,40.42,0.41
[2026-05-08 01:09:17.863] ,490,26.75,32.29,100566.95,262295.09,5.17,5.46,5.46,5.46,36.25,41.09,41.24,41.24,41.25,0.42
[2026-05-08 01:09:22.871] ,489,26.79,32.27,100566.65,264326.28,5.07,5.36,5.36,5.36,35.57,40.32,40.47,40.48,40.48,0.42
[2026-05-08 01:09:27.890] ,488,26.75,32.22,100567.01,254283.58,5.03,5.32,5.32,5.32,35.27,39.98,40.12,40.13,40.13,0.41
[2026-05-08 01:09:32.902] ,490,26.74,32.2,100566.92,261691.8,5.09,5.38,5.38,5.38,35.7,40.47,40.61,40.62,40.63,0.41
[2026-05-08 01:09:37.911] ,490,26.74,32.19,100566.81,255043.59,5.16,5.46,5.46,5.46,36.22,41.05,41.2,41.21,41.21,0.41
[2026-05-08 01:09:42.924] ,490,26.71,32.19,100568.46,258520.58,5.43,5.75,5.75,5.75,38.13,43.22,43.37,43.38,43.39,0.41
[2026-05-08 01:09:47.941] ,488,26.71,32.23,100567.61,261091.28,5.55,5.86,5.86,5.86,38.9,44.1,44.26,44.26,44.27,0.4
[2026-05-08 01:09:52.947] ,487,26.73,32.28,100567.7,259700.73,5.37,5.68,5.68,5.68,37.65,42.68,42.83,42.84,42.85,0.4
[2026-05-08 01:09:57.966] ,487,26.77,32.26,100567.99,259503.3,5.11,5.4,5.4,5.4,35.83,40.61,40.76,40.77,40.77,0.4
[2026-05-08 01:10:02.980] ,487,26.74,32.24,100567.27,261091.28,4.94,5.23,5.23,5.23,34.67,39.3,39.44,39.45,39.45,0.4
[2026-05-08 01:10:07.987] ,485,26.71,32.25,100567.77,262496.78,4.7,4.97,4.97,4.97,32.95,37.35,37.48,37.49,37.49,0.4
[2026-05-08 01:10:13.005] ,483,26.71,32.29,100567.68,263713.62,4.87,5.15,5.15,5.15,34.14,38.7,38.83,38.84,38.85,0.4
[2026-05-08 01:10:18.013] ,483,26.73,32.29,100567.12,263103.81,5.01,5.29,5.29,5.29,35.12,39.81,39.95,39.96,39.96,0.4
[2026-05-08 01:10:23.026] ,485,26.74,32.27,100566.54,262698.81,4.94,5.22,5.22,5.22,34.65,39.28,39.42,39.43,39.43,0.4
[2026-05-08 01:10:28.043] ,483,26.75,32.24,100565.03,263306.75,4.89,5.17,5.17,5.17,34.28,38.86,38.99,39,39.01,0.4
[2026-05-08 01:10:33.059] ,484,26.78,32.24,100566.62,262698.81,4.89,5.17,5.17,5.17,34.28,38.85,38.99,39,39,0.4
[2026-05-08 01:10:38.065] ,485,26.75,32.22,100566.12,267852.47,4.9,5.18,5.18,5.18,34.38,38.98,39.11,39.12,39.13,0.4
[2026-05-08 01:10:43.079] ,486,26.74,32.19,100567.43,266597.25,4.81,5.09,5.09,5.09,33.77,38.28,38.42,38.42,38.43,0.4
[2026-05-08 01:10:48.091] ,487,26.73,32.19,100565.77,266181.44,4.67,4.94,4.94,4.94,32.79,37.17,37.3,37.31,37.31,0.4
[2026-05-08 01:10:53.105] ,487,26.73,32.22,100567.01,268907.56,4.77,5.04,5.04,5.04,33.46,37.93,38.06,38.07,38.08,0.4
[2026-05-08 01:10:58.124] ,489,26.72,32.23,100567.42,270184.69,5.18,5.48,5.48,5.48,36.37,41.22,41.37,41.38,41.38,0.4
[2026-05-08 01:11:03.131] ,489,26.66,32.21,100565.58,271690.09,5.48,5.8,5.8,5.8,38.47,43.61,43.76,43.77,43.77,0.4
[2026-05-08 01:11:08.153] ,487,26.67,32.24,100566.46,268062.81,5.62,5.94,5.94,5.94,39.43,44.69,44.85,44.86,44.87,0.4
[2026-05-08 01:11:13.158] ,487,26.7,32.26,100567.08,268484.53,5.56,5.88,5.88,5.88,39,44.21,44.37,44.38,44.38,0.4
[2026-05-08 01:11:18.173] ,485,26.71,32.26,100567.24,271258.28,5.59,5.92,5.92,5.92,39.25,44.49,44.65,44.66,44.66,0.41
[2026-05-08 01:11:23.189] ,485,26.66,32.24,100566.73,273431.25,5.51,5.83,5.83,5.83,38.67,43.84,43.99,44,44.01,0.41
[2026-05-08 01:11:28.202] ,485,26.63,32.26,100565.91,271690.09,5.45,5.76,5.76,5.76,38.24,43.35,43.5,43.51,43.51,0.41
[2026-05-08 01:11:33.213] ,485,26.62,32.31,100566.22,274530.84,5.51,5.82,5.82,5.82,38.63,43.79,43.95,43.96,43.96,0.41
[2026-05-08 01:11:38.221] ,483,26.62,32.34,100567.58,270827.81,5.43,5.74,5.74,5.74,38.08,43.16,43.31,43.32,43.33,0.41
[2026-05-08 01:11:43.243] ,484,26.62,32.33,100566.96,269544.62,5.46,5.78,5.78,5.78,38.34,43.46,43.61,43.62,43.62,0.41
[2026-05-08 01:11:48.249] ,482,26.66,32.34,100566.3,268907.56,5.59,5.91,5.91,5.91,39.24,44.48,44.64,44.65,44.65,0.41
[2026-05-08 01:11:53.262] ,483,26.67,32.29,100566.96,270827.81,5.58,5.9,5.9,5.9,39.17,44.4,44.56,44.57,44.58,0.41
[2026-05-08 01:11:58.275] ,482,26.68,32.27,100566.06,271906.53,5.44,5.75,5.75,5.75,38.16,43.26,43.41,43.42,43.42,0.4
[2026-05-08 01:12:03.291] ,481,26.65,32.26,100566.5,271474.03,5.27,5.57,5.57,5.57,36.96,41.89,42.04,42.05,42.06,0.4
[2026-05-08 01:12:08.305] ,480,26.62,32.27,100568.27,271906.53,4.93,5.21,5.21,5.21,34.57,39.19,39.33,39.34,39.34,0.4
[2026-05-08 01:12:13.320] ,480,26.63,32.3,100565.55,272775.72,4.84,5.12,5.12,5.12,33.99,38.52,38.66,38.67,38.67,0.4
[2026-05-08 01:12:18.326] ,480,26.6,32.3,100567.55,274089.94,4.89,5.17,5.17,5.17,34.33,38.91,39.05,39.06,39.06,0.4
[2026-05-08 01:12:23.341] ,480,26.57,32.31,100568.63,275194.84,5.1,5.4,5.4,5.4,35.81,40.59,40.73,40.74,40.74,0.4
[2026-05-08 01:12:28.357] ,480,26.51,32.3,100568.77,278791.19,5.44,5.75,5.75,5.75,38.17,43.27,43.42,43.43,43.44,0.4
[2026-05-08 01:12:33.372] ,480,26.49,32.37,100565.91,275416.91,5.41,5.73,5.73,5.73,37.98,43.06,43.21,43.22,43.22,0.4
[2026-05-08 01:12:38.377] ,481,26.52,32.42,100568.89,275639.31,5.36,5.67,5.67,5.67,37.59,42.61,42.76,42.77,42.78,0.4
[2026-05-08 01:12:43.399] ,481,26.55,32.43,100567.58,274973.16,5.35,5.66,5.66,5.66,37.54,42.56,42.71,42.72,42.72,0.4
[2026-05-08 01:12:48.411] ,479,26.55,32.44,100567.95,275194.84,5.23,5.53,5.53,5.53,36.66,41.56,41.71,41.71,41.72,0.4
[2026-05-08 01:12:53.423] ,479,26.56,32.4,100569.41,276532.53,5.17,5.47,5.47,5.47,36.27,41.11,41.26,41.27,41.27,0.4
[2026-05-08 01:12:58.431] ,479,26.6,32.4,100569.12,273431.25,5.14,5.44,5.44,5.44,36.07,40.89,41.03,41.04,41.04,0.4
[2026-05-08 01:13:03.442] ,477,26.64,32.38,100566.31,273650.47,5.16,5.45,5.45,5.45,36.17,41,41.15,41.16,41.16,0.4
[2026-05-08 01:13:08.457] ,476,26.7,32.34,100566.87,271474.03,5.14,5.44,5.44,5.44,36.08,40.9,41.05,41.05,41.06,0.4
[2026-05-08 01:13:13.467] ,475,26.69,32.29,100565.6,273431.25,5.1,5.4,5.4,5.4,35.8,40.58,40.73,40.73,40.74,0.4
[2026-05-08 01:13:18.477] ,474,26.7,32.29,100566.96,272340.44,5.11,5.41,5.41,5.41,35.88,40.67,40.81,40.82,40.83,0.4
[2026-05-08 01:13:23.493] ,475,26.73,32.27,100567.12,270613.09,5.49,5.8,5.8,5.8,38.5,43.64,43.8,43.81,43.81,0.4
[2026-05-08 01:13:28.504] ,474,26.69,32.24,100565.79,275639.31,5.78,6.11,6.11,6.11,40.56,45.98,46.14,46.15,46.16,0.4
[2026-05-08 01:13:33.522] ,472,26.69,32.22,100565.77,274973.16,5.82,6.15,6.15,6.15,40.81,46.26,46.42,46.43,46.44,0.4
[2026-05-08 01:13:38.531] ,471,26.68,32.23,100566.75,275862.06,5.75,6.08,6.08,6.08,40.33,45.72,45.88,45.89,45.9,0.4
[2026-05-08 01:13:43.540] ,470,26.7,32.23,100566.49,275639.31,5.35,5.66,5.66,5.66,37.55,42.57,42.72,42.73,42.73,0.41
[2026-05-08 01:13:48.554] ,469,26.64,32.23,100568.05,278563.66,5.13,5.43,5.43,5.43,36.02,40.83,40.97,40.98,40.98,0.4
[2026-05-08 01:13:53.572] ,469,26.62,32.25,100568.62,277206.28,4.89,5.17,5.17,5.17,34.29,38.87,39,39.01,39.02,0.4
[2026-05-08 01:13:58.581] ,469,26.61,32.28,100568.63,272993.88,4.87,5.14,5.14,5.14,34.13,38.69,38.83,38.84,38.84,0.4
[2026-05-08 01:14:03.601] ,469,26.64,32.29,100567.66,272993.88,4.67,4.94,4.94,4.94,32.77,37.14,37.28,37.28,37.29,0.4
[2026-05-08 01:14:08.605] ,468,26.59,32.27,100568.3,257157.2,4.53,4.8,4.8,4.8,31.81,36.06,36.19,36.2,36.2,0.4
[2026-05-08 01:14:13.625] ,469,26.59,32.27,100568.07,264736.31,4.68,4.95,4.95,4.95,32.83,37.21,37.34,37.35,37.36,0.4
[2026-05-08 01:14:18.640] ,469,26.59,32.3,100567.8,264531.12,4.84,5.11,5.11,5.11,33.93,38.46,38.59,38.6,38.6,0.4
[2026-05-08 01:14:23.649] ,470,26.57,32.29,100568.93,265147.59,4.98,5.26,5.26,5.26,34.91,39.57,39.71,39.72,39.72,0.4
[2026-05-08 01:14:28.662] ,471,26.57,32.28,100569.1,268273.5,5.04,5.33,5.33,5.33,35.34,40.06,40.21,40.21,40.22,0.4
[2026-05-08 01:14:33.675] ,471,26.6,32.28,100569.29,265974.03,5.08,5.37,5.37,5.37,35.63,40.39,40.53,40.54,40.55,0.4
[2026-05-08 01:14:38.691] ,472,26.57,32.31,100568.87,258912.77,5.13,5.43,5.43,5.43,36.02,40.82,40.97,40.98,40.98,0.39
[2026-05-08 01:14:43.700] ,471,26.53,32.32,100569.02,253152.05,5.28,5.58,5.58,5.58,37.01,41.95,42.1,42.11,42.12,0.4
[2026-05-08 01:14:48.719] ,471,26.54,32.36,100569.48,258520.58,5.61,5.94,5.94,5.94,39.38,44.64,44.8,44.81,44.81,0.4
[2026-05-08 01:14:53.731] ,470,26.54,32.37,100570.2,260891.72,5.62,5.94,5.94,5.94,39.41,44.68,44.84,44.84,44.85,0.4
[2026-05-08 01:14:58.741] ,471,26.55,32.36,100568.74,261491.31,5.67,5.99,5.99,5.99,39.77,45.08,45.24,45.25,45.26,0.4
[2026-05-08 01:15:03.757] ,471,26.53,32.35,100570.21,261291.14,5.67,5.99,5.99,5.99,39.77,45.08,45.24,45.25,45.26,0.4
[2026-05-08 01:15:08.772] ,471,26.58,32.33,100568.2,261892.58,5.39,5.7,5.7,5.7,37.8,42.85,43,43.01,43.02,0.4
[2026-05-08 01:15:13.789] ,471,26.54,32.33,100569.96,263917.53,5.22,5.52,5.52,5.52,36.64,41.53,41.68,41.69,41.69,0.4
[2026-05-08 01:15:18.802] ,472,26.5,32.34,100570.14,264326.28,5.31,5.62,5.62,5.62,37.27,42.25,42.4,42.41,42.41,0.4
[2026-05-08 01:15:23.812] ,472,26.54,32.37,100569.98,263917.53,5.74,6.07,6.07,6.07,40.26,45.64,45.8,45.81,45.82,0.41
[2026-05-08 01:15:28.821] ,470,26.51,32.37,100571.15,263510.03,5.62,5.94,5.94,5.94,39.4,44.66,44.82,44.83,44.83,0.41
[2026-05-08 01:15:33.841] ,470,26.53,32.4,100570.02,261892.58,5.36,5.67,5.67,5.67,37.6,42.62,42.77,42.78,42.78,0.41
[2026-05-08 01:15:38.850] ,471,26.52,32.4,100570.51,263917.53,5.15,5.44,5.44,5.44,36.11,40.93,41.08,41.09,41.09,0.4
[2026-05-08 01:15:43.868] ,471,26.51,32.4,100571.21,265766.94,5.13,5.42,5.42,5.42,35.97,40.77,40.92,40.93,40.93,0.41
[2026-05-08 01:15:48.881] ,472,26.5,32.44,100570.88,266181.44,5.13,5.42,5.42,5.42,35.99,40.79,40.94,40.95,40.95,0.41
[2026-05-08 01:15:53.886] ,470,26.51,32.44,100570.15,268484.53,5.15,5.45,5.45,5.45,36.14,40.96,41.11,41.12,41.12,0.41
[2026-05-08 01:15:58.901] ,468,26.49,32.45,100569.64,266389.19,5.21,5.51,5.51,5.51,36.59,41.47,41.62,41.63,41.63,0.4
[2026-05-08 01:16:03.916] ,468,26.43,32.42,100569.56,268907.56,5.28,5.58,5.58,5.58,37.04,41.99,42.14,42.15,42.15,0.41
[2026-05-08 01:16:08.930] ,467,26.42,32.44,100569.27,268273.5,5.43,5.74,5.74,5.74,38.1,43.19,43.34,43.35,43.35,0.41
[2026-05-08 01:16:13.941] ,466,26.41,32.48,100568.95,268273.5,5.54,5.86,5.86,5.86,38.85,44.04,44.2,44.21,44.21,0.41
[2026-05-08 01:16:18.961] ,465,26.42,32.49,100570.39,267223.38,5.48,5.8,5.8,5.8,38.46,43.6,43.75,43.76,43.76,0.41
[2026-05-08 01:16:23.971] ,465,26.42,32.51,100570.03,266597.25,5.51,5.82,5.82,5.82,38.63,43.79,43.95,43.95,43.96,0.41
[2026-05-08 01:16:28.983] ,465,26.39,32.54,100569.12,267223.38,5.57,5.89,5.89,5.89,39.1,44.32,44.48,44.49,44.49,0.41
[2026-05-08 01:16:34.001] ,464,26.39,32.6,100570.25,266597.25,5.44,5.75,5.75,5.75,38.15,43.25,43.4,43.41,43.41,0.41
[2026-05-08 01:16:39.009] ,462,26.39,32.61,100569.43,266805.62,5.39,5.7,5.7,5.7,37.83,42.88,43.03,43.04,43.04,0.41
[2026-05-08 01:16:44.021] ,461,26.41,32.6,100569.53,267852.47,6.26,6.62,6.62,6.62,43.95,49.82,50,50.01,50.01,0.41
[2026-05-08 01:16:49.035] ,463,26.42,32.59,100569.91,266597.25,6.41,6.77,6.77,6.77,44.94,50.94,51.13,51.14,51.14,0.41
[2026-05-08 01:16:54.051] ,464,26.43,32.57,100569.84,268695.88,6.2,6.55,6.55,6.55,43.47,49.27,49.45,49.46,49.46,0.41
[2026-05-08 01:16:59.063] ,463,26.42,32.55,100569.47,270184.69,6.3,6.66,6.66,6.66,44.2,50.11,50.28,50.29,50.3,0.42
[2026-05-08 01:17:04.081] ,462,26.46,32.55,100569.98,266597.25,6.05,6.4,6.4,6.4,42.45,48.12,48.29,48.3,48.31,0.42
[2026-05-08 01:17:09.093] ,459,26.47,32.53,100570.72,268907.56,5.6,5.92,5.92,5.92,39.29,44.53,44.69,44.7,44.7,0.42
[2026-05-08 01:17:14.107] ,460,26.46,32.51,100568.97,269119.59,5.24,5.54,5.54,5.54,36.75,41.65,41.8,41.81,41.81,0.42
[2026-05-08 01:17:19.119] ,460,26.43,32.48,100570.22,272557.91,5.14,5.44,5.44,5.44,36.08,40.9,41.04,41.05,41.05,0.42
[2026-05-08 01:17:24.134] ,460,26.36,32.48,100570.39,276085.19,4.98,5.26,5.26,5.26,34.93,39.59,39.73,39.74,39.74,0.42
[2026-05-08 01:17:29.141] ,460,26.35,32.5,100569.03,274089.94,5.01,5.3,5.3,5.3,35.14,39.83,39.97,39.98,39.98,0.41
[2026-05-08 01:17:34.162] ,459,26.36,32.57,100569.18,272557.91,5.24,5.55,5.55,5.55,36.79,41.7,41.85,41.86,41.86,0.41
[2026-05-08 01:17:39.171] ,458,26.37,32.59,100568.24,272557.91,5.24,5.54,5.54,5.54,36.78,41.69,41.84,41.85,41.86,0.41
[2026-05-08 01:17:44.181] ,458,26.35,32.59,100569.78,275639.31,5.24,5.54,5.54,5.54,36.76,41.67,41.82,41.82,41.83,0.41
[2026-05-08 01:17:49.200] ,458,26.39,32.61,100568.93,272775.72,5.19,5.49,5.49,5.49,36.41,41.28,41.42,41.43,41.43,0.41
[2026-05-08 01:17:54.211] ,457,26.38,32.58,100569.48,275194.84,5.58,5.9,5.9,5.9,39.12,44.35,44.51,44.51,44.52,0.4
[2026-05-08 01:17:59.222] ,458,26.37,32.56,100568.88,276532.53,6.44,6.81,6.81,6.81,45.2,51.23,51.42,51.43,51.43,0.4
[2026-05-08 01:18:04.233] ,460,26.37,32.52,100568.2,276532.53,6.75,7.14,7.14,7.14,47.35,53.68,53.87,53.88,53.88,0.4
[2026-05-08 01:18:09.243] ,460,26.39,32.5,100568.97,276756.75,6.24,6.6,6.6,6.6,43.79,49.64,49.82,49.83,49.83,0.4
[2026-05-08 01:18:14.258] ,460,26.33,32.48,100567.65,281550.72,5.79,6.13,6.13,6.13,40.65,46.08,46.24,46.25,46.25,0.4
[2026-05-08 01:18:19.271] ,460,26.34,32.49,100568.8,278563.66,5.57,5.88,5.88,5.88,39.04,44.26,44.41,44.42,44.43,0.4
[2026-05-08 01:18:24.287] ,458,26.35,32.48,100568.87,279705,5.64,5.96,5.96,5.96,39.54,44.81,44.97,44.98,44.99,0.41
[2026-05-08 01:18:29.294] ,457,26.31,32.48,100568.09,279934.38,5.7,6.03,6.03,6.03,40.01,45.35,45.52,45.53,45.53,0.41
[2026-05-08 01:18:34.311] ,455,26.3,32.48,100568.67,279247.34,5.61,5.93,5.93,5.93,39.37,44.63,44.79,44.79,44.8,0.4
[2026-05-08 01:18:39.326] ,457,26.29,32.48,100567.77,278336.5,5.78,6.12,6.12,6.12,40.58,45.99,46.16,46.17,46.17,0.4
[2026-05-08 01:18:44.339] ,456,26.36,32.5,100568.67,276085.19,5.95,6.3,6.3,6.3,41.77,47.34,47.51,47.52,47.53,0.39
[2026-05-08 01:18:49.351] ,457,26.35,32.48,100569.06,277431.59,6.09,6.44,6.44,6.44,42.7,48.4,48.57,48.58,48.58,0.39
[2026-05-08 01:18:54.361] ,457,26.4,32.48,100568.89,276308.69,6.18,6.53,6.53,6.53,43.33,49.12,49.29,49.3,49.31,0.39
[2026-05-08 01:18:59.371] ,458,26.43,32.45,100569.74,276308.69,5.77,6.11,6.11,6.11,40.51,45.92,46.09,46.1,46.1,0.39
[2026-05-08 01:19:04.391] ,456,26.38,32.44,100568.55,278109.72,5.45,5.77,5.77,5.77,38.25,43.36,43.51,43.52,43.53,0.39
[2026-05-08 01:19:09.402] ,453,26.37,32.47,100569.41,277657.28,5.37,5.67,5.67,5.67,37.64,42.67,42.82,42.83,42.83,0.38
[2026-05-08 01:19:14.412] ,452,26.39,32.48,100568.88,274751.81,5.16,5.46,5.46,5.46,36.24,41.07,41.22,41.23,41.23,0.39
[2026-05-08 01:19:19.422] ,453,26.36,32.43,100569.16,275639.31,5.21,5.51,5.51,5.51,36.54,41.42,41.56,41.57,41.58,0.39
[2026-05-08 01:19:24.442] ,455,26.39,32.43,100568.59,274751.81,5.17,5.47,5.47,5.47,36.27,41.11,41.26,41.27,41.27,0.39
[2026-05-08 01:19:29.453] ,456,26.38,32.43,100568.04,274310.22,5.28,5.58,5.58,5.58,37.02,41.96,42.11,42.12,42.12,0.39
[2026-05-08 01:19:34.469] ,455,26.44,32.41,100567.73,273431.25,5.25,5.55,5.55,5.55,36.81,41.72,41.87,41.88,41.88,0.39
[2026-05-08 01:19:39.480] ,456,26.43,32.41,100569.3,274973.16,5.26,5.56,5.56,5.56,36.92,41.85,42,42.01,42.01,0.4
[2026-05-08 01:19:44.492] ,455,26.45,32.39,100568.42,274751.81,5.17,5.47,5.47,5.47,36.29,41.13,41.28,41.28,41.29,0.39
[2026-05-08 01:19:49.506] ,455,26.44,32.39,100567.99,275194.84,5.1,5.39,5.39,5.39,35.76,40.53,40.68,40.68,40.69,0.39
[2026-05-08 01:19:54.525] ,456,26.43,32.37,100566.79,275416.91,5.13,5.43,5.43,5.43,36,40.81,40.95,40.96,40.96,0.39
[2026-05-08 01:19:59.542] ,456,26.43,32.39,100568.02,275639.31,5.07,5.36,5.36,5.36,35.56,40.31,40.45,40.46,40.47,0.38
[2026-05-08 01:20:04.551] ,454,26.41,32.39,100566.74,274751.81,4.95,5.24,5.24,5.24,34.75,39.39,39.53,39.53,39.54,0.38
[2026-05-08 01:20:09.571] ,454,26.39,32.4,100567.3,273212.38,4.96,5.24,5.24,5.24,34.79,39.44,39.58,39.58,39.59,0.39
[2026-05-08 01:20:14.581] ,452,26.37,32.41,100566.14,269331.94,5.19,5.49,5.49,5.49,36.39,41.25,41.4,41.41,41.41,0.39
[2026-05-08 01:20:19.600] ,452,26.34,32.4,100567.32,267852.47,5.14,5.43,5.43,5.43,36.05,40.86,41.01,41.02,41.02,0.39
[2026-05-08 01:20:24.611] ,452,26.35,32.41,100566.37,261291.14,5.1,5.39,5.39,5.39,35.78,40.55,40.7,40.7,40.71,0.39
[2026-05-08 01:20:29.626] ,451,26.4,32.42,100566.7,263713.62,5.29,5.59,5.59,5.59,37.08,42.04,42.19,42.19,42.2,0.39
[2026-05-08 01:20:34.641] ,450,26.36,32.42,100566.13,247462.55,5.35,5.66,5.66,5.66,37.53,42.54,42.69,42.7,42.7,0.38
[2026-05-08 01:20:39.654] ,449,26.38,32.43,100566.98,250918.89,5.38,5.69,5.69,5.69,37.77,42.81,42.97,42.98,42.98,0.38
[2026-05-08 01:20:44.665] ,450,26.43,32.41,100567.11,256963.61,5.27,5.57,5.57,5.57,36.94,41.87,42.02,42.03,42.03,0.38
[2026-05-08 01:20:49.681] ,451,26.44,32.37,100566.93,256770.31,5.24,5.54,5.54,5.54,36.76,41.66,41.81,41.82,41.82,0.38
[2026-05-08 01:20:54.694] ,449,26.45,32.35,100566.44,257934.52,5.35,5.66,5.66,5.66,37.54,42.55,42.7,42.71,42.72,0.39
[2026-05-08 01:20:59.708] ,448,26.49,32.32,100565.71,258716.53,5.34,5.65,5.65,5.65,37.46,42.46,42.61,42.62,42.62,0.39
[2026-05-08 01:21:04.724] ,445,26.46,32.3,100566.87,263103.81,5.57,5.89,5.89,5.89,39.05,44.27,44.43,44.43,44.44,0.39
[2026-05-08 01:21:09.731] ,444,26.43,32.31,100566.2,264326.28,5.8,6.14,6.14,6.14,40.72,46.16,46.32,46.33,46.33,0.39
[2026-05-08 01:21:14.752] ,445,26.42,32.34,100565.73,261691.8,5.95,6.29,6.29,6.29,41.75,47.32,47.49,47.5,47.5,0.4
[2026-05-08 01:21:19.756] ,444,26.4,32.33,100565.4,259700.73,5.93,6.27,6.27,6.27,41.63,47.19,47.36,47.37,47.37,0.4
[2026-05-08 01:21:24.770] ,446,26.33,32.32,100565.57,261691.8,5.86,6.2,6.2,6.2,41.14,46.63,46.8,46.8,46.81,0.4
[2026-05-08 01:21:29.793] ,447,26.35,32.36,100566.27,261892.58,5.81,6.14,6.14,6.14,40.77,46.21,46.37,46.38,46.39,0.4
[2026-05-08 01:21:34.802] ,447,26.33,32.37,100564.5,263510.03,5.85,6.18,6.18,6.18,41.03,46.51,46.68,46.69,46.69,0.4
[2026-05-08 01:21:39.821] ,446,26.31,32.4,100565.05,263306.75,5.86,6.19,6.19,6.19,41.09,46.58,46.75,46.76,46.76,0.39
[2026-05-08 01:21:44.832] ,446,26.29,32.42,100563.15,263306.75,5.8,6.14,6.14,6.14,40.72,46.15,46.32,46.33,46.33,0.4
[2026-05-08 01:21:49.851] ,447,26.36,32.44,100564.84,261691.8,6.02,6.37,6.37,6.37,42.25,47.9,48.07,48.08,48.08,0.4
[2026-05-08 01:21:54.861] ,446,26.38,32.42,100565.31,261691.8,6.11,6.46,6.46,6.46,42.87,48.59,48.76,48.77,48.78,0.4
[2026-05-08 01:21:59.882] ,446,26.4,32.39,100565.98,261491.31,5.98,6.33,6.33,6.33,41.97,47.57,47.74,47.75,47.75,0.4
[2026-05-08 01:22:04.894] ,445,26.44,32.36,100565.84,261091.28,5.89,6.23,6.23,6.23,41.35,46.88,47.04,47.05,47.06,0.4
[2026-05-08 01:22:09.911] ,445,26.47,32.32,100565.2,263510.03,5.63,5.96,5.96,5.96,39.52,44.79,44.95,44.96,44.96,0.4
[2026-05-08 01:22:14.921] ,444,26.49,32.26,100566.34,265147.59,5.48,5.8,5.8,5.8,38.47,43.61,43.77,43.77,43.78,0.4
[2026-05-08 01:22:19.941] ,445,26.54,32.23,100565.32,264326.28,5.34,5.65,5.65,5.65,37.47,42.48,42.63,42.64,42.64,0.4
[2026-05-08 01:22:24.953] ,447,26.55,32.18,100565.32,264736.31,5.34,5.65,5.65,5.65,37.46,42.46,42.61,42.62,42.62,0.41
[2026-05-08 01:22:29.971] ,448,26.58,32.14,100565.24,264941.78,5.2,5.5,5.5,5.5,36.51,41.39,41.54,41.54,41.55,0.41
[2026-05-08 01:22:34.981] ,447,26.61,32.08,100563.44,263713.62,5.71,6.03,6.03,6.03,40.03,45.37,45.53,45.54,45.55,0.42
[2026-05-08 01:22:40.001] ,447,26.61,32.05,100565.85,263713.62,5.76,6.09,6.09,6.09,40.41,45.8,45.97,45.97,45.98,0.42
[2026-05-08 01:22:45.008] ,449,26.58,32.03,100564.99,265353.72,5.73,6.06,6.06,6.06,40.21,45.58,45.75,45.75,45.76,0.42
[2026-05-08 01:22:50.031] ,449,26.6,32.03,100566.17,264326.28,5.61,5.93,5.93,5.93,39.37,44.62,44.78,44.79,44.79,0.42
[2026-05-08 01:22:55.040] ,448,26.62,32.02,100563.22,263917.53,5.38,5.69,5.69,5.69,37.73,42.77,42.92,42.93,42.93,0.42
[2026-05-08 01:23:00.059] ,448,26.64,32.01,100563.32,262698.81,5.46,5.77,5.77,5.77,38.31,43.42,43.57,43.58,43.59,0.41
[2026-05-08 01:23:05.072] ,447,26.66,32,100563.38,262093.67,5.47,5.79,5.79,5.79,38.38,43.51,43.66,43.67,43.67,0.41
[2026-05-08 01:23:10.081] ,446,26.65,31.97,100562.84,264736.31,5.54,5.86,5.86,5.86,38.85,44.04,44.2,44.2,44.21,0.4
[2026-05-08 01:23:15.097] ,443,26.64,31.96,100563.41,263713.62,5.56,5.88,5.88,5.88,39,44.21,44.37,44.38,44.38,0.41
[2026-05-08 01:23:20.111] ,442,26.63,31.95,100562.02,265353.72,5.4,5.71,5.71,5.71,37.91,42.97,43.13,43.14,43.14,0.4
[2026-05-08 01:23:25.130] ,442,26.58,31.94,100564.91,267432.75,5.12,5.42,5.42,5.42,35.95,40.74,40.89,40.9,40.9,0.41
[2026-05-08 01:23:30.141] ,441,26.53,31.96,100565.36,269971,4.94,5.23,5.23,5.23,34.68,39.32,39.46,39.46,39.47,0.41
[2026-05-08 01:23:35.154] ,440,26.5,32,100565.67,270398.72,4.82,5.1,5.1,5.1,33.8,38.32,38.45,38.46,38.46,0.41
[2026-05-08 01:23:40.171] ,439,26.47,32.05,100565.11,266597.25,4.86,5.14,5.14,5.14,34.12,38.67,38.81,38.82,38.82,0.41
[2026-05-08 01:23:45.178] ,439,26.47,32.1,100564.01,270184.69,5.22,5.52,5.52,5.52,36.63,41.52,41.66,41.67,41.68,0.41
[2026-05-08 01:23:50.202] ,439,26.47,32.11,100564.97,271258.28,5.38,5.69,5.69,5.69,37.77,42.81,42.97,42.98,42.98,0.41
[2026-05-08 01:23:55.210] ,438,26.48,32.09,100565.52,270398.72,5.54,5.86,5.86,5.86,38.89,44.09,44.24,44.25,44.26,0.41
[2026-05-08 01:24:00.231] ,440,26.47,32.11,100564.1,269544.62,5.49,5.8,5.8,5.8,38.51,43.66,43.81,43.82,43.82,0.41
[2026-05-08 01:24:05.240] ,441,26.47,32.14,100563.32,267432.75,5.24,5.54,5.54,5.54,36.77,41.68,41.82,41.83,41.84,0.41
[2026-05-08 01:24:10.253] ,441,26.51,32.17,100564.64,265147.59,5.03,5.32,5.32,5.32,35.29,40,40.14,40.15,40.15,0.41
[2026-05-08 01:24:15.271] ,440,26.53,32.16,100565.02,266805.62,5.09,5.38,5.38,5.38,35.7,40.47,40.61,40.62,40.62,0.41
[2026-05-08 01:24:20.281] ,441,26.49,32.14,100564.45,265974.03,5.17,5.47,5.47,5.47,36.3,41.15,41.3,41.31,41.31,0.42
[2026-05-08 01:24:25.295] ,441,26.52,32.16,100566.11,264531.12,5.39,5.7,5.7,5.7,37.82,42.87,43.02,43.03,43.04,0.41
[2026-05-08 01:24:30.311] ,441,26.55,32.15,100565.06,264941.78,5.56,5.88,5.88,5.88,39.02,44.23,44.39,44.4,44.4,0.41
[2026-05-08 01:24:35.321] ,444,26.54,32.15,100565.35,266597.25,5.56,5.88,5.88,5.88,39.03,44.24,44.4,44.4,44.41,0.41
[2026-05-08 01:24:40.330] ,446,26.54,32.15,100564.48,265974.03,5.52,5.83,5.83,5.83,38.7,43.87,44.03,44.04,44.04,0.41
[2026-05-08 01:24:45.346] ,447,26.55,32.15,100564.87,267432.75,5.62,5.94,5.94,5.94,39.44,44.71,44.87,44.88,44.88,0.41
[2026-05-08 01:24:50.362] ,447,26.59,32.13,100563.71,266597.25,5.87,6.2,6.2,6.2,41.15,46.65,46.81,46.82,46.83,0.41
[2026-05-08 01:24:55.371] ,446,26.56,32.09,100565.13,268484.53,6.04,6.39,6.39,6.39,42.39,48.05,48.22,48.23,48.23,0.4
[2026-05-08 01:25:00.392] ,443,26.56,32.1,100563.34,267014.34,6.2,6.56,6.56,6.56,43.53,49.34,49.51,49.52,49.53,0.41
[2026-05-08 01:25:05.402] ,444,26.6,32.09,100563.7,268273.5,6.16,6.51,6.51,6.51,43.19,48.96,49.13,49.14,49.14,0.41
[2026-05-08 01:25:10.422] ,445,26.63,32.05,100562.55,267014.34,6.03,6.38,6.38,6.38,42.31,47.95,48.13,48.14,48.14,0.41
[2026-05-08 01:25:15.430] ,447,26.63,32.05,100561.37,266597.25,5.89,6.23,6.23,6.23,41.32,46.84,47,47.01,47.02,0.42
[2026-05-08 01:25:20.451] ,447,26.57,32.03,100564.5,263713.62,5.85,6.19,6.19,6.19,41.05,46.54,46.7,46.71,46.72,0.42
[2026-05-08 01:25:25.466] ,446,26.57,32.05,100564.64,263306.75,5.64,5.96,5.96,5.96,39.55,44.83,44.99,45,45.01,0.41
[2026-05-08 01:25:30.481] ,445,26.53,32.05,100563.66,262901.16,5.16,5.46,5.46,5.46,36.23,41.07,41.21,41.22,41.22,0.41
[2026-05-08 01:25:35.493] ,446,26.56,32.06,100563.37,262901.16,4.86,5.14,5.14,5.14,34.1,38.65,38.79,38.79,38.8,0.41
[2026-05-08 01:25:40.503] ,445,26.6,32.05,100562.38,263917.53,4.9,5.18,5.18,5.18,34.35,38.94,39.08,39.09,39.09,0.41
[2026-05-08 01:25:45.521] ,445,26.66,32.02,100561.06,261892.58,4.96,5.24,5.24,5.24,34.79,39.44,39.58,39.59,39.59,0.41
[2026-05-08 01:25:50.539] ,447,26.62,32,100562.74,257351.09,5.21,5.5,5.5,5.5,36.52,41.4,41.55,41.55,41.56,0.4
[2026-05-08 01:25:55.550] ,449,26.6,32.05,100563.23,256000,5.07,5.36,5.36,5.36,35.59,40.34,40.48,40.49,40.49,0.4
[2026-05-08 01:26:00.567] ,450,26.59,32.06,100562.73,259109.31,5.29,5.59,5.59,5.59,37.1,42.06,42.21,42.22,42.22,0.41
[2026-05-08 01:26:05.583] ,450,26.61,32.07,100561.64,256192.14,5.66,5.99,5.99,5.99,39.73,45.03,45.19,45.2,45.2,0.4
[2026-05-08 01:26:10.599] ,450,26.62,32.05,100561.99,252030.52,5.85,6.19,6.19,6.19,41.05,46.53,46.7,46.71,46.71,0.41
[2026-05-08 01:26:15.611] ,450,26.61,32.02,100561.62,252590.03,6.21,6.56,6.56,6.56,43.53,49.35,49.52,49.53,49.54,0.41
[2026-05-08 01:26:20.631] ,449,26.62,32.02,100560.95,248543.69,6.08,6.43,6.43,6.43,42.65,48.35,48.52,48.53,48.54,0.41
[2026-05-08 01:26:25.641] ,451,26.57,32.03,100563.88,244624.94,5.94,6.28,6.28,6.28,41.64,47.2,47.37,47.38,47.39,0.41
[2026-05-08 01:26:30.653] ,453,26.54,32.08,100564.23,248182.27,5.83,6.16,6.16,6.16,40.89,46.35,46.51,46.52,46.53,0.41
[2026-05-08 01:26:35.667] ,453,26.48,32.16,100561.77,250183.23,5.95,6.29,6.29,6.29,41.74,47.31,47.48,47.49,47.49,0.42
[2026-05-08 01:26:40.682] ,454,26.45,32.2,100561.48,252030.52,6.14,6.49,6.49,6.49,43.08,48.83,49.01,49.02,49.02,0.42
[2026-05-08 01:26:45.702] ,455,26.45,32.23,100562.68,256384.58,6.32,6.68,6.68,6.68,44.32,50.23,50.41,50.42,50.43,0.42
[2026-05-08 01:26:50.713] ,453,26.47,32.25,100562.64,255234.3,6.25,6.61,6.61,6.61,43.85,49.7,49.88,49.89,49.89,0.41
[2026-05-08 01:26:55.727] ,453,26.46,32.27,100562.98,255234.3,5.92,6.26,6.26,6.26,41.51,47.06,47.22,47.23,47.24,0.41
[2026-05-08 01:27:00.742] ,453,26.42,32.27,100560.93,260692.47,5.76,6.09,6.09,6.09,40.42,45.82,45.98,45.99,46,0.41
[2026-05-08 01:27:05.758] ,454,26.42,32.28,100561.94,261291.14,5.53,5.85,5.85,5.85,38.83,44.01,44.17,44.18,44.18,0.41
[2026-05-08 01:27:10.773] ,454,26.41,32.29,100560.48,262295.09,5.34,5.65,5.65,5.65,37.49,42.5,42.65,42.66,42.66,0.41
[2026-05-08 01:27:15.791] ,456,26.31,32.26,100561.73,269544.62,5.26,5.56,5.56,5.56,36.88,41.81,41.96,41.97,41.97,0.41
[2026-05-08 01:27:20.800] ,456,26.3,32.31,100560.77,264531.12,5.18,5.48,5.48,5.48,36.36,41.21,41.36,41.37,41.37,0.41
[2026-05-08 01:27:25.820] ,457,26.3,32.36,100560.52,266597.25,5.2,5.5,5.5,5.5,36.47,41.34,41.49,41.5,41.5,0.41
[2026-05-08 01:27:30.832] ,457,26.33,32.38,100560.11,265766.94,5.22,5.52,5.52,5.52,36.62,41.51,41.66,41.67,41.67,0.41
[2026-05-08 01:27:35.841] ,455,26.3,32.38,100560.03,268695.88,5.22,5.52,5.52,5.52,36.63,41.52,41.67,41.68,41.68,0.41
[2026-05-08 01:27:40.863] ,452,26.32,32.38,100560.41,268484.53,5.29,5.59,5.59,5.59,37.11,42.06,42.21,42.22,42.22,0.41
[2026-05-08 01:27:45.881] ,453,26.31,32.39,100560.45,268062.81,5.23,5.53,5.53,5.53,36.72,41.62,41.77,41.78,41.78,0.41
[2026-05-08 01:27:50.891] ,453,26.36,32.39,100560.31,269757.62,5.16,5.46,5.46,5.46,36.19,41.02,41.17,41.18,41.18,0.4
[2026-05-08 01:27:55.903] ,451,26.36,32.36,100562.41,269544.62,5.14,5.43,5.43,5.43,36.03,40.84,40.98,40.99,40.99,0.41
[2026-05-08 01:28:00.925] ,452,26.36,32.34,100561.2,269331.94,5.2,5.49,5.49,5.49,36.45,41.32,41.47,41.47,41.48,0.4
[2026-05-08 01:28:05.942] ,451,26.4,32.34,100562.1,267432.75,5.23,5.54,5.54,5.54,36.73,41.63,41.78,41.79,41.79,0.41
[2026-05-08 01:28:10.949] ,450,26.42,32.32,100560.37,268062.81,5.29,5.59,5.59,5.59,37.09,42.04,42.19,42.2,42.2,0.41
[2026-05-08 01:28:15.968] ,450,26.42,32.28,100561.41,266389.19,5.4,5.71,5.71,5.71,37.89,42.95,43.1,43.11,43.12,0.4
[2026-05-08 01:28:20.981] ,448,26.46,32.27,100561.92,266181.44,5.44,5.75,5.75,5.75,38.13,43.22,43.38,43.39,43.39,0.4
[2026-05-08 01:28:25.994] ,449,26.48,32.24,100560.85,267852.47,5.3,5.6,5.6,5.6,37.18,42.15,42.3,42.31,42.31,0.4
[2026-05-08 01:28:31.011] ,449,26.51,32.23,100563.66,267223.38,5.24,5.54,5.54,5.54,36.74,41.65,41.8,41.81,41.81,0.4
[2026-05-08 01:28:36.025] ,450,26.54,32.2,100562.27,265974.03,5.39,5.7,5.7,5.7,37.81,42.86,43.01,43.02,43.03,0.4
[2026-05-08 01:28:41.041] ,449,26.57,32.16,100562.64,266181.44,5.4,5.71,5.71,5.71,37.87,42.93,43.08,43.09,43.09,0.41
[2026-05-08 01:28:46.057] ,450,26.58,32.1,100561.78,265353.72,5.35,5.66,5.66,5.66,37.53,42.54,42.69,42.7,42.7,0.41
[2026-05-08 01:28:51.071] ,451,26.55,32.08,100562.12,267014.34,5.13,5.42,5.42,5.42,35.96,40.76,40.9,40.91,40.92,0.41
[2026-05-08 01:28:56.085] ,451,26.53,32.08,100562.1,266389.19,4.98,5.26,5.26,5.26,34.91,39.57,39.71,39.71,39.72,0.41
[2026-05-08 01:29:01.101] ,451,26.53,32.09,100561.94,265974.03,4.66,4.93,4.93,4.93,32.71,37.08,37.21,37.22,37.22,0.41
[2026-05-08 01:29:06.121] ,450,26.54,32.09,100562.07,267223.38,4.56,4.82,4.82,4.82,31.96,36.23,36.36,36.36,36.37,0.41
[2026-05-08 01:29:11.132] ,450,26.56,32.1,100561.7,266389.19,4.75,5.02,5.02,5.02,33.3,37.75,37.88,37.89,37.89,0.41
[2026-05-08 01:29:16.151] ,450,26.58,32.08,100561.47,266597.25,5.03,5.32,5.32,5.32,35.29,40,40.14,40.15,40.16,0.4
[2026-05-08 01:29:21.161] ,449,26.53,32.05,100561.86,267014.34,5.38,5.69,5.69,5.69,37.76,42.8,42.95,42.96,42.96,0.4
[2026-05-08 01:29:26.179] ,447,26.51,32.06,100562.38,268907.56,5.48,5.79,5.79,5.79,38.43,43.56,43.71,43.72,43.73,0.4
[2026-05-08 01:29:31.193] ,446,26.53,32.08,100561.54,268907.56,5.42,5.73,5.73,5.73,38,43.08,43.23,43.24,43.24,0.4
[2026-05-08 01:29:36.209] ,445,26.54,32.07,100560.95,268907.56,5.24,5.54,5.54,5.54,36.77,41.68,41.83,41.84,41.84,0.4
[2026-05-08 01:29:41.216] ,446,26.53,32.03,100561.47,272123.31,5.27,5.57,5.57,5.57,36.94,41.87,42.02,42.03,42.03,0.41
[2026-05-08 01:29:46.235] ,446,26.55,32.03,100561.84,269971,5.52,5.84,5.84,5.84,38.73,43.91,44.06,44.07,44.08,0.41
[2026-05-08 01:29:51.251] ,445,26.53,32.03,100560.96,271474.03,5.55,5.87,5.87,5.87,38.95,44.16,44.31,44.32,44.33,0.42
[2026-05-08 01:29:56.260] ,445,26.53,32.03,100562.96,271474.03,5.45,5.76,5.76,5.76,38.23,43.34,43.49,43.5,43.51,0.41
[2026-05-08 01:30:01.279] ,445,26.45,32.07,100560.66,272340.44,5.41,5.73,5.73,5.73,37.98,43.06,43.21,43.22,43.22,0.41
[2026-05-08 01:30:06.291] ,443,26.47,32.16,100560.7,269971,5.5,5.81,5.81,5.81,38.57,43.73,43.88,43.89,43.89,0.41
[2026-05-08 01:30:11.312] ,441,26.48,32.19,100560.8,268062.81,5.47,5.79,5.79,5.79,38.41,43.53,43.69,43.7,43.7,0.41
[2026-05-08 01:30:16.320] ,441,26.44,32.19,100561.1,271042.88,5.4,5.71,5.71,5.71,37.85,42.91,43.06,43.07,43.07,0.41
[2026-05-08 01:30:21.331] ,441,26.41,32.19,100561.16,273431.25,5.23,5.53,5.53,5.53,36.71,41.61,41.75,41.76,41.77,0.41
[2026-05-08 01:30:26.349] ,440,26.36,32.23,100560.88,275416.91,5.24,5.54,5.54,5.54,36.79,41.7,41.85,41.86,41.86,0.41
[2026-05-08 01:30:31.361] ,440,26.34,32.28,100559.59,275639.31,5.21,5.51,5.51,5.51,36.57,41.46,41.6,41.61,41.62,0.41
[2026-05-08 01:30:36.382] ,440,26.33,32.33,100560.52,275862.06,5.06,5.35,5.35,5.35,35.5,40.24,40.38,40.39,40.4,0.41
[2026-05-08 01:30:41.391] ,441,26.28,32.37,100559.88,277431.59,5.02,5.31,5.31,5.31,35.25,39.96,40.1,40.11,40.11,0.41
[2026-05-08 01:30:46.402] ,443,26.28,32.42,100559.82,272993.88,5.28,5.59,5.59,5.59,37.08,42.03,42.18,42.19,42.19,0.4
[2026-05-08 01:30:51.418] ,445,26.31,32.44,100560.47,274089.94,5.49,5.81,5.81,5.81,38.52,43.66,43.82,43.82,43.83,0.41
[2026-05-08 01:30:56.442] ,444,26.28,32.42,100559.58,276085.19,5.61,5.94,5.94,5.94,39.39,44.65,44.81,44.82,44.82,0.41
[2026-05-08 01:31:01.448] ,445,26.28,32.43,100558.72,275194.84,5.77,6.1,6.1,6.1,40.47,45.88,46.04,46.05,46.05,0.41
[2026-05-08 01:31:06.464] ,446,26.29,32.45,100560.23,275194.84,5.64,5.97,5.97,5.97,39.59,44.87,45.03,45.04,45.04,0.4
[2026-05-08 01:31:11.479] ,445,26.24,32.46,100560.56,276981.34,5.57,5.89,5.89,5.89,39.08,44.3,44.45,44.46,44.47,0.4
[2026-05-08 01:31:16.491] ,446,26.24,32.47,100559.06,276981.34,5.68,6,6,6,39.82,45.14,45.3,45.31,45.31,0.4
[2026-05-08 01:31:21.512] ,446,26.19,32.48,100560.94,277657.28,5.76,6.09,6.09,6.09,40.41,45.81,45.97,45.98,45.98,0.4
[2026-05-08 01:31:26.526] ,446,26.15,32.52,100559.9,277431.59,5.68,6.01,6.01,6.01,39.84,45.16,45.32,45.33,45.34,0.4
[2026-05-08 01:31:31.543] ,446,26.13,32.58,100559.38,277206.28,5.57,5.89,5.89,5.89,39.05,44.26,44.42,44.43,44.43,0.4
[2026-05-08 01:31:36.551] ,445,26.14,32.66,100561.12,274973.16,5.51,5.83,5.83,5.83,38.69,43.85,44.01,44.02,44.02,0.4
[2026-05-08 01:31:41.573] ,445,26.17,32.66,100559.69,275416.91,5.35,5.66,5.66,5.66,37.57,42.58,42.73,42.74,42.75,0.4
[2026-05-08 01:31:46.583] ,444,26.15,32.68,100560.16,277657.28,5.36,5.67,5.67,5.67,37.61,42.64,42.79,42.8,42.8,0.4
[2026-05-08 01:31:51.596] ,443,26.19,32.67,100561.94,276532.53,5.31,5.61,5.61,5.61,37.24,42.21,42.36,42.37,42.37,0.41
[2026-05-08 01:31:56.611] ,443,26.19,32.64,100561.47,277657.28,5.49,5.8,5.8,5.8,38.48,43.62,43.78,43.79,43.79,0.41
[2026-05-08 01:32:01.631] ,444,26.17,32.61,100559.84,277431.59,5.86,6.2,6.2,6.2,41.12,46.61,46.77,46.78,46.79,0.4
[2026-05-08 01:32:06.647] ,447,26.18,32.6,100560.81,277431.59,5.93,6.27,6.27,6.27,41.6,47.16,47.33,47.33,47.34,0.41
[2026-05-08 01:32:11.661] ,448,26.2,32.61,100560.66,276532.53,5.87,6.2,6.2,6.2,41.15,46.65,46.81,46.82,46.83,0.4
[2026-05-08 01:32:16.672] ,446,26.22,32.59,100561.72,278109.72,6.16,6.52,6.52,6.52,43.23,49,49.18,49.19,49.19,0.4
[2026-05-08 01:32:21.689] ,447,26.23,32.55,100560.33,279475.97,6.43,6.8,6.8,6.8,45.1,51.12,51.3,51.31,51.32,0.41
[2026-05-08 01:32:26.708] ,447,26.25,32.56,100560.59,276085.19,6.37,6.74,6.74,6.74,44.71,50.67,50.86,50.87,50.87,0.4
[2026-05-08 01:32:31.717] ,448,26.28,32.56,100560.23,276308.69,6.38,6.75,6.75,6.75,44.77,50.75,50.93,50.94,50.94,0.41
[2026-05-08 01:32:36.731] ,450,26.3,32.54,100560.14,275639.31,6.34,6.7,6.7,6.7,44.46,50.39,50.57,50.58,50.59,0.42
[2026-05-08 01:32:41.749] ,450,26.3,32.51,100561.95,276981.34,6.38,6.75,6.75,6.75,44.77,50.74,50.93,50.94,50.94,0.41
[2026-05-08 01:32:46.759] ,448,26.24,32.5,100560.2,279019.06,6.17,6.52,6.52,6.52,43.29,49.06,49.24,49.25,49.25,0.42
[2026-05-08 01:32:51.782] ,447,26.22,32.5,100560.7,278336.5,5.87,6.21,6.21,6.21,41.2,46.7,46.87,46.88,46.88,0.41
[2026-05-08 01:32:56.791] ,446,26.22,32.54,100561.58,278336.5,5.72,6.05,6.05,6.05,40.16,45.53,45.69,45.7,45.7,0.41
[2026-05-08 01:33:01.811] ,447,26.21,32.56,100560.09,276981.34,5.51,5.83,5.83,5.83,38.67,43.83,43.99,44,44,0.41
[2026-05-08 01:33:06.826] ,444,26.2,32.58,100561.38,278336.5,5.6,5.92,5.92,5.92,39.29,44.54,44.7,44.71,44.71,0.4
[2026-05-08 01:33:11.840] ,445,26.16,32.6,100559.54,279705,5.46,5.78,5.78,5.78,38.33,43.45,43.6,43.61,43.61,0.4
[2026-05-08 01:33:16.859] ,448,26.2,32.62,100560.33,278791.19,5.41,5.72,5.72,5.72,37.93,42.99,43.15,43.16,43.16,0.41
[2026-05-08 01:33:21.871] ,448,26.18,32.59,100560.41,279247.34,5.05,5.34,5.34,5.34,35.42,40.15,40.3,40.3,40.31,0.4
[2026-05-08 01:33:26.888] ,446,26.21,32.6,100560.57,276981.34,5,5.29,5.29,5.29,35.1,39.78,39.92,39.93,39.94,0.4
[2026-05-08 01:33:31.901] ,446,26.24,32.58,100561.05,277431.59,5.25,5.55,5.55,5.55,36.8,41.71,41.86,41.87,41.88,0.4
[2026-05-08 01:33:36.911] ,445,26.29,32.56,100561.08,277657.28,5.43,5.74,5.74,5.74,38.1,43.18,43.34,43.35,43.35,0.4
[2026-05-08 01:33:41.931] ,447,26.31,32.51,100562.34,276756.75,5.42,5.73,5.73,5.73,38.01,43.09,43.24,43.25,43.26,0.39
[2026-05-08 01:33:46.943] ,447,26.36,32.47,100561.67,275416.91,5.35,5.66,5.66,5.66,37.56,42.58,42.73,42.74,42.74,0.39
[2026-05-08 01:33:51.962] ,447,26.33,32.42,100561.9,278791.19,5.42,5.73,5.73,5.73,38.02,43.1,43.25,43.26,43.26,0.39
[2026-05-08 01:33:56.981] ,448,26.3,32.43,100560.41,278563.66,5.61,5.93,5.93,5.93,39.36,44.62,44.78,44.78,44.79,0.4
[2026-05-08 01:34:01.991] ,446,26.3,32.44,100560.62,280164.16,5.8,6.13,6.13,6.13,40.67,46.1,46.26,46.27,46.27,0.4
[2026-05-08 01:34:07.007] ,446,26.32,32.41,100561.98,277206.28,5.79,6.12,6.12,6.12,40.6,46.02,46.18,46.19,46.2,0.4
[2026-05-08 01:34:12.022] ,445,26.38,32.41,100561.05,276756.75,5.4,5.71,5.71,5.71,37.86,42.92,43.07,43.08,43.09,0.4
[2026-05-08 01:34:17.035] ,445,26.35,32.39,100560.91,278109.72,5.23,5.53,5.53,5.53,36.67,41.56,41.71,41.72,41.72,0.4
[2026-05-08 01:34:22.051] ,443,26.3,32.39,100562.12,279247.34,5.42,5.73,5.73,5.73,38.03,43.11,43.27,43.28,43.28,0.4
[2026-05-08 01:34:27.068] ,443,26.33,32.39,100561.21,277657.28,5.45,5.77,5.77,5.77,38.25,43.36,43.51,43.52,43.52,0.4
[2026-05-08 01:34:32.089] ,443,26.36,32.41,100562.18,276308.69,5.4,5.71,5.71,5.71,37.87,42.92,43.08,43.08,43.09,0.4
[2026-05-08 01:34:37.102] ,445,26.37,32.38,100561.7,277657.28,5.64,5.96,5.96,5.96,39.56,44.84,45,45.01,45.01,0.4
[2026-05-08 01:34:42.111] ,445,26.34,32.37,100561.84,275862.06,5.84,6.18,6.18,6.18,40.98,46.45,46.62,46.63,46.63,0.4
[2026-05-08 01:34:47.134] ,445,26.3,32.36,100562.62,280855.72,6.04,6.39,6.39,6.39,42.4,48.06,48.23,48.24,48.25,0.4
[2026-05-08 01:34:52.141] ,442,26.26,32.39,100562.34,280624.84,6.2,6.56,6.56,6.56,43.5,49.31,49.48,49.49,49.5,0.4
[2026-05-08 01:34:57.162] ,440,26.25,32.4,100561.47,283420.97,6.19,6.54,6.54,6.54,43.42,49.21,49.39,49.4,49.4,0.39
[2026-05-08 01:35:02.181] ,442,26.24,32.42,100560.89,285794.03,5.98,6.32,6.32,6.32,41.96,47.57,47.74,47.74,47.75,0.4
[2026-05-08 01:35:07.191] ,441,26.19,32.42,100560.73,283892.44,5.54,5.85,5.85,5.85,38.84,44.02,44.18,44.19,44.19,0.39
[2026-05-08 01:35:12.210] ,442,26.2,32.44,100560.91,285077.94,5.16,5.45,5.45,5.45,36.18,41.01,41.15,41.16,41.17,0.39
[2026-05-08 01:35:17.215] ,440,26.16,32.49,100561.45,285316.25,4.76,5.04,5.04,5.04,33.42,37.88,38.01,38.02,38.02,0.39
[2026-05-08 01:35:22.232] ,440,26.17,32.53,100562.05,282015.97,4.64,4.9,4.9,4.9,32.53,36.88,37.01,37.02,37.02,0.39
[2026-05-08 01:35:27.251] ,438,26.21,32.55,100560.8,281550.72,4.73,5,5,5,33.17,37.6,37.73,37.74,37.74,0.39
[2026-05-08 01:35:32.267] ,436,26.22,32.54,100561.58,281550.72,4.92,5.2,5.2,5.2,34.53,39.14,39.28,39.29,39.29,0.39
[2026-05-08 01:35:37.277] ,437,26.2,32.52,100561.19,282951.09,5.2,5.5,5.5,5.5,36.51,41.39,41.53,41.54,41.54,0.4
[2026-05-08 01:35:42.293] ,436,26.22,32.53,100561.7,281318.69,5.43,5.74,5.74,5.74,38.08,43.16,43.32,43.32,43.33,0.4
[2026-05-08 01:35:47.311] ,437,26.2,32.54,100561.58,281318.69,5.53,5.85,5.85,5.85,38.81,44,44.15,44.16,44.17,0.4
[2026-05-08 01:35:52.321] ,437,26.23,32.53,100561.25,282015.97,5.75,6.08,6.08,6.08,40.34,45.72,45.89,45.9,45.9,0.4
[2026-05-08 01:35:57.341] ,437,26.25,32.51,100560.3,283185.84,5.97,6.31,6.31,6.31,41.88,47.47,47.64,47.65,47.66,0.4
[2026-05-08 01:36:02.355] ,439,26.2,32.49,100559.76,285316.25,5.92,6.26,6.26,6.26,41.53,47.07,47.24,47.25,47.25,0.4
[2026-05-08 01:36:07.365] ,438,26.2,32.51,100561.34,284365.47,6.04,6.39,6.39,6.39,42.4,48.07,48.24,48.25,48.25,0.4
[2026-05-08 01:36:12.378] ,439,26.24,32.52,100560.19,281087.03,6.04,6.38,6.38,6.38,42.35,48,48.17,48.18,48.18,0.39
[2026-05-08 01:36:17.393] ,438,26.23,32.49,100560.82,282249.19,6.12,6.47,6.47,6.47,42.94,48.67,48.84,48.85,48.86,0.39
[2026-05-08 01:36:22.411] ,438,26.2,32.49,100560.36,283185.84,6.17,6.52,6.52,6.52,43.28,49.05,49.23,49.24,49.24,0.4
[2026-05-08 01:36:27.423] ,439,26.23,32.52,100559.57,282716.72,6.28,6.64,6.64,6.64,44.07,49.96,50.13,50.14,50.15,0.4
[2026-05-08 01:36:32.442] ,438,26.23,32.52,100561.49,282716.72,6.26,6.62,6.62,6.62,43.94,49.8,49.98,49.99,50,0.41
[2026-05-08 01:36:37.452] ,439,26.19,32.53,100559.65,283892.44,6.21,6.57,6.57,6.57,43.59,49.4,49.58,49.59,49.6,0.41
[2026-05-08 01:36:42.469] ,438,26.22,32.55,100559.9,281550.72,6.14,6.49,6.49,6.49,43.06,48.81,48.98,48.99,48.99,0.41
[2026-05-08 01:36:47.480] ,437,26.21,32.54,100559.66,284602.56,6.22,6.57,6.57,6.57,43.61,49.43,49.61,49.62,49.63,0.41
[2026-05-08 01:36:52.491] ,437,26.18,32.53,100559.74,285077.94,6.17,6.52,6.52,6.52,43.27,49.05,49.22,49.23,49.24,0.4
[2026-05-08 01:36:57.505] ,435,26.2,32.56,100558.99,283656.5,5.82,6.16,6.16,6.16,40.84,46.29,46.45,46.46,46.47,0.4
[2026-05-08 01:37:02.521] ,433,26.25,32.54,100559.91,283656.5,5.89,6.23,6.23,6.23,41.31,46.82,46.99,47,47,0.4
[2026-05-08 01:37:07.532] ,432,26.28,32.52,100559.61,280855.72,6.03,6.38,6.38,6.38,42.31,47.96,48.13,48.14,48.15,0.4
[2026-05-08 01:37:12.551] ,434,26.26,32.49,100559.43,281318.69,6.06,6.4,6.4,6.4,42.49,48.17,48.34,48.35,48.35,0.39
[2026-05-08 01:37:17.557] ,434,26.24,32.52,100559.27,282249.19,6.04,6.39,6.39,6.39,42.39,48.05,48.22,48.23,48.23,0.39
[2026-05-08 01:37:22.581] ,433,26.22,32.52,100559.83,282716.72,5.91,6.25,6.25,6.25,41.49,47.03,47.2,47.2,47.21,0.39
[2026-05-08 01:37:27.591] ,436,26.17,32.49,100558.18,283185.84,6.32,6.69,6.69,6.69,44.37,50.3,50.48,50.49,50.49,0.39
[2026-05-08 01:37:32.602] ,437,26.15,32.54,100559.8,283185.84,6.45,6.82,6.82,6.82,45.28,51.32,51.51,51.52,51.52,0.39
[2026-05-08 01:37:37.621] ,438,26.19,32.56,100559.23,282249.19,6.12,6.47,6.47,6.47,42.94,48.67,48.85,48.86,48.86,0.39
[2026-05-08 01:37:42.630] ,437,26.18,32.58,100558.7,282249.19,5.83,6.16,6.16,6.16,40.89,46.35,46.51,46.52,46.52,0.39
[2026-05-08 01:37:47.641] ,438,26.18,32.59,100559.36,280164.16,5.49,5.8,5.8,5.8,38.49,43.63,43.78,43.79,43.8,0.39
[2026-05-08 01:37:52.661] ,437,26.16,32.58,100558.1,284128.75,5.37,5.68,5.68,5.68,37.69,42.72,42.87,42.88,42.89,0.39
[2026-05-08 01:37:57.671] ,438,26.13,32.58,100558.45,284840.06,5.44,5.75,5.75,5.75,38.15,43.25,43.4,43.41,43.42,0.39
[2026-05-08 01:38:02.684] ,437,26.14,32.58,100557.73,282951.09,5.41,5.72,5.72,5.72,37.97,43.04,43.19,43.2,43.2,0.39
[2026-05-08 01:38:07.701] ,438,26.12,32.57,100558.7,284840.06,5.61,5.93,5.93,5.93,39.36,44.61,44.77,44.78,44.79,0.39
[2026-05-08 01:38:12.711] ,439,26.13,32.59,100558.02,285554.94,5.71,6.04,6.04,6.04,40.05,45.4,45.56,45.57,45.58,0.39
[2026-05-08 01:38:17.731] ,438,26.16,32.59,100556.12,283892.44,5.88,6.22,6.22,6.22,41.27,46.78,46.94,46.95,46.96,0.39
[2026-05-08 01:38:22.741] ,439,26.18,32.59,100557.8,284365.47,6.08,6.43,6.43,6.43,42.67,48.36,48.53,48.54,48.55,0.4
[2026-05-08 01:38:27.758] ,436,26.15,32.59,100556.91,286513.72,6.08,6.43,6.43,6.43,42.65,48.34,48.51,48.52,48.53,0.4
[2026-05-08 01:38:32.771] ,437,26.12,32.58,100557.06,285316.25,6.05,6.4,6.4,6.4,42.44,48.11,48.28,48.29,48.29,0.4
[2026-05-08 01:38:37.781] ,435,26.13,32.63,100557.36,283185.84,6.02,6.36,6.36,6.36,42.21,47.84,48.01,48.02,48.03,0.39
[2026-05-08 01:38:42.800] ,435,26.12,32.66,100557.26,283420.97,6.15,6.5,6.5,6.5,43.14,48.9,49.08,49.09,49.09,0.39
[2026-05-08 01:38:47.814] ,436,26.15,32.66,100557.76,283656.5,6.02,6.37,6.37,6.37,42.26,47.9,48.07,48.08,48.09,0.4
[2026-05-08 01:38:52.831] ,436,26.17,32.64,100556.74,284840.06,5.83,6.16,6.16,6.16,40.88,46.34,46.5,46.51,46.51,0.4
[2026-05-08 01:38:57.841] ,436,26.16,32.63,100556.65,285316.25,5.78,6.11,6.11,6.11,40.54,45.95,46.12,46.13,46.13,0.39
[2026-05-08 01:39:02.861] ,434,26.21,32.61,100557.8,283656.5,5.77,6.1,6.1,6.1,40.48,45.89,46.05,46.06,46.06,0.4
[2026-05-08 01:39:07.866] ,435,26.22,32.56,100556.62,283656.5,5.87,6.21,6.21,6.21,41.17,46.67,46.83,46.84,46.85,0.39
[2026-05-08 01:39:12.882] ,434,26.2,32.55,100556.19,283892.44,6.13,6.48,6.48,6.48,42.99,48.73,48.9,48.91,48.92,0.4
[2026-05-08 01:39:17.894] ,433,26.24,32.53,100558.02,281550.72,6.34,6.7,6.7,6.7,44.48,50.42,50.6,50.61,50.62,0.39
[2026-05-08 01:39:22.911] ,433,26.28,32.5,100557.38,280855.72,6.54,6.91,6.91,6.91,45.86,51.98,52.16,52.17,52.18,0.39
[2026-05-08 01:39:27.922] ,432,26.31,32.47,100555.82,281550.72,6.48,6.85,6.85,6.85,45.44,51.5,51.69,51.7,51.7,0.39
[2026-05-08 01:39:32.941] ,434,26.37,32.42,100555.66,280164.16,6.33,6.7,6.7,6.7,44.44,50.37,50.55,50.56,50.57,0.39
[2026-05-08 01:39:37.954] ,434,26.39,32.37,100557.48,279705,6.28,6.64,6.64,6.64,44.04,49.92,50.09,50.11,50.11,0.39
[2026-05-08 01:39:42.961] ,435,26.37,32.34,100555.79,279934.38,6.33,6.69,6.69,6.69,44.38,50.3,50.48,50.49,50.5,0.39
[2026-05-08 01:39:47.981] ,434,26.35,32.33,100556.49,280164.16,6.39,6.76,6.76,6.76,44.86,50.85,51.03,51.04,51.04,0.39
[2026-05-08 01:39:52.991] ,435,26.3,32.34,100557.04,285077.94,6.54,6.92,6.92,6.92,45.91,52.04,52.22,52.23,52.24,0.4
[2026-05-08 01:39:58.001] ,433,26.26,32.35,100557.14,284365.47,6.68,7.07,7.07,7.07,46.89,53.15,53.33,53.35,53.35,0.4
[2026-05-08 01:40:03.021] ,435,26.22,32.38,100557.52,287964,6.74,7.13,7.13,7.13,47.28,53.59,53.78,53.79,53.8,0.4
[2026-05-08 01:40:08.032] ,433,26.24,32.41,100558.2,286273.41,6.62,7,7,7,46.47,52.68,52.86,52.87,52.88,0.4
[2026-05-08 01:40:13.041] ,432,26.21,32.44,100556.27,284128.75,6.56,6.94,6.94,6.94,46.03,52.17,52.36,52.37,52.38,0.41
[2026-05-08 01:40:18.058] ,432,26.17,32.48,100556.95,287721.28,6.2,6.56,6.56,6.56,43.52,49.33,49.5,49.51,49.52,0.4
[2026-05-08 01:40:23.071] ,431,26.17,32.56,100555.01,285316.25,6,6.35,6.35,6.35,42.13,47.75,47.92,47.93,47.93,0.4
[2026-05-08 01:40:28.085] ,432,26.2,32.58,100557.74,284840.06,6,6.34,6.34,6.34,42.06,47.68,47.85,47.86,47.86,0.4
[2026-05-08 01:40:33.094] ,431,26.21,32.59,100556.88,285077.94,5.99,6.34,6.34,6.34,42.06,47.67,47.84,47.85,47.85,0.4
[2026-05-08 01:40:38.112] ,432,26.25,32.57,100556.91,283420.97,6.05,6.4,6.4,6.4,42.46,48.13,48.3,48.31,48.32,0.4
[2026-05-08 01:40:43.121] ,431,26.22,32.52,100557.59,285794.03,5.93,6.28,6.28,6.28,41.63,47.19,47.36,47.37,47.38,0.41
[2026-05-08 01:40:48.142] ,429,26.21,32.52,100556.58,284128.75,5.9,6.23,6.23,6.23,41.37,46.89,47.06,47.07,47.07,0.41
[2026-05-08 01:40:53.154] ,429,26.19,32.54,100556.4,284840.06,5.76,6.09,6.09,6.09,40.41,45.8,45.96,45.97,45.98,0.41
[2026-05-08 01:40:58.160] ,430,26.17,32.55,100556.08,284602.56,5.83,6.17,6.17,6.17,40.91,46.37,46.53,46.54,46.55,0.41
[2026-05-08 01:41:03.180] ,430,26.17,32.59,100556.91,284840.06,5.93,6.27,6.27,6.27,41.58,47.13,47.3,47.31,47.31,0.41
[2026-05-08 01:41:08.191] ,429,26.15,32.59,100556.88,287237.03,6.08,6.42,6.42,6.42,42.63,48.32,48.49,48.5,48.5,0.41
[2026-05-08 01:41:13.201] ,428,26.14,32.61,100556.45,286033.53,6.35,6.71,6.71,6.71,44.52,50.47,50.65,50.66,50.66,0.41
[2026-05-08 01:41:18.211] ,428,26.18,32.63,100556.09,286754.41,6.5,6.87,6.87,6.87,45.61,51.7,51.88,51.89,51.9,0.42
[2026-05-08 01:41:23.231] ,430,26.15,32.62,100556.51,286754.41,6.8,7.19,7.19,7.19,47.7,54.07,54.26,54.27,54.28,0.42
[2026-05-08 01:41:28.242] ,431,26.14,32.64,100555.7,288450.72,6.83,7.22,7.22,7.22,47.93,54.32,54.52,54.53,54.53,0.43
[2026-05-08 01:41:33.252] ,432,26.14,32.66,100555.37,287478.94,6.9,7.3,7.3,7.3,48.41,54.87,55.07,55.08,55.08,0.43
[2026-05-08 01:41:38.271] ,431,26.15,32.68,100556.33,284840.06,6.81,7.21,7.21,7.21,47.8,54.19,54.38,54.39,54.4,0.43
[2026-05-08 01:41:43.280] ,432,26.16,32.67,100555.53,284365.47,6.72,7.1,7.1,7.1,47.13,53.43,53.62,53.63,53.63,0.43
[2026-05-08 01:41:48.294] ,432,26.22,32.66,100556.08,283420.97,6.34,6.71,6.71,6.71,44.51,50.46,50.63,50.65,50.65,0.43
[2026-05-08 01:41:53.303] ,433,26.22,32.65,100557.08,286273.41,6.03,6.38,6.38,6.38,42.32,47.97,48.14,48.15,48.15,0.43
[2026-05-08 01:41:58.321] ,432,26.21,32.64,100555.34,286273.41,6,6.35,6.35,6.35,42.1,47.72,47.89,47.9,47.91,0.43
[2026-05-08 01:42:03.336] ,431,26.22,32.62,100555.31,284602.56,6.36,6.73,6.73,6.73,44.64,50.61,50.79,50.8,50.8,0.43
[2026-05-08 01:42:08.341] ,430,26.18,32.64,100555.65,282716.72,6.57,6.95,6.95,6.95,46.09,52.25,52.43,52.44,52.45,0.42
[2026-05-08 01:42:13.363] ,430,26.18,32.66,100555.6,283656.5,6.41,6.78,6.78,6.78,45,51.01,51.19,51.2,51.21,0.42
[2026-05-08 01:42:18.378] ,431,26.18,32.65,100555.38,282015.97,6.37,6.73,6.73,6.73,44.68,50.64,50.82,50.83,50.84,0.41
[2026-05-08 01:42:23.392] ,430,26.2,32.62,100555.77,281087.03,6.4,6.77,6.77,6.77,44.91,50.9,51.08,51.09,51.1,0.41
[2026-05-08 01:42:28.399] ,429,26.22,32.6,100556.27,282015.97,6.35,6.72,6.72,6.72,44.58,50.53,50.71,50.72,50.72,0.41
[2026-05-08 01:42:33.410] ,429,26.24,32.59,100556.33,280394.31,6.59,6.97,6.97,6.97,46.24,52.41,52.6,52.61,52.62,0.41
[2026-05-08 01:42:38.433] ,428,26.26,32.57,100556.65,281318.69,6.85,7.24,7.24,7.24,48.05,54.46,54.66,54.67,54.67,0.41
[2026-05-08 01:42:43.439] ,428,26.25,32.53,100556.48,281087.03,6.94,7.34,7.34,7.34,48.69,55.2,55.39,55.4,55.41,0.41
[2026-05-08 01:42:48.460] ,427,26.27,32.49,100556.72,281318.69,6.69,7.08,7.08,7.08,46.96,53.23,53.42,53.43,53.43,0.41
[2026-05-08 01:42:53.467] ,429,26.26,32.49,100556.35,279705,6.58,6.96,6.96,6.96,46.15,52.31,52.5,52.51,52.52,0.41
[2026-05-08 01:42:58.480] ,430,26.29,32.5,100556.03,283185.84,6.4,6.77,6.77,6.77,44.88,50.88,51.06,51.07,51.07,0.41
[2026-05-08 01:43:03.499] ,430,26.28,32.5,100555.65,282716.72,6.13,6.48,6.48,6.48,42.99,48.73,48.91,48.92,48.92,0.41
[2026-05-08 01:43:08.511] ,427,26.29,32.52,100555.41,282951.09,6.06,6.41,6.41,6.41,42.55,48.23,48.4,48.41,48.41,0.41
[2026-05-08 01:43:13.521] ,425,26.26,32.49,100555.88,285077.94,6.14,6.49,6.49,6.49,43.05,48.8,48.98,48.99,48.99,0.41
[2026-05-08 01:43:18.542] ,426,26.23,32.5,100556.82,283656.5,6.24,6.59,6.59,6.59,43.75,49.59,49.77,49.78,49.79,0.41
[2026-05-08 01:43:23.551] ,425,26.2,32.51,100556.54,285794.03,6.16,6.51,6.51,6.51,43.22,48.99,49.16,49.17,49.18,0.41
[2026-05-08 01:43:28.561] ,424,26.19,32.53,100556.09,286513.72,6.05,6.4,6.4,6.4,42.43,48.09,48.27,48.28,48.28,0.4
[2026-05-08 01:43:33.580] ,425,26.17,32.57,100555.55,284840.06,6.12,6.47,6.47,6.47,42.92,48.65,48.83,48.84,48.84,0.4
[2026-05-08 01:43:38.591] ,426,26.14,32.62,100555.33,284365.47,6.03,6.37,6.37,6.37,42.28,47.93,48.1,48.11,48.11,0.39
[2026-05-08 01:43:43.602] ,425,26.08,32.65,100555.89,288450.72,6.16,6.51,6.51,6.51,43.21,48.98,49.16,49.17,49.17,0.4
[2026-05-08 01:43:48.616] ,428,26.02,32.7,100555.67,288694.66,6.11,6.46,6.46,6.46,42.89,48.62,48.79,48.8,48.81,0.4
[2026-05-08 01:43:53.631] ,427,26.01,32.73,100555.41,289183.84,5.99,6.34,6.34,6.34,42.05,47.66,47.83,47.84,47.84,0.4
[2026-05-08 01:43:58.644] ,426,26.02,32.75,100556.22,288450.72,5.95,6.29,6.29,6.29,41.75,47.32,47.49,47.5,47.51,0.41
[2026-05-08 01:44:03.661] ,427,26.02,32.77,100554.21,289674.69,6.16,6.51,6.51,6.51,43.21,48.98,49.16,49.17,49.17,0.4
[2026-05-08 01:44:08.671] ,428,26.06,32.77,100554.77,289183.84,6.19,6.54,6.54,6.54,43.4,49.19,49.36,49.37,49.38,0.4
[2026-05-08 01:44:13.682] ,429,26.09,32.75,100555.73,286273.41,6.13,6.48,6.48,6.48,42.98,48.72,48.89,48.9,48.91,0.4
[2026-05-08 01:44:18.699] ,427,26.06,32.75,100555.67,287478.94,6.03,6.38,6.38,6.38,42.3,47.94,48.11,48.12,48.13,0.4
[2026-05-08 01:44:23.711] ,427,26.07,32.77,100555.76,287478.94,6.14,6.5,6.5,6.5,43.11,48.87,49.04,49.05,49.05,0.4
[2026-05-08 01:44:28.732] ,428,26.06,32.78,100556.87,287478.94,6.22,6.58,6.58,6.58,43.64,49.47,49.64,49.65,49.66,0.4
[2026-05-08 01:44:33.741] ,426,26.04,32.8,100556.05,288450.72,6.39,6.76,6.76,6.76,44.82,50.81,50.99,51,51.01,0.4
[2026-05-08 01:44:38.751] ,426,26.04,32.81,100555.49,287964,6.21,6.57,6.57,6.57,43.59,49.41,49.59,49.6,49.6,0.4
[2026-05-08 01:44:43.761] ,427,26.1,32.82,100554.87,286033.53,6.04,6.39,6.39,6.39,42.37,48.03,48.2,48.21,48.21,0.41
[2026-05-08 01:44:48.775] ,425,26.13,32.81,100555.71,285794.03,6.33,6.7,6.7,6.7,44.44,50.37,50.55,50.56,50.56,0.4
[2026-05-08 01:44:53.789] ,426,26.14,32.77,100555.11,285554.94,6.18,6.53,6.53,6.53,43.34,49.13,49.3,49.31,49.32,0.4
[2026-05-08 01:44:58.808] ,425,26.13,32.74,100554.79,286513.72,6.22,6.58,6.58,6.58,43.64,49.47,49.64,49.65,49.66,0.4
[2026-05-08 01:45:03.822] ,424,26.11,32.71,100554.2,287478.94,6.3,6.67,6.67,6.67,44.22,50.12,50.3,50.31,50.32,0.4
[2026-05-08 01:45:08.832] ,426,26.07,32.72,100554.36,286754.41,6.27,6.63,6.63,6.63,43.98,49.85,50.03,50.04,50.04,0.4
[2026-05-08 01:45:13.839] ,425,26.03,32.76,100555.27,287478.94,5.94,6.28,6.28,6.28,41.68,47.24,47.41,47.42,47.42,0.4
[2026-05-08 01:45:18.861] ,427,26.03,32.81,100556.12,291157.25,5.74,6.07,6.07,6.07,40.24,45.62,45.78,45.79,45.79,0.39
[2026-05-08 01:45:23.871] ,428,26.03,32.87,100553.92,287237.03,5.91,6.25,6.25,6.25,41.44,46.98,47.14,47.15,47.16,0.4
[2026-05-08 01:45:28.879] ,427,26.07,32.89,100556.09,285316.25,5.85,6.19,6.19,6.19,41.04,46.52,46.69,46.7,46.7,0.4
[2026-05-08 01:45:33.891] ,426,26.05,32.88,100554.62,289429.06,5.95,6.29,6.29,6.29,41.74,47.31,47.48,47.49,47.49,0.4
[2026-05-08 01:45:38.911] ,425,26.06,32.89,100553.83,287964,6.03,6.37,6.37,6.37,42.27,47.92,48.09,48.1,48.1,0.4
[2026-05-08 01:45:43.923] ,426,26.06,32.88,100555.88,288207.16,5.96,6.3,6.3,6.3,41.82,47.4,47.57,47.58,47.58,0.4
[2026-05-08 01:45:48.939] ,426,26.03,32.87,100554.3,286754.41,5.77,6.1,6.1,6.1,40.49,45.89,46.06,46.07,46.07,0.4
[2026-05-08 01:45:53.951] ,427,26.03,32.85,100554.62,287964,5.85,6.18,6.18,6.18,41.01,46.49,46.65,46.66,46.67,0.39
[2026-05-08 01:45:58.965] ,426,26.07,32.85,100555.05,284840.06,6.36,6.73,6.73,6.73,44.65,50.62,50.8,50.81,50.81,0.39
[2026-05-08 01:46:03.971] ,426,26.11,32.82,100555.29,285554.94,6.67,7.05,7.05,7.05,46.77,53.01,53.2,53.21,53.22,0.4
[2026-05-08 01:46:08.991] ,425,26.11,32.77,100554.27,284602.56,6.68,7.06,7.06,7.06,46.86,53.11,53.3,53.31,53.32,0.4
[2026-05-08 01:46:14.003] ,422,26.11,32.77,100555.22,286033.53,6.55,6.93,6.93,6.93,45.97,52.11,52.29,52.31,52.31,0.4
[2026-05-08 01:46:19.019] ,422,26.12,32.78,100554.19,284365.47,6.79,7.18,7.18,7.18,47.65,54.01,54.2,54.21,54.22,0.41
[2026-05-08 01:46:24.026] ,422,26.11,32.77,100554.24,287721.28,6.79,7.18,7.18,7.18,47.62,53.98,54.17,54.18,54.19,0.41
[2026-05-08 01:46:29.046] ,424,26.11,32.77,100554.3,289429.06,6.6,6.98,6.98,6.98,46.3,52.48,52.67,52.68,52.68,0.4
[2026-05-08 01:46:34.057] ,422,26.09,32.78,100554.63,290167.19,6.26,6.62,6.62,6.62,43.92,49.79,49.96,49.97,49.98,0.4
[2026-05-08 01:46:39.072] ,420,26.13,32.78,100554.01,287237.03,6.05,6.39,6.39,6.39,42.42,48.08,48.25,48.26,48.27,0.41
[2026-05-08 01:46:44.082] ,420,26.16,32.74,100553.77,287478.94,5.79,6.13,6.13,6.13,40.65,46.08,46.24,46.25,46.26,0.4
[2026-05-08 01:46:49.101] ,421,26.14,32.74,100554.16,286273.41,5.89,6.23,6.23,6.23,41.35,46.87,47.04,47.05,47.05,0.4
[2026-05-08 01:46:54.108] ,421,26.13,32.77,100554.65,288207.16,6.32,6.68,6.68,6.68,44.31,50.23,50.41,50.42,50.42,0.41
[2026-05-08 01:46:59.122] ,422,26.16,32.77,100554.15,288207.16,6.51,6.89,6.89,6.89,45.68,51.78,51.96,51.97,51.98,0.41
[2026-05-08 01:47:04.138] ,421,26.19,32.75,100555.13,285077.94,6.35,6.72,6.72,6.72,44.57,50.53,50.71,50.72,50.72,0.41
[2026-05-08 01:47:09.151] ,421,26.2,32.72,100554.76,281318.69,6.04,6.39,6.39,6.39,42.41,48.07,48.24,48.25,48.26,0.4
[2026-05-08 01:47:14.161] ,422,26.25,32.7,100554.76,280624.84,6.01,6.36,6.36,6.36,42.16,47.79,47.96,47.97,47.98,0.41
[2026-05-08 01:47:19.177] ,421,26.27,32.66,100554.41,279705,6.26,6.62,6.62,6.62,43.93,49.79,49.97,49.98,49.99,0.4
[2026-05-08 01:47:24.191] ,420,26.28,32.58,100554.2,276085.19,6.28,6.64,6.64,6.64,44.07,49.95,50.13,50.14,50.15,0.4
[2026-05-08 01:47:29.201] ,420,26.26,32.55,100554.73,270184.69,6.35,6.71,6.71,6.71,44.52,50.47,50.65,50.66,50.66,0.4
[2026-05-08 01:47:34.221] ,420,26.23,32.55,100553.94,271042.88,6.75,7.14,7.14,7.14,47.36,53.68,53.87,53.88,53.89,0.4
[2026-05-08 01:47:39.227] ,423,26.23,32.61,100553.71,270827.81,6.74,7.13,7.13,7.13,47.3,53.62,53.81,53.82,53.83,0.4
[2026-05-08 01:47:44.241] ,422,26.27,32.62,100552.85,272340.44,6.41,6.78,6.78,6.78,44.98,50.99,51.17,51.18,51.18,0.39
[2026-05-08 01:47:49.258] ,424,26.29,32.6,100553.91,277883.31,6.52,6.9,6.9,6.9,45.75,51.86,52.05,52.06,52.06,0.39
[2026-05-08 01:47:54.271] ,422,26.33,32.55,100554,277657.28,6.54,6.91,6.91,6.91,45.85,51.97,52.16,52.17,52.17,0.39
[2026-05-08 01:47:59.277] ,424,26.31,32.52,100553.5,276532.53,6.49,6.87,6.87,6.87,45.56,51.64,51.83,51.84,51.84,0.39
[2026-05-08 01:48:04.291] ,424,26.32,32.52,100554.34,276085.19,6.62,7,7,7,46.46,52.66,52.85,52.86,52.86,0.4
[2026-05-08 01:48:09.310] ,423,26.27,32.48,100553.27,277657.28,6.56,6.94,6.94,6.94,46.03,52.18,52.37,52.38,52.38,0.4
[2026-05-08 01:48:14.323] ,425,26.26,32.51,100553.84,276532.53,6.55,6.93,6.93,6.93,45.96,52.1,52.28,52.3,52.3,0.4
[2026-05-08 01:48:19.331] ,427,26.22,32.54,100552.67,276756.75,6.42,6.79,6.79,6.79,45.02,51.03,51.21,51.22,51.22,0.4
[2026-05-08 01:48:24.345] ,426,26.19,32.58,100553.05,276085.19,6.66,7.04,7.04,7.04,46.72,52.96,53.15,53.16,53.16,0.4
[2026-05-08 01:48:29.357] ,423,26.2,32.6,100553.7,275194.84,6.63,7.01,7.01,7.01,46.49,52.7,52.89,52.9,52.91,0.41
[2026-05-08 01:48:34.372] ,424,26.18,32.64,100552.52,276756.75,6.41,6.78,6.78,6.78,44.99,51,51.18,51.19,51.2,0.41
[2026-05-08 01:48:39.386] ,425,26.2,32.66,100552.97,275639.31,6,6.34,6.34,6.34,42.08,47.7,47.87,47.88,47.88,0.41
[2026-05-08 01:48:44.401] ,424,26.17,32.67,100553.41,277883.31,5.92,6.26,6.26,6.26,41.56,47.11,47.28,47.29,47.29,0.41
[2026-05-08 01:48:49.411] ,426,26.21,32.71,100553.22,277657.28,5.92,6.26,6.26,6.26,41.52,47.06,47.23,47.24,47.24,0.4
[2026-05-08 01:48:54.431] ,426,26.18,32.68,100553.12,278791.19,5.86,6.2,6.2,6.2,41.13,46.62,46.79,46.8,46.8,0.4
[2026-05-08 01:48:59.442] ,430,26.12,32.65,100552.24,283892.44,5.61,5.93,5.93,5.93,39.33,44.58,44.74,44.75,44.76,0.41
[2026-05-08 01:49:04.454] ,428,26.09,32.66,100552.69,281550.72,5.39,5.7,5.7,5.7,37.82,42.87,43.03,43.04,43.04,0.41
[2026-05-08 01:49:09.465] ,429,26.11,32.72,100551.97,280164.16,5.36,5.67,5.67,5.67,37.59,42.61,42.76,42.77,42.78,0.41
[2026-05-08 01:49:14.478] ,430,26.14,32.72,100552.23,279247.34,5.4,5.71,5.71,5.71,37.86,42.91,43.07,43.08,43.08,0.41
[2026-05-08 01:49:19.500] ,431,26.21,32.72,100552.59,277883.31,5.36,5.67,5.67,5.67,37.6,42.62,42.78,42.78,42.79,0.42
[2026-05-08 01:49:24.516] ,428,26.21,32.68,100552.98,279247.34,5.75,6.08,6.08,6.08,40.33,45.72,45.88,45.89,45.89,0.42
[2026-05-08 01:49:29.525] ,426,26.2,32.66,100552.48,279475.97,6.13,6.48,6.48,6.48,43.02,48.77,48.94,48.95,48.96,0.42
[2026-05-08 01:49:34.540] ,427,26.19,32.66,100552.58,279705,6.41,6.78,6.78,6.78,44.97,50.97,51.15,51.16,51.17,0.43
[2026-05-08 01:49:39.551] ,426,26.19,32.67,100552.82,277206.28,6.56,6.94,6.94,6.94,46.02,52.17,52.35,52.36,52.37,0.42
[2026-05-08 01:49:44.571] ,428,26.19,32.67,100552.96,280624.84,6.47,6.84,6.84,6.84,45.39,51.44,51.63,51.64,51.64,0.42
[2026-05-08 01:49:49.578] ,429,26.18,32.68,100552.39,280624.84,6.32,6.68,6.68,6.68,44.34,50.26,50.43,50.44,50.45,0.42
[2026-05-08 01:49:54.591] ,431,26.2,32.69,100552.57,278109.72,6.27,6.63,6.63,6.63,43.96,49.83,50,50.01,50.02,0.42
[2026-05-08 01:49:59.615] ,432,26.15,32.7,100551.19,283420.97,6.19,6.55,6.55,6.55,43.44,49.24,49.42,49.43,49.43,0.41
[2026-05-08 01:50:04.623] ,429,26.14,32.71,100551.66,280394.31,6.1,6.45,6.45,6.45,42.8,48.51,48.68,48.69,48.7,0.42
[2026-05-08 01:50:09.642] ,429,26.15,32.72,100551.61,281550.72,6.08,6.43,6.43,6.43,42.65,48.35,48.52,48.53,48.54,0.42
[2026-05-08 01:50:14.650] ,430,26.11,32.71,100550.95,282951.09,5.79,6.12,6.12,6.12,40.6,46.02,46.18,46.19,46.2,0.42
[2026-05-08 01:50:19.661] ,432,26.11,32.75,100551.66,280855.72,5.59,5.91,5.91,5.91,39.2,44.44,44.59,44.6,44.61,0.42
[2026-05-08 01:50:24.682] ,433,26.11,32.79,100551.89,282015.97,5.66,5.98,5.98,5.98,39.69,44.99,45.15,45.16,45.17,0.42
[2026-05-08 01:50:29.693] ,434,26.1,32.81,100551.79,281087.03,5.64,5.96,5.96,5.96,39.57,44.85,45.01,45.02,45.02,0.41
[2026-05-08 01:50:34.701] ,434,26.1,32.82,100550.55,282015.97,5.63,5.95,5.95,5.95,39.48,44.75,44.91,44.92,44.93,0.41
[2026-05-08 01:50:39.722] ,433,26.13,32.83,100552.59,280394.31,5.56,5.88,5.88,5.88,38.99,44.2,44.35,44.36,44.37,0.41
[2026-05-08 01:50:44.738] ,432,26.19,32.81,100552.09,278791.19,5.66,5.99,5.99,5.99,39.74,45.05,45.21,45.22,45.22,0.41
[2026-05-08 01:50:49.751] ,433,26.22,32.76,100551.58,279705,5.64,5.97,5.97,5.97,39.6,44.89,45.05,45.06,45.06,0.41
[2026-05-08 01:50:54.766] ,432,26.24,32.75,100553.05,279475.97,5.53,5.85,5.85,5.85,38.81,43.99,44.15,44.16,44.16,0.4
[2026-05-08 01:50:59.773] ,431,26.25,32.7,100552.67,278563.66,5.43,5.74,5.74,5.74,38.11,43.2,43.35,43.36,43.37,0.4
[2026-05-08 01:51:04.793] ,432,26.27,32.64,100552.17,279934.38,5.54,5.86,5.86,5.86,38.85,44.04,44.19,44.2,44.21,0.4
[2026-05-08 01:51:09.801] ,431,26.29,32.62,100552.45,279019.06,5.49,5.81,5.81,5.81,38.54,43.68,43.84,43.85,43.85,0.4
[2026-05-08 01:51:14.815] ,430,26.28,32.6,100552.75,277883.31,5.28,5.59,5.59,5.59,37.06,42,42.15,42.16,42.17,0.41
[2026-05-08 01:51:19.832] ,430,26.31,32.58,100551.61,279019.06,5.39,5.7,5.7,5.7,37.79,42.83,42.99,42.99,43,0.41
[2026-05-08 01:51:24.841] ,431,26.34,32.58,100552.99,276756.75,5.47,5.78,5.78,5.78,38.38,43.5,43.66,43.67,43.67,0.41
[2026-05-08 01:51:29.861] ,433,26.36,32.54,100552.74,252590.03,5.44,5.75,5.75,5.75,38.14,43.23,43.39,43.39,43.4,0.41
[2026-05-08 01:51:34.871] ,430,26.37,32.53,100551.88,264121.75,5.55,5.87,5.87,5.87,38.96,44.16,44.32,44.33,44.33,0.41
[2026-05-08 01:51:39.891] ,430,26.38,32.49,100552.28,264531.12,5.81,6.15,6.15,6.15,40.79,46.24,46.4,46.41,46.42,0.41
[2026-05-08 01:51:44.900] ,429,26.34,32.47,100552.55,262698.81,6.31,6.67,6.67,6.67,44.25,50.16,50.34,50.35,50.36,0.41
[2026-05-08 01:51:49.912] ,431,26.32,32.47,100552.35,265560.16,6.38,6.75,6.75,6.75,44.78,50.75,50.94,50.95,50.95,0.42
[2026-05-08 01:51:54.935] ,430,26.33,32.5,100552.5,264531.12,6.36,6.73,6.73,6.73,44.64,50.6,50.78,50.79,50.8,0.42
[2026-05-08 01:51:59.942] ,429,26.33,32.51,100551.75,267432.75,6.02,6.36,6.36,6.36,42.21,47.85,48.02,48.03,48.03,0.41
[2026-05-08 01:52:04.961] ,429,26.29,32.53,100551.97,266181.44,5.66,5.98,5.98,5.98,39.71,45.01,45.17,45.18,45.18,0.41
[2026-05-08 01:52:09.972] ,428,26.23,32.54,100550.55,271258.28,5.58,5.91,5.91,5.91,39.18,44.41,44.57,44.58,44.59,0.41
[2026-05-08 01:52:14.992] ,427,26.23,32.59,100552.72,269544.62,5.35,5.66,5.66,5.66,37.52,42.53,42.68,42.69,42.7,0.41
[2026-05-08 01:52:20.002] ,425,26.21,32.62,100551.52,272123.31,5.49,5.81,5.81,5.81,38.53,43.68,43.84,43.84,43.85,0.42
[2026-05-08 01:52:25.018] ,426,26.18,32.68,100552.09,272993.88,6.1,6.45,6.45,6.45,42.77,48.48,48.65,48.66,48.66,0.42
[2026-05-08 01:52:30.031] ,424,26.15,32.71,100551.94,273650.47,6.14,6.5,6.5,6.5,43.09,48.85,49.02,49.03,49.03,0.42
[2026-05-08 01:52:35.041] ,424,26.16,32.75,100550.66,272775.72,5.95,6.3,6.3,6.3,41.77,47.35,47.52,47.53,47.53,0.42
[2026-05-08 01:52:40.060] ,424,26.13,32.75,100551.58,272340.44,5.95,6.29,6.29,6.29,41.73,47.3,47.47,47.48,47.49,0.42
[2026-05-08 01:52:45.070] ,425,26.14,32.79,100551.75,271906.53,6.04,6.38,6.38,6.38,42.36,48.01,48.18,48.19,48.2,0.42
[2026-05-08 01:52:50.090] ,423,26.12,32.8,100551.33,272557.91,5.74,6.07,6.07,6.07,40.25,45.63,45.79,45.8,45.81,0.43
[2026-05-08 01:52:55.102] ,425,26.13,32.81,100550.98,267014.34,5.67,5.99,5.99,5.99,39.77,45.08,45.24,45.25,45.25,0.43
[2026-05-08 01:53:00.115] ,429,26.09,32.83,100553.01,264121.75,5.49,5.81,5.81,5.81,38.52,43.67,43.82,43.83,43.84,0.43
[2026-05-08 01:53:05.131] ,429,26.08,32.84,100552.69,264121.75,5.63,5.95,5.95,5.95,39.47,44.74,44.9,44.91,44.91,0.42
[2026-05-08 01:53:10.141] ,429,26.08,32.86,100552.1,265353.72,6,6.35,6.35,6.35,42.11,47.74,47.91,47.92,47.92,0.42
[2026-05-08 01:53:15.156] ,431,26.1,32.85,100553.96,263917.53,6.29,6.65,6.65,6.65,44.1,49.99,50.17,50.18,50.18,0.42
[2026-05-08 01:53:20.173] ,429,26.1,32.85,100551.9,264736.31,6.35,6.71,6.71,6.71,44.53,50.47,50.65,50.66,50.67,0.41
[2026-05-08 01:53:25.191] ,430,26.08,32.84,100551.55,265974.03,6.23,6.59,6.59,6.59,43.73,49.57,49.74,49.75,49.76,0.42
[2026-05-08 01:53:30.201] ,429,26,32.85,100550.88,275194.84,6.29,6.65,6.65,6.65,44.13,50.02,50.2,50.21,50.21,0.42
[2026-05-08 01:53:35.221] ,431,26.06,32.89,100552.4,269119.59,6.17,6.53,6.53,6.53,43.3,49.08,49.25,49.26,49.27,0.42
[2026-05-08 01:53:40.231] ,433,26.03,32.87,100552.53,275416.91,5.91,6.25,6.25,6.25,41.49,47.04,47.2,47.21,47.22,0.42
[2026-05-08 01:53:45.241] ,432,26.01,32.88,100553.19,273212.38,5.49,5.81,5.81,5.81,38.54,43.69,43.85,43.86,43.86,0.42
[2026-05-08 01:53:50.260] ,432,26.06,32.88,100552.88,272557.91,5.33,5.64,5.64,5.64,37.4,42.39,42.54,42.55,42.56,0.41
[2026-05-08 01:53:55.273] ,431,26.07,32.87,100553.01,271258.28,5.37,5.68,5.68,5.68,37.67,42.7,42.85,42.86,42.86,0.41
[2026-05-08 01:54:00.292] ,430,26.06,32.85,100552.05,271042.88,5.55,5.86,5.86,5.86,38.91,44.1,44.26,44.27,44.27,0.41
[2026-05-08 01:54:05.299] ,429,26.1,32.83,100552.48,270398.72,5.86,6.19,6.19,6.19,41.08,46.57,46.74,46.75,46.75,0.41
[2026-05-08 01:54:10.316] ,428,26.13,32.83,100553.27,270827.81,6.14,6.49,6.49,6.49,43.08,48.83,49.01,49.02,49.02,0.41
[2026-05-08 01:54:15.321] ,426,26.13,32.78,100554,273650.47,6.2,6.56,6.56,6.56,43.53,49.34,49.52,49.53,49.53,0.41
[2026-05-08 01:54:20.342] ,429,26.14,32.76,100554.15,273212.38,6.13,6.48,6.48,6.48,42.99,48.73,48.91,48.92,48.92,0.41
[2026-05-08 01:54:25.352] ,427,26.08,32.73,100554.88,275639.31,6.21,6.56,6.56,6.56,43.55,49.36,49.54,49.55,49.55,0.41
[2026-05-08 01:54:30.371] ,427,26.06,32.74,100554.02,278336.5,6.31,6.67,6.67,6.67,44.28,50.2,50.37,50.39,50.39,0.41
[2026-05-08 01:54:35.384] ,426,26.06,32.76,100554.32,278336.5,6.53,6.9,6.9,6.9,45.79,51.91,52.09,52.1,52.11,0.41
[2026-05-08 01:54:40.396] ,424,26.1,32.8,100553.03,277431.59,6.7,7.09,7.09,7.09,47.03,53.31,53.5,53.52,53.52,0.41
[2026-05-08 01:54:45.402] ,423,26.13,32.78,100554.83,276981.34,6.65,7.03,7.03,7.03,46.65,52.88,53.07,53.08,53.09,0.4
[2026-05-08 01:54:50.418] ,422,26.14,32.77,100553.91,276308.69,6.41,6.78,6.78,6.78,44.97,50.97,51.15,51.16,51.17,0.4
[2026-05-08 01:54:55.431] ,424,26.18,32.74,100555.16,275194.84,6.23,6.59,6.59,6.59,43.72,49.56,49.74,49.75,49.75,0.4
[2026-05-08 01:55:00.450] ,423,26.22,32.7,100554.58,274751.81,6.11,6.47,6.47,6.47,42.9,48.63,48.8,48.81,48.82,0.4
[2026-05-08 01:55:05.461] ,423,26.19,32.66,100554.8,274530.84,6.13,6.48,6.48,6.48,42.99,48.73,48.9,48.91,48.91,0.4
[2026-05-08 01:55:10.470] ,425,26.22,32.65,100555.9,275862.06,6.18,6.53,6.53,6.53,43.34,49.13,49.3,49.31,49.32,0.39
[2026-05-08 01:55:15.492] ,424,26.24,32.62,100553.74,275416.91,6.31,6.67,6.67,6.67,44.27,50.18,50.36,50.37,50.37,0.39
[2026-05-08 01:55:20.502] ,426,26.26,32.6,100555.98,275862.06,6.48,6.86,6.86,6.86,45.49,51.56,51.75,51.76,51.76,0.39
[2026-05-08 01:55:25.516] ,428,26.25,32.56,100555.29,274751.81,6.58,6.96,6.96,6.96,46.17,52.34,52.52,52.53,52.54,0.39
[2026-05-08 01:55:30.531] ,428,26.22,32.55,100555.13,277206.28,6.7,7.08,7.08,7.08,47,53.28,53.47,53.48,53.48,0.39
[2026-05-08 01:55:35.541] ,426,26.17,32.58,100554.38,276532.53,6.7,7.08,7.08,7.08,47,53.27,53.46,53.47,53.48,0.39
[2026-05-08 01:55:40.562] ,427,26.12,32.59,100554.79,282482.75,6.47,6.85,6.85,6.85,45.43,51.49,51.67,51.68,51.69,0.39
[2026-05-08 01:55:45.568] ,427,26.12,32.64,100555.09,280394.31,6.29,6.65,6.65,6.65,44.15,50.04,50.22,50.23,50.23,0.39
[2026-05-08 01:55:50.581] ,427,26.11,32.66,100555.02,280624.84,5.91,6.25,6.25,6.25,41.45,46.99,47.15,47.16,47.17,0.39
[2026-05-08 01:55:55.598] ,427,26.07,32.68,100555.2,280855.72,5.96,6.31,6.31,6.31,41.85,47.44,47.61,47.62,47.62,0.39
[2026-05-08 01:56:00.611] ,427,26.08,32.72,100554.78,280624.84,6.12,6.47,6.47,6.47,42.94,48.67,48.84,48.85,48.86,0.39
[2026-05-08 01:56:05.621] ,428,26.05,32.75,100555.46,282951.09,6.27,6.63,6.63,6.63,44,49.87,50.05,50.06,50.06,0.4
[2026-05-08 01:56:10.639] ,426,26.06,32.8,100553.81,283420.97,6.18,6.53,6.53,6.53,43.35,49.14,49.32,49.33,49.33,0.4
[2026-05-08 01:56:15.653] ,424,26.06,32.8,100554.66,282951.09,6.27,6.63,6.63,6.63,43.99,49.87,50.04,50.05,50.06,0.4
[2026-05-08 01:56:20.671] ,423,26.11,32.82,100554.77,279247.34,6.16,6.51,6.51,6.51,43.19,48.95,49.13,49.14,49.14,0.41
[2026-05-08 01:56:25.682] ,423,26.14,32.78,100554.75,279019.06,6.31,6.67,6.67,6.67,44.28,50.19,50.37,50.38,50.38,0.41
[2026-05-08 01:56:30.697] ,425,26.19,32.73,100555.46,280164.16,6.37,6.74,6.74,6.74,44.69,50.66,50.84,50.85,50.85,0.41
[2026-05-08 01:56:35.701] ,425,26.18,32.69,100553.62,280164.16,6.36,6.72,6.72,6.72,44.6,50.56,50.74,50.75,50.75,0.41
[2026-05-08 01:56:40.714] ,425,26.17,32.67,100553.27,279934.38,6.14,6.49,6.49,6.49,43.07,48.82,49,49.01,49.01,0.41
[2026-05-08 01:56:45.736] ,426,26.21,32.67,100556.69,279019.06,5.95,6.3,6.3,6.3,41.77,47.34,47.51,47.52,47.53,0.41
[2026-05-08 01:56:50.744] ,426,26.19,32.65,100553.57,280164.16,5.89,6.22,6.22,6.22,41.3,46.81,46.98,46.99,46.99,0.41
[2026-05-08 01:56:55.761] ,426,26.21,32.61,100554.66,280394.31,5.85,6.19,6.19,6.19,41.04,46.52,46.68,46.69,46.7,0.41
[2026-05-08 01:57:00.770] ,429,26.23,32.6,100555.27,279247.34,6.08,6.43,6.43,6.43,42.63,48.32,48.49,48.5,48.51,0.41
[2026-05-08 01:57:05.781] ,429,26.26,32.57,100554.7,276981.34,6.2,6.56,6.56,6.56,43.51,49.32,49.49,49.5,49.51,0.41
[2026-05-08 01:57:10.797] ,427,26.3,32.54,100554.36,276981.34,6.07,6.42,6.42,6.42,42.57,48.26,48.43,48.44,48.44,0.41
[2026-05-08 01:57:15.818] ,427,26.33,32.5,100555.17,278336.5,6.04,6.38,6.38,6.38,42.34,48,48.17,48.18,48.18,0.4
[2026-05-08 01:57:20.827] ,428,26.35,32.47,100553.33,276756.75,6.17,6.52,6.52,6.52,43.26,49.04,49.21,49.22,49.22,0.4
[2026-05-08 01:57:25.841] ,430,26.35,32.43,100553.77,276085.19,6.16,6.51,6.51,6.51,43.22,48.99,49.17,49.18,49.18,0.4
[2026-05-08 01:57:30.859] ,429,26.35,32.44,100552.61,275416.91,6.07,6.42,6.42,6.42,42.57,48.25,48.43,48.44,48.44,0.39
[2026-05-08 01:57:35.866] ,428,26.31,32.43,100553.8,279247.34,5.82,6.15,6.15,6.15,40.81,46.26,46.42,46.43,46.44,0.39
[2026-05-08 01:57:40.880] ,427,26.34,32.45,100554.07,277883.31,5.8,6.14,6.14,6.14,40.71,46.15,46.31,46.32,46.33,0.39
[2026-05-08 01:57:45.892] ,428,26.3,32.47,100553.44,279475.97,6.1,6.45,6.45,6.45,42.8,48.52,48.69,48.7,48.7,0.39
[2026-05-08 01:57:50.911] ,428,26.31,32.48,100553.59,278109.72,6.41,6.78,6.78,6.78,44.99,51,51.18,51.19,51.2,0.39
[2026-05-08 01:57:55.922] ,431,26.31,32.5,100552.33,278563.66,6.44,6.81,6.81,6.81,45.18,51.21,51.4,51.41,51.41,0.39
[2026-05-08 01:58:00.931] ,429,26.31,32.5,100552.61,279019.06,6.29,6.65,6.65,6.65,44.1,49.99,50.17,50.18,50.19,0.39
[2026-05-08 01:58:05.952] ,428,26.27,32.49,100553.23,280394.31,6.13,6.48,6.48,6.48,43.02,48.77,48.94,48.95,48.96,0.39
[2026-05-08 01:58:10.962] ,428,26.24,32.52,100553.13,280164.16,6.31,6.68,6.68,6.68,44.3,50.21,50.39,50.4,50.41,0.4
[2026-05-08 01:58:15.981] ,429,26.28,32.56,100553.16,278336.5,6.7,7.08,7.08,7.08,46.97,53.24,53.43,53.44,53.45,0.4
[2026-05-08 01:58:20.992] ,429,26.28,32.54,100552.7,280855.72,6.8,7.19,7.19,7.19,47.68,54.05,54.24,54.25,54.25,0.4
[2026-05-08 01:58:26.002] ,430,26.32,32.56,100551.7,279475.97,6.49,6.87,6.87,6.87,45.55,51.63,51.82,51.83,51.83,0.4
[2026-05-08 01:58:31.023] ,426,26.24,32.51,100553.37,280624.84,6.39,6.76,6.76,6.76,44.86,50.84,51.03,51.04,51.04,0.4
[2026-05-08 01:58:36.029] ,426,26.19,32.51,100552.84,282716.72,6.39,6.76,6.76,6.76,44.83,50.82,51,51.01,51.02,0.4
[2026-05-08 01:58:41.041] ,424,26.17,32.54,100553.53,280394.31,6.28,6.65,6.65,6.65,44.09,49.98,50.15,50.17,50.17,0.4
[2026-05-08 01:58:46.062] ,424,26.16,32.59,100553.11,280855.72,6.28,6.64,6.64,6.64,44.03,49.9,50.08,50.09,50.1,0.39
[2026-05-08 01:58:51.073] ,424,26.12,32.62,100552.16,281087.03,6.41,6.78,6.78,6.78,44.99,51,51.18,51.19,51.2,0.4
[2026-05-08 01:58:56.091] ,422,26.1,32.66,100553.74,281318.69,6.53,6.9,6.9,6.9,45.8,51.92,52.1,52.11,52.12,0.39
[2026-05-08 01:59:01.100] ,421,26.14,32.68,100552.88,282015.97,6.54,6.91,6.91,6.91,45.86,51.98,52.16,52.17,52.18,0.4
[2026-05-08 01:59:06.111] ,422,26.18,32.68,100553.15,281087.03,6.88,7.27,7.27,7.27,48.24,54.68,54.88,54.89,54.89,0.4
[2026-05-08 01:59:11.128] ,424,26.15,32.64,100553.61,283185.84,7.19,7.6,7.6,7.6,50.45,57.18,57.39,57.4,57.41,0.4
[2026-05-08 01:59:16.141] ,424,26.14,32.65,100553.2,282951.09,7.25,7.66,7.66,7.66,50.84,57.63,57.83,57.84,57.85,0.4
[2026-05-08 01:59:21.145] ,425,26.16,32.67,100554.04,282716.72,7.05,7.45,7.45,7.45,49.46,56.06,56.26,56.27,56.28,0.4
[2026-05-08 01:59:26.165] ,424,26.19,32.65,100552.53,281783.16,6.86,7.25,7.25,7.25,48.12,54.54,54.74,54.75,54.75,0.4
[2026-05-08 01:59:31.173] ,424,26.18,32.63,100553.33,283420.97,6.59,6.96,6.96,6.96,46.2,52.37,52.56,52.57,52.58,0.41
[2026-05-08 01:59:36.194] ,424,26.15,32.64,100552.86,282951.09,6.36,6.73,6.73,6.73,44.65,50.61,50.79,50.8,50.8,0.42
[2026-05-08 01:59:41.207] ,422,26.15,32.65,100553.43,281550.72,6.38,6.74,6.74,6.74,44.73,50.7,50.88,50.89,50.9,0.42
[2026-05-08 01:59:46.211] ,421,26.17,32.66,100552.04,279705,6.36,6.73,6.73,6.73,44.64,50.6,50.78,50.79,50.79,0.42
[2026-05-08 01:59:51.232] ,422,26.14,32.66,100552.91,281087.03,6.54,6.91,6.91,6.91,45.87,52,52.18,52.19,52.2,0.42
[2026-05-08 01:59:56.242] ,422,26.14,32.7,100551.52,282951.09,6.58,6.95,6.95,6.95,46.14,52.3,52.49,52.5,52.5,0.41
[2026-05-08 02:00:01.253] ,420,26.13,32.72,100554.04,280624.84,6.7,7.09,7.09,7.09,47.01,53.28,53.47,53.48,53.49,0.41
[2026-05-08 02:00:06.272] ,421,26.11,32.73,100552.94,284365.47,6.62,7,7,7,46.41,52.61,52.8,52.81,52.81,0.41
[2026-05-08 02:00:11.283] ,420,26.09,32.74,100553.27,282716.72,6.46,6.83,6.83,6.83,45.29,51.34,51.52,51.53,51.54,0.41
[2026-05-08 02:00:16.302] ,421,26.1,32.78,100552.76,282951.09,6.38,6.74,6.74,6.74,44.75,50.72,50.91,50.92,50.92,0.4
[2026-05-08 02:00:21.315] ,423,26.13,32.81,100554.37,280624.84,6.43,6.8,6.8,6.8,45.1,51.12,51.3,51.31,51.32,0.4
[2026-05-08 02:00:26.329] ,424,26.16,32.78,100553.14,279705,6.47,6.84,6.84,6.84,45.38,51.43,51.62,51.63,51.63,0.41
[2026-05-08 02:00:31.342] ,424,26.18,32.74,100554.91,281783.16,6.23,6.59,6.59,6.59,43.71,49.55,49.72,49.73,49.74,0.41
[2026-05-08 02:00:36.353] ,426,26.17,32.74,100553.43,280855.72,6.03,6.38,6.38,6.38,42.3,47.95,48.12,48.13,48.13,0.41
[2026-05-08 02:00:41.371] ,427,26.19,32.73,100553.65,280624.84,6.11,6.46,6.46,6.46,42.87,48.6,48.77,48.78,48.78,0.41
[2026-05-08 02:00:46.381] ,426,26.18,32.71,100554.35,282951.09,6.19,6.54,6.54,6.54,43.42,49.22,49.39,49.4,49.41,0.41
[2026-05-08 02:00:51.391] ,425,26.12,32.73,100554.84,284365.47,6.37,6.73,6.73,6.73,44.68,50.64,50.82,50.83,50.84,0.42
[2026-05-08 02:00:56.411] ,426,26.13,32.77,100554.27,282249.19,6.41,6.77,6.77,6.77,44.94,50.94,51.13,51.14,51.14,0.42
[2026-05-08 02:01:01.425] ,424,26.14,32.78,100554.23,284365.47,6.83,7.22,7.22,7.22,47.89,54.28,54.47,54.48,54.49,0.42
[2026-05-08 02:01:06.441] ,425,26.12,32.78,100553.81,283420.97,7.06,7.46,7.46,7.46,49.51,56.12,56.32,56.34,56.34,0.42
[2026-05-08 02:01:11.450] ,426,26.12,32.8,100552.9,284365.47,7.17,7.58,7.58,7.58,50.27,56.98,57.19,57.2,57.2,0.42
[2026-05-08 02:01:16.465] ,424,26.13,32.79,100554.01,282015.97,7.12,7.53,7.53,7.53,49.97,56.64,56.84,56.85,56.86,0.42
[2026-05-08 02:01:21.478] ,424,26.11,32.79,100553.19,284128.75,7.07,7.48,7.48,7.48,49.62,56.25,56.45,56.46,56.46,0.41
[2026-05-08 02:01:26.489] ,424,26.09,32.8,100555.17,285794.03,6.87,7.27,7.27,7.27,48.22,54.66,54.85,54.87,54.87,0.41
[2026-05-08 02:01:31.510] ,423,26.07,32.82,100554.41,286033.53,6.64,7.02,7.02,7.02,46.59,52.81,52.99,53,53.01,0.4
[2026-05-08 02:01:36.518] ,421,26.04,32.86,100554.67,287478.94,6.4,6.77,6.77,6.77,44.91,50.91,51.09,51.1,51.11,0.4
[2026-05-08 02:01:41.533] ,423,26.01,32.89,100554.1,286513.72,6.28,6.64,6.64,6.64,44.05,49.93,50.11,50.12,50.13,0.4
[2026-05-08 02:01:46.546] ,422,25.99,32.91,100554.55,284365.47,6.27,6.63,6.63,6.63,43.99,49.86,50.04,50.05,50.06,0.4
[2026-05-08 02:01:51.561] ,422,25.99,32.93,100554.59,282951.09,6.28,6.64,6.64,6.64,44.03,49.91,50.09,50.1,50.1,0.4
[2026-05-08 02:01:56.579] ,422,25.96,32.94,100554.19,283656.5,6.07,6.42,6.42,6.42,42.56,48.24,48.42,48.43,48.43,0.4
[2026-05-08 02:02:01.592] ,423,25.98,32.95,100554.07,282482.75,5.88,6.22,6.22,6.22,41.26,46.77,46.93,46.94,46.95,0.4
[2026-05-08 02:02:06.608] ,425,26.01,32.95,100554.94,282951.09,5.9,6.24,6.24,6.24,41.4,46.93,47.09,47.1,47.11,0.4
[2026-05-08 02:02:11.613] ,423,25.98,32.96,100554.55,284128.75,6.1,6.45,6.45,6.45,42.81,48.53,48.7,48.71,48.72,0.39
[2026-05-08 02:02:16.632] ,425,26.01,32.97,100556.01,282015.97,6.6,6.98,6.98,6.98,46.32,52.5,52.69,52.7,52.7,0.39
[2026-05-08 02:02:21.641] ,425,26.03,32.94,100555.31,283420.97,6.72,7.11,7.11,7.11,47.14,53.43,53.62,53.64,53.64,0.39
[2026-05-08 02:02:26.652] ,425,26.05,32.93,100555.91,278791.19,6.64,7.02,7.02,7.02,46.57,52.78,52.97,52.98,52.99,0.39
[2026-05-08 02:02:31.665] ,425,26.02,32.92,100554.92,280855.72,6.6,6.98,6.98,6.98,46.33,52.52,52.7,52.71,52.72,0.4
[2026-05-08 02:02:36.679] ,424,26.01,32.9,100555.52,272557.91,6.57,6.95,6.95,6.95,46.09,52.24,52.42,52.44,52.44,0.4
[2026-05-08 02:02:41.698] ,425,26,32.91,100556.18,273431.25,6.78,7.17,7.17,7.17,47.55,53.89,54.09,54.1,54.1,0.4
[2026-05-08 02:02:46.711] ,426,26.03,32.91,100556.81,273212.38,6.88,7.28,7.28,7.28,48.3,54.75,54.95,54.96,54.96,0.4
[2026-05-08 02:02:51.721] ,426,26.04,32.88,100556.57,263713.62,6.79,7.18,7.18,7.18,47.65,54.02,54.21,54.22,54.23,0.4
[2026-05-08 02:02:56.731] ,425,26.02,32.92,100556.93,261091.28,6.42,6.79,6.79,6.79,45.02,51.03,51.21,51.22,51.22,0.4
[2026-05-08 02:03:01.748] ,423,26.08,32.9,100558.45,264941.78,6.09,6.44,6.44,6.44,42.74,48.45,48.62,48.63,48.63,0.4
[2026-05-08 02:03:06.767] ,424,26.07,32.84,100557.79,265560.16,6.08,6.43,6.43,6.43,42.69,48.39,48.56,48.57,48.57,0.39
[2026-05-08 02:03:11.771] ,424,26.05,32.85,100556.88,264736.31,6.04,6.39,6.39,6.39,42.37,48.03,48.2,48.21,48.22,0.39
[2026-05-08 02:03:16.791] ,427,26.05,32.87,100556.98,265560.16,6.04,6.39,6.39,6.39,42.38,48.04,48.21,48.22,48.22,0.39
[2026-05-08 02:03:21.799] ,427,26.1,32.86,100557.56,268484.53,5.96,6.3,6.3,6.3,41.8,47.38,47.55,47.56,47.57,0.39
[2026-05-08 02:03:26.819] ,429,26.14,32.82,100557.45,266389.19,6.09,6.44,6.44,6.44,42.74,48.45,48.62,48.63,48.63,0.39
[2026-05-08 02:03:31.832] ,430,26.18,32.77,100557.39,266389.19,6.17,6.52,6.52,6.52,43.27,49.05,49.22,49.23,49.24,0.38
[2026-05-08 02:03:36.851] ,430,26.21,32.72,100558.58,262496.78,6.06,6.41,6.41,6.41,42.54,48.22,48.39,48.4,48.41,0.38
[2026-05-08 02:03:41.862] ,429,26.17,32.67,100558.16,266597.25,6.01,6.36,6.36,6.36,42.19,47.83,48,48.01,48.01,0.37
[2026-05-08 02:03:46.871] ,429,26.15,32.7,100558.78,266181.44,6.13,6.48,6.48,6.48,42.99,48.73,48.9,48.91,48.92,0.38
[2026-05-08 02:03:51.884] ,430,26.16,32.71,100558.77,268273.5,6.13,6.49,6.49,6.49,43.03,48.78,48.95,48.96,48.97,0.38
[2026-05-08 02:03:56.902] ,429,26.14,32.72,100559.33,266181.44,6.13,6.48,6.48,6.48,42.98,48.72,48.89,48.9,48.91,0.38
[2026-05-08 02:04:01.911] ,428,26.12,32.71,100558.82,264941.78,6.13,6.48,6.48,6.48,42.99,48.73,48.9,48.91,48.91,0.38
[2026-05-08 02:04:06.927] ,428,26.08,32.74,100557.87,264736.31,6.71,7.09,7.09,7.09,47.04,53.33,53.52,53.53,53.53,0.38
[2026-05-08 02:04:11.942] ,429,26.03,32.8,100558.27,265560.16,7.05,7.45,7.45,7.45,49.43,56.03,56.23,56.24,56.25,0.38
[2026-05-08 02:04:16.951] ,427,26.01,32.85,100559.03,266181.44,7.04,7.45,7.45,7.45,49.4,56,56.19,56.21,56.21,0.38
[2026-05-08 02:04:21.961] ,428,26.03,32.88,100558.31,266597.25,7.04,7.44,7.44,7.44,49.37,55.97,56.17,56.18,56.18,0.38
[2026-05-08 02:04:26.979] ,426,26.05,32.89,100557.77,267014.34,7.11,7.52,7.52,7.52,49.89,56.55,56.75,56.76,56.77,0.39
[2026-05-08 02:04:31.986] ,425,26.07,32.87,100558.88,267014.34,7.37,7.79,7.79,7.79,51.71,58.61,58.82,58.83,58.84,0.39
[2026-05-08 02:04:37.005] ,427,26.1,32.85,100557.98,267014.34,7.24,7.65,7.65,7.65,50.77,57.55,57.75,57.76,57.77,0.39
[2026-05-08 02:04:42.015] ,427,26.15,32.81,100558.55,267432.75,7.23,7.65,7.65,7.65,50.75,57.52,57.73,57.74,57.74,0.39
[2026-05-08 02:04:47.027] ,428,26.12,32.75,100559,269544.62,7.08,7.49,7.49,7.49,49.69,56.33,56.53,56.54,56.55,0.38
[2026-05-08 02:04:52.047] ,428,26.07,32.74,100557.92,270827.81,6.94,7.34,7.34,7.34,48.67,55.17,55.37,55.38,55.38,0.38
[2026-05-08 02:04:57.056] ,427,26.08,32.73,100557.5,271474.03,6.53,6.91,6.91,6.91,45.81,51.93,52.12,52.13,52.13,0.39
[2026-05-08 02:05:02.071] ,428,26.05,32.74,100557.95,272993.88,6.39,6.76,6.76,6.76,44.82,50.81,50.99,51,51,0.4
[2026-05-08 02:05:07.081] ,429,26,32.76,100556.99,273212.38,6.42,6.79,6.79,6.79,45.04,51.06,51.24,51.25,51.25,0.4
[2026-05-08 02:05:12.101] ,429,26.03,32.81,100557.53,271258.28,6.3,6.66,6.66,6.66,44.21,50.11,50.29,50.3,50.31,0.4
[2026-05-08 02:05:17.111] ,430,26.01,32.82,100557.16,274530.84,5.96,6.31,6.31,6.31,41.84,47.43,47.6,47.61,47.61,0.4
[2026-05-08 02:05:22.131] ,429,26.04,32.84,100557.16,272123.31,6.11,6.46,6.46,6.46,42.89,48.61,48.78,48.79,48.8,0.4
[2026-05-08 02:05:27.138] ,430,26.09,32.84,100555.45,269757.62,6.44,6.81,6.81,6.81,45.17,51.2,51.38,51.39,51.4,0.41
[2026-05-08 02:05:32.151] ,428,26.09,32.79,100557.02,271906.53,6.53,6.9,6.9,6.9,45.78,51.9,52.08,52.09,52.1,0.41
[2026-05-08 02:05:37.167] ,429,26.09,32.78,100557.68,273431.25,6.61,6.99,6.99,6.99,46.34,52.53,52.72,52.73,52.73,0.41
[2026-05-08 02:05:42.181] ,427,26.11,32.75,100555.66,271258.28,6.77,7.16,7.16,7.16,47.53,53.87,54.06,54.07,54.08,0.41
[2026-05-08 02:05:47.196] ,427,26.11,32.76,100556.27,271906.53,7.07,7.48,7.48,7.48,49.61,56.24,56.44,56.45,56.45,0.41
[2026-05-08 02:05:52.212] ,427,26.12,32.77,100557.11,273212.38,7.33,7.75,7.75,7.75,51.42,58.29,58.49,58.5,58.51,0.41
[2026-05-08 02:05:57.222] ,426,26.1,32.74,100556.12,273870.03,7.25,7.67,7.67,7.67,50.86,57.65,57.86,57.87,57.87,0.41
[2026-05-08 02:06:02.231] ,428,26.09,32.75,100556.09,275639.31,7.2,7.62,7.62,7.62,50.54,57.29,57.49,57.5,57.51,0.41
[2026-05-08 02:06:07.252] ,427,26.08,32.77,100555.85,273870.03,7.02,7.42,7.42,7.42,49.23,55.8,56,56.01,56.02,0.4
[2026-05-08 02:06:12.261] ,426,26.11,32.8,100556.05,275194.84,6.87,7.27,7.27,7.27,48.23,54.67,54.86,54.88,54.88,0.41
[2026-05-08 02:06:17.282] ,426,26.14,32.77,100556.5,272557.91,6.75,7.14,7.14,7.14,47.37,53.69,53.88,53.89,53.9,0.4
[2026-05-08 02:06:22.292] ,425,26.18,32.74,100557.77,272123.31,6.86,7.25,7.25,7.25,48.12,54.54,54.73,54.75,54.75,0.4
[2026-05-08 02:06:27.302] ,424,26.14,32.71,100556.87,275862.06,6.75,7.14,7.14,7.14,47.38,53.71,53.9,53.91,53.91,0.4
[2026-05-08 02:06:32.322] ,424,26.11,32.7,100555.07,273650.47,6.83,7.22,7.22,7.22,47.93,54.33,54.52,54.53,54.54,0.39
[2026-05-08 02:06:37.331] ,423,26.11,32.72,100555.91,274751.81,6.63,7.01,7.01,7.01,46.54,52.75,52.94,52.95,52.96,0.39
[2026-05-08 02:06:42.347] ,422,26.09,32.71,100555.93,278109.72,6.45,6.82,6.82,6.82,45.27,51.31,51.5,51.51,51.51,0.4
[2026-05-08 02:06:47.361] ,421,26.07,32.75,100555.18,278336.5,6.32,6.68,6.68,6.68,44.31,50.23,50.41,50.42,50.43,0.39
[2026-05-08 02:06:52.371] ,421,26.06,32.78,100554.85,278791.19,6.16,6.52,6.52,6.52,43.24,49.02,49.19,49.2,49.21,0.39
[2026-05-08 02:06:57.379] ,419,26.05,32.79,100555.66,279705,6.47,6.85,6.85,6.85,45.42,51.48,51.67,51.68,51.68,0.39
[2026-05-08 02:07:02.392] ,420,26.05,32.8,100556.15,279475.97,6.37,6.74,6.74,6.74,44.68,50.65,50.83,50.84,50.85,0.39
[2026-05-08 02:07:07.411] ,420,26.06,32.81,100554.95,277206.28,6.17,6.53,6.53,6.53,43.32,49.1,49.28,49.29,49.29,0.4
[2026-05-08 02:07:12.422] ,420,26.05,32.84,100555.59,279019.06,5.82,6.15,6.15,6.15,40.81,46.26,46.42,46.43,46.43,0.4
[2026-05-08 02:07:17.431] ,420,26.06,32.86,100555.3,279705,5.71,6.03,6.03,6.03,40.03,45.38,45.54,45.55,45.55,0.4
[2026-05-08 02:07:22.441] ,419,26.03,32.88,100554.41,278109.72,5.98,6.32,6.32,6.32,41.94,47.55,47.71,47.72,47.73,0.41
[2026-05-08 02:07:27.459] ,420,25.99,32.88,100554,279705,6.29,6.65,6.65,6.65,44.13,50.02,50.2,50.21,50.22,0.41
[2026-05-08 02:07:32.467] ,421,25.98,32.89,100552.79,280394.31,6.5,6.87,6.87,6.87,45.61,51.7,51.88,51.89,51.9,0.4
[2026-05-08 02:07:37.487] ,423,25.93,32.9,100554.3,277657.28,6.38,6.74,6.74,6.74,44.74,50.72,50.9,50.91,50.91,0.4
[2026-05-08 02:07:42.497] ,423,25.93,32.95,100552.11,276308.69,6.25,6.61,6.61,6.61,43.85,49.7,49.88,49.89,49.89,0.4
[2026-05-08 02:07:47.508] ,423,25.94,32.97,100553.27,271258.28,6.22,6.58,6.58,6.58,43.67,49.5,49.67,49.68,49.69,0.4
[2026-05-08 02:07:52.520] ,422,25.92,32.98,100552.67,269331.94,6.25,6.6,6.6,6.6,43.82,49.67,49.84,49.85,49.86,0.4
[2026-05-08 02:07:57.538] ,422,25.92,33.01,100553.56,268695.88,6.36,6.72,6.72,6.72,44.62,50.57,50.75,50.76,50.77,0.4
[2026-05-08 02:08:02.552] ,422,25.96,33,100553.27,270827.81,6.6,6.98,6.98,6.98,46.31,52.5,52.68,52.69,52.7,0.4
[2026-05-08 02:08:07.566] ,422,26,32.98,100552.52,271042.88,6.75,7.14,7.14,7.14,47.37,53.7,53.89,53.9,53.9,0.41
[2026-05-08 02:08:12.581] ,422,26.03,32.94,100552.27,269331.94,6.45,6.82,6.82,6.82,45.25,51.29,51.47,51.48,51.49,0.41
[2026-05-08 02:08:17.592] ,420,26.09,32.9,100552.54,268695.88,6.22,6.58,6.58,6.58,43.62,49.45,49.62,49.63,49.64,0.41
[2026-05-08 02:08:22.601] ,420,26.15,32.84,100553.05,267432.75,5.97,6.31,6.31,6.31,41.86,47.45,47.62,47.63,47.63,0.41
[2026-05-08 02:08:27.618] ,422,26.19,32.75,100552.3,267014.34,5.88,6.22,6.22,6.22,41.24,46.75,46.92,46.93,46.93,0.42
[2026-05-08 02:08:32.631] ,421,26.2,32.7,100553.01,267014.34,5.83,6.16,6.16,6.16,40.89,46.35,46.52,46.53,46.53,0.42
[2026-05-08 02:08:37.641] ,422,26.24,32.63,100552.12,267432.75,5.81,6.15,6.15,6.15,40.78,46.22,46.39,46.4,46.4,0.42
[2026-05-08 02:08:42.655] ,422,26.21,32.57,100552.62,260891.72,6.02,6.36,6.36,6.36,42.22,47.86,48.03,48.04,48.04,0.42
[2026-05-08 02:08:47.671] ,421,26.12,32.57,100552.73,253152.05,6.06,6.41,6.41,6.41,42.52,48.19,48.37,48.38,48.38,0.42
[2026-05-08 02:08:52.681] ,420,26.12,32.6,100551.3,261491.31,6.03,6.38,6.38,6.38,42.32,47.97,48.14,48.15,48.16,0.41
[2026-05-08 02:08:57.701] ,422,26.12,32.63,100552.47,261892.58,5.83,6.16,6.16,6.16,40.89,46.35,46.51,46.52,46.52,0.41
[2026-05-08 02:09:02.706] ,423,26.08,32.62,100551.62,257739.75,5.94,6.28,6.28,6.28,41.66,47.22,47.39,47.4,47.4,0.4
[2026-05-08 02:09:07.722] ,423,26.07,32.67,100551.23,258324.92,6.05,6.4,6.4,6.4,42.43,48.1,48.27,48.28,48.28,0.4
[2026-05-08 02:09:12.739] ,424,26.1,32.7,100550.52,260493.52,6.2,6.55,6.55,6.55,43.46,49.27,49.44,49.45,49.46,0.4
[2026-05-08 02:09:17.751] ,425,26.13,32.7,100549.93,263306.75,6.26,6.62,6.62,6.62,43.95,49.82,50,50.01,50.01,0.41
[2026-05-08 02:09:22.767] ,425,26.18,32.69,100551.79,259898.48,6,6.35,6.35,6.35,42.1,47.72,47.89,47.9,47.91,0.41
[2026-05-08 02:09:27.784] ,425,26.21,32.68,100552.25,261091.28,6.02,6.37,6.37,6.37,42.26,47.9,48.07,48.08,48.08,0.41
[2026-05-08 02:09:32.797] ,425,26.23,32.65,100553,262093.67,6.11,6.46,6.46,6.46,42.85,48.57,48.75,48.76,48.76,0.41
[2026-05-08 02:09:37.805] ,425,26.24,32.6,100551.75,262496.78,6.12,6.47,6.47,6.47,42.94,48.68,48.85,48.86,48.87,0.41
[2026-05-08 02:09:42.822] ,425,26.26,32.57,100551.87,260692.47,6.18,6.53,6.53,6.53,43.35,49.14,49.32,49.33,49.33,0.4
[2026-05-08 02:09:47.841] ,425,26.28,32.53,100550.96,261291.14,6.27,6.63,6.63,6.63,44,49.88,50.05,50.06,50.07,0.4
[2026-05-08 02:09:52.852] ,425,26.25,32.48,100551.84,264326.28,6.3,6.67,6.67,6.67,44.23,50.13,50.31,50.32,50.32,0.4
[2026-05-08 02:09:57.864] ,426,26.22,32.5,100551.63,264531.12,6.27,6.63,6.63,6.63,44,49.87,50.05,50.06,50.06,0.41
[2026-05-08 02:10:02.879] ,426,26.16,32.53,100550.15,263306.75,6.38,6.75,6.75,6.75,44.75,50.73,50.91,50.92,50.93,0.41
[2026-05-08 02:10:07.892] ,425,26.12,32.59,100550.29,262496.78,6.58,6.96,6.96,6.96,46.19,52.36,52.54,52.55,52.56,0.41
[2026-05-08 02:10:12.911] ,426,26.06,32.62,100550.88,262496.78,6.58,6.96,6.96,6.96,46.17,52.34,52.52,52.53,52.54,0.41
[2026-05-08 02:10:17.921] ,426,25.97,32.68,100549.96,263917.53,6.78,7.17,7.17,7.17,47.57,53.92,54.11,54.12,54.13,0.42
[2026-05-08 02:10:22.935] ,427,25.94,32.79,100549.51,266181.44,6.99,7.39,7.39,7.39,49.02,55.56,55.76,55.77,55.78,0.42
[2026-05-08 02:10:27.951] ,428,25.98,32.86,100550.01,264121.75,6.94,7.34,7.34,7.34,48.67,55.17,55.37,55.38,55.38,0.43
[2026-05-08 02:10:32.961] ,430,25.95,32.88,100550.1,266389.19,6.94,7.34,7.35,7.35,48.71,55.22,55.42,55.43,55.43,0.44
[2026-05-08 02:10:37.977] ,431,25.96,32.92,100551.55,268062.81,6.9,7.31,7.32,7.33,48.35,54.83,55.04,55.06,55.06,0.45
[2026-05-08 02:10:42.991] ,430,25.94,32.92,100551.07,267223.38,6.85,7.26,7.28,7.29,47.97,54.41,54.63,54.64,54.65,0.45
[2026-05-08 02:10:48.003] ,430,25.96,32.94,100550.74,269757.62,6.74,7.16,7.19,7.2,47.25,53.6,53.82,53.84,53.84,0.45
[2026-05-08 02:10:53.012] ,431,26.02,32.92,100549.9,270184.69,6.69,7.11,7.14,7.15,46.86,53.18,53.4,53.41,53.42,0.44
[2026-05-08 02:10:58.027] ,431,25.99,32.89,100550.49,269757.62,6.71,7.11,7.13,7.14,47.03,53.34,53.55,53.56,53.57,0.43
[2026-05-08 02:11:03.043] ,430,25.97,32.88,100549.15,268907.56,6.7,7.09,7.1,7.1,46.99,53.27,53.47,53.48,53.48,0.43
[2026-05-08 02:11:08.053] ,430,25.99,32.91,100550.06,269331.94,6.72,7.11,7.11,7.11,47.16,53.46,53.66,53.67,53.67,0.43
[2026-05-08 02:11:13.068] ,429,25.98,32.92,100550,268273.5,6.67,7.05,7.05,7.06,46.8,53.05,53.24,53.25,53.25,0.43
[2026-05-08 02:11:18.080] ,429,26,32.93,100550.23,267642.44,6.71,7.1,7.1,7.1,47.09,53.37,53.56,53.58,53.58,0.43
[2026-05-08 02:11:23.098] ,431,26,32.92,100551.46,268695.88,6.49,6.87,6.87,6.87,45.56,51.65,51.83,51.84,51.85,0.42
[2026-05-08 02:11:28.111] ,429,25.98,32.91,100550.83,270398.72,6.46,6.84,6.84,6.84,45.36,51.41,51.59,51.6,51.61,0.42
[2026-05-08 02:11:33.122] ,429,25.97,32.93,100550.33,272123.31,6.64,7.02,7.02,7.02,46.59,52.81,53,53.01,53.01,0.43
[2026-05-08 02:11:38.138] ,428,25.97,32.94,100549.64,271258.28,6.67,7.05,7.05,7.05,46.78,53.02,53.21,53.22,53.23,0.42
[2026-05-08 02:11:43.146] ,429,25.96,32.95,100550.95,271690.09,6.6,6.98,6.98,6.98,46.29,52.47,52.66,52.67,52.68,0.42
[2026-05-08 02:11:48.161] ,429,25.9,32.95,100550.45,275416.91,6.69,7.07,7.07,7.07,46.91,53.18,53.37,53.38,53.38,0.41
[2026-05-08 02:11:53.171] ,429,25.91,32.98,100550.77,272993.88,6.73,7.12,7.12,7.12,47.24,53.54,53.73,53.74,53.75,0.41
[2026-05-08 02:11:58.185] ,429,25.93,32.99,100550.18,272340.44,6.5,6.87,6.87,6.87,45.58,51.67,51.85,51.86,51.87,0.41
[2026-05-08 02:12:03.200] ,432,25.92,33,100550.64,273650.47,6.37,6.74,6.74,6.74,44.69,50.66,50.84,50.85,50.85,0.4
[2026-05-08 02:12:08.213] ,430,25.88,33,100552.02,274310.22,6.05,6.39,6.39,6.39,42.41,48.08,48.25,48.26,48.26,0.41
[2026-05-08 02:12:13.228] ,429,25.91,33.04,100551.74,274089.94,6.34,6.7,6.7,6.7,44.47,50.41,50.59,50.6,50.6,0.41
[2026-05-08 02:12:18.242] ,432,25.92,33.06,100551.01,273431.25,6.4,6.77,6.77,6.77,44.89,50.88,51.07,51.08,51.08,0.41
[2026-05-08 02:12:23.258] ,432,25.94,33.04,100550.52,275639.31,6.36,6.73,6.73,6.73,44.63,50.59,50.77,50.78,50.78,0.41
[2026-05-08 02:12:28.273] ,430,25.93,33,100550.2,277657.28,6.35,6.72,6.72,6.72,44.56,50.51,50.69,50.7,50.71,0.42
[2026-05-08 02:12:33.281] ,430,25.9,33.01,100549.86,275416.91,6.23,6.59,6.59,6.59,43.73,49.56,49.74,49.75,49.75,0.41
[2026-05-08 02:12:38.297] ,429,25.85,33.01,100550.38,279247.34,6.53,6.91,6.91,6.91,45.82,51.93,52.12,52.13,52.13,0.41
[2026-05-08 02:12:43.311] ,430,25.79,33.03,100550.88,281318.69,6.6,6.98,6.98,6.98,46.3,52.49,52.67,52.69,52.69,0.41
[2026-05-08 02:12:48.321] ,433,25.82,33.1,100550.04,279705,6.47,6.85,6.85,6.85,45.43,51.49,51.67,51.68,51.69,0.41
[2026-05-08 02:12:53.338] ,433,25.83,33.12,100550.8,278336.5,6.43,6.8,6.8,6.8,45.11,51.14,51.32,51.33,51.33,0.42
[2026-05-08 02:12:58.350] ,435,25.85,33.14,100550.45,277431.59,6.3,6.67,6.67,6.67,44.23,50.13,50.31,50.32,50.33,0.41
[2026-05-08 02:13:03.371] ,436,25.87,33.14,100552.61,276981.34,6.45,6.82,6.82,6.82,45.26,51.31,51.49,51.5,51.51,0.42
[2026-05-08 02:13:08.385] ,437,25.91,33.14,100551.21,275416.91,6.19,6.55,6.55,6.55,43.44,49.24,49.41,49.42,49.43,0.42
[2026-05-08 02:13:13.402] ,437,25.92,33.12,100551.54,273650.47,6.11,6.46,6.46,6.46,42.89,48.61,48.78,48.79,48.8,0.42
[2026-05-08 02:13:18.414] ,438,25.93,33.09,100552.27,271690.09,6.33,6.7,6.7,6.7,44.44,50.38,50.56,50.57,50.57,0.42
[2026-05-08 02:13:23.428] ,440,25.88,33.06,100552.77,273650.47,6.74,7.13,7.13,7.13,47.3,53.62,53.81,53.82,53.82,0.42
[2026-05-08 02:13:28.441] ,438,25.9,33.05,100551.08,271906.53,7,7.41,7.41,7.41,49.13,55.69,55.89,55.9,55.91,0.42
[2026-05-08 02:13:33.451] ,435,25.91,33.06,100552.16,269119.59,7.14,7.55,7.55,7.55,50.08,56.77,56.97,56.98,56.99,0.41
[2026-05-08 02:13:38.472] ,435,25.91,33.03,100551.77,266805.62,7.05,7.46,7.46,7.46,49.49,56.1,56.3,56.31,56.31,0.42
[2026-05-08 02:13:43.487] ,433,25.89,33.02,100552.3,268273.5,7.13,7.54,7.54,7.54,50.03,56.71,56.91,56.92,56.93,0.42
[2026-05-08 02:13:48.502] ,433,25.93,33.03,100552.26,268695.88,6.8,7.2,7.2,7.2,47.74,54.11,54.3,54.31,54.32,0.42
[2026-05-08 02:13:53.511] ,433,25.92,33.02,100551.75,270827.81,6.41,6.78,6.78,6.78,45,51.01,51.19,51.2,51.21,0.42
[2026-05-08 02:13:58.524] ,436,25.96,33,100551.33,271690.09,6.31,6.67,6.67,6.67,44.25,50.16,50.33,50.35,50.35,0.42
[2026-05-08 02:14:03.542] ,437,25.98,32.96,100552.1,272123.31,6.73,7.12,7.12,7.12,47.21,53.52,53.71,53.72,53.72,0.41
[2026-05-08 02:14:08.552] ,437,25.98,32.94,100551.83,271474.03,7.06,7.47,7.47,7.47,49.54,56.16,56.36,56.37,56.37,0.42
[2026-05-08 02:14:13.572] ,438,26,32.94,100553.23,272340.44,7,7.4,7.4,7.4,49.12,55.68,55.88,55.89,55.9,0.42
[2026-05-08 02:14:18.581] ,436,26.03,32.92,100552.61,271042.88,7,7.4,7.4,7.4,49.12,55.67,55.87,55.88,55.89,0.41
[2026-05-08 02:14:23.591] ,437,26.05,32.87,100552.72,270398.72,7.01,7.41,7.41,7.41,49.17,55.73,55.93,55.94,55.95,0.41
[2026-05-08 02:14:28.607] ,438,26.03,32.83,100552.66,267014.34,6.81,7.2,7.2,7.2,47.77,54.15,54.34,54.36,54.36,0.41
[2026-05-08 02:14:33.618] ,435,26.02,32.83,100552.82,265766.94,6.74,7.12,7.12,7.12,47.26,53.57,53.76,53.77,53.77,0.41
[2026-05-08 02:14:38.631] ,435,26.01,32.86,100552.48,262496.78,6.77,7.16,7.16,7.16,47.53,53.87,54.06,54.07,54.08,0.41
[2026-05-08 02:14:43.643] ,434,26,32.89,100551.38,262698.81,6.58,6.96,6.96,6.96,46.2,52.37,52.55,52.56,52.57,0.41
[2026-05-08 02:14:48.657] ,432,26,32.91,100552.73,261892.58,6.58,6.96,6.96,6.96,46.17,52.34,52.53,52.54,52.54,0.41
[2026-05-08 02:14:53.670] ,431,26.01,32.93,100553.04,264736.31,6.35,6.71,6.71,6.71,44.53,50.48,50.66,50.67,50.67,0.41
[2026-05-08 02:14:58.680] ,431,26.03,32.93,100553.31,267223.38,6.27,6.63,6.63,6.63,43.98,49.85,50.02,50.03,50.04,0.4
[2026-05-08 02:15:03.691] ,430,26,32.91,100551.56,267852.47,6.43,6.8,6.8,6.8,45.15,51.17,51.36,51.37,51.37,0.4
[2026-05-08 02:15:08.710] ,433,25.98,32.93,100551.9,270398.72,6.47,6.84,6.84,6.84,45.4,51.46,51.64,51.65,51.66,0.4
[2026-05-08 02:15:13.722] ,431,25.94,32.93,100552.53,271258.28,6.58,6.96,6.96,6.96,46.19,52.35,52.54,52.55,52.55,0.4
[2026-05-08 02:15:18.731] ,429,25.92,32.93,100552.48,270398.72,6.59,6.97,6.97,6.97,46.23,52.41,52.59,52.61,52.61,0.4
[2026-05-08 02:15:23.745] ,430,25.92,32.94,100550.95,270398.72,6.54,6.91,6.91,6.91,45.86,51.99,52.17,52.18,52.19,0.41
[2026-05-08 02:15:28.760] ,428,25.91,32.94,100552.3,273431.25,6.39,6.76,6.76,6.76,44.85,50.83,51.02,51.03,51.03,0.41
[2026-05-08 02:15:33.771] ,428,25.91,32.96,100553.03,272993.88,6.43,6.8,6.8,6.8,45.1,51.12,51.31,51.32,51.32,0.4
[2026-05-08 02:15:38.781] ,429,25.91,32.97,100553.02,272557.91,6.62,7,7,7,46.46,52.66,52.85,52.86,52.86,0.4
[2026-05-08 02:15:43.797] ,429,25.93,32.98,100553.59,272993.88,6.9,7.29,7.29,7.29,48.4,54.86,55.05,55.06,55.07,0.4
[2026-05-08 02:15:48.815] ,429,25.94,32.99,100552.65,272340.44,7,7.4,7.4,7.4,49.11,55.66,55.86,55.87,55.88,0.4
[2026-05-08 02:15:53.819] ,429,25.98,32.97,100552.66,273212.38,6.86,7.25,7.25,7.25,48.1,54.53,54.72,54.73,54.74,0.4
[2026-05-08 02:15:58.839] ,430,26.03,32.92,100553.04,271042.88,6.84,7.23,7.23,7.23,47.98,54.39,54.58,54.59,54.6,0.4
[2026-05-08 02:16:03.852] ,432,26.05,32.87,100554.55,271906.53,6.64,7.02,7.02,7.02,46.57,52.79,52.97,52.99,52.99,0.4
[2026-05-08 02:16:08.866] ,433,26.05,32.83,100553.7,272775.72,6.76,7.15,7.15,7.15,47.42,53.76,53.95,53.96,53.96,0.4
[2026-05-08 02:16:13.879] ,434,26.05,32.82,100553.84,270398.72,6.96,7.36,7.36,7.36,48.85,55.37,55.56,55.58,55.58,0.4
[2026-05-08 02:16:18.899] ,437,26.05,32.82,100553.2,269971,7.08,7.48,7.48,7.48,49.66,56.29,56.49,56.5,56.51,0.4
[2026-05-08 02:16:23.911] ,434,25.98,32.82,100554.39,272123.31,7,7.4,7.4,7.4,49.08,55.64,55.83,55.84,55.85,0.4
[2026-05-08 02:16:28.921] ,435,25.93,32.87,100553.61,273431.25,7.01,7.41,7.41,7.41,49.15,55.71,55.91,55.92,55.93,0.4
[2026-05-08 02:16:33.933] ,434,25.95,32.92,100553.22,271474.03,7.08,7.48,7.48,7.48,49.65,56.28,56.48,56.49,56.5,0.4
[2026-05-08 02:16:38.951] ,437,25.9,32.95,100554.39,272775.72,7.2,7.62,7.62,7.62,50.53,57.28,57.49,57.5,57.5,0.4
[2026-05-08 02:16:43.957] ,436,25.87,32.98,100554.22,272993.88,7.13,7.54,7.54,7.54,50,56.68,56.88,56.89,56.9,0.4
[2026-05-08 02:16:48.971] ,436,25.9,33.02,100554.27,272557.91,7.08,7.49,7.49,7.49,49.67,56.3,56.5,56.51,56.52,0.4
[2026-05-08 02:16:53.991] ,438,25.94,33.01,100554.75,272123.31,7.24,7.66,7.66,7.66,50.81,57.6,57.8,57.81,57.82,0.4
[2026-05-08 02:16:58.998] ,436,25.9,33.01,100552.62,273870.03,6.84,7.23,7.23,7.23,47.97,54.37,54.57,54.58,54.58,0.4
[2026-05-08 02:17:04.018] ,435,25.89,33.02,100553.87,276085.19,6.36,6.73,6.73,6.73,44.64,50.61,50.79,50.8,50.8,0.4
[2026-05-08 02:17:09.031] ,436,25.89,33.01,100554.27,274530.84,7.14,7.55,7.55,7.55,50.06,56.75,56.95,56.96,56.97,0.4
[2026-05-08 02:17:14.042] ,433,25.91,33.02,100553.13,275194.84,7.83,8.28,8.28,8.28,54.91,62.24,62.46,62.47,62.48,0.4
[2026-05-08 02:17:19.056] ,432,25.9,33.03,100553.55,275194.84,8.08,8.54,8.54,8.54,56.65,64.22,64.45,64.46,64.47,0.41
[2026-05-08 02:17:24.066] ,431,25.89,33.03,100553.87,275639.31,8.02,8.48,8.48,8.48,56.26,63.77,63.99,64.01,64.01,0.41
[2026-05-08 02:17:29.082] ,432,25.9,33.05,100552.48,276085.19,7.55,7.98,7.98,7.98,52.97,60.04,60.26,60.27,60.27,0.4
[2026-05-08 02:17:34.091] ,431,25.85,33.04,100552.45,278791.19,7.48,7.91,7.91,7.91,52.48,59.49,59.7,59.71,59.72,0.41
[2026-05-08 02:17:39.104] ,430,25.88,33.03,100553.09,277431.59,7.67,8.11,8.11,8.11,53.83,61.02,61.24,61.25,61.26,0.41
[2026-05-08 02:17:44.120] ,431,25.87,33.03,100553.28,279934.38,7.91,8.37,8.37,8.37,55.52,62.94,63.16,63.17,63.18,0.41
[2026-05-08 02:17:49.131] ,431,25.82,33.03,100550.98,283185.84,7.64,8.08,8.08,8.08,53.62,60.78,61,61.01,61.01,0.41
[2026-05-08 02:17:54.148] ,431,25.83,33.04,100551.86,281087.03,7.13,7.54,7.54,7.54,50.01,56.69,56.89,56.9,56.91,0.41
[2026-05-08 02:17:59.157] ,433,25.83,33.05,100551.72,282482.75,6.75,7.14,7.14,7.14,47.38,53.71,53.9,53.91,53.92,0.41
[2026-05-08 02:18:04.172] ,433,25.85,33.04,100551.93,282482.75,6.54,6.92,6.92,6.92,45.91,52.04,52.22,52.23,52.24,0.41
[2026-05-08 02:18:09.184] ,434,25.84,33.02,100552.06,284365.47,6.37,6.74,6.74,6.74,44.69,50.66,50.84,50.85,50.85,0.41
[2026-05-08 02:18:14.201] ,432,25.87,33.03,100552.48,280855.72,6.42,6.79,6.79,6.79,45.05,51.06,51.24,51.25,51.26,0.4
[2026-05-08 02:18:19.219] ,432,25.9,33.02,100551.4,279934.38,6.67,7.05,7.05,7.05,46.76,53.01,53.2,53.21,53.21,0.4
[2026-05-08 02:18:24.231] ,431,25.89,33.01,100553.27,281783.16,7.1,7.51,7.51,7.51,49.81,56.46,56.66,56.67,56.68,0.4
[2026-05-08 02:18:29.241] ,429,25.88,33,100552.3,281550.72,7.11,7.52,7.52,7.52,49.86,56.52,56.72,56.73,56.74,0.4
[2026-05-08 02:18:34.252] ,429,25.88,32.99,100552.43,282015.97,6.96,7.36,7.36,7.36,48.81,55.33,55.53,55.54,55.54,0.4
[2026-05-08 02:18:39.262] ,428,25.89,33,100551.29,280624.84,6.91,7.3,7.3,7.3,48.45,54.92,55.12,55.13,55.13,0.39
[2026-05-08 02:18:44.283] ,425,25.9,33,100552.98,278791.19,6.86,7.26,7.26,7.26,48.16,54.59,54.78,54.79,54.8,0.39
[2026-05-08 02:18:49.295] ,425,25.95,32.97,100551.87,278563.66,6.69,7.08,7.08,7.08,46.95,53.22,53.41,53.42,53.43,0.38
[2026-05-08 02:18:54.308] ,425,25.94,32.94,100552.48,277657.28,6.54,6.92,6.92,6.92,45.88,52,52.19,52.2,52.2,0.39
[2026-05-08 02:18:59.321] ,424,25.96,32.93,100552.52,277206.28,6.47,6.84,6.84,6.84,45.38,51.44,51.62,51.63,51.64,0.39
[2026-05-08 02:19:04.335] ,424,25.96,32.93,100551.98,275862.06,6.33,6.7,6.7,6.7,44.43,50.36,50.54,50.55,50.55,0.39
[2026-05-08 02:19:09.345] ,424,25.94,32.92,100551.59,267014.34,6.27,6.63,6.63,6.63,43.97,49.84,50.02,50.03,50.03,0.38
[2026-05-08 02:19:14.361] ,422,25.94,32.92,100552.59,267432.75,6.04,6.38,6.38,6.38,42.36,48.01,48.18,48.19,48.2,0.39
[2026-05-08 02:19:19.369] ,423,25.93,32.92,100552.13,266597.25,5.93,6.28,6.28,6.28,41.63,47.19,47.36,47.37,47.38,0.39
[2026-05-08 02:19:24.381] ,422,25.92,32.93,100552.43,269757.62,5.89,6.23,6.23,6.23,41.35,46.87,47.04,47.05,47.05,0.38
[2026-05-08 02:19:29.402] ,422,25.92,32.93,100552.77,270398.72,5.98,6.32,6.32,6.32,41.96,47.56,47.73,47.74,47.74,0.38
[2026-05-08 02:19:34.412] ,424,25.92,32.92,100552.14,272123.31,6.1,6.45,6.45,6.45,42.81,48.52,48.7,48.71,48.71,0.38
[2026-05-08 02:19:39.427] ,426,25.93,32.92,100551.69,270398.72,6.09,6.44,6.44,6.44,42.72,48.42,48.59,48.6,48.61,0.38
[2026-05-08 02:19:44.432] ,427,25.89,32.93,100551.98,270398.72,5.99,6.34,6.34,6.34,42.05,47.66,47.83,47.84,47.84,0.38
[2026-05-08 02:19:49.451] ,425,25.85,32.96,100552.3,269971,5.76,6.09,6.09,6.09,40.41,45.8,45.97,45.97,45.98,0.38
[2026-05-08 02:19:54.461] ,423,25.83,32.98,100552.64,271258.28,5.5,5.81,5.81,5.81,38.56,43.71,43.87,43.88,43.88,0.38
[2026-05-08 02:19:59.471] ,424,25.87,33,100551.93,269544.62,5.56,5.88,5.88,5.88,39,44.21,44.36,44.37,44.38,0.39
[2026-05-08 02:20:04.490] ,423,25.82,33,100551.64,269757.62,5.62,5.95,5.95,5.95,39.45,44.72,44.88,44.89,44.89,0.39
[2026-05-08 02:20:09.501] ,423,25.83,33.02,100552.05,269331.94,6.03,6.38,6.38,6.38,42.3,47.95,48.12,48.13,48.14,0.39
[2026-05-08 02:20:14.511] ,425,25.85,33.03,100552.48,269757.62,6.31,6.68,6.68,6.68,44.3,50.21,50.39,50.4,50.41,0.38
[2026-05-08 02:20:19.529] ,423,25.91,33.03,100552.03,268273.5,6.28,6.64,6.64,6.64,44.06,49.94,50.12,50.13,50.13,0.38
[2026-05-08 02:20:24.543] ,423,25.94,33,100551.74,266805.62,6.36,6.72,6.72,6.72,44.6,50.55,50.73,50.74,50.75,0.39
[2026-05-08 02:20:29.552] ,423,25.97,32.94,100551.57,264941.78,6.47,6.84,6.84,6.84,45.37,51.43,51.62,51.63,51.63,0.39
[2026-05-08 02:20:34.571] ,422,25.97,32.93,100551.87,266597.25,6.38,6.75,6.75,6.75,44.77,50.75,50.93,50.94,50.94,0.39
[2026-05-08 02:20:39.583] ,423,25.97,32.91,100551.79,265560.16,6.11,6.46,6.46,6.46,42.83,48.55,48.73,48.74,48.74,0.39
[2026-05-08 02:20:44.596] ,421,25.97,32.91,100550.01,266597.25,6.05,6.39,6.39,6.39,42.42,48.09,48.26,48.27,48.28,0.39
[2026-05-08 02:20:49.609] ,420,25.97,32.92,100551.2,264531.12,6.12,6.47,6.47,6.47,42.91,48.64,48.81,48.82,48.82,0.39
[2026-05-08 02:20:54.621] ,422,26,32.92,100551.19,267014.34,6.18,6.53,6.53,6.53,43.34,49.13,49.31,49.32,49.32,0.39
[2026-05-08 02:20:59.633] ,421,26,32.91,100552.59,265766.94,6,6.34,6.34,6.34,42.08,47.7,47.87,47.87,47.88,0.39
[2026-05-08 02:21:04.651] ,421,26.04,32.89,100551.71,264941.78,5.77,6.1,6.1,6.1,40.49,45.89,46.06,46.07,46.07,0.39
[2026-05-08 02:21:09.664] ,422,26.02,32.83,100549.92,269757.62,5.74,6.07,6.07,6.07,40.25,45.63,45.79,45.8,45.8,0.39
[2026-05-08 02:21:14.670] ,426,26.02,32.87,100551.7,271474.03,5.87,6.21,6.21,6.21,41.22,46.72,46.89,46.9,46.9,0.4
[2026-05-08 02:21:19.681] ,427,26.01,32.89,100551.8,270398.72,5.94,6.28,6.28,6.28,41.69,47.25,47.42,47.43,47.43,0.4
[2026-05-08 02:21:24.702] ,427,26.06,32.91,100551.28,269757.62,6,6.35,6.35,6.35,42.12,47.74,47.91,47.92,47.92,0.4
[2026-05-08 02:21:29.717] ,426,26.06,32.87,100550.84,269757.62,6.27,6.63,6.63,6.63,43.96,49.83,50.01,50.02,50.03,0.39
[2026-05-08 02:21:34.732] ,427,26.01,32.87,100552.2,270184.69,6.69,7.07,7.07,7.07,46.91,53.18,53.37,53.38,53.38,0.39
[2026-05-08 02:21:39.737] ,427,26.02,32.89,100550.94,271690.09,6.93,7.33,7.33,7.33,48.62,55.11,55.3,55.32,55.32,0.39
[2026-05-08 02:21:44.752] ,426,26.04,32.88,100550.17,269757.62,6.92,7.32,7.32,7.32,48.56,55.05,55.24,55.26,55.26,0.4
[2026-05-08 02:21:49.771] ,427,26.06,32.79,100549.98,271474.03,6.65,7.03,7.03,7.03,46.67,52.9,53.09,53.1,53.1,0.39
[2026-05-08 02:21:54.782] ,429,26.01,32.78,100550.68,272123.31,6.53,6.9,6.9,6.9,45.81,51.92,52.11,52.12,52.12,0.4
[2026-05-08 02:21:59.801] ,427,26.01,32.8,100550.21,271474.03,6.48,6.85,6.85,6.85,45.45,51.52,51.71,51.72,51.72,0.4
[2026-05-08 02:22:04.809] ,428,26.03,32.82,100551.33,273431.25,6.61,6.98,6.98,6.98,46.34,52.53,52.72,52.73,52.73,0.4
[2026-05-08 02:22:09.820] ,429,26.02,32.81,100550.75,275194.84,6.62,7,7,7,46.43,52.63,52.81,52.83,52.83,0.4
[2026-05-08 02:22:14.836] ,429,26.01,32.83,100550.41,273870.03,6.57,6.95,6.95,6.95,46.11,52.26,52.45,52.46,52.46,0.4
[2026-05-08 02:22:19.848] ,430,25.95,32.85,100550.13,277657.28,6.27,6.64,6.64,6.64,44.02,49.9,50.08,50.09,50.09,0.4
[2026-05-08 02:22:24.862] ,432,25.94,32.9,100550.94,276308.69,6.36,6.73,6.73,6.73,44.62,50.58,50.76,50.77,50.78,0.4
[2026-05-08 02:22:29.871] ,432,25.94,32.93,100550.94,279247.34,6.61,6.99,6.99,6.99,46.35,52.54,52.72,52.73,52.74,0.4
[2026-05-08 02:22:34.892] ,433,25.84,32.95,100552.11,278563.66,6.83,7.22,7.22,7.22,47.9,54.3,54.49,54.5,54.51,0.4
[2026-05-08 02:22:39.901] ,433,25.83,33.02,100549.27,279019.06,6.76,7.15,7.15,7.15,47.41,53.74,53.93,53.94,53.95,0.4
[2026-05-08 02:22:44.913] ,434,25.85,33.08,100549.8,278336.5,6.75,7.14,7.14,7.14,47.36,53.69,53.88,53.89,53.89,0.4
[2026-05-08 02:22:49.930] ,433,25.86,33.1,100551.98,277883.31,6.91,7.31,7.31,7.31,48.48,54.95,55.15,55.16,55.17,0.39
[2026-05-08 02:22:54.941] ,432,25.87,33.12,100550.37,277431.59,6.8,7.2,7.2,7.2,47.74,54.11,54.3,54.32,54.32,0.39
[2026-05-08 02:22:59.961] ,430,25.85,33.11,100551.09,278336.5,6.56,6.94,6.94,6.94,46.02,52.17,52.35,52.36,52.37,0.39
[2026-05-08 02:23:04.971] ,429,25.88,33.13,100550.58,277206.28,6.44,6.81,6.81,6.81,45.19,51.23,51.41,51.42,51.43,0.4
[2026-05-08 02:23:09.981] ,429,25.91,33.11,100551.19,277431.59,6.34,6.71,6.71,6.71,44.5,50.44,50.62,50.63,50.63,0.39
[2026-05-08 02:23:15.001] ,430,25.91,33.08,100550.72,279475.97,6.23,6.59,6.59,6.59,43.71,49.55,49.73,49.74,49.74,0.39
[2026-05-08 02:23:20.006] ,431,25.9,33.06,100550.66,279934.38,6.1,6.45,6.45,6.45,42.81,48.52,48.7,48.71,48.71,0.39
[2026-05-08 02:23:25.021] ,432,25.92,33.04,100551.05,279705,6.22,6.58,6.58,6.58,43.67,49.5,49.68,49.69,49.69,0.39
[2026-05-08 02:23:30.039] ,430,25.95,33.01,100550.52,279247.34,6.45,6.82,6.82,6.82,45.27,51.31,51.49,51.51,51.51,0.4
[2026-05-08 02:23:35.054] ,431,25.97,32.99,100551.65,277883.31,6.3,6.66,6.66,6.66,44.17,50.06,50.24,50.25,50.26,0.4
[2026-05-08 02:23:40.072] ,434,26,32.97,100550.77,275862.06,6.04,6.39,6.39,6.39,42.39,48.05,48.22,48.23,48.24,0.39
[2026-05-08 02:23:45.082] ,434,26.02,32.94,100550.55,275639.31,5.89,6.23,6.23,6.23,41.32,46.83,47,47.01,47.01,0.4
[2026-05-08 02:23:50.091] ,434,26.06,32.88,100551.81,272557.91,5.93,6.27,6.27,6.27,41.57,47.12,47.29,47.3,47.3,0.39
[2026-05-08 02:23:55.108] ,435,26.06,32.85,100552.01,271258.28,6.09,6.44,6.44,6.44,42.72,48.42,48.59,48.6,48.61,0.39
[2026-05-08 02:24:00.126] ,435,26.06,32.84,100551.41,274089.94,6.36,6.73,6.73,6.73,44.63,50.59,50.77,50.78,50.79,0.39
[2026-05-08 02:24:05.131] ,434,26.04,32.82,100549.88,272557.91,6.62,7,7,7,46.42,52.62,52.81,52.82,52.82,0.39
[2026-05-08 02:24:10.152] ,433,26.02,32.82,100550.44,270613.09,6.7,7.08,7.08,7.08,46.98,53.26,53.45,53.46,53.46,0.39
[2026-05-08 02:24:15.158] ,432,26,32.84,100550.41,273870.03,6.78,7.17,7.17,7.17,47.58,53.94,54.13,54.14,54.14,0.39
[2026-05-08 02:24:20.178] ,433,25.95,32.87,100551.18,274530.84,6.93,7.33,7.33,7.33,48.61,55.1,55.29,55.31,55.31,0.39
[2026-05-08 02:24:25.192] ,432,25.96,32.91,100551.23,275416.91,7.17,7.59,7.59,7.59,50.33,57.05,57.25,57.27,57.27,0.39
[2026-05-08 02:24:30.202] ,433,25.94,32.94,100549.47,273431.25,7.17,7.58,7.58,7.58,50.32,57.04,57.24,57.25,57.26,0.39
[2026-05-08 02:24:35.222] ,433,25.92,32.99,100549.54,271690.09,7,7.4,7.4,7.4,49.1,55.65,55.85,55.86,55.87,0.39
[2026-05-08 02:24:40.231] ,433,25.86,33.03,100549.39,272993.88,6.89,7.28,7.28,7.28,48.31,54.76,54.95,54.96,54.97,0.39
[2026-05-08 02:24:45.251] ,433,25.87,33.08,100548.98,272993.88,6.61,6.99,6.99,6.99,46.38,52.57,52.76,52.77,52.77,0.39
[2026-05-08 02:24:50.264] ,433,25.89,33.1,100549.7,268907.56,6.71,7.1,7.1,7.1,47.09,53.37,53.56,53.58,53.58,0.4
[2026-05-08 02:24:55.271] ,433,25.86,33.07,100549.52,266597.25,6.63,7.01,7.01,7.01,46.52,52.74,52.92,52.93,52.94,0.4
[2026-05-08 02:25:00.291] ,430,25.88,33.1,100551.69,268062.81,6.52,6.89,6.89,6.89,45.71,51.81,52,52.01,52.01,0.4
[2026-05-08 02:25:05.301] ,430,25.85,33.06,100549.11,265353.72,6.49,6.86,6.86,6.86,45.52,51.6,51.79,51.8,51.8,0.4
[2026-05-08 02:25:10.318] ,429,25.82,33.08,100549.2,267014.34,6.47,6.84,6.84,6.84,45.38,51.44,51.62,51.63,51.64,0.4
[2026-05-08 02:25:15.332] ,430,25.85,33.09,100550.8,268273.5,6.44,6.81,6.81,6.81,45.2,51.24,51.42,51.43,51.43,0.4
[2026-05-08 02:25:20.351] ,430,25.81,33.08,100549.67,264531.12,6.53,6.9,6.9,6.9,45.81,51.92,52.11,52.12,52.12,0.41
[2026-05-08 02:25:25.362] ,429,25.82,33.1,100549.65,265353.72,6.4,6.77,6.77,6.77,44.88,50.88,51.06,51.07,51.07,0.4
[2026-05-08 02:25:30.377] ,429,25.82,33.1,100549.59,264736.31,6.48,6.85,6.85,6.85,45.45,51.51,51.7,51.71,51.71,0.4
[2026-05-08 02:25:35.392] ,429,25.84,33.1,100550.55,265766.94,6.35,6.71,6.71,6.71,44.53,50.48,50.66,50.67,50.67,0.4
[2026-05-08 02:25:40.412] ,429,25.88,33.11,100550.45,266805.62,6.22,6.58,6.58,6.58,43.66,49.49,49.66,49.68,49.68,0.41
[2026-05-08 02:25:45.426] ,428,25.91,33.09,100550.32,264326.28,5.81,6.15,6.15,6.15,40.77,46.22,46.38,46.39,46.4,0.41
[2026-05-08 02:25:50.441] ,429,25.86,33.08,100550.58,262295.09,5.59,5.91,5.91,5.91,39.24,44.48,44.63,44.64,44.65,0.4
[2026-05-08 02:25:55.453] ,429,25.86,33.12,100549.48,262496.78,5.67,5.99,5.99,5.99,39.75,45.06,45.22,45.23,45.24,0.4
[2026-05-08 02:26:00.468] ,428,25.88,33.13,100550.88,260692.47,5.92,6.26,6.26,6.26,41.51,47.05,47.22,47.23,47.24,0.4
[2026-05-08 02:26:05.481] ,427,25.95,33.12,100550.52,259503.3,6.04,6.39,6.39,6.39,42.37,48.03,48.2,48.21,48.21,0.41
[2026-05-08 02:26:10.491] ,427,25.95,33.04,100551.48,264121.75,6.16,6.52,6.52,6.52,43.23,49,49.17,49.18,49.19,0.41
[2026-05-08 02:26:15.509] ,427,26,32.95,100551.98,261491.31,6.45,6.82,6.82,6.82,45.22,51.26,51.44,51.45,51.46,0.41
[2026-05-08 02:26:20.521] ,428,25.93,32.93,100550.75,262901.16,6.54,6.92,6.92,6.92,45.89,52.02,52.2,52.21,52.22,0.41
[2026-05-08 02:26:25.531] ,427,25.89,32.98,100551.59,263713.62,6.43,6.8,6.8,6.8,45.11,51.13,51.32,51.33,51.33,0.41
[2026-05-08 02:26:30.551] ,428,25.85,33.02,100549.71,262698.81,6.5,6.88,6.88,6.88,45.62,51.71,51.89,51.9,51.91,0.4
[2026-05-08 02:26:35.563] ,428,25.81,33.07,100550.09,262295.09,6.48,6.86,6.86,6.86,45.48,51.56,51.74,51.75,51.75,0.41
[2026-05-08 02:26:40.572] ,427,25.78,33.11,100550.3,262295.09,6.52,6.9,6.9,6.9,45.78,51.89,52.07,52.08,52.09,0.41
[2026-05-08 02:26:45.591] ,427,25.79,33.17,100550.68,263510.03,6.85,7.24,7.24,7.24,48.04,54.46,54.65,54.66,54.67,0.41
[2026-05-08 02:26:50.601] ,426,25.82,33.18,100551.32,264326.28,7.18,7.59,7.59,7.59,50.34,57.06,57.27,57.28,57.28,0.41
[2026-05-08 02:26:55.608] ,426,25.78,33.18,100551.42,269331.94,7.31,7.73,7.73,7.73,51.26,58.1,58.31,58.32,58.33,0.41
[2026-05-08 02:27:00.630] ,427,25.8,33.19,100550.95,267014.34,7.27,7.69,7.69,7.69,51.03,57.85,58.05,58.06,58.07,0.4
[2026-05-08 02:27:05.641] ,429,25.84,33.2,100551.62,267642.44,7.21,7.63,7.63,7.63,50.61,57.37,57.57,57.59,57.59,0.4
[2026-05-08 02:27:10.653] ,428,25.84,33.17,100551.15,271042.88,7.22,7.63,7.63,7.63,50.65,57.42,57.62,57.63,57.64,0.4
[2026-05-08 02:27:15.670] ,429,25.84,33.17,100550.4,271042.88,6.84,7.23,7.23,7.23,47.96,54.36,54.56,54.57,54.57,0.4
[2026-05-08 02:27:20.682] ,430,25.87,33.15,100550.66,269119.59,6.48,6.85,6.85,6.85,45.45,51.52,51.71,51.72,51.72,0.4
[2026-05-08 02:27:25.691] ,429,25.93,33.13,100550.74,267852.47,6.4,6.77,6.77,6.77,44.9,50.9,51.08,51.09,51.09,0.4
[2026-05-08 02:27:30.704] ,430,25.92,33.07,100551.01,269971,6.39,6.76,6.76,6.76,44.82,50.81,50.99,51,51,0.4
[2026-05-08 02:27:35.718] ,429,25.93,33.04,100550.55,267223.38,6.38,6.75,6.75,6.75,44.76,50.74,50.92,50.93,50.94,0.4
[2026-05-08 02:27:40.738] ,428,25.95,33,100550.17,268695.88,6.22,6.58,6.58,6.58,43.66,49.49,49.67,49.68,49.68,0.41
[2026-05-08 02:27:45.752] ,431,25.93,33,100550.74,272993.88,6.35,6.71,6.71,6.71,44.52,50.46,50.64,50.65,50.66,0.4
[2026-05-08 02:27:50.768] ,431,25.9,33.04,100551.94,270613.09,6.25,6.6,6.6,6.6,43.81,49.66,49.84,49.85,49.86,0.41
[2026-05-08 02:27:55.781] ,432,25.89,33.07,100551.48,269971,6.25,6.6,6.6,6.6,43.82,49.67,49.84,49.85,49.86,0.41
[2026-05-08 02:28:00.791] ,433,25.9,33.08,100551.02,270398.72,6.36,6.72,6.72,6.72,44.6,50.55,50.73,50.74,50.75,0.41
[2026-05-08 02:28:05.809] ,437,25.91,33.1,100550.23,272340.44,6.41,6.78,6.78,6.78,44.99,50.99,51.17,51.18,51.19,0.41
[2026-05-08 02:28:10.821] ,436,25.88,33.1,100550.44,274089.94,6.19,6.54,6.54,6.54,43.41,49.2,49.38,49.39,49.39,0.41
[2026-05-08 02:28:15.831] ,435,25.82,33.12,100550.68,272993.88,6.31,6.68,6.68,6.68,44.29,50.21,50.39,50.4,50.4,0.41
[2026-05-08 02:28:20.852] ,433,25.81,33.19,100550.39,276532.53,6.61,6.99,6.99,6.99,46.38,52.57,52.76,52.77,52.77,0.41
[2026-05-08 02:28:25.861] ,433,25.78,33.18,100549.62,276085.19,6.62,7,7,7,46.43,52.62,52.81,52.82,52.83,0.41
[2026-05-08 02:28:30.881] ,433,25.79,33.2,100550.37,274751.81,6.32,6.68,6.68,6.68,44.32,50.24,50.42,50.43,50.44,0.41
[2026-05-08 02:28:35.894] ,431,25.76,33.23,100549.93,279019.06,6.17,6.52,6.52,6.52,43.27,49.04,49.22,49.23,49.23,0.41
[2026-05-08 02:28:40.912] ,433,25.79,33.24,100551.12,274530.84,5.93,6.27,6.27,6.27,41.59,47.14,47.31,47.32,47.32,0.41
[2026-05-08 02:28:45.921] ,431,25.75,33.23,100550.38,275416.91,6.07,6.42,6.42,6.42,42.57,48.26,48.43,48.44,48.44,0.41
[2026-05-08 02:28:50.935] ,433,25.71,33.27,100549.46,271258.28,6.42,6.79,6.79,6.79,45.07,51.09,51.27,51.28,51.29,0.42
[2026-05-08 02:28:55.951] ,435,25.7,33.29,100550.08,272993.88,6.36,6.73,6.73,6.73,44.65,50.61,50.79,50.8,50.8,0.42
[2026-05-08 02:29:00.965] ,435,25.68,33.3,100549.61,272123.31,6.18,6.53,6.53,6.53,43.33,49.12,49.29,49.31,49.31,0.42
[2026-05-08 02:29:05.982] ,433,25.66,33.3,100549.09,268484.53,6.37,6.74,6.74,6.74,44.72,50.69,50.87,50.88,50.88,0.43
[2026-05-08 02:29:10.996] ,433,25.67,33.31,100548.88,271042.88,6.26,6.62,6.62,6.62,43.89,49.75,49.93,49.94,49.95,0.43
[2026-05-08 02:29:16.008] ,433,25.67,33.35,100549.03,270184.69,6.04,6.39,6.39,6.39,42.4,48.06,48.23,48.24,48.25,0.43
[2026-05-08 02:29:21.021] ,434,25.68,33.36,100549.1,270184.69,5.88,6.21,6.21,6.21,41.22,46.72,46.89,46.9,46.9,0.43
[2026-05-08 02:29:26.042] ,434,25.65,33.36,100549.38,264326.28,5.61,5.93,5.93,5.93,39.35,44.6,44.76,44.77,44.77,0.42
[2026-05-08 02:29:31.058] ,433,25.63,33.36,100549.71,256577.3,5.39,5.7,5.7,5.7,37.79,42.84,42.99,43,43,0.43
[2026-05-08 02:29:36.072] ,433,25.64,33.37,100547.98,257351.09,5.4,5.71,5.71,5.71,37.86,42.91,43.07,43.08,43.08,0.42
[2026-05-08 02:29:41.081] ,435,25.66,33.37,100548.23,261291.14,5.55,5.87,5.87,5.87,38.97,44.17,44.33,44.34,44.34,0.42
[2026-05-08 02:29:46.101] ,434,25.66,33.37,100549.02,250918.89,5.98,6.33,6.33,6.33,41.98,47.59,47.76,47.77,47.77,0.42
[2026-05-08 02:29:51.106] ,434,25.62,33.37,100549.23,254853.16,6.07,6.42,6.42,6.42,42.58,48.27,48.44,48.45,48.46,0.42
[2026-05-08 02:29:56.121] ,435,25.69,33.4,100548.78,257157.2,5.87,6.2,6.2,6.2,41.16,46.65,46.82,46.83,46.83,0.42
[2026-05-08 02:30:01.140] ,435,25.69,33.38,100548.2,253905.28,5.87,6.21,6.21,6.21,41.19,46.69,46.86,46.87,46.87,0.42
[2026-05-08 02:30:06.153] ,436,25.69,33.34,100549.3,252777.09,6.14,6.49,6.49,6.49,43.07,48.82,48.99,49,49.01,0.41
[2026-05-08 02:30:11.171] ,438,25.68,33.35,100549.63,251473.48,6.25,6.6,6.6,6.6,43.81,49.66,49.84,49.85,49.86,0.41
[2026-05-08 02:30:16.181] ,436,25.69,33.34,100548.88,250734.58,6.32,6.69,6.69,6.69,44.35,50.27,50.45,50.46,50.47,0.41
[2026-05-08 02:30:21.202] ,437,25.69,33.32,100549.15,255808.14,6.14,6.5,6.5,6.5,43.09,48.85,49.02,49.03,49.04,0.41
[2026-05-08 02:30:26.207] ,436,25.69,33.31,100549.73,249451.89,6.11,6.47,6.47,6.47,42.89,48.62,48.79,48.8,48.81,0.41
[2026-05-08 02:30:31.225] ,434,25.67,33.31,100549.83,245328.22,6.25,6.61,6.61,6.61,43.88,49.74,49.92,49.93,49.93,0.41
[2026-05-08 02:30:36.237] ,434,25.69,33.31,100549.67,245152.02,6.27,6.63,6.63,6.63,44,49.88,50.05,50.06,50.07,0.41
[2026-05-08 02:30:41.251] ,433,25.7,33.3,100549.4,248182.27,6.42,6.79,6.79,6.79,45.07,51.09,51.27,51.28,51.29,0.4
[2026-05-08 02:30:46.267] ,432,25.74,33.29,100549.3,248543.69,6.32,6.69,6.69,6.69,44.35,50.28,50.46,50.47,50.47,0.4
[2026-05-08 02:30:51.282] ,431,25.78,33.27,100548.18,246746.98,6.07,6.41,6.41,6.41,42.56,48.24,48.41,48.42,48.43,0.4
[2026-05-08 02:30:56.290] ,433,25.81,33.24,100548.09,247283.27,5.85,6.19,6.19,6.19,41.04,46.52,46.69,46.7,46.7,0.4
[2026-05-08 02:31:01.301] ,432,25.84,33.19,100549.54,245858.34,5.63,5.96,5.96,5.96,39.53,44.81,44.96,44.97,44.98,0.4
[2026-05-08 02:31:06.322] ,433,25.84,33.16,100549.75,246213.03,5.44,5.76,5.76,5.76,38.19,43.29,43.45,43.46,43.46,0.4
[2026-05-08 02:31:11.333] ,434,25.84,33.14,100550.8,247283.27,5.2,5.5,5.5,5.5,36.52,41.39,41.54,41.55,41.55,0.41
[2026-05-08 02:31:16.351] ,436,25.82,33.11,100549.63,250000,5.31,5.62,5.62,5.62,37.28,42.25,42.4,42.41,42.42,0.4
[2026-05-08 02:31:21.363] ,436,25.84,33.1,100550.54,249817.03,5.6,5.92,5.92,5.92,39.27,44.52,44.67,44.68,44.69,0.4
[2026-05-08 02:31:26.371] ,433,25.83,33.09,100550.01,251103.48,5.69,6.01,6.01,6.01,39.9,45.23,45.39,45.4,45.41,0.4
[2026-05-08 02:31:31.392] ,433,25.8,33.09,100549.44,252403.25,5.63,5.95,5.95,5.95,39.48,44.75,44.91,44.92,44.92,0.4
[2026-05-08 02:31:36.402] ,433,25.78,33.12,100548.3,252777.09,5.6,5.92,5.92,5.92,39.28,44.52,44.68,44.69,44.69,0.4
[2026-05-08 02:31:41.409] ,434,25.77,33.15,100548.77,252964.42,5.62,5.94,5.94,5.94,39.42,44.68,44.84,44.85,44.85,0.4
[2026-05-08 02:31:46.431] ,433,25.8,33.14,100549.1,255234.3,5.75,6.08,6.08,6.08,40.32,45.7,45.86,45.87,45.88,0.4
[2026-05-08 02:31:51.436] ,431,25.78,33.15,100549.66,258324.92,5.63,5.95,5.95,5.95,39.5,44.78,44.94,44.95,44.95,0.4
[2026-05-08 02:31:56.458] ,433,25.77,33.19,100548.75,255808.14,5.72,6.05,6.05,6.05,40.14,45.5,45.66,45.67,45.67,0.4
[2026-05-08 02:32:01.470] ,435,25.81,33.19,100548.53,253339.94,5.97,6.31,6.31,6.31,41.88,47.48,47.64,47.65,47.66,0.4
[2026-05-08 02:32:06.481] ,436,25.83,33.18,100548.83,253905.28,6.02,6.37,6.37,6.37,42.26,47.9,48.08,48.09,48.09,0.39
[2026-05-08 02:32:11.491] ,433,25.88,33.17,100549.3,254283.58,6.27,6.63,6.63,6.63,44.01,49.88,50.06,50.07,50.08,0.4
[2026-05-08 02:32:16.512] ,433,25.84,33.12,100549.26,257739.75,6.45,6.82,6.82,6.82,45.27,51.32,51.5,51.51,51.52,0.4
[2026-05-08 02:32:21.522] ,432,25.82,33.11,100550.27,259503.3,6.7,7.08,7.08,7.08,46.98,53.25,53.44,53.45,53.46,0.4
[2026-05-08 02:32:26.541] ,431,25.8,33.1,100547.97,257739.75,6.96,7.36,7.36,7.36,48.86,55.38,55.58,55.59,55.6,0.41
[2026-05-08 02:32:31.551] ,430,25.73,33.13,100547.91,262496.78,7.17,7.58,7.58,7.58,50.31,57.02,57.23,57.24,57.24,0.41
[2026-05-08 02:32:36.561] ,432,25.69,33.17,100547.66,263510.03,7.01,7.41,7.41,7.41,49.15,55.71,55.91,55.92,55.93,0.4
[2026-05-08 02:32:41.581] ,432,25.69,33.23,100548.52,267852.47,6.9,7.29,7.29,7.29,48.39,54.85,55.04,55.05,55.06,0.41
[2026-05-08 02:32:46.591] ,430,25.67,33.28,100547.34,267223.38,7.03,7.43,7.43,7.43,49.32,55.9,56.1,56.11,56.12,0.41
[2026-05-08 02:32:51.612] ,434,25.7,33.33,100547.52,265353.72,6.85,7.24,7.24,7.24,48.04,54.46,54.65,54.66,54.67,0.4
[2026-05-08 02:32:56.621] ,434,25.7,33.32,100549.18,264326.28,6.85,7.24,7.24,7.24,48.06,54.48,54.67,54.68,54.69,0.4
[2026-05-08 02:33:01.633] ,434,25.69,33.31,100548.44,267223.38,6.73,7.11,7.11,7.11,47.19,53.49,53.68,53.69,53.7,0.4
[2026-05-08 02:33:06.652] ,433,25.69,33.33,100548.32,267014.34,6.63,7.01,7.01,7.01,46.5,52.7,52.89,52.9,52.91,0.4
[2026-05-08 02:33:11.658] ,431,25.72,33.34,100548.81,268484.53,6.41,6.78,6.78,6.78,44.98,50.98,51.16,51.17,51.18,0.4
[2026-05-08 02:33:16.672] ,432,25.71,33.32,100548.72,271258.28,6.12,6.47,6.47,6.47,42.92,48.65,48.82,48.83,48.83,0.4
[2026-05-08 02:33:21.684] ,431,25.75,33.32,100548.27,269544.62,6.46,6.83,6.83,6.83,45.32,51.37,51.55,51.56,51.56,0.4
[2026-05-08 02:33:26.701] ,432,25.75,33.31,100548.92,270184.69,6.58,6.95,6.95,6.95,46.14,52.3,52.49,52.5,52.5,0.4
[2026-05-08 02:33:31.716] ,431,25.8,33.31,100549.19,268907.56,6.62,7,7,7,46.42,52.61,52.8,52.81,52.82,0.39
[2026-05-08 02:33:36.731] ,430,25.8,33.27,100549.39,268062.81,6.3,6.66,6.66,6.66,44.18,50.08,50.26,50.27,50.27,0.39
[2026-05-08 02:33:41.741] ,431,25.82,33.24,100549.02,270827.81,6.12,6.47,6.47,6.47,42.96,48.69,48.87,48.88,48.88,0.4
[2026-05-08 02:33:46.755] ,430,25.8,33.21,100549.64,272123.31,6.36,6.73,6.73,6.73,44.64,50.6,50.78,50.79,50.79,0.4
[2026-05-08 02:33:51.770] ,429,25.79,33.21,100549.65,272340.44,6.38,6.75,6.75,6.75,44.77,50.75,50.93,50.94,50.95,0.4
[2026-05-08 02:33:56.784] ,427,25.76,33.21,100549.1,273650.47,6.42,6.79,6.79,6.79,45.05,51.06,51.25,51.26,51.26,0.4
[2026-05-08 02:34:01.789] ,429,25.78,33.22,100549.49,273212.38,6.34,6.7,6.7,6.7,44.47,50.4,50.58,50.59,50.6,0.41
[2026-05-08 02:34:06.804] ,429,25.67,33.23,100549.01,275862.06,6.4,6.76,6.76,6.76,44.87,50.86,51.05,51.06,51.06,0.4
[2026-05-08 02:34:11.821] ,427,25.65,33.31,100548.16,275194.84,6.56,6.94,6.94,6.94,46.02,52.17,52.35,52.36,52.37,0.4
[2026-05-08 02:34:16.829] ,428,25.61,33.35,100548.09,278109.72,6.56,6.94,6.94,6.94,46.03,52.17,52.36,52.37,52.37,0.39
[2026-05-08 02:34:21.839] ,428,25.63,33.4,100548.22,276981.34,6.62,7,7,7,46.46,52.67,52.86,52.87,52.87,0.4
[2026-05-08 02:34:26.851] ,425,25.63,33.43,100548.12,276085.19,6.52,6.89,6.89,6.89,45.73,51.84,52.02,52.03,52.04,0.4
[2026-05-08 02:34:31.871] ,425,25.69,33.46,100548.24,275862.06,6.62,7,7,7,46.45,52.66,52.84,52.85,52.86,0.4
[2026-05-08 02:34:36.881] ,427,25.69,33.41,100548.08,276532.53,6.54,6.91,6.91,6.91,45.87,51.99,52.18,52.19,52.19,0.4
[2026-05-08 02:34:41.892] ,426,25.73,33.38,100548.48,275416.91,6.46,6.83,6.83,6.83,45.33,51.38,51.57,51.58,51.58,0.39
[2026-05-08 02:34:46.907] ,426,25.74,33.35,100548.98,276532.53,6.45,6.82,6.82,6.82,45.27,51.31,51.5,51.51,51.51,0.4
[2026-05-08 02:34:51.920] ,426,25.72,33.33,100547.34,278791.19,6.56,6.94,6.94,6.94,46.05,52.2,52.39,52.4,52.4,0.4
[2026-05-08 02:34:56.937] ,425,25.78,33.35,100548.12,276085.19,6.61,6.99,6.99,6.99,46.4,52.6,52.79,52.8,52.8,0.39
[2026-05-08 02:35:01.951] ,424,25.8,33.29,100548.08,275639.31,6.6,6.98,6.98,6.98,46.28,52.46,52.64,52.66,52.66,0.39
[2026-05-08 02:35:06.961] ,427,25.84,33.25,100547.87,276756.75,6.46,6.83,6.83,6.83,45.29,51.34,51.52,51.53,51.54,0.4
[2026-05-08 02:35:11.977] ,426,25.85,33.2,100548.21,275639.31,6.46,6.83,6.83,6.83,45.31,51.36,51.54,51.55,51.56,0.4
[2026-05-08 02:35:16.995] ,423,25.91,33.17,100548.41,276981.34,6.46,6.83,6.83,6.83,45.34,51.39,51.58,51.59,51.59,0.4
[2026-05-08 02:35:22.001] ,425,25.93,33.12,100548.47,274530.84,6.44,6.81,6.81,6.81,45.21,51.25,51.43,51.44,51.45,0.4
[2026-05-08 02:35:27.022] ,423,25.92,33.07,100549,276308.69,6.55,6.93,6.93,6.93,45.97,52.1,52.29,52.3,52.3,0.4
[2026-05-08 02:35:32.037] ,423,25.96,33.05,100548.48,273870.03,6.26,6.62,6.62,6.62,43.91,49.77,49.95,49.96,49.96,0.4
[2026-05-08 02:35:37.042] ,423,25.98,33.01,100548.55,274973.16,5.84,6.18,6.18,6.18,41,46.48,46.64,46.65,46.65,0.4
[2026-05-08 02:35:42.063] ,422,25.98,32.97,100548.49,275194.84,5.66,5.99,5.99,5.99,39.73,45.03,45.19,45.2,45.21,0.4
[2026-05-08 02:35:47.072] ,420,26.01,32.94,100549.23,274530.84,5.54,5.86,5.86,5.86,38.86,44.04,44.2,44.21,44.21,0.4
[2026-05-08 02:35:52.087] ,420,26,32.92,100549.11,277883.31,5.87,6.21,6.21,6.21,41.18,46.68,46.84,46.85,46.86,0.4
[2026-05-08 02:35:57.102] ,420,26.01,32.9,100548.41,276308.69,6.26,6.62,6.62,6.62,43.93,49.8,49.97,49.98,49.99,0.41
[2026-05-08 02:36:02.111] ,419,26.02,32.89,100547.8,274751.81,6.31,6.67,6.67,6.67,44.25,50.15,50.33,50.34,50.35,0.4
[2026-05-08 02:36:07.128] ,420,26.02,32.88,100547.65,276085.19,6.32,6.69,6.69,6.69,44.37,50.3,50.48,50.49,50.49,0.4
[2026-05-08 02:36:12.141] ,421,25.97,32.88,100547.74,277657.28,6.44,6.81,6.81,6.81,45.18,51.21,51.4,51.41,51.41,0.4
[2026-05-08 02:36:17.149] ,421,25.94,32.91,100550.02,275639.31,6.44,6.81,6.81,6.81,45.2,51.24,51.42,51.43,51.43,0.4
[2026-05-08 02:36:22.164] ,420,25.88,32.94,100549.3,278563.66,6.13,6.48,6.48,6.48,43.02,48.77,48.94,48.95,48.95,0.4
[2026-05-08 02:36:27.179] ,421,25.88,32.99,100549.08,277431.59,6.08,6.43,6.43,6.43,42.67,48.37,48.54,48.55,48.56,0.4
[2026-05-08 02:36:32.192] ,421,25.83,32.99,100547.94,283185.84,6.16,6.51,6.51,6.51,43.19,48.96,49.13,49.14,49.15,0.4
[2026-05-08 02:36:37.205] ,420,25.82,33.04,100547.57,279475.97,6.19,6.55,6.55,6.55,43.43,49.23,49.4,49.41,49.42,0.39
[2026-05-08 02:36:42.221] ,419,25.85,33.06,100549.04,277431.59,6.08,6.43,6.43,6.43,42.69,48.39,48.56,48.57,48.57,0.4
[2026-05-08 02:36:47.231] ,420,25.85,33.07,100548.28,276085.19,5.83,6.16,6.16,6.16,40.89,46.34,46.51,46.52,46.52,0.4
[2026-05-08 02:36:52.241] ,419,25.85,33.06,100548.12,279705,5.75,6.08,6.08,6.08,40.33,45.72,45.88,45.89,45.89,0.4
[2026-05-08 02:36:57.261] ,421,25.91,33.05,100547.17,277206.28,5.63,5.96,5.96,5.96,39.53,44.81,44.97,44.98,44.98,0.39
[2026-05-08 02:37:02.279] ,423,25.93,33.03,100548.27,277883.31,5.69,6.01,6.01,6.01,39.9,45.23,45.39,45.4,45.4,0.39
[2026-05-08 02:37:07.290] ,422,25.98,33.01,100548.34,276308.69,5.85,6.18,6.18,6.18,41.02,46.5,46.66,46.67,46.68,0.39
[2026-05-08 02:37:12.303] ,421,26.01,32.97,100548.21,278563.66,5.91,6.25,6.25,6.25,41.48,47.01,47.18,47.19,47.2,0.39
[2026-05-08 02:37:17.319] ,422,26.03,32.91,100549.58,278791.19,5.8,6.13,6.13,6.13,40.67,46.1,46.26,46.27,46.27,0.39
[2026-05-08 02:37:22.337] ,422,25.95,32.87,100547.75,279475.97,5.6,5.92,5.92,5.92,39.3,44.55,44.71,44.71,44.72,0.38
[2026-05-08 02:37:27.352] ,422,25.98,32.89,100547.91,280394.31,5.71,6.03,6.03,6.03,40.04,45.38,45.55,45.56,45.56,0.39
[2026-05-08 02:37:32.359] ,423,25.99,32.89,100548.58,277883.31,5.81,6.14,6.14,6.14,40.75,46.19,46.35,46.36,46.37,0.39
[2026-05-08 02:37:37.382] ,425,25.99,32.89,100548.98,278336.5,5.85,6.18,6.18,6.18,41.03,46.51,46.67,46.68,46.69,0.39
[2026-05-08 02:37:42.391] ,424,26.03,32.87,100547.06,278563.66,5.77,6.1,6.1,6.1,40.47,45.87,46.04,46.05,46.05,0.39
[2026-05-08 02:37:47.405] ,427,26.01,32.83,100548.48,280624.84,5.89,6.23,6.23,6.23,41.31,46.83,46.99,47,47.01,0.39
[2026-05-08 02:37:52.421] ,424,25.96,32.84,100548.58,282015.97,6.04,6.39,6.39,6.39,42.38,48.04,48.21,48.22,48.23,0.39
[2026-05-08 02:37:57.433] ,424,25.96,32.85,100548.38,281318.69,5.92,6.27,6.27,6.27,41.57,47.12,47.28,47.29,47.3,0.39
[2026-05-08 02:38:02.450] ,424,25.98,32.87,100548.44,279247.34,6.21,6.56,6.56,6.56,43.54,49.36,49.53,49.54,49.55,0.39
[2026-05-08 02:38:07.461] ,424,25.97,32.89,100547.94,281783.16,6.38,6.74,6.74,6.74,44.75,50.72,50.9,50.91,50.92,0.39
[2026-05-08 02:38:12.471] ,422,25.91,32.91,100549.52,281550.72,6.03,6.37,6.37,6.37,42.27,47.92,48.09,48.1,48.1,0.39
[2026-05-08 02:38:17.493] ,424,25.86,32.94,100548.98,281783.16,6.24,6.6,6.6,6.6,43.78,49.63,49.8,49.81,49.82,0.39
[2026-05-08 02:38:22.499] ,424,25.83,32.98,100548.5,281783.16,6.53,6.91,6.91,6.91,45.82,51.94,52.13,52.14,52.14,0.39
[2026-05-08 02:38:27.511] ,424,25.81,33.02,100547.9,282951.09,6.31,6.68,6.68,6.68,44.3,50.21,50.39,50.4,50.41,0.39
[2026-05-08 02:38:32.533] ,426,25.81,33.07,100548.68,282015.97,6.37,6.73,6.73,6.73,44.68,50.65,50.83,50.84,50.84,0.39
[2026-05-08 02:38:37.543] ,426,25.81,33.09,100549.65,284840.06,6.52,6.9,6.9,6.9,45.78,51.89,52.07,52.08,52.09,0.39
[2026-05-08 02:38:42.553] ,427,25.76,33.1,100548.18,285554.94,6.45,6.82,6.82,6.82,45.26,51.3,51.48,51.49,51.5,0.39
[2026-05-08 02:38:47.571] ,427,25.78,33.15,100548.6,283892.44,6.27,6.63,6.63,6.63,44.01,49.89,50.06,50.07,50.08,0.39
[2026-05-08 02:38:52.587] ,427,25.79,33.14,100548.54,282015.97,6.23,6.58,6.58,6.58,43.68,49.51,49.69,49.7,49.7,0.39
[2026-05-08 02:38:57.597] ,429,25.81,33.16,100548.34,283656.5,6.33,6.69,6.69,6.69,44.42,50.35,50.53,50.54,50.54,0.39
[2026-05-08 02:39:02.612] ,430,25.84,33.14,100549.96,281318.69,6.42,6.79,6.79,6.79,45.07,51.08,51.26,51.27,51.28,0.4
[2026-05-08 02:39:07.621] ,431,25.88,33.12,100549.27,282015.97,6.47,6.85,6.85,6.85,45.42,51.49,51.67,51.68,51.68,0.4
[2026-05-08 02:39:12.642] ,432,25.93,33.08,100550.61,281783.16,6.16,6.51,6.51,6.51,43.21,48.98,49.15,49.16,49.17,0.4
[2026-05-08 02:39:17.651] ,430,25.96,33.04,100549.72,281318.69,5.93,6.27,6.27,6.27,41.62,47.18,47.35,47.36,47.36,0.39
[2026-05-08 02:39:22.671] ,429,25.93,33.02,100549.34,280164.16,5.99,6.34,6.34,6.34,42.04,47.66,47.83,47.84,47.84,0.39
[2026-05-08 02:39:27.684] ,429,25.91,33,100550.37,281087.03,5.89,6.23,6.23,6.23,41.32,46.84,47.01,47.02,47.02,0.39
[2026-05-08 02:39:32.701] ,431,25.92,33.02,100550.76,281087.03,5.87,6.21,6.21,6.21,41.18,46.68,46.84,46.85,46.86,0.39
[2026-05-08 02:39:37.714] ,431,25.93,33.02,100550.86,282482.75,6.23,6.59,6.59,6.59,43.74,49.58,49.76,49.77,49.77,0.39
[2026-05-08 02:39:42.723] ,431,25.93,33.01,100549.5,281318.69,6.62,7,7,7,46.42,52.62,52.8,52.81,52.82,0.39
[2026-05-08 02:39:47.738] ,432,25.94,33,100550.72,281550.72,6.64,7.02,7.02,7.02,46.61,52.83,53.02,53.03,53.03,0.39
[2026-05-08 02:39:52.761] ,433,26,32.98,100550.31,280624.84,6.58,6.96,6.96,6.96,46.18,52.34,52.53,52.54,52.55,0.4
[2026-05-08 02:39:57.770] ,433,26.03,32.95,100550.27,279475.97,6.15,6.5,6.5,6.5,43.11,48.87,49.04,49.05,49.06,0.39
[2026-05-08 02:40:02.782] ,432,26.04,32.89,100550.23,281318.69,5.7,6.02,6.02,6.02,39.97,45.31,45.47,45.48,45.48,0.39
[2026-05-08 02:40:07.802] ,429,25.97,32.87,100548.99,286273.41,5.71,6.04,6.04,6.04,40.05,45.4,45.56,45.57,45.58,0.39
[2026-05-08 02:40:12.812] ,430,25.97,32.88,100549.69,285077.94,5.89,6.23,6.23,6.23,41.31,46.82,46.99,47,47,0.39
[2026-05-08 02:40:17.827] ,429,25.93,32.91,100550.57,284128.75,5.94,6.29,6.29,6.29,41.7,47.27,47.44,47.45,47.45,0.39
[2026-05-08 02:40:22.842] ,432,25.93,32.92,100550.56,284602.56,5.8,6.13,6.13,6.13,40.66,46.09,46.26,46.26,46.27,0.39
[2026-05-08 02:40:27.861] ,432,25.89,32.94,100549.8,284365.47,5.86,6.19,6.19,6.19,41.09,46.58,46.74,46.75,46.76,0.39
[2026-05-08 02:40:32.873] ,430,25.93,32.98,100550.97,284365.47,6.08,6.43,6.43,6.43,42.68,48.38,48.56,48.57,48.57,0.39
[2026-05-08 02:40:37.884] ,428,25.93,33.01,100549.85,285077.94,6.27,6.63,6.63,6.63,43.98,49.85,50.03,50.04,50.04,0.39
[2026-05-08 02:40:42.895] ,428,25.92,33,100550.7,285554.94,6.02,6.37,6.37,6.37,42.26,47.9,48.07,48.08,48.08,0.39
[2026-05-08 02:40:47.916] ,427,25.85,33,100550.36,285077.94,6.12,6.47,6.47,6.47,42.92,48.65,48.83,48.84,48.84,0.39
[2026-05-08 02:40:52.930] ,427,25.83,33.02,100550.04,286995.53,6.02,6.36,6.36,6.36,42.2,47.84,48.01,48.02,48.02,0.4
[2026-05-08 02:40:57.940] ,428,25.85,33.05,100550.63,285316.25,6.36,6.73,6.73,6.73,44.63,50.59,50.77,50.78,50.79,0.4
[2026-05-08 02:41:02.962] ,426,25.85,33.06,100548.52,286995.53,6.5,6.87,6.87,6.87,45.58,51.66,51.85,51.86,51.86,0.4
[2026-05-08 02:41:07.973] ,427,25.88,33.06,100551.11,285794.03,6.77,7.16,7.16,7.16,47.53,53.87,54.06,54.08,54.08,0.39
[2026-05-08 02:41:12.981] ,428,25.92,33.04,100551.25,286513.72,6.65,7.03,7.03,7.03,46.66,52.89,53.07,53.08,53.09,0.39
[2026-05-08 02:41:17.996] ,429,25.95,32.99,100551.51,284840.06,6.5,6.87,6.87,6.87,45.59,51.68,51.87,51.88,51.88,0.39
[2026-05-08 02:41:23.011] ,428,25.97,32.95,100550.65,283892.44,6.71,7.09,7.09,7.09,47.07,53.35,53.54,53.56,53.56,0.39
[2026-05-08 02:41:28.031] ,430,25.98,32.9,100551.77,286273.41,6.75,7.13,7.13,7.13,47.33,53.65,53.85,53.86,53.86,0.39
[2026-05-08 02:41:33.041] ,430,25.98,32.86,100549.94,286033.53,6.55,6.93,6.93,6.93,45.94,52.08,52.26,52.28,52.28,0.39
[2026-05-08 02:41:38.057] ,430,25.94,32.86,100550.88,287721.28,6.68,7.06,7.06,7.06,46.87,53.13,53.32,53.33,53.33,0.38
[2026-05-08 02:41:43.071] ,429,25.96,32.88,100552.39,286033.53,6.69,7.07,7.07,7.07,46.91,53.18,53.37,53.38,53.38,0.38
[2026-05-08 02:41:48.081] ,430,25.97,32.89,100551.42,285554.94,6.51,6.89,6.89,6.89,45.7,51.8,51.99,52,52,0.38
[2026-05-08 02:41:53.101] ,432,25.99,32.86,100551.2,287478.94,6.36,6.73,6.73,6.73,44.65,50.61,50.79,50.8,50.81,0.39
[2026-05-08 02:41:58.109] ,433,26.01,32.85,100550.85,285316.25,6.03,6.38,6.38,6.38,42.3,47.94,48.11,48.12,48.13,0.38
[2026-05-08 02:42:03.123] ,433,26.01,32.83,100550.59,285554.94,5.84,6.18,6.18,6.18,40.98,46.45,46.61,46.62,46.63,0.38
[2026-05-08 02:42:08.141] ,434,25.98,32.82,100551.02,288207.16,6,6.35,6.35,6.35,42.1,47.73,47.9,47.91,47.91,0.38
[2026-05-08 02:42:13.150] ,433,25.94,32.84,100551.26,288450.72,6.35,6.71,6.71,6.71,44.54,50.49,50.67,50.68,50.68,0.39
[2026-05-08 02:42:18.171] ,434,25.92,32.88,100550.94,287964,6.75,7.13,7.13,7.13,47.34,53.66,53.85,53.86,53.86,0.39
[2026-05-08 02:42:23.181] ,435,25.91,32.88,100552.36,287721.28,6.8,7.19,7.19,7.19,47.68,54.04,54.24,54.25,54.25,0.39
[2026-05-08 02:42:28.194] ,434,25.89,32.92,100551.52,291654.81,6.63,7.01,7.01,7.01,46.54,52.75,52.94,52.95,52.95,0.39
[2026-05-08 02:42:33.211] ,434,25.8,32.96,100550.91,290661.38,6.45,6.82,6.82,6.82,45.28,51.32,51.51,51.52,51.52,0.39
[2026-05-08 02:42:38.232] ,434,25.8,33.02,100551.48,290414.06,6.39,6.76,6.76,6.76,44.82,50.8,50.98,50.99,51,0.39
[2026-05-08 02:42:43.241] ,432,25.72,33.09,100551.16,289674.69,6.09,6.44,6.44,6.44,42.75,48.46,48.63,48.64,48.65,0.39
[2026-05-08 02:42:48.262] ,434,25.74,33.16,100550.77,288207.16,5.97,6.31,6.31,6.31,41.88,47.47,47.64,47.65,47.66,0.39
[2026-05-08 02:42:53.271] ,433,25.71,33.19,100551.2,290909.09,6.07,6.42,6.42,6.42,42.6,48.29,48.47,48.48,48.48,0.39
[2026-05-08 02:42:58.286] ,432,25.72,33.22,100549.35,290661.38,5.92,6.26,6.26,6.26,41.54,47.08,47.25,47.26,47.26,0.39
[2026-05-08 02:43:03.302] ,430,25.7,33.23,100551.3,291904.22,5.78,6.11,6.11,6.11,40.53,45.94,46.11,46.12,46.12,0.39
[2026-05-08 02:43:08.322] ,432,25.71,33.26,100549.93,290661.38,6.15,6.5,6.5,6.5,43.15,48.92,49.09,49.1,49.1,0.39
[2026-05-08 02:43:13.331] ,432,25.74,33.25,100551.66,290909.09,6.3,6.67,6.67,6.67,44.23,50.14,50.32,50.33,50.33,0.39
[2026-05-08 02:43:18.344] ,432,25.74,33.24,100550.92,292655.03,6.22,6.57,6.57,6.57,43.62,49.44,49.62,49.63,49.63,0.39
[2026-05-08 02:43:23.355] ,432,25.77,33.21,100552,291654.81,6.12,6.47,6.47,6.47,42.95,48.68,48.85,48.86,48.87,0.39
[2026-05-08 02:43:28.371] ,430,25.8,33.17,100552.65,292655.03,6.02,6.37,6.37,6.37,42.25,47.89,48.06,48.07,48.08,0.39
[2026-05-08 02:43:33.391] ,430,25.81,33.15,100552.38,291157.25,5.89,6.22,6.22,6.22,41.29,46.81,46.97,46.98,46.99,0.39
[2026-05-08 02:43:38.402] ,428,25.84,33.15,100551.8,291405.81,5.74,6.07,6.07,6.07,40.27,45.65,45.81,45.82,45.83,0.4
[2026-05-08 02:43:43.420] ,429,25.85,33.1,100551.26,290167.19,5.82,6.15,6.15,6.15,40.81,46.26,46.42,46.43,46.44,0.4
[2026-05-08 02:43:48.428] ,430,25.82,33.06,100551.35,292154.06,5.85,6.19,6.19,6.19,41.04,46.52,46.69,46.7,46.7,0.4
[2026-05-08 02:43:53.441] ,428,25.81,33.07,100551.55,290909.09,6.13,6.48,6.48,6.48,43,48.74,48.92,48.93,48.93,0.4
[2026-05-08 02:43:58.461] ,426,25.82,33.06,100551.8,290167.19,6.13,6.48,6.48,6.48,43,48.74,48.92,48.93,48.93,0.41
[2026-05-08 02:44:03.471] ,426,25.84,33.06,100553.35,291654.81,6.12,6.47,6.47,6.47,42.95,48.68,48.86,48.87,48.87,0.41
[2026-05-08 02:44:08.488] ,428,25.83,33.03,100552.23,291654.81,6.17,6.52,6.52,6.52,43.28,49.06,49.23,49.24,49.25,0.41
[2026-05-08 02:44:13.501] ,427,25.81,33.07,100551.49,290909.09,5.91,6.25,6.25,6.25,41.48,47.02,47.18,47.19,47.2,0.41
[2026-05-08 02:44:18.511] ,428,25.82,33.08,100552.75,291405.81,5.79,6.13,6.13,6.13,40.65,46.08,46.24,46.25,46.26,0.41
[2026-05-08 02:44:23.535] ,428,25.83,33.1,100552.71,290167.19,5.7,6.03,6.03,6.03,39.99,45.33,45.49,45.5,45.5,0.41
[2026-05-08 02:44:28.541] ,428,25.85,33.08,100552.8,291405.81,5.71,6.04,6.04,6.04,40.08,45.43,45.59,45.6,45.6,0.41
[2026-05-08 02:44:33.561] ,428,25.88,33.05,100553.33,290167.19,5.99,6.33,6.33,6.33,42.01,47.62,47.79,47.8,47.8,0.41
[2026-05-08 02:44:38.572] ,428,25.9,33.04,100552.4,291157.25,5.94,6.29,6.29,6.29,41.7,47.27,47.44,47.45,47.45,0.4
[2026-05-08 02:44:43.591] ,429,25.92,32.97,100552.84,289674.69,5.96,6.31,6.31,6.31,41.83,47.42,47.59,47.6,47.6,0.4
[2026-05-08 02:44:48.603] ,430,25.95,32.95,100553.94,290167.19,6.13,6.48,6.48,6.48,42.98,48.72,48.9,48.91,48.91,0.4
[2026-05-08 02:44:53.611] ,431,25.96,32.93,100552.61,290167.19,6.39,6.75,6.75,6.75,44.8,50.78,50.96,50.98,50.98,0.41
[2026-05-08 02:44:58.623] ,431,25.98,32.89,100552.81,291405.81,6.52,6.9,6.9,6.9,45.77,51.89,52.07,52.08,52.09,0.4
[2026-05-08 02:45:03.642] ,431,25.93,32.89,100551.56,291654.81,6.54,6.92,6.92,6.92,45.91,52.04,52.23,52.24,52.25,0.4
[2026-05-08 02:45:08.653] ,431,25.94,32.9,100553.01,290167.19,6.34,6.71,6.71,6.71,44.51,50.46,50.64,50.65,50.65,0.4
[2026-05-08 02:45:13.671] ,431,25.94,32.89,100551.23,288450.72,6.22,6.58,6.58,6.58,43.64,49.47,49.65,49.66,49.66,0.4
[2026-05-08 02:45:18.681] ,431,25.92,32.91,100552.3,288939.06,6.08,6.43,6.43,6.43,42.69,48.39,48.56,48.57,48.58,0.4
[2026-05-08 02:45:23.691] ,431,25.88,32.95,100551.42,289920.72,6.09,6.44,6.44,6.44,42.71,48.41,48.59,48.6,48.6,0.4
[2026-05-08 02:45:28.716] ,432,25.83,33.02,100551.3,292655.03,6.25,6.61,6.61,6.61,43.85,49.71,49.88,49.89,49.9,0.4
[2026-05-08 02:45:33.726] ,430,25.8,33.07,100553.06,294168.34,6.47,6.84,6.84,6.84,45.36,51.42,51.6,51.61,51.62,0.39
[2026-05-08 02:45:38.741] ,429,25.81,33.12,100550.91,292404.34,6.74,7.13,7.13,7.13,47.3,53.62,53.81,53.82,53.82,0.39
[2026-05-08 02:45:43.751] ,430,25.83,33.14,100551.45,291157.25,6.76,7.15,7.15,7.15,47.45,53.78,53.98,53.99,53.99,0.39
[2026-05-08 02:45:48.761] ,431,25.76,33.16,100551.99,294422.09,6.56,6.93,6.93,6.93,46,52.14,52.33,52.34,52.34,0.39
[2026-05-08 02:45:53.781] ,432,25.72,33.17,100551.1,292906.19,6.55,6.93,6.93,6.93,45.96,52.1,52.28,52.29,52.3,0.39
[2026-05-08 02:45:58.794] ,432,25.76,33.22,100551.12,291157.25,7,7.4,7.4,7.4,49.13,55.69,55.89,55.9,55.9,0.4
[2026-05-08 02:46:03.801] ,430,25.75,33.21,100552.15,291654.81,7.32,7.74,7.74,7.74,51.37,58.22,58.43,58.44,58.45,0.4
[2026-05-08 02:46:08.815] ,429,25.72,33.23,100549.63,291405.81,7.25,7.67,7.67,7.67,50.89,57.69,57.89,57.9,57.91,0.4
[2026-05-08 02:46:13.831] ,430,25.67,33.27,100550.55,293157.75,7.01,7.41,7.41,7.41,49.16,55.72,55.92,55.93,55.94,0.4
[2026-05-08 02:46:18.842] ,430,25.68,33.3,100550.48,293157.75,7.03,7.43,7.43,7.43,49.29,55.87,56.07,56.08,56.08,0.4
[2026-05-08 02:46:23.856] ,430,25.71,33.32,100549.21,293157.75,7.05,7.45,7.45,7.45,49.44,56.04,56.24,56.25,56.26,0.39
[2026-05-08 02:46:28.867] ,431,25.68,33.31,100549.48,292906.19,6.98,7.38,7.38,7.38,48.94,55.48,55.68,55.69,55.69,0.39
[2026-05-08 02:46:33.887] ,429,25.69,33.33,100551.23,293157.75,6.8,7.19,7.19,7.19,47.7,54.07,54.26,54.27,54.28,0.39
[2026-05-08 02:46:38.902] ,431,25.67,33.33,100549.98,296467.88,6.6,6.98,6.98,6.98,46.31,52.5,52.68,52.69,52.7,0.4
[2026-05-08 02:46:43.908] ,431,25.62,33.35,100549.23,295185.94,6.33,6.69,6.69,6.69,44.41,50.34,50.52,50.53,50.53,0.4
[2026-05-08 02:46:48.925] ,431,25.61,33.39,100549.54,295697.38,6.17,6.53,6.53,6.53,43.3,49.09,49.26,49.27,49.28,0.4
[2026-05-08 02:46:53.938] ,430,25.62,33.41,100549.26,293662.19,6.35,6.72,6.72,6.72,44.58,50.53,50.71,50.72,50.72,0.4
[2026-05-08 02:46:58.954] ,432,25.63,33.41,100550.16,294930.88,6.49,6.87,6.87,6.87,45.55,51.63,51.82,51.83,51.83,0.4
[2026-05-08 02:47:03.972] ,431,25.64,33.42,100548.92,295953.75,6.76,7.15,7.15,7.15,47.45,53.78,53.97,53.99,53.99,0.4
[2026-05-08 02:47:08.983] ,429,25.63,33.41,100549.37,294676.25,6.94,7.34,7.34,7.34,48.68,55.19,55.38,55.39,55.4,0.39
[2026-05-08 02:47:13.999] ,432,25.65,33.43,100549.88,294930.88,6.93,7.33,7.33,7.33,48.61,55.1,55.29,55.3,55.31,0.39
[2026-05-08 02:47:19.005] ,434,25.67,33.42,100551.5,294422.09,6.7,7.09,7.09,7.09,47.01,53.29,53.48,53.49,53.49,0.4
[2026-05-08 02:47:24.021] ,433,25.7,33.42,100549.05,294168.34,6.58,6.96,6.96,6.96,46.16,52.32,52.5,52.51,52.52,0.4
[2026-05-08 02:47:29.041] ,433,25.67,33.41,100551.03,294422.09,6.28,6.64,6.64,6.64,44.08,49.97,50.15,50.16,50.16,0.4
[2026-05-08 02:47:34.050] ,433,25.71,33.41,100549.01,294168.34,6.03,6.38,6.38,6.38,42.3,47.95,48.12,48.13,48.13,0.4
[2026-05-08 02:47:39.061] ,431,25.69,33.39,100549.83,295185.94,5.71,6.04,6.04,6.04,40.08,45.43,45.6,45.61,45.61,0.4
[2026-05-08 02:47:44.081] ,433,25.72,33.39,100549.86,294676.25,5.51,5.83,5.83,5.83,38.67,43.84,43.99,44,44.01,0.4
[2026-05-08 02:47:49.095] ,433,25.69,33.36,100550.27,298020.97,5.34,5.65,5.65,5.65,37.49,42.5,42.65,42.66,42.66,0.39
[2026-05-08 02:47:54.110] ,434,25.65,33.37,100549.62,297760.97,5.34,5.65,5.65,5.65,37.45,42.45,42.61,42.61,42.62,0.39
[2026-05-08 02:47:59.121] ,434,25.65,33.39,100550.83,297242.38,5.38,5.69,5.69,5.69,37.73,42.76,42.91,42.92,42.93,0.4
[2026-05-08 02:48:04.132] ,436,25.59,33.41,100548.54,299590.41,5.66,5.98,5.98,5.98,39.71,45.01,45.17,45.18,45.18,0.4
[2026-05-08 02:48:09.141] ,436,25.59,33.44,100548.95,299065.41,5.8,6.14,6.14,6.14,40.71,46.15,46.31,46.32,46.33,0.4
[2026-05-08 02:48:14.161] ,436,25.59,33.49,100550.42,299853.59,5.87,6.2,6.2,6.2,41.16,46.65,46.82,46.83,46.83,0.4
[2026-05-08 02:48:19.171] ,433,25.55,33.5,100548.66,300381.34,5.95,6.29,6.29,6.29,41.72,47.29,47.46,47.46,47.47,0.4
[2026-05-08 02:48:24.187] ,434,25.58,33.52,100549.42,299327.69,6.36,6.73,6.73,6.73,44.63,50.59,50.77,50.78,50.79,0.41
[2026-05-08 02:48:29.195] ,433,25.56,33.53,100549.47,299590.41,6.35,6.72,6.72,6.72,44.57,50.52,50.7,50.71,50.72,0.41
[2026-05-08 02:48:34.212] ,431,25.59,33.56,100549.66,300645.91,6.42,6.79,6.79,6.79,45.04,51.06,51.24,51.25,51.25,0.41
[2026-05-08 02:48:39.221] ,432,25.64,33.54,100549.06,299327.69,6.62,7,7,7,46.41,52.61,52.79,52.8,52.81,0.41
[2026-05-08 02:48:44.231] ,430,25.62,33.5,100549.42,298020.97,6.58,6.95,6.95,6.95,46.14,52.3,52.49,52.5,52.5,0.41
[2026-05-08 02:48:49.252] ,431,25.63,33.5,100550.32,298542.28,6.45,6.82,6.82,6.82,45.22,51.26,51.44,51.45,51.46,0.41
[2026-05-08 02:48:54.261] ,430,25.68,33.49,100550.25,296983.75,6.25,6.61,6.61,6.61,43.83,49.68,49.85,49.86,49.87,0.4
[2026-05-08 02:48:59.282] ,431,25.7,33.47,100549.55,295953.75,6.09,6.44,6.44,6.44,42.72,48.43,48.6,48.61,48.61,0.4
[2026-05-08 02:49:04.292] ,430,25.75,33.42,100551.29,295185.94,6.09,6.44,6.44,6.44,42.7,48.4,48.57,48.58,48.58,0.4
[2026-05-08 02:49:09.308] ,430,25.78,33.36,100550.89,295697.38,6.15,6.5,6.5,6.5,43.12,48.88,49.05,49.06,49.07,0.4
[2026-05-08 02:49:14.320] ,431,25.8,33.32,100550.11,295697.38,6.25,6.61,6.61,6.61,43.88,49.74,49.92,49.93,49.93,0.4
[2026-05-08 02:49:19.331] ,432,25.78,33.27,100551.07,296725.59,6.22,6.58,6.58,6.58,43.64,49.47,49.65,49.66,49.66,0.4
[2026-05-08 02:49:24.343] ,431,25.77,33.25,100552.12,294930.88,6.07,6.42,6.42,6.42,42.58,48.27,48.44,48.45,48.45,0.4
[2026-05-08 02:49:29.356] ,429,25.71,33.25,100549.84,297242.38,5.94,6.28,6.28,6.28,41.66,47.22,47.39,47.4,47.41,0.39
[2026-05-08 02:49:34.371] ,428,25.67,33.32,100550.2,296983.75,5.97,6.32,6.32,6.32,41.91,47.51,47.68,47.69,47.69,0.39
[2026-05-08 02:49:39.388] ,427,25.67,33.36,100550.8,296210.59,6.19,6.55,6.55,6.55,43.45,49.25,49.43,49.44,49.44,0.4
[2026-05-08 02:49:44.401] ,428,25.66,33.37,100550.52,299327.69,6.43,6.8,6.8,6.8,45.11,51.14,51.32,51.33,51.34,0.39
[2026-05-08 02:49:49.406] ,429,25.63,33.39,100550.16,299853.59,6.1,6.45,6.45,6.45,42.81,48.53,48.7,48.71,48.72,0.39
[2026-05-08 02:49:54.424] ,428,25.61,33.45,100549.3,300910.97,5.89,6.23,6.23,6.23,41.35,46.87,47.04,47.05,47.05,0.4
[2026-05-08 02:49:59.440] ,428,25.61,33.46,100549.42,298803.62,5.64,5.96,5.96,5.96,39.56,44.84,45,45.01,45.01,0.4
[2026-05-08 02:50:04.453] ,428,25.55,33.48,100548.95,300645.91,5.61,5.93,5.93,5.93,39.35,44.6,44.76,44.77,44.77,0.4
[2026-05-08 02:50:09.462] ,427,25.58,33.51,100549.7,301708.91,5.7,6.03,6.03,6.03,40.02,45.37,45.53,45.54,45.54,0.4
[2026-05-08 02:50:14.481] ,428,25.61,33.52,100551.54,298020.97,5.97,6.31,6.31,6.31,41.85,47.44,47.61,47.62,47.62,0.4
[2026-05-08 02:50:19.488] ,428,25.57,33.52,100550.3,299327.69,6.18,6.53,6.53,6.53,43.33,49.12,49.29,49.3,49.31,0.4
[2026-05-08 02:50:24.498] ,429,25.53,33.56,100549.23,300910.97,6.2,6.56,6.56,6.56,43.51,49.32,49.5,49.51,49.51,0.4
[2026-05-08 02:50:29.515] ,429,25.49,33.62,100548.73,300645.91,6.02,6.37,6.37,6.37,42.25,47.89,48.06,48.07,48.07,0.4
[2026-05-08 02:50:34.529] ,430,25.46,33.69,100549.81,302779.41,6.11,6.46,6.46,6.46,42.84,48.57,48.74,48.75,48.75,0.4
[2026-05-08 02:50:39.541] ,428,25.46,33.73,100549.83,302511.09,6.16,6.52,6.52,6.52,43.24,49.01,49.19,49.2,49.2,0.4
[2026-05-08 02:50:44.551] ,427,25.48,33.75,100549.23,301442.44,6.08,6.43,6.43,6.43,42.65,48.34,48.51,48.52,48.53,0.41
[2026-05-08 02:50:49.572] ,427,25.46,33.74,100549.47,302243.22,6.04,6.39,6.39,6.39,42.39,48.05,48.22,48.23,48.23,0.41
[2026-05-08 02:50:54.581] ,425,25.45,33.76,100548.61,302243.22,6.08,6.43,6.43,6.43,42.65,48.34,48.51,48.52,48.53,0.41
[2026-05-08 02:50:59.599] ,424,25.49,33.76,100548.47,301975.81,6.23,6.58,6.58,6.58,43.69,49.52,49.7,49.71,49.71,0.41
[2026-05-08 02:51:04.610] ,422,25.49,33.75,100549.93,303317.53,6.4,6.77,6.77,6.77,44.89,50.88,51.06,51.07,51.08,0.41
[2026-05-08 02:51:09.621] ,423,25.51,33.76,100549.96,301975.81,6.75,7.13,7.13,7.13,47.33,53.65,53.84,53.85,53.86,0.41
[2026-05-08 02:51:14.631] ,425,25.52,33.76,100548.66,300381.34,6.81,7.2,7.2,7.2,47.78,54.16,54.35,54.36,54.36,0.41
[2026-05-08 02:51:19.641] ,424,25.49,33.74,100549.74,303587.31,6.72,7.11,7.11,7.11,47.15,53.45,53.64,53.65,53.65,0.42
[2026-05-08 02:51:24.662] ,425,25.49,33.75,100549.45,301975.81,6.36,6.73,6.73,6.73,44.65,50.61,50.79,50.8,50.8,0.42
[2026-05-08 02:51:29.672] ,425,25.54,33.75,100549.55,300645.91,6.34,6.71,6.71,6.71,44.5,50.44,50.62,50.63,50.64,0.41
[2026-05-08 02:51:34.681] ,424,25.57,33.73,100548.92,299590.41,6.47,6.85,6.85,6.85,45.41,51.48,51.66,51.67,51.68,0.41
[2026-05-08 02:51:39.701] ,425,25.54,33.68,100547.78,303048.25,6.34,6.7,6.7,6.7,44.47,50.4,50.58,50.59,50.6,0.41
[2026-05-08 02:51:44.708] ,426,25.54,33.66,100548.94,301708.91,6.47,6.84,6.84,6.84,45.39,51.46,51.64,51.65,51.65,0.41
[2026-05-08 02:51:51.271] ,426,25.61,33.66,100549.3,297242.38,6.57,6.95,6.95,6.95,46.12,52.28,52.46,52.48,52.48,0.41
