,co2,temp,humidity,pressure,gas_resistance,pm1_0,pm2_5,pm4_0,pm10_0,pnc_0_5,pnc_1_0,pnc_2_5,pnc_4_0,pnc_10_0,tps
[2026-05-11 07:54:35.049] ,470,24.76,40.63,100216.73,33455.3,1.01,1.63,2.1,2.34,5.76,7.46,8,8.08,8.09,0.73
[2026-05-11 07:54:40.059] ,471,24.81,40.19,100211.77,73101.09,0.96,1.58,2.05,2.29,5.35,7,7.54,7.62,7.63,0.76
[2026-05-11 07:54:45.077] ,453,25.72,38.28,100215.93,87581.25,0.84,1.38,1.78,1.99,4.69,6.13,6.6,6.67,6.68,0.76
[2026-05-11 07:54:50.094] ,461,26.17,36.5,100214.85,99610.9,0.71,1.17,1.51,1.69,3.97,5.2,5.59,5.65,5.66,0.76
[2026-05-11 07:54:55.108] ,455,26.45,35.3,100215.99,109168.45,0.64,1.03,1.33,1.48,3.6,4.67,5.01,5.06,5.07,0.76
[2026-05-11 07:55:00.127] ,448,26.64,34.48,100216.68,117512.05,0.61,0.99,1.28,1.42,3.46,4.49,4.82,4.87,4.88,0.76
[2026-05-11 07:55:05.143] ,453,26.78,33.91,100214.31,125091.62,0.56,0.91,1.18,1.32,3.13,4.09,4.4,4.44,4.45,0.76
[2026-05-11 07:55:10.156] ,455,26.88,33.48,100213.89,133402.81,0.62,1.02,1.33,1.49,3.42,4.5,4.85,4.91,4.92,0.76
[2026-05-11 07:55:15.175] ,455,26.97,33.08,100213.01,140427.86,0.72,1.18,1.54,1.72,4.01,5.26,5.66,5.72,5.73,0.76
[2026-05-11 07:55:20.186] ,455,27.03,32.68,100216.7,146957.52,0.71,1.16,1.5,1.67,4,5.22,5.6,5.66,5.67,0.75
[2026-05-11 07:55:25.196] ,451,27.11,32.34,100217.97,152608.05,0.66,1.07,1.38,1.54,3.76,4.88,5.24,5.29,5.3,0.75
[2026-05-11 07:55:30.211] ,450,27.17,32.33,100213.01,158563.02,0.59,0.95,1.23,1.37,3.32,4.32,4.64,4.68,4.69,0.75
[2026-05-11 07:55:35.232] ,451,27.22,32.36,100212.88,164683.17,0.56,0.88,1.12,1.25,3.21,4.12,4.41,4.45,4.45,0.73
[2026-05-11 07:55:40.242] ,451,27.26,32.32,100212.95,169088.5,0.6,0.99,1.27,1.43,3.39,4.42,4.75,4.8,4.81,0.75
[2026-05-11 07:55:45.258] ,451,27.31,32.28,100213.24,175342.47,0.57,0.94,1.21,1.36,3.23,4.21,4.52,4.57,4.58,0.75
[2026-05-11 07:55:50.266] ,451,27.34,32.01,100214.03,179586.11,0.49,0.79,1.02,1.14,2.75,3.57,3.83,3.87,3.88,0.74
[2026-05-11 07:55:55.281] ,454,27.39,31.77,100213.55,186249.55,0.46,0.74,0.95,1.06,2.59,3.36,3.6,3.64,3.64,0.74
[2026-05-11 07:56:00.296] ,455,27.43,31.68,100216.88,194012.89,0.52,0.85,1.1,1.23,2.91,3.8,4.09,4.13,4.14,0.75
[2026-05-11 07:56:05.315] ,454,27.45,31.44,100216.35,199454.61,0.64,1.04,1.35,1.51,3.6,4.69,5.04,5.1,5.1,0.74
[2026-05-11 07:56:10.327] ,455,27.48,31.28,100213.56,204106.05,0.75,1.2,1.54,1.72,4.29,5.54,5.93,5.99,6,0.74
[2026-05-11 07:56:15.337] ,454,27.5,31.13,100212.19,208724.02,0.72,1.16,1.48,1.65,4.15,5.35,5.72,5.78,5.79,0.75
[2026-05-11 07:56:20.352] ,455,27.52,31.04,100210.52,212624.58,0.67,1.07,1.36,1.52,3.84,4.94,5.29,5.34,5.34,0.75
[2026-05-11 07:56:25.367] ,455,27.54,30.94,100212.37,216673.72,0.59,0.94,1.21,1.34,3.37,4.35,4.65,4.7,4.71,0.75
[2026-05-11 07:56:30.376] ,456,27.55,30.87,100212.69,218756.67,0.56,0.9,1.15,1.27,3.23,4.16,4.45,4.49,4.49,0.75
[2026-05-11 07:56:35.388] ,454,27.59,30.92,100214.33,222899.44,0.53,0.86,1.1,1.22,3.05,3.94,4.22,4.26,4.27,0.76
[2026-05-11 07:56:40.407] ,456,27.59,30.87,100216.16,227505,0.49,0.78,1,1.11,2.79,3.6,3.85,3.89,3.9,0.76
[2026-05-11 07:56:45.420] ,453,27.59,30.9,100216.62,229339.31,0.44,0.71,0.91,1.01,2.54,3.28,3.51,3.55,3.55,0.76
[2026-05-11 07:56:50.428] ,454,27.62,30.91,100215.84,232939.03,0.41,0.66,0.84,0.93,2.37,3.05,3.26,3.29,3.3,0.76
[2026-05-11 07:56:55.446] ,454,27.61,30.64,100214.88,238305.8,0.4,0.64,0.82,0.91,2.29,2.96,3.17,3.2,3.2,0.76
[2026-05-11 07:57:00.456] ,455,27.63,30.52,100214.02,241338.67,0.47,0.76,0.98,1.09,2.68,3.47,3.72,3.76,3.77,0.76
[2026-05-11 07:57:05.470] ,456,27.64,30.42,100210.66,244624.94,0.51,0.82,1.05,1.17,2.92,3.78,4.04,4.08,4.09,0.76
[2026-05-11 07:57:10.486] ,456,27.64,30.35,100206.6,246925.48,0.52,0.84,1.07,1.2,3,3.87,4.14,4.18,4.19,0.76
[2026-05-11 07:57:15.505] ,456,27.67,30.37,100208.68,249634.33,0.62,1,1.29,1.44,3.5,4.55,4.88,4.93,4.94,0.77
[2026-05-11 07:57:20.515] ,459,27.7,30.44,100210.57,249269.72,0.76,1.21,1.55,1.73,4.32,5.58,5.97,6.03,6.04,0.77
[2026-05-11 07:57:25.526] ,461,27.72,30.61,100209.16,251288.34,0.78,1.26,1.61,1.8,4.44,5.75,6.16,6.22,6.23,0.77
[2026-05-11 07:57:30.547] ,463,27.75,30.58,100207.14,254283.58,0.71,1.14,1.46,1.62,4.04,5.23,5.6,5.65,5.66,0.77
[2026-05-11 07:57:35.561] ,463,27.77,30.58,100210.45,256963.61,0.66,1.06,1.36,1.52,3.75,4.85,5.2,5.25,5.26,0.77
[2026-05-11 07:57:40.569] ,462,27.78,30.57,100210.62,259306.16,0.62,1.01,1.29,1.44,3.53,4.58,4.91,4.96,4.97,0.78
[2026-05-11 07:57:45.586] ,461,27.81,30.48,100212.43,262496.78,0.57,0.91,1.17,1.3,3.22,4.17,4.47,4.51,4.52,0.77
[2026-05-11 07:57:50.592] ,463,27.83,30.33,100211.14,264941.78,0.51,0.8,1.03,1.14,2.9,3.73,3.99,4.03,4.04,0.76
[2026-05-11 07:57:55.611] ,464,27.84,30.27,100211.81,266805.62,0.57,0.9,1.15,1.28,3.26,4.19,4.48,4.52,4.53,0.76
[2026-05-11 07:58:00.622] ,461,27.84,30.23,100209.98,266805.62,0.59,0.93,1.18,1.31,3.38,4.34,4.64,4.68,4.69,0.76
[2026-05-11 07:58:05.637] ,462,27.86,30.27,100211.14,269971,0.51,0.81,1.03,1.14,2.94,3.77,4.03,4.07,4.07,0.76
[2026-05-11 07:58:10.657] ,461,27.87,30.26,100210.32,271258.28,0.41,0.66,0.84,0.93,2.38,3.07,3.28,3.31,3.31,0.76
[2026-05-11 07:58:15.663] ,459,27.9,30.26,100212.27,272557.91,0.32,0.51,0.65,0.72,1.83,2.36,2.52,2.54,2.55,0.76
[2026-05-11 07:58:20.676] ,458,27.9,30.33,100211.64,273212.38,0.3,0.48,0.61,0.68,1.73,2.23,2.39,2.41,2.41,0.77
[2026-05-11 07:58:25.697] ,455,27.9,30.46,100211.68,271690.09,0.34,0.54,0.68,0.76,1.96,2.52,2.69,2.71,2.72,0.76
[2026-05-11 07:58:30.712] ,456,27.89,30.6,100213.15,274310.22,0.42,0.66,0.83,0.93,2.42,3.1,3.31,3.34,3.34,0.76
[2026-05-11 07:58:35.725] ,457,27.9,30.69,100213.46,275639.31,0.46,0.72,0.91,1.01,2.64,3.38,3.61,3.64,3.65,0.76
[2026-05-11 07:58:40.737] ,458,27.9,30.7,100212.42,279247.34,0.46,0.71,0.9,0.99,2.65,3.38,3.6,3.63,3.63,0.75
[2026-05-11 07:58:45.748] ,460,27.92,30.63,100212.1,280624.84,0.47,0.74,0.93,1.04,2.7,3.46,3.69,3.73,3.73,0.76
[2026-05-11 07:58:50.768] ,459,27.91,30.51,100211.88,283185.84,0.54,0.84,1.07,1.18,3.16,4.03,4.29,4.33,4.34,0.75
[2026-05-11 07:58:55.779] ,461,27.91,30.39,100210.6,283420.97,0.59,0.91,1.14,1.26,3.45,4.38,4.65,4.69,4.7,0.75
[2026-05-11 07:59:00.796] ,462,27.92,30.31,100212.84,286995.53,0.62,0.96,1.21,1.34,3.65,4.64,4.93,4.97,4.98,0.75
[2026-05-11 07:59:05.811] ,461,27.9,30.16,100213.41,288939.06,0.71,1.09,1.37,1.52,4.16,5.29,5.62,5.66,5.67,0.75
[2026-05-11 07:59:10.825] ,463,27.89,30.18,100215.42,290167.19,0.76,1.16,1.45,1.61,4.47,5.66,6,6.05,6.06,0.74
[2026-05-11 07:59:15.837] ,461,27.88,30.29,100215.94,290661.38,0.74,1.13,1.42,1.57,4.37,5.53,5.87,5.92,5.92,0.74
[2026-05-11 07:59:20.855] ,461,27.87,30.39,100215.11,291405.81,0.68,1.03,1.29,1.43,3.98,5.04,5.34,5.39,5.39,0.75
[2026-05-11 07:59:25.866] ,463,27.89,30.27,100215.45,295185.94,0.64,0.97,1.22,1.34,3.8,4.8,5.08,5.12,5.13,0.74
[2026-05-11 07:59:30.886] ,464,27.88,30.03,100216.45,295953.75,0.56,0.85,1.06,1.17,3.31,4.18,4.43,4.46,4.47,0.74
[2026-05-11 07:59:35.893] ,461,27.88,29.87,100214.92,300910.97,0.5,0.76,0.96,1.06,2.96,3.74,3.97,4,4,0.74
[2026-05-11 07:59:40.916] ,460,27.88,29.78,100214.34,298542.28,0.44,0.67,0.83,0.92,2.59,3.27,3.47,3.5,3.5,0.74
[2026-05-11 07:59:45.928] ,459,27.92,29.83,100215.37,300910.97,0.44,0.66,0.83,0.92,2.57,3.25,3.44,3.47,3.48,0.74
[2026-05-11 07:59:50.938] ,460,27.91,29.94,100214.93,298542.28,0.45,0.67,0.84,0.93,2.65,3.34,3.54,3.57,3.57,0.74
[2026-05-11 07:59:55.951] ,458,27.93,30.17,100215.59,296725.59,0.46,0.7,0.87,0.96,2.73,3.44,3.65,3.68,3.68,0.74
[2026-05-11 08:00:00.972] ,460,27.95,30.26,100214.85,298542.28,0.55,0.83,1.04,1.15,3.22,4.08,4.32,4.36,4.37,0.74
[2026-05-11 08:00:05.985] ,461,27.96,30.11,100214.91,302243.22,0.58,0.87,1.09,1.2,3.4,4.3,4.55,4.59,4.59,0.74
[2026-05-11 08:00:10.997] ,461,27.96,30.03,100214.67,301975.81,0.61,0.93,1.16,1.28,3.59,4.53,4.81,4.85,4.86,0.74
[2026-05-11 08:00:16.009] ,463,27.96,30.1,100216.74,302243.22,0.62,0.94,1.18,1.3,3.68,4.64,4.92,4.96,4.96,0.74
[2026-05-11 08:00:21.027] ,462,27.96,30.01,100214.83,304399.53,0.58,0.87,1.09,1.2,3.41,4.3,4.56,4.6,4.6,0.74
[2026-05-11 08:00:26.036] ,460,27.96,30.05,100214.86,304399.53,0.58,0.88,1.09,1.21,3.45,4.34,4.59,4.63,4.64,0.73
[2026-05-11 08:00:31.057] ,463,27.97,29.88,100214.38,306586.81,0.64,0.98,1.23,1.36,3.78,4.78,5.07,5.12,5.12,0.74
[2026-05-11 08:00:36.068] ,464,27.96,29.97,100216.7,304399.53,0.71,1.08,1.35,1.5,4.19,5.3,5.62,5.67,5.67,0.74
[2026-05-11 08:00:41.087] ,465,27.96,30.12,100216.35,304943.41,0.75,1.15,1.43,1.58,4.46,5.63,5.96,6.01,6.02,0.74
[2026-05-11 08:00:46.097] ,466,27.95,30.23,100216.98,305489.25,0.76,1.16,1.45,1.6,4.5,5.69,6.03,6.08,6.08,0.74
[2026-05-11 08:00:51.107] ,466,27.97,30.3,100220.19,306862.44,0.8,1.22,1.52,1.68,4.76,6.01,6.36,6.42,6.43,0.74
[2026-05-11 08:00:56.126] ,468,27.96,30.06,100218.23,312195.12,0.78,1.17,1.46,1.61,4.6,5.8,6.14,6.19,6.19,0.74
[2026-05-11 08:01:01.133] ,468,27.96,29.82,100216.5,313054.12,0.71,1.06,1.32,1.46,4.2,5.28,5.58,5.63,5.63,0.73
[2026-05-11 08:01:06.156] ,466,27.94,29.68,100216.77,314206.81,0.57,0.86,1.07,1.18,3.41,4.29,4.54,4.58,4.58,0.73
[2026-05-11 08:01:11.165] ,465,27.94,29.72,100217.28,315076.94,0.6,0.9,1.12,1.24,3.57,4.49,4.75,4.79,4.8,0.73
[2026-05-11 08:01:16.181] ,465,27.95,29.78,100216.03,313054.12,0.59,0.88,1.1,1.21,3.49,4.39,4.64,4.68,4.68,0.73
[2026-05-11 08:01:21.197] ,465,27.96,29.97,100216.25,311625.06,0.52,0.79,0.98,1.08,3.12,3.93,4.15,4.19,4.19,0.73
[2026-05-11 08:01:26.207] ,465,27.94,30.16,100216.09,311909.84,0.56,0.85,1.06,1.16,3.33,4.2,4.44,4.48,4.48,0.74
[2026-05-11 08:01:31.216] ,467,27.96,30.21,100216.41,313629.41,0.52,0.79,0.98,1.08,3.1,3.9,4.13,4.16,4.17,0.74
[2026-05-11 08:01:36.240] ,469,27.96,30.1,100214.99,316537.88,0.48,0.73,0.91,1,2.88,3.62,3.83,3.86,3.87,0.74
[2026-05-11 08:01:41.246] ,471,27.95,29.93,100214.12,318308.97,0.42,0.63,0.79,0.87,2.51,3.16,3.34,3.37,3.37,0.74
[2026-05-11 08:01:46.268] ,471,27.94,29.76,100215.09,320400.5,0.44,0.65,0.81,0.89,2.62,3.28,3.47,3.49,3.5,0.73
[2026-05-11 08:01:51.278] ,472,27.96,29.72,100215.37,318903.78,0.5,0.74,0.92,1.01,3,3.76,3.96,4,4,0.73
[2026-05-11 08:01:56.296] ,472,27.97,29.81,100217.01,318308.97,0.5,0.74,0.92,1.01,2.97,3.73,3.93,3.97,3.97,0.73
[2026-05-11 08:02:01.313] ,472,27.97,29.79,100217.33,321305.31,0.46,0.68,0.84,0.93,2.74,3.43,3.63,3.65,3.66,0.73
[2026-05-11 08:02:06.327] ,471,27.96,29.63,100217.6,323743.28,0.45,0.66,0.82,0.9,2.66,3.34,3.52,3.55,3.56,0.73
[2026-05-11 08:02:11.338] ,474,27.93,29.54,100217.66,324358.56,0.43,0.64,0.79,0.87,2.56,3.21,3.39,3.41,3.42,0.73
[2026-05-11 08:02:16.357] ,473,27.91,29.42,100218.88,325285.91,0.45,0.67,0.83,0.92,2.71,3.39,3.58,3.61,3.61,0.73
[2026-05-11 08:02:21.371] ,472,27.92,29.39,100218.48,324358.56,0.48,0.71,0.87,0.96,2.87,3.58,3.78,3.81,3.81,0.72
[2026-05-11 08:02:26.377] ,470,27.93,29.54,100219.33,321911.34,0.52,0.76,0.94,1.04,3.11,3.88,4.09,4.13,4.13,0.72
[2026-05-11 08:02:31.395] ,469,27.93,29.68,100218.98,320100.03,0.53,0.78,0.97,1.06,3.2,3.99,4.21,4.24,4.24,0.72
[2026-05-11 08:02:36.413] ,469,27.94,29.93,100219.09,319800.12,0.5,0.73,0.9,0.99,3,3.74,3.94,3.97,3.97,0.72
[2026-05-11 08:02:41.422] ,469,27.94,29.8,100219.76,326218.53,0.54,0.78,0.96,1.06,3.24,4.04,4.25,4.28,4.28,0.71
[2026-05-11 08:02:46.440] ,470,27.93,29.61,100217.94,326218.53,0.6,0.88,1.08,1.19,3.6,4.49,4.73,4.77,4.77,0.72
[2026-05-11 08:02:51.448] ,469,27.96,29.59,100216.05,324050.62,0.71,1.04,1.28,1.41,4.28,5.34,5.62,5.66,5.67,0.72
[2026-05-11 08:02:56.466] ,468,27.98,29.69,100216.8,323743.28,0.79,1.16,1.42,1.56,4.75,5.92,6.23,6.28,6.29,0.72
[2026-05-11 08:03:01.486] ,468,27.98,29.65,100218.44,323743.28,0.79,1.16,1.43,1.56,4.76,5.94,6.25,6.3,6.3,0.72
[2026-05-11 08:03:06.495] ,467,27.98,29.63,100219.8,323743.28,0.8,1.18,1.45,1.6,4.79,5.99,6.31,6.36,6.37,0.72
[2026-05-11 08:03:11.517] ,467,27.98,29.76,100219.65,323130.31,0.81,1.2,1.49,1.63,4.88,6.1,6.43,6.48,6.49,0.72
[2026-05-11 08:03:16.533] ,466,27.94,29.91,100219.73,324667.09,0.9,1.34,1.66,1.83,5.36,6.73,7.1,7.16,7.17,0.73
[2026-05-11 08:03:21.546] ,467,27.95,29.96,100218.02,324667.09,0.99,1.47,1.83,2.01,5.89,7.39,7.8,7.86,7.87,0.73
[2026-05-11 08:03:26.556] ,469,27.96,29.93,100218.31,327156.56,0.98,1.47,1.83,2.01,5.87,7.37,7.79,7.85,7.86,0.73
[2026-05-11 08:03:31.577] ,469,27.97,29.75,100219.59,327470.41,0.83,1.24,1.54,1.7,4.94,6.21,6.56,6.61,6.62,0.73
[2026-05-11 08:03:36.589] ,469,27.97,29.79,100219.34,326530.62,0.7,1.04,1.29,1.43,4.15,5.22,5.51,5.56,5.56,0.72
[2026-05-11 08:03:41.603] ,468,27.97,29.76,100222.56,328731.94,0.75,1.13,1.4,1.54,4.5,5.65,5.97,6.02,6.02,0.73
[2026-05-11 08:03:46.615] ,468,27.96,29.77,100220.31,327470.41,0.9,1.34,1.67,1.84,5.36,6.72,7.1,7.16,7.17,0.73
[2026-05-11 08:03:51.636] ,469,27.97,29.7,100219.8,329684.47,0.81,1.21,1.5,1.65,4.81,6.04,6.38,6.43,6.44,0.73
[2026-05-11 08:03:56.647] ,470,27.99,29.66,100216.72,328099.97,0.7,1.04,1.3,1.43,4.16,5.22,5.52,5.56,5.57,0.73
[2026-05-11 08:04:01.657] ,470,27.99,29.84,100215.66,325907.06,0.68,1.02,1.27,1.4,4.06,5.1,5.39,5.43,5.44,0.73
[2026-05-11 08:04:06.675] ,469,27.98,29.99,100214.97,325907.06,0.7,1.05,1.3,1.43,4.15,5.21,5.51,5.56,5.56,0.74
[2026-05-11 08:04:11.688] ,470,27.98,30.09,100214.99,326843.28,0.75,1.12,1.4,1.54,4.46,5.6,5.92,5.97,5.98,0.73
[2026-05-11 08:04:16.706] ,470,27.96,30.13,100215.72,326843.28,0.72,1.09,1.35,1.49,4.32,5.42,5.73,5.78,5.78,0.73
[2026-05-11 08:04:21.723] ,470,27.98,30.12,100217.58,327470.41,0.68,1.02,1.27,1.39,4.07,5.11,5.4,5.44,5.45,0.73
[2026-05-11 08:04:26.726] ,470,27.97,30.07,100217.05,330963.16,0.64,0.96,1.19,1.31,3.83,4.8,5.07,5.11,5.12,0.73
[2026-05-11 08:04:31.746] ,468,27.96,29.84,100215.83,335188.22,0.52,0.78,0.97,1.06,3.12,3.92,4.14,4.17,4.17,0.73
[2026-05-11 08:04:36.763] ,467,27.93,29.61,100219.72,333876.75,0.49,0.74,0.91,1,2.96,3.71,3.91,3.94,3.95,0.73
[2026-05-11 08:04:41.767] ,466,27.93,29.67,100216.01,333876.75,0.48,0.72,0.89,0.98,2.89,3.61,3.81,3.84,3.85,0.72
[2026-05-11 08:04:46.785] ,467,27.94,29.69,100217.04,333876.75,0.5,0.74,0.92,1.01,3,3.75,3.96,3.99,4,0.73
[2026-05-11 08:04:51.797] ,468,27.95,29.65,100217.47,334203.66,0.53,0.79,0.98,1.08,3.19,4,4.22,4.25,4.26,0.73
[2026-05-11 08:04:56.818] ,467,27.96,29.62,100216.74,333224.88,0.61,0.9,1.12,1.23,3.64,4.56,4.82,4.86,4.86,0.73
[2026-05-11 08:05:01.827] ,468,27.98,29.61,100217.44,333224.88,0.93,1.38,1.71,1.88,5.56,6.97,7.35,7.41,7.42,0.73
[2026-05-11 08:05:06.836] ,468,27.99,29.69,100217.73,332899.88,1.12,1.66,2.06,2.27,6.7,8.39,8.86,8.93,8.94,0.73
[2026-05-11 08:05:11.856] ,468,28,29.78,100215.48,330963.16,1.05,1.56,1.93,2.13,6.28,7.86,8.3,8.37,8.38,0.73
[2026-05-11 08:05:16.870] ,468,28,29.93,100217.67,328731.94,1.05,1.57,1.95,2.15,6.28,7.88,8.33,8.4,8.41,0.73
[2026-05-11 08:05:21.879] ,468,27.99,30.04,100218.05,330963.16,1.02,1.53,1.9,2.09,6.07,7.63,8.06,8.13,8.14,0.73
[2026-05-11 08:05:26.897] ,469,27.99,30.08,100215.32,330642.56,1.01,1.51,1.88,2.08,6.01,7.55,7.98,8.05,8.06,0.73
[2026-05-11 08:05:31.906] ,469,28,30.01,100210.92,333224.88,0.98,1.47,1.83,2.01,5.82,7.32,7.74,7.8,7.81,0.73
[2026-05-11 08:05:36.926] ,467,28.01,29.93,100213.11,334531.19,0.92,1.39,1.73,1.9,5.5,6.92,7.31,7.37,7.38,0.74
[2026-05-11 08:05:41.941] ,470,27.99,29.77,100214.62,335847.81,0.83,1.25,1.56,1.72,4.96,6.24,6.6,6.65,6.66,0.74
[2026-05-11 08:05:46.949] ,470,27.99,29.77,100216.28,333224.88,0.76,1.14,1.42,1.57,4.48,5.64,5.97,6.02,6.03,0.74
[2026-05-11 08:05:51.970] ,470,27.99,29.81,100215.16,334859.38,0.75,1.13,1.41,1.56,4.44,5.6,5.93,5.98,5.98,0.74
[2026-05-11 08:05:56.976] ,469,27.99,29.83,100214.2,333876.75,0.72,1.09,1.36,1.5,4.28,5.4,5.71,5.76,5.77,0.74
[2026-05-11 08:06:01.989] ,467,27.98,29.84,100214.36,334203.66,0.7,1.06,1.33,1.47,4.16,5.25,5.56,5.6,5.61,0.74
[2026-05-11 08:06:07.006] ,467,27.98,29.82,100214.05,338512.41,0.73,1.1,1.37,1.52,4.29,5.42,5.74,5.79,5.8,0.74
[2026-05-11 08:06:12.026] ,468,27.99,29.6,100214.36,340538.75,0.76,1.16,1.45,1.6,4.52,5.7,6.04,6.09,6.1,0.74
[2026-05-11 08:06:17.030] ,467,27.99,29.43,100214.3,337842.28,0.77,1.18,1.47,1.62,4.58,5.78,6.12,6.17,6.18,0.74
[2026-05-11 08:06:22.048] ,465,28.01,29.5,100215.16,336842.09,0.72,1.1,1.37,1.51,4.27,5.39,5.71,5.76,5.77,0.74
[2026-05-11 08:06:27.066] ,464,28,29.65,100216.23,335847.81,0.73,1.11,1.38,1.53,4.31,5.44,5.76,5.81,5.82,0.74
[2026-05-11 08:06:32.076] ,464,28,29.78,100217.38,334859.38,0.7,1.06,1.32,1.46,4.11,5.19,5.5,5.55,5.56,0.74
[2026-05-11 08:06:37.086] ,463,28.01,29.81,100217.28,335847.81,0.63,0.96,1.21,1.33,3.74,4.73,5.01,5.05,5.06,0.74
[2026-05-11 08:06:42.107] ,462,28.02,29.76,100216.13,337174.84,0.55,0.84,1.05,1.16,3.26,4.12,4.37,4.41,4.41,0.74
[2026-05-11 08:06:47.124] ,460,28.02,29.76,100214.64,336178.59,0.57,0.86,1.08,1.19,3.34,4.23,4.48,4.52,4.52,0.74
[2026-05-11 08:06:52.136] ,461,28.02,29.85,100214.62,334203.66,0.57,0.87,1.08,1.2,3.37,4.26,4.52,4.55,4.56,0.74
[2026-05-11 08:06:57.143] ,460,28.03,29.95,100214.55,334203.66,0.55,0.84,1.05,1.16,3.27,4.13,4.38,4.41,4.42,0.74
[2026-05-11 08:07:02.156] ,461,28.04,29.94,100213.79,335847.81,0.49,0.74,0.93,1.02,2.9,3.66,3.88,3.91,3.91,0.74
[2026-05-11 08:07:07.178] ,462,28.05,29.86,100212.4,336178.59,0.43,0.65,0.81,0.89,2.53,3.19,3.38,3.4,3.41,0.74
[2026-05-11 08:07:12.192] ,461,28.05,29.74,100214.05,337842.28,0.58,0.88,1.1,1.21,3.43,4.33,4.59,4.63,4.63,0.74
[2026-05-11 08:07:17.205] ,462,28.04,29.66,100212.88,339185.16,0.69,1.05,1.31,1.45,4.07,5.14,5.45,5.49,5.5,0.74
[2026-05-11 08:07:22.216] ,463,28.01,29.45,100212.25,342246,0.72,1.09,1.37,1.51,4.22,5.34,5.67,5.72,5.72,0.74
[2026-05-11 08:07:27.226] ,463,27.98,29.52,100211.96,340878.84,0.72,1.1,1.38,1.53,4.24,5.37,5.7,5.75,5.75,0.74
[2026-05-11 08:07:32.247] ,464,27.99,29.58,100210.79,340199.34,0.72,1.1,1.38,1.53,4.25,5.38,5.71,5.76,5.77,0.74
[2026-05-11 08:07:37.256] ,465,27.99,29.56,100209.95,339185.16,0.64,0.97,1.22,1.35,3.76,4.76,5.05,5.09,5.1,0.74
[2026-05-11 08:07:42.270] ,466,28,29.66,100208.24,337174.84,0.62,0.95,1.18,1.31,3.66,4.62,4.9,4.95,4.95,0.74
[2026-05-11 08:07:47.291] ,464,28,29.79,100209.73,337174.84,0.63,0.96,1.21,1.33,3.74,4.73,5.01,5.05,5.06,0.74
[2026-05-11 08:07:52.306] ,464,27.99,29.79,100210.45,340538.75,0.63,0.96,1.2,1.32,3.73,4.71,4.99,5.03,5.04,0.74
[2026-05-11 08:07:57.315] ,463,27.96,29.57,100212.09,345712.34,0.56,0.85,1.07,1.18,3.33,4.2,4.45,4.49,4.49,0.74
[2026-05-11 08:08:02.332] ,464,27.94,29.59,100210,340538.75,0.46,0.7,0.87,0.97,2.73,3.45,3.65,3.68,3.69,0.74
[2026-05-11 08:08:07.351] ,463,27.94,29.61,100211.73,343278.59,0.4,0.6,0.75,0.83,2.34,2.95,3.13,3.16,3.16,0.74
[2026-05-11 08:08:12.365] ,462,27.92,29.56,100211.45,344665.09,0.38,0.58,0.73,0.8,2.26,2.86,3.03,3.05,3.06,0.74
[2026-05-11 08:08:17.380] ,460,27.93,29.51,100210.16,342589.5,0.4,0.61,0.76,0.84,2.36,2.98,3.16,3.19,3.19,0.74
[2026-05-11 08:08:22.396] ,458,27.94,29.53,100210.53,342589.5,0.41,0.63,0.78,0.87,2.44,3.08,3.26,3.29,3.29,0.74
[2026-05-11 08:08:27.412] ,460,27.93,29.57,100210.24,341219.59,0.43,0.66,0.82,0.91,2.55,3.22,3.41,3.44,3.45,0.73
[2026-05-11 08:08:32.416] ,461,27.94,29.6,100211.19,340878.84,0.44,0.67,0.84,0.93,2.61,3.3,3.5,3.53,3.53,0.74
[2026-05-11 08:08:37.437] ,463,27.95,29.61,100210.48,339522.53,0.64,0.97,1.21,1.34,3.76,4.75,5.04,5.08,5.09,0.74
[2026-05-11 08:08:42.446] ,464,27.94,29.77,100209.36,339185.16,0.66,1,1.25,1.38,3.89,4.91,5.2,5.25,5.25,0.73
[2026-05-11 08:08:47.465] ,463,27.94,29.88,100209.44,338512.41,0.65,0.98,1.23,1.36,3.84,4.85,5.13,5.18,5.18,0.74
[2026-05-11 08:08:52.477] ,463,27.95,29.89,100209.12,339860.59,0.63,0.95,1.19,1.32,3.72,4.69,4.97,5.01,5.02,0.74
[2026-05-11 08:08:57.491] ,465,27.96,29.92,100210.52,339522.53,0.66,0.99,1.24,1.37,3.88,4.9,5.19,5.23,5.24,0.73
[2026-05-11 08:09:02.507] ,464,27.97,29.91,100209.18,338512.41,0.67,1.02,1.27,1.4,3.98,5.02,5.31,5.36,5.37,0.73
[2026-05-11 08:09:07.516] ,465,27.98,29.97,100209.41,337508.25,0.64,0.96,1.2,1.32,3.79,4.77,5.05,5.09,5.1,0.73
[2026-05-11 08:09:12.537] ,467,27.99,29.87,100208.44,341561.03,0.6,0.9,1.12,1.23,3.55,4.47,4.73,4.77,4.77,0.73
[2026-05-11 08:09:17.547] ,468,27.99,29.81,100209.95,340538.75,0.59,0.88,1.09,1.21,3.5,4.4,4.65,4.68,4.69,0.72
[2026-05-11 08:09:22.568] ,468,27.98,29.71,100209.06,344665.09,0.56,0.83,1.03,1.14,3.32,4.16,4.4,4.43,4.44,0.72
[2026-05-11 08:09:27.585] ,468,27.98,29.79,100210.64,339860.59,0.56,0.84,1.04,1.14,3.36,4.21,4.45,4.48,4.49,0.72
[2026-05-11 08:09:32.599] ,468,27.99,29.68,100210.23,344317.41,0.69,1.03,1.27,1.4,4.14,5.19,5.47,5.52,5.52,0.72
[2026-05-11 08:09:37.608] ,468,27.99,29.65,100209,342933.69,0.67,0.98,1.22,1.34,4,5,5.27,5.31,5.32,0.71
[2026-05-11 08:09:42.626] ,469,27.98,29.57,100209.09,347118.66,0.67,0.99,1.22,1.35,4.04,5.05,5.32,5.36,5.37,0.71
[2026-05-11 08:09:47.644] ,468,27.97,29.58,100210.41,343278.59,0.66,0.98,1.21,1.33,3.99,4.98,5.25,5.29,5.3,0.72
[2026-05-11 08:09:52.656] ,468,27.98,29.75,100210.59,340538.75,0.59,0.87,1.08,1.19,3.56,4.44,4.68,4.72,4.72,0.72
[2026-05-11 08:09:57.670] ,468,27.98,29.86,100209.48,339860.59,0.62,0.91,1.12,1.23,3.71,4.64,4.89,4.93,4.93,0.71
[2026-05-11 08:10:02.683] ,467,27.98,29.89,100209.8,339860.59,0.64,0.95,1.17,1.28,3.88,4.85,5.1,5.14,5.15,0.71
[2026-05-11 08:10:07.696] ,469,27.98,29.95,100210.42,339860.59,0.68,1,1.23,1.35,4.14,5.15,5.42,5.46,5.47,0.7
[2026-05-11 08:10:12.716] ,471,27.97,30.03,100210.25,339185.16,0.69,1.01,1.24,1.36,4.16,5.18,5.45,5.49,5.5,0.71
[2026-05-11 08:10:17.722] ,472,27.97,30.06,100204.88,340199.34,0.65,0.94,1.16,1.27,3.91,4.86,5.11,5.15,5.16,0.7
[2026-05-11 08:10:22.743] ,472,27.97,30.04,100204.83,340878.84,0.58,0.85,1.04,1.14,3.52,4.38,4.61,4.64,4.64,0.71
[2026-05-11 08:10:27.756] ,472,27.98,29.93,100206.28,343278.59,0.56,0.81,0.99,1.09,3.36,4.18,4.4,4.43,4.44,0.71
[2026-05-11 08:10:32.767] ,473,27.99,29.81,100206.84,346062.84,0.6,0.88,1.08,1.18,3.67,4.55,4.79,4.82,4.83,0.7
[2026-05-11 08:10:37.786] ,473,27.98,29.78,100210.06,344665.09,0.58,0.84,1.03,1.13,3.53,4.38,4.6,4.63,4.64,0.7
[2026-05-11 08:10:42.797] ,474,27.96,29.75,100207.18,347826.09,0.52,0.76,0.93,1.02,3.18,3.95,4.15,4.18,4.19,0.7
[2026-05-11 08:10:47.815] ,474,27.96,29.78,100206.64,344665.09,0.94,1.36,1.66,1.82,5.7,7.07,7.42,7.48,7.48,0.7
[2026-05-11 08:10:52.828] ,473,27.94,29.87,100208.1,342589.5,0.99,1.43,1.75,1.92,6,7.45,7.83,7.88,7.89,0.7
[2026-05-11 08:10:57.836] ,473,27.95,29.96,100209.7,340538.75,0.94,1.36,1.66,1.82,5.7,7.07,7.43,7.48,7.49,0.7
[2026-05-11 08:11:02.852] ,472,27.95,30.03,100209.25,340878.84,0.97,1.41,1.72,1.88,5.92,7.34,7.71,7.76,7.77,0.7
[2026-05-11 08:11:07.866] ,468,27.97,30.06,100207.27,339860.59,0.91,1.31,1.6,1.76,5.52,6.84,7.19,7.24,7.24,0.7
[2026-05-11 08:11:12.876] ,467,27.98,29.91,100206.24,343970.44,0.85,1.23,1.5,1.64,5.16,6.39,6.72,6.77,6.77,0.7
[2026-05-11 08:11:17.897] ,469,27.96,29.71,100205.8,347472,0.81,1.17,1.43,1.57,4.9,6.08,6.39,6.44,6.45,0.7
[2026-05-11 08:11:22.909] ,470,27.94,29.53,100207.07,347118.66,0.78,1.13,1.39,1.52,4.74,5.89,6.19,6.23,6.24,0.7
[2026-05-11 08:11:27.927] ,469,27.93,29.34,100206.67,348536.41,0.86,1.25,1.53,1.67,5.21,6.46,6.79,6.84,6.85,0.7
[2026-05-11 08:11:32.937] ,468,27.93,29.31,100206.67,346766,0.93,1.36,1.67,1.82,5.67,7.04,7.4,7.46,7.47,0.7
[2026-05-11 08:11:37.947] ,468,27.92,29.44,100207.05,344665.09,0.91,1.32,1.62,1.78,5.52,6.86,7.21,7.26,7.27,0.7
[2026-05-11 08:11:42.964] ,468,27.94,29.65,100207.63,343278.59,0.79,1.15,1.41,1.54,4.76,5.92,6.23,6.27,6.28,0.7
[2026-05-11 08:11:47.977] ,469,27.93,29.66,100208.41,345712.34,0.65,0.95,1.17,1.28,3.96,4.92,5.17,5.21,5.22,0.7
[2026-05-11 08:11:52.998] ,471,27.88,29.73,100207.22,343970.44,0.58,0.85,1.04,1.14,3.52,4.38,4.6,4.64,4.64,0.7
[2026-05-11 08:11:58.006] ,471,27.89,29.8,100207.31,345013.47,0.5,0.73,0.9,0.98,3.04,3.78,3.98,4.01,4.01,0.7
[2026-05-11 08:12:03.022] ,471,27.87,29.67,100209.77,348180.91,0.48,0.7,0.86,0.94,2.93,3.64,3.82,3.85,3.86,0.7
[2026-05-11 08:12:08.035] ,471,27.86,29.47,100208.63,347826.09,0.48,0.7,0.86,0.94,2.94,3.64,3.83,3.86,3.86,0.7
[2026-05-11 08:12:13.056] ,471,27.87,29.58,100210.26,345712.34,0.55,0.79,0.97,1.07,3.31,4.11,4.32,4.35,4.36,0.7
[2026-05-11 08:12:18.069] ,471,27.87,29.54,100210.3,348180.91,0.62,0.91,1.12,1.22,3.78,4.7,4.94,4.98,4.98,0.7
[2026-05-11 08:12:23.084] ,471,27.86,29.4,100211.28,348536.41,0.81,1.17,1.44,1.58,4.9,6.09,6.4,6.45,6.45,0.7
[2026-05-11 08:12:28.096] ,469,27.87,29.4,100210.31,347826.09,0.82,1.19,1.45,1.59,4.97,6.16,6.48,6.52,6.53,0.7
[2026-05-11 08:12:33.104] ,467,27.89,29.36,100209.86,347118.66,0.78,1.13,1.39,1.52,4.77,5.92,6.21,6.26,6.26,0.69
[2026-05-11 08:12:38.126] ,467,27.9,29.33,100211.35,345712.34,0.69,0.99,1.21,1.32,4.18,5.17,5.43,5.47,5.47,0.69
[2026-05-11 08:12:43.136] ,468,27.91,29.55,100210.42,343278.59,0.6,0.86,1.05,1.15,3.66,4.52,4.75,4.78,4.78,0.69
[2026-05-11 08:12:48.151] ,466,27.93,29.63,100207.77,344317.41,0.65,0.92,1.12,1.23,3.95,4.88,5.11,5.15,5.15,0.69
[2026-05-11 08:12:53.173] ,464,27.94,29.65,100206.96,342589.5,0.61,0.87,1.05,1.15,3.71,4.58,4.8,4.83,4.84,0.69
[2026-05-11 08:12:58.187] ,464,27.96,29.64,100208.73,343278.59,0.61,0.87,1.06,1.15,3.73,4.61,4.83,4.86,4.87,0.69
[2026-05-11 08:13:03.202] ,466,27.97,29.65,100203.09,342933.69,0.64,0.91,1.1,1.2,3.9,4.81,5.03,5.07,5.07,0.68
[2026-05-11 08:13:08.211] ,466,27.99,29.65,100206.66,343278.59,0.61,0.87,1.06,1.15,3.76,4.63,4.85,4.88,4.89,0.68
[2026-05-11 08:13:13.230] ,467,27.98,29.57,100212.01,346062.84,0.6,0.86,1.04,1.13,3.7,4.56,4.78,4.81,4.81,0.68
[2026-05-11 08:13:18.243] ,466,27.97,29.49,100212.23,346766,0.57,0.81,0.98,1.07,3.51,4.32,4.52,4.55,4.56,0.68
[2026-05-11 08:13:23.258] ,465,27.97,29.56,100209.09,344665.09,0.48,0.68,0.82,0.89,2.94,3.61,3.78,3.81,3.81,0.68
[2026-05-11 08:13:28.268] ,465,27.96,29.5,100206.91,346766,0.42,0.59,0.71,0.78,2.56,3.15,3.3,3.32,3.32,0.68
[2026-05-11 08:13:33.289] ,465,27.97,29.4,100207.24,345362.56,0.49,0.7,0.85,0.92,3.04,3.74,3.92,3.94,3.95,0.68
[2026-05-11 08:13:38.296] ,465,27.97,29.28,100208.2,347118.66,0.48,0.68,0.83,0.9,2.96,3.65,3.82,3.84,3.85,0.68
[2026-05-11 08:13:43.310] ,462,27.97,29.25,100206.95,346766,0.51,0.72,0.87,0.94,3.11,3.83,4.01,4.03,4.04,0.68
[2026-05-11 08:13:48.334] ,466,27.96,29.27,100207.18,345013.47,0.48,0.68,0.82,0.9,2.94,3.62,3.79,3.82,3.82,0.69
[2026-05-11 08:13:53.346] ,466,27.95,29.32,100209.3,345013.47,0.42,0.6,0.72,0.79,2.59,3.18,3.33,3.35,3.36,0.69
[2026-05-11 08:13:58.358] ,466,27.93,29.41,100209.31,346062.84,0.36,0.51,0.62,0.68,2.23,2.75,2.87,2.89,2.9,0.69
[2026-05-11 08:14:03.374] ,467,27.92,29.42,100209.4,345013.47,0.45,0.64,0.78,0.85,2.78,3.42,3.58,3.61,3.61,0.68
[2026-05-11 08:14:08.387] ,468,27.91,29.26,100208.13,346766,0.53,0.75,0.91,0.99,3.25,4,4.19,4.22,4.22,0.68
[2026-05-11 08:14:13.407] ,468,27.92,29.26,100211.28,343278.59,0.52,0.73,0.89,0.97,3.18,3.92,4.1,4.13,4.13,0.68
[2026-05-11 08:14:18.411] ,469,27.95,29.39,100213.25,343278.59,0.46,0.65,0.78,0.86,2.82,3.47,3.63,3.65,3.66,0.68
[2026-05-11 08:14:23.426] ,468,27.95,29.45,100212.33,344317.41,0.47,0.66,0.8,0.87,2.87,3.53,3.7,3.72,3.72,0.68
[2026-05-11 08:14:28.446] ,470,27.95,29.53,100213.38,344665.09,0.57,0.81,0.98,1.06,3.51,4.32,4.52,4.55,4.56,0.68
[2026-05-11 08:14:33.460] ,468,27.98,29.54,100213.23,347826.09,0.62,0.87,1.05,1.15,3.8,4.67,4.89,4.92,4.92,0.68
[2026-05-11 08:14:38.475] ,468,27.98,29.54,100214.7,346062.84,0.65,0.92,1.11,1.2,4,4.92,5.14,5.18,5.18,0.68
[2026-05-11 08:14:43.486] ,469,27.96,29.52,100214.68,345362.56,0.62,0.88,1.06,1.15,3.84,4.72,4.94,4.97,4.97,0.68
[2026-05-11 08:14:48.499] ,468,27.97,29.45,100213.78,346414.06,0.55,0.77,0.93,1.02,3.39,4.17,4.36,4.38,4.39,0.68
[2026-05-11 08:14:53.514] ,465,27.97,29.53,100213.2,343970.44,0.46,0.64,0.78,0.85,2.82,3.47,3.62,3.65,3.65,0.68
[2026-05-11 08:14:58.524] ,465,27.98,29.49,100210.64,345362.56,0.39,0.55,0.66,0.72,2.4,2.94,3.07,3.09,3.1,0.68
[2026-05-11 08:15:03.546] ,466,27.99,29.53,100210.61,343624.16,0.43,0.61,0.73,0.8,2.66,3.26,3.41,3.44,3.44,0.68
[2026-05-11 08:15:08.556] ,466,28,29.63,100212.39,343970.44,0.51,0.72,0.86,0.94,3.13,3.84,4.02,4.04,4.05,0.68
[2026-05-11 08:15:13.569] ,468,28.02,29.71,100211.93,342246,0.58,0.82,0.99,1.07,3.56,4.37,4.58,4.61,4.61,0.68
[2026-05-11 08:15:18.587] ,470,28.03,29.73,100212.7,343970.44,0.62,0.88,1.06,1.15,3.82,4.7,4.92,4.95,4.96,0.68
[2026-05-11 08:15:23.597] ,468,28.02,29.64,100211.01,345362.56,0.62,0.87,1.05,1.15,3.81,4.68,4.89,4.93,4.93,0.68
[2026-05-11 08:15:28.606] ,470,27.99,29.59,100209.61,345712.34,0.53,0.74,0.9,0.98,3.26,4,4.18,4.21,4.21,0.68
[2026-05-11 08:15:33.627] ,469,27.96,29.5,100208.26,346062.84,0.58,0.83,1,1.09,3.61,4.43,4.64,4.67,4.67,0.68
[2026-05-11 08:15:38.636] ,471,27.94,29.43,100209.82,346062.84,0.59,0.84,1.01,1.1,3.65,4.48,4.69,4.72,4.73,0.68
[2026-05-11 08:15:43.657] ,473,27.96,29.42,100211.54,344665.09,0.54,0.77,0.93,1.01,3.34,4.1,4.29,4.32,4.33,0.68
[2026-05-11 08:15:48.666] ,471,27.98,29.52,100211.4,345712.34,0.56,0.78,0.95,1.03,3.42,4.21,4.4,4.43,4.43,0.68
[2026-05-11 08:15:53.686] ,470,27.98,29.48,100210.39,344665.09,0.61,0.86,1.04,1.13,3.74,4.6,4.81,4.84,4.85,0.68
[2026-05-11 08:15:58.700] ,469,28,29.48,100211.29,345712.34,0.63,0.9,1.08,1.18,3.9,4.8,5.02,5.05,5.06,0.68
[2026-05-11 08:16:03.717] ,467,28,29.44,100210.7,344665.09,0.61,0.87,1.05,1.14,3.77,4.64,4.85,4.88,4.89,0.68
[2026-05-11 08:16:08.737] ,467,27.99,29.42,100210.24,347118.66,0.57,0.81,0.97,1.06,3.51,4.31,4.51,4.54,4.54,0.68
[2026-05-11 08:16:13.744] ,466,27.97,29.32,100212.2,347118.66,0.73,1.04,1.25,1.37,4.53,5.57,5.82,5.86,5.87,0.68
[2026-05-11 08:16:18.763] ,466,27.97,29.36,100211.3,345013.47,0.79,1.11,1.34,1.46,4.86,5.97,6.24,6.28,6.29,0.68
[2026-05-11 08:16:23.776] ,466,27.96,29.49,100208.83,345013.47,0.73,1.02,1.23,1.34,4.49,5.51,5.76,5.8,5.8,0.68
[2026-05-11 08:16:28.788] ,464,27.97,29.62,100210.8,345362.56,0.75,1.06,1.27,1.39,4.66,5.71,5.97,6.01,6.01,0.67
[2026-05-11 08:16:33.806] ,464,28,29.71,100208.65,342933.69,0.81,1.14,1.37,1.5,5.04,6.18,6.46,6.5,6.51,0.68
[2026-05-11 08:16:38.826] ,465,28.02,29.77,100209.52,342933.69,0.83,1.16,1.4,1.52,5.12,6.28,6.56,6.6,6.61,0.68
[2026-05-11 08:16:43.834] ,463,28.01,29.8,100209.97,345013.47,0.79,1.11,1.34,1.45,4.89,6,6.27,6.31,6.31,0.67
[2026-05-11 08:16:48.856] ,465,28.03,29.75,100208.67,345712.34,0.74,1.03,1.24,1.35,4.55,5.58,5.83,5.87,5.87,0.67
[2026-05-11 08:16:53.864] ,464,28.03,29.7,100208.4,347118.66,0.7,0.98,1.18,1.28,4.33,5.31,5.55,5.58,5.59,0.67
[2026-05-11 08:16:58.881] ,468,28.02,29.59,100210.52,346414.06,0.83,1.16,1.39,1.52,5.12,6.27,6.56,6.6,6.6,0.67
[2026-05-11 08:17:03.890] ,467,28.02,29.6,100211.89,345362.56,0.92,1.29,1.55,1.68,5.72,7,7.31,7.36,7.36,0.66
[2026-05-11 08:17:08.908] ,467,28.01,29.65,100213.02,349607.38,0.86,1.2,1.43,1.56,5.32,6.51,6.8,6.84,6.85,0.66
[2026-05-11 08:17:13.926] ,468,27.99,29.68,100212.77,345013.47,0.73,1.02,1.22,1.33,4.57,5.58,5.83,5.86,5.87,0.66
[2026-05-11 08:17:18.937] ,467,27.99,29.69,100209.12,345013.47,0.65,0.9,1.07,1.16,4.01,4.9,5.11,5.15,5.15,0.66
[2026-05-11 08:17:23.953] ,464,27.99,29.66,100207.04,351045.59,0.67,0.93,1.11,1.21,4.17,5.09,5.31,5.34,5.35,0.67
[2026-05-11 08:17:28.969] ,466,28,29.56,100209.81,348892.69,0.84,1.17,1.39,1.51,5.25,6.41,6.68,6.72,6.73,0.66
[2026-05-11 08:17:33.976] ,466,28,29.57,100212.51,347826.09,0.8,1.11,1.32,1.43,4.98,6.07,6.33,6.37,6.38,0.66
[2026-05-11 08:17:39.000] ,467,28.01,29.59,100211.91,347826.09,0.66,0.92,1.1,1.19,4.13,5.04,5.26,5.29,5.29,0.66
[2026-05-11 08:17:44.006] ,467,28.02,29.57,100209.18,347472,0.68,0.94,1.12,1.22,4.23,5.16,5.38,5.41,5.42,0.66
[2026-05-11 08:17:49.028] ,468,28.01,29.58,100212.44,348536.41,0.65,0.9,1.08,1.17,4.05,4.95,5.16,5.19,5.19,0.66
[2026-05-11 08:17:54.036] ,470,27.99,29.51,100211.17,349249.66,0.63,0.87,1.04,1.13,3.92,4.78,4.99,5.02,5.02,0.66
[2026-05-11 08:17:59.057] ,470,27.96,29.53,100209.05,347118.66,0.61,0.85,1.02,1.1,3.8,4.64,4.85,4.88,4.88,0.67
[2026-05-11 08:18:04.066] ,469,27.95,29.68,100210.94,345712.34,0.61,0.85,1.02,1.11,3.82,4.67,4.87,4.9,4.9,0.66
[2026-05-11 08:18:09.090] ,470,27.98,29.76,100209.82,345013.47,0.57,0.79,0.95,1.03,3.55,4.34,4.53,4.56,4.56,0.66
[2026-05-11 08:18:14.103] ,470,27.97,29.79,100210.51,345362.56,0.68,0.94,1.13,1.23,4.22,5.16,5.38,5.42,5.42,0.66
[2026-05-11 08:18:19.116] ,471,27.99,29.76,100209.49,346766,0.74,1.03,1.23,1.34,4.58,5.6,5.85,5.88,5.89,0.67
[2026-05-11 08:18:24.136] ,472,27.97,29.53,100210.65,350684.94,0.67,0.93,1.11,1.21,4.14,5.06,5.28,5.31,5.32,0.67
[2026-05-11 08:18:29.146] ,473,27.95,29.49,100212.45,348892.69,0.59,0.82,0.98,1.07,3.65,4.46,4.66,4.69,4.69,0.67
[2026-05-11 08:18:34.166] ,472,27.93,29.61,100212.2,347118.66,0.53,0.73,0.88,0.95,3.26,3.99,4.16,4.19,4.19,0.67
[2026-05-11 08:18:39.176] ,472,27.94,29.72,100214.71,347118.66,0.6,0.84,1.01,1.09,3.74,4.57,4.77,4.8,4.81,0.67
[2026-05-11 08:18:44.195] ,471,27.93,29.63,100215.19,350325,0.65,0.91,1.09,1.19,4.05,4.96,5.18,5.21,5.22,0.67
[2026-05-11 08:18:49.206] ,469,27.93,29.52,100213.14,348536.41,0.62,0.86,1.04,1.13,3.83,4.69,4.9,4.93,4.93,0.67
[2026-05-11 08:18:54.218] ,467,27.92,29.54,100214.09,347472,0.59,0.82,0.99,1.07,3.64,4.45,4.65,4.68,4.68,0.67
[2026-05-11 08:18:59.236] ,465,27.92,29.66,100212.96,346766,0.56,0.79,0.94,1.03,3.48,4.27,4.46,4.48,4.49,0.67
[2026-05-11 08:19:04.256] ,466,27.94,29.6,100213.02,348892.69,0.63,0.88,1.06,1.15,3.93,4.8,5.02,5.05,5.05,0.67
[2026-05-11 08:19:09.271] ,465,27.97,29.49,100211.99,347118.66,0.69,0.97,1.16,1.26,4.3,5.27,5.5,5.53,5.54,0.66
[2026-05-11 08:19:14.281] ,465,27.98,29.45,100210.77,348180.91,0.78,1.09,1.31,1.42,4.83,5.91,6.18,6.22,6.22,0.67
[2026-05-11 08:19:19.300] ,464,27.99,29.38,100211.48,349249.66,0.84,1.18,1.41,1.54,5.19,6.36,6.65,6.69,6.7,0.67
[2026-05-11 08:19:24.315] ,464,27.99,29.33,100213.15,348892.69,0.87,1.23,1.48,1.61,5.39,6.61,6.91,6.96,6.96,0.67
[2026-05-11 08:19:29.331] ,465,28.01,29.43,100213.69,345362.56,0.86,1.22,1.47,1.6,5.33,6.54,6.84,6.89,6.89,0.67
[2026-05-11 08:19:34.339] ,464,28.01,29.46,100213.3,347472,0.87,1.22,1.47,1.6,5.34,6.56,6.86,6.9,6.91,0.67
[2026-05-11 08:19:39.357] ,464,28.03,29.49,100213,345712.34,0.95,1.33,1.61,1.75,5.83,7.17,7.5,7.54,7.55,0.67
[2026-05-11 08:19:44.374] ,466,28.04,29.54,100211.73,345712.34,1.08,1.53,1.85,2.01,6.65,8.17,8.55,8.61,8.62,0.67
[2026-05-11 08:19:49.386] ,464,28.04,29.42,100213.8,348892.69,1.06,1.51,1.82,1.99,6.54,8.05,8.42,8.48,8.49,0.67
[2026-05-11 08:19:54.397] ,466,28.03,29.26,100211.87,350325,0.95,1.34,1.62,1.77,5.83,7.18,7.51,7.56,7.57,0.68
[2026-05-11 08:19:59.417] ,466,28.02,29.24,100212.36,349607.38,0.86,1.22,1.48,1.62,5.31,6.53,6.84,6.89,6.89,0.68
[2026-05-11 08:20:04.432] ,468,28.03,29.29,100212.08,347118.66,0.84,1.19,1.44,1.57,5.17,6.36,6.66,6.7,6.71,0.67
[2026-05-11 08:20:09.446] ,468,28.04,29.25,100212.15,346766,0.76,1.08,1.3,1.42,4.7,5.78,6.04,6.08,6.09,0.67
[2026-05-11 08:20:14.460] ,469,28.03,29.39,100212.38,345712.34,0.68,0.96,1.16,1.26,4.18,5.14,5.38,5.42,5.42,0.67
[2026-05-11 08:20:19.476] ,467,28.04,29.47,100213.05,345362.56,0.65,0.92,1.11,1.21,4.01,4.93,5.16,5.2,5.2,0.67
[2026-05-11 08:20:24.489] ,468,28.05,29.55,100214.74,343970.44,0.66,0.93,1.12,1.22,4.04,4.97,5.2,5.24,5.24,0.67
[2026-05-11 08:20:29.496] ,469,28.07,29.55,100216.73,343278.59,0.72,1.02,1.23,1.34,4.45,5.47,5.73,5.77,5.77,0.67
[2026-05-11 08:20:34.516] ,471,28.08,29.56,100219.26,344665.09,0.68,0.97,1.17,1.27,4.22,5.19,5.42,5.46,5.47,0.67
[2026-05-11 08:20:39.527] ,472,28.06,29.36,100218.29,349249.66,0.69,0.98,1.18,1.28,4.27,5.25,5.49,5.53,5.53,0.67
[2026-05-11 08:20:44.536] ,472,28.03,29.19,100218.21,351045.59,0.72,1.02,1.23,1.34,4.46,5.47,5.72,5.76,5.76,0.67
[2026-05-11 08:20:49.556] ,470,28.01,29.13,100218.02,350684.94,0.81,1.14,1.37,1.49,5,6.14,6.42,6.46,6.46,0.67
[2026-05-11 08:20:54.569] ,469,27.98,29.21,100217.11,349607.38,0.74,1.03,1.24,1.36,4.55,5.58,5.83,5.87,5.87,0.67
[2026-05-11 08:20:59.582] ,468,27.96,29.26,100215.51,348536.41,0.63,0.88,1.06,1.15,3.88,4.76,4.97,5,5.01,0.67
[2026-05-11 08:21:04.602] ,468,27.95,29.27,100214.72,352495.69,0.52,0.73,0.88,0.96,3.23,3.96,4.14,4.16,4.17,0.67
[2026-05-11 08:21:09.615] ,469,27.94,29.18,100214.49,350684.94,0.51,0.72,0.86,0.94,3.16,3.88,4.05,4.08,4.08,0.67
[2026-05-11 08:21:14.626] ,468,27.91,29.16,100215.91,350684.94,0.58,0.81,0.97,1.06,3.56,4.36,4.56,4.59,4.59,0.67
[2026-05-11 08:21:19.640] ,467,27.9,29.31,100218.74,347826.09,0.58,0.81,0.98,1.07,3.59,4.4,4.6,4.63,4.63,0.67
[2026-05-11 08:21:24.656] ,468,27.91,29.41,100219.22,349607.38,0.56,0.79,0.95,1.03,3.46,4.25,4.44,4.47,4.48,0.67
[2026-05-11 08:21:29.668] ,467,27.91,29.44,100212.79,349607.38,0.52,0.73,0.88,0.96,3.2,3.92,4.1,4.13,4.13,0.67
[2026-05-11 08:21:34.686] ,467,27.9,29.51,100214.21,348892.69,0.58,0.81,0.98,1.07,3.58,4.4,4.59,4.62,4.63,0.67
[2026-05-11 08:21:39.698] ,469,27.91,29.47,100210.15,349607.38,0.54,0.76,0.91,0.99,3.34,4.09,4.28,4.3,4.31,0.67
[2026-05-11 08:21:44.717] ,470,27.91,29.45,100210.64,349249.66,0.47,0.66,0.8,0.87,2.93,3.59,3.75,3.77,3.78,0.67
[2026-05-11 08:21:49.732] ,470,27.94,29.41,100209.85,348892.69,0.4,0.55,0.67,0.72,2.45,3,3.14,3.16,3.16,0.67
[2026-05-11 08:21:54.747] ,468,27.96,29.42,100209.33,347826.09,0.42,0.58,0.7,0.76,2.58,3.16,3.3,3.32,3.32,0.67
[2026-05-11 08:21:59.757] ,468,27.97,29.53,100212.58,346062.84,0.37,0.51,0.61,0.67,2.27,2.78,2.9,2.92,2.92,0.66
[2026-05-11 08:22:04.778] ,470,27.97,29.52,100212.05,348180.91,0.38,0.52,0.63,0.68,2.33,2.85,2.98,3,3,0.66
[2026-05-11 08:22:09.789] ,468,27.96,29.5,100212.82,346766,0.38,0.53,0.63,0.69,2.35,2.87,3,3.01,3.02,0.66
[2026-05-11 08:22:14.806] ,466,27.96,29.41,100213,349249.66,0.38,0.52,0.63,0.68,2.33,2.85,2.97,2.99,2.99,0.66
[2026-05-11 08:22:19.820] ,465,27.95,29.47,100213.49,346414.06,0.41,0.57,0.68,0.74,2.56,3.12,3.26,3.28,3.28,0.66
[2026-05-11 08:22:24.834] ,466,27.96,29.53,100213.62,347118.66,0.43,0.6,0.72,0.78,2.69,3.28,3.42,3.44,3.45,0.66
[2026-05-11 08:22:29.851] ,465,27.96,29.47,100213.6,348892.69,0.41,0.57,0.68,0.74,2.55,3.12,3.25,3.27,3.28,0.66
[2026-05-11 08:22:34.866] ,466,27.98,29.41,100212.48,346766,0.46,0.63,0.76,0.82,2.85,3.48,3.63,3.65,3.65,0.66
[2026-05-11 08:22:39.876] ,465,27.97,29.27,100213.48,348536.41,0.44,0.61,0.73,0.8,2.76,3.36,3.51,3.53,3.53,0.66
[2026-05-11 08:22:44.891] ,463,27.97,29.33,100213.97,346062.84,0.4,0.55,0.65,0.71,2.46,3,3.13,3.15,3.15,0.66
[2026-05-11 08:22:49.900] ,461,27.96,29.39,100215.14,346062.84,0.4,0.55,0.66,0.72,2.49,3.04,3.17,3.19,3.2,0.66
[2026-05-11 08:22:54.917] ,462,27.96,29.4,100214.09,347826.09,0.49,0.68,0.81,0.88,3.08,3.75,3.91,3.93,3.94,0.66
[2026-05-11 08:22:59.926] ,464,27.95,29.39,100214.81,348536.41,0.49,0.67,0.8,0.87,3.03,3.7,3.85,3.88,3.88,0.66
[2026-05-11 08:23:04.942] ,464,27.95,29.3,100218.13,348180.91,0.51,0.7,0.84,0.91,3.16,3.86,4.02,4.05,4.05,0.66
[2026-05-11 08:23:09.957] ,465,27.97,29.26,100214.46,347118.66,0.48,0.66,0.79,0.86,3,3.66,3.81,3.83,3.84,0.66
[2026-05-11 08:23:14.976] ,464,28,29.34,100217.35,343278.59,0.47,0.65,0.78,0.85,2.94,3.59,3.74,3.76,3.77,0.67
[2026-05-11 08:23:19.986] ,465,28.01,29.5,100220.28,342933.69,0.57,0.79,0.94,1.02,3.53,4.31,4.5,4.53,4.53,0.67
[2026-05-11 08:23:25.006] ,463,28.02,29.58,100210.12,343278.59,0.65,0.91,1.08,1.18,4.05,4.95,5.16,5.2,5.2,0.67
[2026-05-11 08:23:30.016] ,466,28.02,29.56,100213.63,345013.47,0.67,0.93,1.11,1.21,4.13,5.06,5.28,5.31,5.31,0.67
[2026-05-11 08:23:35.032] ,467,28.01,29.33,100209.85,349965.81,0.65,0.9,1.08,1.17,4.01,4.91,5.12,5.15,5.16,0.67
[2026-05-11 08:23:40.046] ,466,27.98,29.14,100212.88,350325,0.59,0.82,0.99,1.07,3.66,4.48,4.67,4.7,4.71,0.67
[2026-05-11 08:23:45.056] ,464,27.96,29.27,100212.34,347826.09,0.56,0.78,0.94,1.02,3.49,4.27,4.46,4.48,4.49,0.67
[2026-05-11 08:23:50.069] ,466,27.95,29.39,100208.41,347118.66,0.56,0.79,0.94,1.03,3.5,4.29,4.47,4.5,4.51,0.67
[2026-05-11 08:23:55.087] ,464,27.96,29.46,100209.88,347472,0.53,0.74,0.88,0.96,3.28,4.01,4.18,4.21,4.21,0.67
[2026-05-11 08:24:00.103] ,465,27.97,29.45,100210.91,347826.09,0.55,0.77,0.92,1,3.42,4.19,4.37,4.4,4.41,0.67
[2026-05-11 08:24:05.117] ,461,27.98,29.47,100212.48,346766,0.54,0.76,0.91,0.99,3.38,4.14,4.32,4.34,4.35,0.67
[2026-05-11 08:24:10.126] ,461,27.96,29.3,100211.38,349607.38,0.58,0.8,0.96,1.05,3.58,4.38,4.57,4.6,4.6,0.67
[2026-05-11 08:24:15.147] ,461,27.96,29.38,100211.37,348180.91,0.57,0.79,0.95,1.03,3.52,4.31,4.5,4.52,4.53,0.67
[2026-05-11 08:24:20.157] ,461,27.96,29.51,100210.84,347118.66,0.6,0.83,0.99,1.08,3.7,4.53,4.72,4.75,4.76,0.67
[2026-05-11 08:24:25.175] ,461,27.95,29.35,100210.52,350684.94,0.61,0.85,1.02,1.11,3.82,4.67,4.87,4.9,4.9,0.67
[2026-05-11 08:24:30.190] ,461,27.92,29.16,100210.59,351045.59,0.62,0.87,1.04,1.13,3.88,4.74,4.95,4.98,4.98,0.67
[2026-05-11 08:24:35.204] ,462,27.92,29.24,100214.53,351045.59,0.64,0.89,1.06,1.15,3.97,4.85,5.06,5.09,5.09,0.67
[2026-05-11 08:24:40.217] ,462,27.89,29.34,100214.3,349249.66,0.7,0.98,1.17,1.27,4.38,5.35,5.58,5.62,5.62,0.67
[2026-05-11 08:24:45.224] ,463,27.91,29.39,100207.72,349965.81,0.73,1.02,1.22,1.32,4.55,5.56,5.8,5.83,5.84,0.67
[2026-05-11 08:24:50.239] ,465,27.92,29.46,100207.48,349965.81,0.7,0.97,1.16,1.26,4.35,5.32,5.54,5.58,5.58,0.67
[2026-05-11 08:24:55.256] ,466,27.89,29.42,100211.7,350684.94,0.8,1.11,1.33,1.45,5,6.11,6.37,6.41,6.42,0.67
[2026-05-11 08:25:00.265] ,466,27.87,29.36,100214.84,351407,0.81,1.12,1.34,1.46,5.03,6.15,6.41,6.45,6.45,0.67
[2026-05-11 08:25:05.286] ,464,27.87,29.24,100215.45,352495.69,0.76,1.06,1.27,1.38,4.75,5.8,6.05,6.08,6.09,0.67
[2026-05-11 08:25:10.296] ,464,27.84,29.28,100205.99,348892.69,0.8,1.11,1.33,1.45,4.96,6.07,6.33,6.37,6.37,0.67
[2026-05-11 08:25:15.306] ,462,27.85,29.48,100204.35,349249.66,0.86,1.2,1.44,1.57,5.34,6.54,6.83,6.87,6.87,0.67
[2026-05-11 08:25:20.326] ,462,27.86,29.58,100208.51,348892.69,0.9,1.27,1.52,1.65,5.6,6.86,7.16,7.21,7.22,0.68
[2026-05-11 08:25:25.336] ,461,27.87,29.52,100214.03,351045.59,0.82,1.16,1.39,1.51,5.09,6.25,6.53,6.57,6.57,0.68
[2026-05-11 08:25:30.354] ,460,27.87,29.36,100219.8,352132.06,0.74,1.04,1.25,1.37,4.57,5.61,5.87,5.9,5.91,0.68
[2026-05-11 08:25:35.365] ,460,27.89,29.3,100220.45,349965.81,0.64,0.9,1.09,1.18,3.96,4.86,5.08,5.12,5.12,0.68
[2026-05-11 08:25:40.380] ,462,27.89,29.17,100216,351045.59,0.55,0.78,0.94,1.02,3.41,4.18,4.37,4.4,4.41,0.67
[2026-05-11 08:25:45.391] ,459,27.91,29.11,100216.96,349607.38,0.5,0.7,0.84,0.92,3.07,3.76,3.93,3.96,3.96,0.67
[2026-05-11 08:25:50.408] ,458,27.91,29.04,100215.52,349965.81,0.5,0.7,0.85,0.92,3.08,3.78,3.95,3.98,3.98,0.68
[2026-05-11 08:25:55.427] ,459,27.92,29.12,100213.78,348892.69,0.48,0.67,0.81,0.88,2.95,3.62,3.78,3.8,3.81,0.67
[2026-05-11 08:26:00.437] ,458,27.93,29.17,100212.61,348892.69,0.47,0.66,0.79,0.86,2.9,3.55,3.71,3.74,3.74,0.67
[2026-05-11 08:26:05.457] ,458,27.94,29.18,100212.62,349965.81,0.49,0.69,0.83,0.91,3.04,3.73,3.9,3.93,3.93,0.67
[2026-05-11 08:26:10.461] ,457,27.95,29.19,100212.48,349607.38,0.56,0.79,0.95,1.04,3.48,4.27,4.47,4.49,4.5,0.67
[2026-05-11 08:26:15.473] ,458,27.94,29.19,100214.22,348180.91,0.63,0.89,1.07,1.17,3.92,4.81,5.03,5.06,5.06,0.67
[2026-05-11 08:26:20.497] ,457,27.94,29.29,100214.64,348536.41,0.64,0.9,1.08,1.17,3.96,4.85,5.07,5.1,5.11,0.67
[2026-05-11 08:26:25.506] ,456,27.94,29.36,100214.37,348180.91,0.62,0.87,1.05,1.14,3.85,4.72,4.93,4.96,4.97,0.67
[2026-05-11 08:26:30.513] ,458,27.94,29.42,100211.43,347472,0.54,0.75,0.91,0.99,3.32,4.07,4.25,4.28,4.29,0.67
[2026-05-11 08:26:35.533] ,458,27.94,29.47,100216.95,348536.41,0.46,0.65,0.78,0.85,2.84,3.49,3.64,3.67,3.67,0.67
[2026-05-11 08:26:40.549] ,458,27.91,29.5,100218.73,349249.66,0.44,0.62,0.74,0.81,2.71,3.33,3.48,3.5,3.51,0.67
[2026-05-11 08:26:45.563] ,458,27.92,29.5,100219.8,350325,0.45,0.64,0.77,0.84,2.81,3.44,3.6,3.62,3.62,0.67
[2026-05-11 08:26:50.571] ,457,27.95,29.51,100220.48,349249.66,0.41,0.57,0.69,0.75,2.53,3.1,3.24,3.26,3.26,0.67
[2026-05-11 08:26:55.580] ,456,27.96,29.49,100216.87,347826.09,0.44,0.62,0.75,0.82,2.75,3.37,3.53,3.55,3.55,0.66
[2026-05-11 08:27:00.597] ,455,27.96,29.32,100216.84,349607.38,0.5,0.7,0.84,0.92,3.11,3.81,3.98,4.01,4.01,0.66
[2026-05-11 08:27:05.610] ,454,27.99,29.28,100212.77,350325,0.48,0.67,0.81,0.88,2.99,3.66,3.82,3.85,3.85,0.66
[2026-05-11 08:27:10.626] ,454,28.01,29.3,100215.89,349965.81,0.5,0.7,0.83,0.91,3.1,3.79,3.95,3.98,3.98,0.66
[2026-05-11 08:27:15.636] ,455,28.03,29.27,100217.69,349607.38,0.57,0.79,0.94,1.02,3.51,4.29,4.48,4.51,4.51,0.66
[2026-05-11 08:27:20.653] ,455,28.05,29.23,100216.83,348892.69,0.57,0.8,0.96,1.04,3.56,4.36,4.55,4.57,4.58,0.67
[2026-05-11 08:27:25.656] ,454,28.08,29.19,100217.81,347826.09,0.63,0.88,1.05,1.14,3.92,4.79,5,5.03,5.04,0.66
[2026-05-11 08:27:30.685] ,453,28.09,29.25,100220.3,347118.66,0.65,0.91,1.08,1.18,4.06,4.96,5.18,5.21,5.21,0.66
[2026-05-11 08:27:35.689] ,455,28.1,29.15,100220.56,347826.09,1.04,1.44,1.72,1.87,6.5,7.93,8.27,8.32,8.33,0.65
[2026-05-11 08:27:40.707] ,452,28.12,29.16,100214.8,348180.91,0.96,1.32,1.58,1.71,5.99,7.3,7.6,7.65,7.65,0.65
[2026-05-11 08:27:45.724] ,452,28.14,29.21,100217.16,346062.84,0.88,1.21,1.44,1.56,5.48,6.67,6.95,6.99,7,0.66
[2026-05-11 08:27:50.735] ,452,28.13,29.21,100219.75,346062.84,0.76,1.04,1.24,1.34,4.74,5.77,6.01,6.04,6.05,0.65
[2026-05-11 08:27:55.747] ,452,28.14,29.22,100221.29,345362.56,0.64,0.88,1.05,1.14,4.02,4.89,5.09,5.12,5.13,0.65
[2026-05-11 08:28:00.763] ,453,28.14,29.22,100222.02,345362.56,0.55,0.75,0.89,0.96,3.42,4.15,4.32,4.35,4.35,0.65
[2026-05-11 08:28:05.775] ,451,28.15,29.21,100223.86,343278.59,0.46,0.64,0.76,0.82,2.91,3.54,3.68,3.71,3.71,0.65
[2026-05-11 08:28:10.784] ,452,28.15,29.26,100222.08,339185.16,0.5,0.69,0.82,0.89,3.15,3.83,3.99,4.01,4.01,0.65
[2026-05-11 08:28:15.801] ,451,28.15,29.3,100223.5,335188.22,0.52,0.71,0.84,0.91,3.24,3.94,4.1,4.13,4.13,0.65
[2026-05-11 08:28:20.817] ,453,28.14,29.3,100220.86,343278.59,0.55,0.75,0.89,0.97,3.43,4.17,4.34,4.36,4.37,0.66
[2026-05-11 08:28:25.826] ,452,28.14,29.2,100223.43,346062.84,0.61,0.83,0.99,1.07,3.8,4.63,4.82,4.84,4.85,0.66
[2026-05-11 08:28:30.849] ,452,28.14,29.11,100221.66,346414.06,0.6,0.82,0.98,1.06,3.76,4.57,4.76,4.79,4.79,0.66
[2026-05-11 08:28:35.855] ,453,28.14,29.05,100224.32,346766,0.58,0.79,0.95,1.03,3.6,4.39,4.57,4.6,4.61,0.66
[2026-05-11 08:28:40.876] ,455,28.14,28.99,100220.23,345712.34,0.55,0.76,0.91,0.99,3.45,4.21,4.39,4.41,4.42,0.66
[2026-05-11 08:28:45.887] ,455,28.15,28.88,100216.15,347472,0.53,0.73,0.88,0.95,3.32,4.04,4.21,4.24,4.24,0.66
[2026-05-11 08:28:50.899] ,457,28.16,28.75,100216.55,345013.47,0.49,0.68,0.81,0.88,3.06,3.73,3.89,3.91,3.92,0.66
[2026-05-11 08:28:55.911] ,457,28.18,28.7,100218.23,344665.09,0.5,0.69,0.83,0.9,3.12,3.81,3.97,3.99,4,0.66
[2026-05-11 08:29:00.926] ,457,28.16,28.8,100216.69,340199.34,0.58,0.81,0.97,1.05,3.64,4.45,4.63,4.66,4.67,0.66
[2026-05-11 08:29:05.948] ,456,28.16,28.94,100218.44,336842.09,0.59,0.82,0.98,1.06,3.71,4.52,4.71,4.74,4.74,0.66
[2026-05-11 08:29:10.953] ,457,28.17,29.01,100215.21,337508.25,0.53,0.73,0.87,0.95,3.31,4.04,4.21,4.23,4.23,0.66
[2026-05-11 08:29:15.974] ,458,28.18,29.06,100222.8,333876.75,0.54,0.75,0.9,0.97,3.39,4.14,4.31,4.34,4.34,0.66
[2026-05-11 08:29:20.982] ,458,28.19,29.09,100228.17,331928.69,0.54,0.75,0.89,0.96,3.38,4.11,4.29,4.31,4.32,0.66
[2026-05-11 08:29:25.996] ,459,28.17,29.01,100227.61,338177,0.83,1.15,1.37,1.49,5.21,6.35,6.61,6.65,6.66,0.66
[2026-05-11 08:29:31.016] ,458,28.15,28.74,100214.91,339522.53,0.87,1.2,1.43,1.55,5.42,6.6,6.88,6.92,6.93,0.66
[2026-05-11 08:29:36.027] ,458,28.15,28.72,100218.84,338177,0.79,1.09,1.31,1.41,4.96,6.04,6.3,6.33,6.34,0.66
[2026-05-11 08:29:41.047] ,458,28.16,28.81,100219.26,334859.38,0.72,1,1.19,1.29,4.52,5.51,5.74,5.77,5.78,0.66
[2026-05-11 08:29:46.056] ,459,28.18,28.92,100220.53,334203.66,0.73,1,1.2,1.3,4.55,5.55,5.78,5.82,5.82,0.66
[2026-05-11 08:29:51.066] ,462,28.2,29.01,100224.53,333224.88,0.76,1.05,1.25,1.36,4.76,5.8,6.04,6.08,6.08,0.66
[2026-05-11 08:29:56.086] ,463,28.21,29.05,100222.64,333224.88,0.71,0.98,1.17,1.26,4.43,5.4,5.62,5.66,5.66,0.66
[2026-05-11 08:30:01.101] ,462,28.2,28.91,100222.24,338848.44,0.63,0.86,1.03,1.11,3.91,4.77,4.96,4.99,5,0.66
[2026-05-11 08:30:06.106] ,463,28.22,28.71,100222.52,336842.09,0.51,0.7,0.84,0.91,3.19,3.89,4.05,4.07,4.08,0.66
[2026-05-11 08:30:11.124] ,465,28.2,28.81,100220.39,335188.22,0.47,0.64,0.77,0.83,2.93,3.57,3.72,3.74,3.74,0.66
[2026-05-11 08:30:16.142] ,464,28.19,28.92,100221.73,334531.19,0.42,0.58,0.69,0.74,2.63,3.2,3.33,3.35,3.35,0.66
[2026-05-11 08:30:21.153] ,464,28.2,28.98,100220.6,334203.66,0.35,0.49,0.58,0.63,2.21,2.7,2.81,2.82,2.82,0.66
[2026-05-11 08:30:26.167] ,463,28.19,29.03,100222.1,332899.88,0.35,0.48,0.57,0.62,2.21,2.68,2.79,2.81,2.81,0.66
[2026-05-11 08:30:31.184] ,464,28.2,29.02,100223.34,333876.75,0.43,0.59,0.7,0.76,2.68,3.27,3.4,3.42,3.42,0.66
[2026-05-11 08:30:36.194] ,463,28.2,28.96,100220.9,331606.22,0.43,0.6,0.71,0.77,2.72,3.31,3.44,3.46,3.46,0.66
[2026-05-11 08:30:41.207] ,465,28.21,29.01,100219.49,331284.38,0.58,0.8,0.96,1.04,3.65,4.45,4.64,4.66,4.67,0.67
[2026-05-11 08:30:46.217] ,467,28.21,28.96,100221.22,332251.78,0.6,0.83,0.99,1.08,3.77,4.59,4.79,4.82,4.82,0.67
[2026-05-11 08:30:51.226] ,467,28.2,28.98,100220.31,331928.69,0.62,0.86,1.03,1.11,3.87,4.73,4.93,4.96,4.96,0.67
[2026-05-11 08:30:56.245] ,467,28.19,28.97,100215.76,331284.38,0.61,0.84,1,1.09,3.79,4.62,4.82,4.85,4.85,0.67
[2026-05-11 08:31:01.251] ,467,28.17,28.81,100219.33,332575.5,0.63,0.88,1.05,1.14,3.95,4.82,5.03,5.06,5.07,0.67
[2026-05-11 08:31:06.266] ,468,28.17,28.66,100223.31,333224.88,0.63,0.87,1.04,1.13,3.92,4.78,4.99,5.02,5.02,0.67
[2026-05-11 08:31:11.278] ,468,28.18,28.61,100224.7,332575.5,0.61,0.84,1.01,1.1,3.79,4.63,4.83,4.86,4.86,0.67
[2026-05-11 08:31:16.295] ,471,28.2,28.63,100227.4,330003.22,0.59,0.83,0.99,1.07,3.7,4.52,4.71,4.74,4.75,0.67
[2026-05-11 08:31:21.307] ,472,28.2,28.76,100223.62,329366.34,0.63,0.88,1.06,1.15,3.94,4.81,5.02,5.05,5.05,0.67
[2026-05-11 08:31:26.326] ,471,28.18,28.71,100224.1,322519.69,0.75,1.04,1.25,1.36,4.65,5.69,5.94,5.98,5.99,0.67
[2026-05-11 08:31:31.337] ,472,28.14,28.66,100222.95,324667.09,0.85,1.18,1.42,1.54,5.26,6.44,6.72,6.77,6.77,0.67
[2026-05-11 08:31:36.346] ,469,28.12,28.57,100225.69,323743.28,0.93,1.29,1.55,1.68,5.76,7.04,7.35,7.39,7.4,0.67
[2026-05-11 08:31:41.362] ,469,28.1,28.59,100223.64,324667.09,0.9,1.25,1.5,1.62,5.57,6.81,7.1,7.15,7.15,0.67
[2026-05-11 08:31:46.369] ,469,28.11,28.68,100222.45,325596.19,0.81,1.12,1.35,1.46,5.03,6.15,6.41,6.45,6.46,0.67
[2026-05-11 08:31:51.386] ,469,28.11,28.67,100224.31,325907.06,0.75,1.03,1.24,1.34,4.64,5.67,5.91,5.95,5.95,0.66
[2026-05-11 08:31:56.406] ,469,28.11,28.71,100224.97,328415.66,0.73,1,1.2,1.3,4.52,5.52,5.75,5.78,5.79,0.66
[2026-05-11 08:32:01.416] ,468,28.11,28.79,100225.59,328099.97,0.76,1.05,1.25,1.36,4.76,5.8,6.04,6.08,6.08,0.66
[2026-05-11 08:32:06.427] ,470,28.1,28.86,100225.99,327156.56,0.71,0.98,1.17,1.27,4.46,5.44,5.66,5.7,5.7,0.66
[2026-05-11 08:32:11.445] ,469,28.08,28.94,100226.92,327784.91,0.62,0.85,1.01,1.09,3.86,4.7,4.9,4.92,4.93,0.66
[2026-05-11 08:32:16.459] ,468,28.07,28.92,100225.76,327784.91,0.59,0.8,0.96,1.04,3.67,4.47,4.65,4.68,4.68,0.66
[2026-05-11 08:32:21.470] ,470,28.06,28.81,100226.85,327784.91,0.61,0.84,1,1.09,3.85,4.68,4.88,4.9,4.91,0.66
[2026-05-11 08:32:26.486] ,470,28.05,28.8,100227.05,330642.56,0.65,0.9,1.07,1.16,4.08,4.96,5.17,5.2,5.21,0.66
[2026-05-11 08:32:31.495] ,471,28.08,28.84,100231.65,331928.69,0.66,0.91,1.09,1.18,4.12,5.02,5.24,5.27,5.27,0.66
[2026-05-11 08:32:36.516] ,470,28.1,28.9,100230.76,331284.38,0.69,0.96,1.15,1.24,4.33,5.28,5.51,5.54,5.54,0.66
[2026-05-11 08:32:41.526] ,470,28.11,28.94,100230.52,330003.22,0.64,0.89,1.06,1.16,4.01,4.89,5.1,5.13,5.13,0.66
[2026-05-11 08:32:46.540] ,469,28.1,28.8,100228.64,327470.41,0.6,0.84,1,1.09,3.76,4.59,4.79,4.82,4.82,0.66
[2026-05-11 08:32:51.554] ,469,28.1,28.68,100225.88,329366.34,0.62,0.86,1.02,1.11,3.85,4.7,4.9,4.93,4.93,0.66
[2026-05-11 08:32:56.567] ,470,28.09,28.67,100225.31,330322.59,0.59,0.82,0.98,1.07,3.7,4.52,4.71,4.74,4.74,0.66
[2026-05-11 08:33:01.580] ,470,28.1,28.73,100226.07,328099.97,0.58,0.8,0.96,1.04,3.61,4.4,4.59,4.62,4.62,0.66
[2026-05-11 08:33:06.598] ,470,28.08,28.69,100226.21,329366.34,0.62,0.85,1.02,1.1,3.84,4.68,4.88,4.91,4.91,0.66
[2026-05-11 08:33:11.613] ,469,28.08,28.64,100226.09,328731.94,0.62,0.86,1.03,1.12,3.89,4.74,4.95,4.98,4.98,0.66
[2026-05-11 08:33:16.619] ,470,28.09,28.66,100225.12,330003.22,0.62,0.86,1.03,1.11,3.89,4.74,4.94,4.97,4.98,0.66
[2026-05-11 08:33:21.637] ,468,28.09,28.84,100225.72,331284.38,0.68,0.94,1.13,1.22,4.25,5.18,5.41,5.44,5.44,0.67
[2026-05-11 08:33:26.647] ,471,28.09,29.02,100226.27,331284.38,0.61,0.84,1.01,1.1,3.79,4.63,4.83,4.86,4.86,0.67
[2026-05-11 08:33:31.664] ,471,28.08,29.11,100227.09,330963.16,0.6,0.84,1,1.08,3.75,4.58,4.78,4.8,4.81,0.67
[2026-05-11 08:33:36.681] ,472,28.07,29.17,100229.84,332575.5,0.66,0.92,1.1,1.2,4.14,5.05,5.27,5.3,5.31,0.67
[2026-05-11 08:33:41.690] ,471,28.08,29.15,100227.98,333224.88,0.68,0.95,1.13,1.23,4.24,5.18,5.4,5.44,5.44,0.67
[2026-05-11 08:33:46.706] ,471,28.09,29.04,100229.96,332251.78,0.67,0.93,1.12,1.22,4.18,5.11,5.33,5.36,5.37,0.67
[2026-05-11 08:33:51.722] ,471,28.09,28.93,100234.83,333224.88,0.64,0.89,1.07,1.16,3.99,4.88,5.09,5.12,5.13,0.67
[2026-05-11 08:33:56.732] ,473,28.09,28.89,100233.07,330963.16,0.57,0.8,0.96,1.04,3.57,4.36,4.55,4.58,4.59,0.67
[2026-05-11 08:34:01.745] ,472,28.07,28.86,100227,331284.38,0.57,0.79,0.95,1.03,3.54,4.33,4.52,4.54,4.55,0.67
[2026-05-11 08:34:06.753] ,473,28.05,28.81,100223.48,330642.56,0.66,0.91,1.1,1.19,4.07,4.98,5.2,5.23,5.24,0.67
[2026-05-11 08:34:11.774] ,476,28.03,28.83,100224.27,330642.56,0.68,0.95,1.15,1.24,4.24,5.19,5.41,5.45,5.45,0.67
[2026-05-11 08:34:16.782] ,472,28.03,28.86,100222.86,331606.22,0.66,0.93,1.11,1.21,4.1,5.02,5.24,5.28,5.28,0.67
[2026-05-11 08:34:21.801] ,471,28.05,28.89,100224.85,331928.69,0.65,0.92,1.1,1.2,4.05,4.96,5.18,5.22,5.22,0.67
[2026-05-11 08:34:26.811] ,469,28.07,29.02,100226.37,331284.38,0.63,0.88,1.06,1.15,3.9,4.78,4.99,5.02,5.03,0.67
[2026-05-11 08:34:31.819] ,469,28.08,29.04,100225.31,331284.38,0.55,0.77,0.93,1.01,3.41,4.17,4.36,4.39,4.39,0.67
[2026-05-11 08:34:36.836] ,471,28.09,28.99,100223.89,332251.78,0.48,0.67,0.8,0.87,2.94,3.61,3.77,3.79,3.8,0.67
[2026-05-11 08:34:41.846] ,469,28.1,28.87,100224.26,332575.5,0.45,0.63,0.76,0.82,2.78,3.41,3.56,3.59,3.59,0.67
[2026-05-11 08:34:46.861] ,469,28.08,28.83,100229.98,331284.38,0.38,0.54,0.65,0.7,2.37,2.91,3.04,3.06,3.06,0.67
[2026-05-11 08:34:51.882] ,468,28.06,28.79,100230.84,333224.88,0.37,0.51,0.62,0.67,2.26,2.77,2.9,2.92,2.92,0.67
[2026-05-11 08:34:56.887] ,469,28.05,28.88,100225.96,333224.88,0.36,0.51,0.61,0.66,2.24,2.75,2.87,2.89,2.89,0.67
[2026-05-11 08:35:01.907] ,469,28.04,28.85,100224.95,332251.78,0.34,0.48,0.58,0.63,2.13,2.61,2.73,2.75,2.75,0.67
[2026-05-11 08:35:06.917] ,467,28.03,28.8,100220.97,333550.5,0.35,0.49,0.59,0.64,2.16,2.65,2.77,2.79,2.79,0.67
[2026-05-11 08:35:11.937] ,467,28.02,28.7,100221.48,332899.88,0.4,0.56,0.67,0.73,2.48,3.03,3.17,3.19,3.19,0.67
[2026-05-11 08:35:16.949] ,467,28.02,28.73,100227.42,332899.88,0.55,0.77,0.93,1.01,3.43,4.21,4.39,4.42,4.42,0.67
[2026-05-11 08:35:21.961] ,467,28.03,28.79,100229.55,332251.78,0.54,0.76,0.91,0.99,3.35,4.11,4.29,4.32,4.32,0.67
[2026-05-11 08:35:26.974] ,467,28.05,28.72,100227.72,332251.78,0.53,0.74,0.89,0.97,3.29,4.03,4.21,4.24,4.24,0.67
[2026-05-11 08:35:31.987] ,468,28.04,28.66,100226.68,332899.88,0.48,0.67,0.8,0.87,2.95,3.62,3.78,3.8,3.8,0.67
[2026-05-11 08:35:37.000] ,468,28.03,28.76,100224.88,333224.88,0.45,0.63,0.76,0.83,2.8,3.43,3.59,3.61,3.61,0.67
[2026-05-11 08:35:42.006] ,466,28.02,28.87,100227.42,333224.88,0.4,0.57,0.68,0.74,2.5,3.07,3.2,3.22,3.23,0.67
[2026-05-11 08:35:47.024] ,465,28.01,28.83,100228.98,333224.88,0.42,0.58,0.7,0.76,2.57,3.15,3.29,3.31,3.31,0.67
[2026-05-11 08:35:52.035] ,464,28.02,28.91,100226.12,331606.22,0.42,0.59,0.71,0.78,2.63,3.22,3.36,3.38,3.38,0.67
[2026-05-11 08:35:57.046] ,464,28.03,28.87,100228.8,331284.38,0.46,0.64,0.77,0.84,2.83,3.46,3.62,3.64,3.64,0.67
[2026-05-11 08:36:02.058] ,462,28.03,28.94,100227.95,330322.59,0.53,0.74,0.89,0.97,3.27,4.01,4.19,4.22,4.22,0.67
[2026-05-11 08:36:07.076] ,463,28.02,28.79,100227.76,332899.88,0.63,0.88,1.06,1.15,3.88,4.76,4.97,5,5.01,0.67
[2026-05-11 08:36:12.085] ,463,27.99,28.82,100229.37,333550.5,0.62,0.87,1.05,1.14,3.83,4.7,4.91,4.94,4.94,0.67
[2026-05-11 08:36:17.100] ,463,27.99,28.85,100232.98,333224.88,0.57,0.8,0.96,1.04,3.51,4.3,4.49,4.52,4.53,0.67
[2026-05-11 08:36:22.111] ,463,27.99,28.95,100232.49,331284.38,0.51,0.71,0.86,0.93,3.14,3.85,4.02,4.05,4.05,0.67
[2026-05-11 08:36:27.127] ,463,28.01,29.03,100228.21,330642.56,0.52,0.72,0.87,0.95,3.19,3.91,4.09,4.11,4.12,0.67
[2026-05-11 08:36:32.136] ,465,28.01,28.97,100231.32,332251.78,0.54,0.76,0.91,0.99,3.35,4.1,4.29,4.31,4.32,0.67
[2026-05-11 08:36:37.156] ,464,28.01,28.84,100229.81,331606.22,0.56,0.79,0.95,1.03,3.49,4.28,4.47,4.49,4.5,0.67
[2026-05-11 08:36:42.170] ,465,28,28.9,100227.97,329684.47,0.64,0.89,1.07,1.17,3.94,4.83,5.05,5.08,5.09,0.67
[2026-05-11 08:36:47.186] ,467,28,28.95,100228.82,330642.56,0.7,0.98,1.18,1.28,4.3,5.27,5.51,5.54,5.55,0.67
[2026-05-11 08:36:52.196] ,466,28.03,29.03,100230.6,328731.94,0.75,1.06,1.28,1.4,4.66,5.72,5.98,6.02,6.03,0.67
[2026-05-11 08:36:57.217] ,467,28.05,29.05,100229.2,329366.34,0.68,0.97,1.17,1.27,4.22,5.19,5.43,5.46,5.47,0.67
[2026-05-11 08:37:02.225] ,468,28.06,28.98,100229.7,330003.22,0.62,0.88,1.06,1.16,3.83,4.71,4.93,4.96,4.96,0.67
[2026-05-11 08:37:07.246] ,468,28.06,28.92,100230.86,330003.22,0.68,0.97,1.17,1.28,4.2,5.17,5.41,5.44,5.45,0.67
[2026-05-11 08:37:12.256] ,467,28.06,28.97,100230.84,329366.34,0.7,0.99,1.2,1.31,4.27,5.26,5.51,5.55,5.55,0.67
[2026-05-11 08:37:17.266] ,468,28.06,28.87,100230.8,331284.38,0.72,1.02,1.24,1.35,4.4,5.42,5.67,5.71,5.72,0.67
[2026-05-11 08:37:22.288] ,467,28.08,28.85,100229.95,330003.22,0.65,0.92,1.12,1.22,3.97,4.89,5.13,5.16,5.16,0.67
[2026-05-11 08:37:27.303] ,469,28.06,28.71,100228.71,334203.66,0.61,0.87,1.06,1.16,3.74,4.61,4.83,4.87,4.87,0.68
[2026-05-11 08:37:32.316] ,470,28.04,28.57,100230.35,333224.88,0.55,0.78,0.95,1.04,3.35,4.13,4.33,4.36,4.37,0.68
[2026-05-11 08:37:37.327] ,471,28.04,28.63,100232.66,330322.59,0.53,0.76,0.93,1.02,3.26,4.03,4.22,4.25,4.26,0.68
[2026-05-11 08:37:42.339] ,472,28.04,28.72,100232.08,331606.22,0.51,0.73,0.89,0.97,3.11,3.84,4.03,4.05,4.06,0.68
[2026-05-11 08:37:47.356] ,472,28.05,28.7,100231.48,332251.78,0.54,0.78,0.95,1.04,3.33,4.11,4.32,4.35,4.35,0.68
[2026-05-11 08:37:52.366] ,472,28.01,28.74,100232.51,333550.5,0.58,0.83,1.02,1.11,3.54,4.38,4.6,4.63,4.63,0.68
[2026-05-11 08:37:57.380] ,473,28,28.86,100228.67,333550.5,0.56,0.81,0.99,1.09,3.44,4.26,4.47,4.51,4.51,0.68
[2026-05-11 08:38:02.402] ,473,27.98,28.81,100228.28,335188.22,0.55,0.8,0.97,1.06,3.35,4.16,4.36,4.4,4.4,0.68
[2026-05-11 08:38:07.416] ,474,27.97,28.77,100234.4,333876.75,0.5,0.72,0.88,0.96,3.02,3.74,3.93,3.96,3.97,0.68
[2026-05-11 08:38:12.431] ,476,27.99,28.81,100234.09,332899.88,0.58,0.84,1.03,1.13,3.54,4.39,4.62,4.65,4.65,0.68
[2026-05-11 08:38:17.438] ,474,27.99,28.83,100233.25,330642.56,0.57,0.82,1.01,1.1,3.47,4.3,4.51,4.55,4.55,0.68
[2026-05-11 08:38:22.456] ,475,28,28.91,100234.23,328731.94,0.61,0.89,1.08,1.18,3.74,4.63,4.86,4.89,4.9,0.67
[2026-05-11 08:38:27.474] ,478,27.99,28.87,100231.48,332251.78,0.64,0.92,1.12,1.23,3.89,4.81,5.05,5.09,5.09,0.68
[2026-05-11 08:38:32.486] ,480,28.01,28.85,100232.2,330642.56,0.72,1.04,1.27,1.39,4.39,5.44,5.71,5.75,5.76,0.68
[2026-05-11 08:38:37.501] ,481,27.99,28.76,100232.15,333550.5,0.84,1.21,1.48,1.62,5.11,6.33,6.65,6.69,6.7,0.68
[2026-05-11 08:38:42.512] ,483,27.95,28.66,100230.19,332899.88,0.9,1.29,1.58,1.73,5.45,6.75,7.09,7.14,7.15,0.68
[2026-05-11 08:38:47.524] ,483,27.97,28.68,100229.27,333876.75,0.89,1.28,1.57,1.71,5.43,6.72,7.05,7.1,7.11,0.68
[2026-05-11 08:38:52.542] ,485,27.97,28.69,100228.91,332251.78,0.83,1.2,1.46,1.6,5.06,6.27,6.58,6.63,6.63,0.68
[2026-05-11 08:38:57.558] ,486,27.96,28.74,100230.77,333224.88,1.01,1.46,1.78,1.95,6.17,7.64,8.02,8.08,8.09,0.68
[2026-05-11 08:39:02.574] ,485,27.96,28.8,100229.15,334203.66,1.13,1.62,1.98,2.16,6.87,8.5,8.92,8.98,8.99,0.68
[2026-05-11 08:39:07.587] ,485,27.96,28.75,100228.79,333550.5,1,1.44,1.75,1.92,6.11,7.56,7.93,7.99,7.99,0.68
[2026-05-11 08:39:12.599] ,485,27.98,28.76,100229.77,328731.94,0.95,1.36,1.66,1.81,5.79,7.16,7.51,7.56,7.57,0.68
[2026-05-11 08:39:17.617] ,486,27.99,28.94,100228.21,325285.91,0.86,1.23,1.5,1.64,5.27,6.51,6.82,6.87,6.88,0.68
[2026-05-11 08:39:22.622] ,485,27.99,29.08,100225,321305.31,0.72,1.02,1.25,1.36,4.37,5.4,5.67,5.7,5.71,0.68
[2026-05-11 08:39:27.636] ,483,28,29.23,100226.06,320701.53,0.64,0.91,1.11,1.22,3.91,4.83,5.06,5.1,5.1,0.68
[2026-05-11 08:39:32.659] ,482,28.01,29.28,100225.42,320400.5,0.71,1.02,1.25,1.36,4.37,5.4,5.66,5.7,5.7,0.68
[2026-05-11 08:39:37.666] ,482,28.01,29.31,100224.13,320400.5,0.66,0.95,1.16,1.26,4.04,4.99,5.24,5.27,5.28,0.68
[2026-05-11 08:39:42.682] ,482,28.03,29.19,100224.12,324976.19,0.62,0.89,1.08,1.18,3.76,4.66,4.89,4.92,4.93,0.68
[2026-05-11 08:39:47.700] ,481,28.05,29.09,100225.53,323743.28,0.65,0.93,1.14,1.24,3.94,4.87,5.12,5.15,5.16,0.69
[2026-05-11 08:39:52.718] ,481,28.07,29.13,100228.62,323436.5,0.7,1.01,1.23,1.35,4.25,5.27,5.53,5.57,5.58,0.69
[2026-05-11 08:39:57.732] ,480,28.07,29.13,100227.67,324358.56,0.67,0.97,1.19,1.3,4.08,5.05,5.31,5.35,5.35,0.69
[2026-05-11 08:40:02.741] ,481,28.07,28.99,100227.67,326530.62,0.68,0.98,1.2,1.32,4.12,5.12,5.38,5.42,5.42,0.69
[2026-05-11 08:40:07.756] ,480,28.06,28.82,100227,328731.94,0.6,0.87,1.07,1.17,3.66,4.54,4.77,4.81,4.81,0.69
[2026-05-11 08:40:12.766] ,481,28.08,28.73,100224.34,324667.09,0.62,0.91,1.11,1.22,3.78,4.69,4.93,4.97,4.97,0.69
[2026-05-11 08:40:17.786] ,482,28.09,28.84,100226.19,323130.31,0.68,0.99,1.22,1.33,4.13,5.13,5.39,5.43,5.44,0.7
[2026-05-11 08:40:22.797] ,481,28.1,28.89,100227.57,321911.34,0.72,1.05,1.29,1.42,4.38,5.45,5.73,5.77,5.78,0.7
[2026-05-11 08:40:27.808] ,481,28.11,28.95,100227.1,321911.34,0.8,1.17,1.44,1.58,4.84,6.03,6.34,6.39,6.39,0.7
[2026-05-11 08:40:32.828] ,481,28.12,29.01,100227.04,321305.31,0.8,1.17,1.44,1.58,4.84,6.03,6.34,6.39,6.4,0.7
[2026-05-11 08:40:37.836] ,482,28.11,29.09,100226.36,319800.12,0.74,1.09,1.34,1.47,4.47,5.57,5.87,5.91,5.92,0.7
[2026-05-11 08:40:42.856] ,484,28.11,29.19,100227.48,321911.34,0.67,0.99,1.21,1.33,4.06,5.06,5.32,5.36,5.37,0.7
[2026-05-11 08:40:47.866] ,485,28.1,29.15,100227.78,324050.62,0.59,0.87,1.07,1.17,3.58,4.46,4.69,4.73,4.73,0.7
[2026-05-11 08:40:52.878] ,485,28.1,29.01,100228.7,327156.56,0.63,0.92,1.14,1.25,3.82,4.76,5.01,5.04,5.05,0.7
[2026-05-11 08:40:57.896] ,486,28.08,28.97,100227.35,324976.19,0.69,1.01,1.23,1.35,4.17,5.18,5.45,5.49,5.5,0.7
[2026-05-11 08:41:02.908] ,488,28.09,29.03,100229.44,324050.62,0.72,1.06,1.3,1.42,4.37,5.44,5.72,5.77,5.77,0.7
[2026-05-11 08:41:07.927] ,490,28.09,29.07,100230.5,321911.34,0.66,0.97,1.19,1.31,4.01,4.99,5.25,5.29,5.3,0.7
[2026-05-11 08:41:12.936] ,490,28.12,29.11,100229.57,321911.34,0.61,0.9,1.1,1.21,3.72,4.63,4.87,4.9,4.91,0.7
[2026-05-11 08:41:17.956] ,490,28.13,29.13,100232.55,321003.12,0.66,0.96,1.18,1.29,3.97,4.95,5.2,5.24,5.25,0.7
[2026-05-11 08:41:22.970] ,490,28.14,29.19,100233.3,320100.03,0.69,1.01,1.25,1.37,4.2,5.23,5.5,5.54,5.54,0.7
[2026-05-11 08:41:27.976] ,490,28.13,29.04,100229.99,324976.19,0.7,1.02,1.25,1.37,4.21,5.24,5.51,5.55,5.56,0.7
[2026-05-11 08:41:32.995] ,490,28.13,28.98,100232.34,323130.31,0.62,0.91,1.12,1.22,3.77,4.69,4.93,4.97,4.97,0.7
[2026-05-11 08:41:38.007] ,489,28.11,28.99,100231.45,322824.72,0.52,0.76,0.93,1.03,3.16,3.93,4.14,4.17,4.17,0.7
[2026-05-11 08:41:43.018] ,489,28.12,29.04,100232.09,322824.72,0.47,0.69,0.84,0.92,2.86,3.55,3.73,3.76,3.77,0.69
[2026-05-11 08:41:48.037] ,487,28.13,29.05,100229.48,323130.31,0.46,0.67,0.82,0.9,2.8,3.47,3.65,3.68,3.68,0.7
[2026-05-11 08:41:53.045] ,489,28.11,29.05,100230.99,321911.34,0.52,0.76,0.93,1.02,3.15,3.92,4.12,4.15,4.16,0.7
[2026-05-11 08:41:58.067] ,491,28.09,29.09,100231.39,320400.5,0.58,0.84,1.03,1.13,3.5,4.35,4.57,4.61,4.61,0.7
[2026-05-11 08:42:03.076] ,490,28.07,29.1,100231.74,323130.31,0.64,0.94,1.15,1.26,3.88,4.83,5.09,5.12,5.13,0.7
[2026-05-11 08:42:08.092] ,491,28.08,28.98,100231.19,322519.69,0.6,0.87,1.08,1.18,3.61,4.49,4.73,4.77,4.77,0.7
[2026-05-11 08:42:13.106] ,490,28.1,29.01,100228.67,321305.31,0.55,0.81,0.99,1.09,3.32,4.13,4.35,4.38,4.39,0.7
[2026-05-11 08:42:18.117] ,489,28.1,29.1,100226.92,319800.12,0.58,0.85,1.04,1.15,3.48,4.34,4.57,4.61,4.61,0.7
[2026-05-11 08:42:23.136] ,486,28.1,29.1,100230.28,322824.72,0.61,0.89,1.09,1.2,3.65,4.55,4.79,4.83,4.83,0.7
[2026-05-11 08:42:28.150] ,485,28.1,29.07,100231.69,323130.31,0.6,0.87,1.07,1.18,3.6,4.48,4.72,4.75,4.76,0.7
[2026-05-11 08:42:33.164] ,486,28.1,29.09,100231.88,319500.78,0.62,0.91,1.12,1.23,3.74,4.66,4.91,4.95,4.95,0.7
[2026-05-11 08:42:38.176] ,487,28.09,29.17,100230.49,319202,0.75,1.1,1.35,1.48,4.53,5.64,5.94,5.98,5.99,0.7
[2026-05-11 08:42:43.192] ,487,28.07,29.12,100231.37,324976.19,0.72,1.05,1.29,1.42,4.34,5.4,5.69,5.73,5.74,0.7
[2026-05-11 08:42:48.206] ,488,28.08,29.05,100230.62,324976.19,0.66,0.97,1.19,1.3,3.98,4.96,5.22,5.26,5.27,0.7
[2026-05-11 08:42:53.223] ,487,28.08,29.1,100228.91,322215.22,0.66,0.96,1.18,1.3,3.98,4.95,5.21,5.25,5.26,0.7
[2026-05-11 08:42:58.236] ,489,28.08,29.19,100227.73,321608.03,0.78,1.14,1.41,1.54,4.7,5.86,6.17,6.22,6.22,0.7
[2026-05-11 08:43:03.246] ,490,28.06,29.23,100225.62,319500.78,0.83,1.22,1.5,1.65,5,6.23,6.56,6.61,6.62,0.7
[2026-05-11 08:43:08.268] ,488,28.05,29.29,100226.04,319800.12,0.83,1.22,1.51,1.66,5.01,6.25,6.58,6.63,6.64,0.7
[2026-05-11 08:43:13.276] ,486,28.04,29.3,100226.48,320701.53,0.75,1.1,1.36,1.49,4.48,5.6,5.9,5.95,5.95,0.7
[2026-05-11 08:43:18.296] ,486,28.04,29.19,100225.7,321305.31,0.67,1,1.23,1.36,4.05,5.06,5.34,5.38,5.39,0.7
[2026-05-11 08:43:23.310] ,487,28.07,29.18,100227.76,318606.09,0.7,1.04,1.29,1.42,4.22,5.28,5.57,5.62,5.62,0.71
[2026-05-11 08:43:28.327] ,487,28.06,29.28,100227.04,318012.44,0.74,1.09,1.36,1.49,4.41,5.52,5.83,5.87,5.88,0.71
[2026-05-11 08:43:33.335] ,487,28.05,29.41,100224.83,318012.44,0.75,1.11,1.38,1.52,4.46,5.6,5.91,5.96,5.96,0.71
[2026-05-11 08:43:38.357] ,488,28.06,29.47,100223.48,319202,0.79,1.18,1.47,1.62,4.72,5.93,6.26,6.31,6.32,0.72
[2026-05-11 08:43:43.365] ,489,28.05,29.35,100221.59,325596.19,0.76,1.14,1.42,1.56,4.54,5.7,6.03,6.07,6.08,0.71
[2026-05-11 08:43:48.376] ,490,28.05,29.22,100223.59,326843.28,0.73,1.09,1.36,1.5,4.33,5.45,5.76,5.8,5.81,0.71
[2026-05-11 08:43:53.397] ,490,28.03,29.18,100224.21,324976.19,0.77,1.16,1.44,1.59,4.6,5.78,6.11,6.16,6.17,0.71
[2026-05-11 08:43:58.406] ,490,28.04,29.01,100228.19,329048.84,0.71,1.07,1.33,1.47,4.24,5.33,5.63,5.68,5.69,0.71
[2026-05-11 08:44:03.422] ,491,28.03,28.79,100228.69,327784.91,0.63,0.95,1.19,1.31,3.77,4.74,5.02,5.06,5.06,0.71
[2026-05-11 08:44:08.436] ,493,28.04,28.79,100227.64,324976.19,1.19,1.79,2.24,2.47,7.08,8.91,9.43,9.51,9.52,0.72
[2026-05-11 08:44:13.452] ,494,28.06,28.95,100225.72,320100.03,1.22,1.83,2.28,2.51,7.23,9.09,9.62,9.7,9.71,0.71
[2026-05-11 08:44:18.464] ,494,28.06,29.19,100225.9,318012.44,1.08,1.62,2.02,2.23,6.43,8.09,8.56,8.63,8.64,0.71
[2026-05-11 08:44:23.477] ,494,28.07,29.31,100226.86,323743.28,0.95,1.42,1.77,1.95,5.64,7.08,7.49,7.55,7.56,0.71
[2026-05-11 08:44:28.486] ,495,28.04,29.2,100225.64,324976.19,0.95,1.43,1.78,1.96,5.65,7.1,7.51,7.57,7.58,0.72
[2026-05-11 08:44:33.506] ,496,28.02,29.2,100228.43,325907.06,0.88,1.32,1.64,1.81,5.21,6.56,6.94,7,7,0.72
[2026-05-11 08:44:38.515] ,497,28.01,29.14,100229.15,324358.56,0.8,1.2,1.49,1.64,4.73,5.95,6.29,6.35,6.35,0.72
[2026-05-11 08:44:43.526] ,498,28.04,29.19,100226.01,321608.03,0.7,1.06,1.32,1.45,4.18,5.26,5.56,5.61,5.61,0.72
[2026-05-11 08:44:48.542] ,498,28.01,29.34,100226.91,318903.78,0.73,1.1,1.38,1.52,4.34,5.47,5.79,5.83,5.84,0.72
[2026-05-11 08:44:53.556] ,497,28.02,29.49,100228.68,319202,0.72,1.09,1.36,1.5,4.26,5.37,5.69,5.73,5.74,0.72
[2026-05-11 08:44:58.578] ,495,28.02,29.54,100233.98,318903.78,0.68,1.03,1.29,1.43,4.04,5.1,5.4,5.45,5.46,0.72
[2026-05-11 08:45:03.586] ,496,28.04,29.49,100236.35,321911.34,0.63,0.95,1.19,1.31,3.71,4.68,4.95,5,5,0.72
[2026-05-11 08:45:08.606] ,497,28.05,29.34,100228.48,321911.34,0.59,0.9,1.13,1.24,3.5,4.43,4.69,4.73,4.74,0.73
[2026-05-11 08:45:13.617] ,495,28.03,29.33,100233.9,322519.69,0.59,0.9,1.13,1.25,3.5,4.43,4.69,4.73,4.74,0.73
[2026-05-11 08:45:18.625] ,494,28.02,29.27,100224.99,325907.06,0.61,0.92,1.16,1.28,3.57,4.51,4.79,4.83,4.83,0.73
[2026-05-11 08:45:23.639] ,497,28.02,29.13,100226.55,326218.53,0.65,1,1.25,1.39,3.85,4.87,5.17,5.21,5.22,0.73
[2026-05-11 08:45:28.655] ,495,28.02,29.11,100224.27,323743.28,0.67,1.02,1.28,1.42,3.94,4.98,5.29,5.33,5.34,0.73
[2026-05-11 08:45:33.666] ,495,28.01,29.2,100223.27,323436.5,0.61,0.93,1.17,1.29,3.6,4.56,4.83,4.87,4.88,0.73
[2026-05-11 08:45:38.680] ,496,28.02,29.3,100226.93,320400.5,0.63,0.96,1.2,1.33,3.7,4.68,4.97,5.01,5.01,0.73
[2026-05-11 08:45:43.700] ,498,28.02,29.38,100225.59,321003.12,0.7,1.07,1.35,1.49,4.13,5.24,5.55,5.6,5.61,0.73
[2026-05-11 08:45:48.706] ,499,28.03,29.29,100231.91,322824.72,0.71,1.08,1.36,1.51,4.16,5.27,5.6,5.64,5.65,0.73
[2026-05-11 08:45:53.727] ,501,28.03,29.34,100232.13,321911.34,0.66,1.02,1.28,1.41,3.89,4.93,5.23,5.28,5.29,0.73
[2026-05-11 08:45:58.736] ,500,28.02,29.25,100229.48,326530.62,0.65,0.99,1.25,1.38,3.79,4.81,5.11,5.16,5.16,0.74
[2026-05-11 08:46:03.747] ,501,28,29.21,100227.66,325596.19,0.63,0.96,1.21,1.34,3.67,4.66,4.95,4.99,5,0.74
[2026-05-11 08:46:08.763] ,499,28,29.26,100226.52,322824.72,0.66,1.02,1.29,1.42,3.86,4.91,5.22,5.27,5.27,0.74
[2026-05-11 08:46:13.774] ,500,27.99,29.41,100230.94,322215.22,0.67,1.03,1.3,1.44,3.89,4.96,5.27,5.32,5.33,0.74
[2026-05-11 08:46:18.786] ,502,27.99,29.53,100230.4,323743.28,0.59,0.92,1.16,1.28,3.45,4.4,4.68,4.72,4.72,0.74
[2026-05-11 08:46:23.803] ,503,28.01,29.23,100223.46,325907.06,0.58,0.9,1.14,1.26,3.4,4.34,4.61,4.65,4.66,0.74
[2026-05-11 08:46:28.816] ,504,28.02,29.22,100227.14,321305.31,0.64,0.98,1.24,1.37,3.71,4.72,5.02,5.07,5.08,0.74
[2026-05-11 08:46:33.826] ,503,28.03,29.36,100232.95,319500.78,0.61,0.95,1.2,1.33,3.59,4.57,4.86,4.9,4.91,0.74
[2026-05-11 08:46:38.848] ,503,28.01,29.39,100230.75,321911.34,0.61,0.93,1.18,1.3,3.54,4.5,4.78,4.83,4.83,0.74
[2026-05-11 08:46:43.855] ,502,28.01,29.38,100226.82,321305.31,0.58,0.89,1.13,1.25,3.4,4.32,4.59,4.63,4.64,0.73
[2026-05-11 08:46:48.872] ,500,28.02,29.31,100225.06,323130.31,0.56,0.86,1.08,1.2,3.27,4.16,4.42,4.46,4.46,0.74
[2026-05-11 08:46:53.886] ,500,28.02,29.29,100227.37,325596.19,0.76,1.17,1.47,1.63,4.43,5.62,5.98,6.03,6.04,0.74
[2026-05-11 08:46:58.898] ,499,28.01,29.18,100233.05,326218.53,0.98,1.52,1.91,2.12,5.72,7.28,7.74,7.81,7.82,0.74
[2026-05-11 08:47:03.917] ,501,28,29.01,100233.46,327784.91,0.99,1.54,1.94,2.15,5.77,7.35,7.82,7.89,7.9,0.74
[2026-05-11 08:47:08.936] ,501,28.02,29.04,100228.37,326218.53,0.94,1.46,1.85,2.05,5.48,6.99,7.44,7.51,7.52,0.74
[2026-05-11 08:47:13.948] ,503,28.01,29.03,100230.41,327470.41,0.89,1.39,1.75,1.94,5.2,6.63,7.05,7.12,7.13,0.74
[2026-05-11 08:47:18.960] ,502,27.98,29.07,100232.79,325285.91,0.84,1.31,1.65,1.83,4.91,6.26,6.66,6.72,6.73,0.74
[2026-05-11 08:47:23.976] ,501,27.95,29.23,100229.62,323743.28,0.83,1.28,1.62,1.79,4.81,6.13,6.52,6.58,6.59,0.74
[2026-05-11 08:47:28.992] ,502,27.94,29.27,100229.05,325907.06,0.99,1.54,1.95,2.16,5.75,7.33,7.81,7.88,7.89,0.75
[2026-05-11 08:47:34.007] ,502,27.95,29.31,100229.6,324050.62,1.03,1.6,2.03,2.26,5.97,7.62,8.12,8.19,8.21,0.75
[2026-05-11 08:47:39.016] ,502,27.97,29.28,100229.38,325596.19,0.98,1.54,1.95,2.16,5.71,7.29,7.77,7.84,7.85,0.75
[2026-05-11 08:47:44.031] ,503,27.95,29.11,100228.69,329048.84,0.89,1.39,1.76,1.95,5.17,6.61,7.04,7.1,7.11,0.74
[2026-05-11 08:47:49.048] ,503,27.95,29.02,100228.11,329366.34,0.79,1.24,1.56,1.74,4.61,5.88,6.27,6.32,6.33,0.74
[2026-05-11 08:47:54.054] ,503,27.95,29.03,100228.44,329048.84,0.71,1.1,1.4,1.55,4.12,5.25,5.6,5.65,5.65,0.75
[2026-05-11 08:47:59.069] ,503,27.96,29.06,100228.52,331606.22,0.59,0.93,1.17,1.3,3.45,4.41,4.69,4.74,4.74,0.75
[2026-05-11 08:48:04.076] ,504,27.97,29.07,100227.91,331928.69,0.52,0.81,1.03,1.14,3.03,3.87,4.12,4.16,4.16,0.75
[2026-05-11 08:48:09.097] ,503,27.98,29.11,100229.3,331606.22,0.46,0.71,0.9,1,2.67,3.4,3.62,3.66,3.66,0.75
[2026-05-11 08:48:14.110] ,504,27.98,29.09,100230.62,329366.34,0.41,0.63,0.8,0.88,2.37,3.02,3.21,3.24,3.24,0.74
[2026-05-11 08:48:19.127] ,504,27.98,29.12,100234.66,329684.47,0.38,0.59,0.75,0.83,2.23,2.84,3.02,3.05,3.05,0.74
[2026-05-11 08:48:24.141] ,504,27.98,29.04,100237.22,328731.94,0.41,0.64,0.81,0.9,2.42,3.08,3.28,3.31,3.31,0.75
[2026-05-11 08:48:29.157] ,506,28.01,29,100233.91,327470.41,0.54,0.85,1.07,1.19,3.15,4.02,4.29,4.32,4.33,0.75
[2026-05-11 08:48:34.161] ,504,28.02,29.05,100234.46,324667.09,0.63,0.99,1.25,1.39,3.68,4.7,5,5.05,5.05,0.74
[2026-05-11 08:48:39.176] ,505,28.03,29.09,100231.51,324358.56,0.65,1.02,1.29,1.43,3.8,4.85,5.16,5.21,5.22,0.75
[2026-05-11 08:48:44.195] ,506,28.03,29.09,100235.85,324667.09,0.65,1.02,1.29,1.43,3.8,4.85,5.17,5.21,5.22,0.74
[2026-05-11 08:48:49.209] ,505,28.03,29.04,100234.1,325907.06,0.64,0.99,1.25,1.39,3.69,4.71,5.02,5.06,5.07,0.75
[2026-05-11 08:48:54.215] ,503,28.03,29.07,100234.47,324667.09,0.71,1.1,1.39,1.55,4.13,5.26,5.6,5.65,5.66,0.74
[2026-05-11 08:48:59.236] ,502,28.02,29.11,100231.03,325285.91,0.68,1.05,1.33,1.47,3.95,5.03,5.35,5.4,5.41,0.74
[2026-05-11 08:49:04.246] ,502,28.02,29.15,100232.23,324976.19,0.71,1.1,1.39,1.54,4.16,5.29,5.63,5.68,5.69,0.74
[2026-05-11 08:49:09.264] ,501,28.01,29.12,100231.25,324358.56,0.65,1.01,1.27,1.41,3.83,4.87,5.18,5.22,5.23,0.74
[2026-05-11 08:49:14.277] ,503,27.99,29.08,100231.44,325285.91,0.69,1.06,1.34,1.48,4.04,5.13,5.46,5.5,5.51,0.73
[2026-05-11 08:49:19.286] ,502,28,28.91,100230.73,327784.91,0.69,1.06,1.33,1.47,4.03,5.12,5.43,5.48,5.49,0.74
[2026-05-11 08:49:24.302] ,502,28.01,28.86,100230.37,325596.19,0.65,1,1.26,1.4,3.81,4.84,5.14,5.19,5.19,0.74
[2026-05-11 08:49:29.323] ,501,28.01,28.83,100231.08,322519.69,0.63,0.97,1.22,1.35,3.68,4.67,4.97,5.01,5.02,0.74
[2026-05-11 08:49:34.336] ,500,28.02,28.91,100230.77,318606.09,0.59,0.91,1.15,1.27,3.46,4.4,4.68,4.72,4.72,0.74
[2026-05-11 08:49:39.346] ,498,28.01,28.81,100232.96,321305.31,0.53,0.82,1.04,1.15,3.13,3.98,4.23,4.26,4.27,0.74
[2026-05-11 08:49:44.356] ,500,28,28.93,100235.8,318308.97,0.76,1.17,1.47,1.62,4.44,5.64,5.99,6.04,6.05,0.73
[2026-05-11 08:49:49.376] ,497,28.01,29.05,100234.98,319800.12,0.81,1.24,1.56,1.73,4.76,6.03,6.41,6.46,6.47,0.73
[2026-05-11 08:49:54.386] ,497,28.01,29,100233.44,319800.12,0.75,1.15,1.45,1.6,4.4,5.59,5.93,5.98,5.99,0.73
[2026-05-11 08:49:59.401] ,497,28.02,29.04,100229.96,317126.03,0.75,1.15,1.45,1.6,4.4,5.58,5.93,5.98,5.99,0.73
[2026-05-11 08:50:04.417] ,497,28.03,29.03,100231.91,314206.81,0.74,1.13,1.42,1.57,4.32,5.48,5.82,5.87,5.87,0.74
[2026-05-11 08:50:09.431] ,497,28.04,29.02,100230.88,313341.5,0.72,1.1,1.39,1.54,4.22,5.35,5.68,5.73,5.74,0.74
[2026-05-11 08:50:14.438] ,497,28.05,28.96,100231.3,311909.84,0.67,1.03,1.29,1.43,3.91,4.97,5.28,5.32,5.33,0.74
[2026-05-11 08:50:19.455] ,497,28.05,28.89,100231.42,307969.94,0.71,1.09,1.37,1.52,4.15,5.27,5.6,5.65,5.65,0.73
[2026-05-11 08:50:24.468] ,497,28.06,29.04,100233.88,302243.22,0.78,1.2,1.51,1.67,4.57,5.81,6.17,6.22,6.23,0.73
[2026-05-11 08:50:29.483] ,497,28.07,29.16,100235.53,300910.97,0.76,1.17,1.47,1.63,4.47,5.67,6.02,6.07,6.08,0.73
[2026-05-11 08:50:34.497] ,498,28.07,29.19,100233.35,303317.53,0.77,1.18,1.48,1.64,4.53,5.74,6.09,6.14,6.15,0.73
[2026-05-11 08:50:39.506] ,499,28.06,29.15,100230.7,306862.44,0.72,1.1,1.39,1.53,4.24,5.38,5.71,5.75,5.76,0.73
[2026-05-11 08:50:44.519] ,500,28.05,29.19,100231.91,301442.44,0.64,0.98,1.23,1.36,3.75,4.76,5.05,5.09,5.1,0.73
[2026-05-11 08:50:49.536] ,499,28.06,29.28,100230.48,297501.44,0.63,0.96,1.21,1.33,3.71,4.69,4.98,5.02,5.03,0.73
[2026-05-11 08:50:54.546] ,496,28.07,29.25,100229.24,300645.91,0.62,0.94,1.18,1.3,3.63,4.59,4.87,4.91,4.92,0.73
[2026-05-11 08:50:59.557] ,495,28.06,29.15,100229.62,298803.62,0.57,0.87,1.09,1.21,3.37,4.26,4.52,4.56,4.57,0.72
[2026-05-11 08:51:04.573] ,496,28.05,29.23,100230.61,297501.44,0.53,0.81,1.01,1.12,3.13,3.96,4.2,4.23,4.24,0.73
[2026-05-11 08:51:09.586] ,496,28.04,29.28,100230.86,293157.75,0.48,0.73,0.92,1.02,2.85,3.6,3.82,3.85,3.85,0.72
[2026-05-11 08:51:14.604] ,497,28.04,29.37,100232.67,294930.88,0.51,0.78,0.98,1.08,3.04,3.84,4.07,4.11,4.11,0.73
[2026-05-11 08:51:19.616] ,499,28.05,29.33,100234.58,296725.59,0.49,0.75,0.94,1.04,2.91,3.68,3.9,3.94,3.94,0.73
[2026-05-11 08:51:24.627] ,500,28.04,29.24,100234.3,298542.28,0.44,0.67,0.84,0.93,2.59,3.28,3.47,3.5,3.51,0.73
[2026-05-11 08:51:29.636] ,500,28.03,29.2,100233.05,297501.44,0.73,1.11,1.4,1.54,4.3,5.44,5.77,5.82,5.82,0.72
[2026-05-11 08:51:34.653] ,502,28.01,29.17,100231.2,296210.59,0.95,1.45,1.81,2.01,5.59,7.07,7.5,7.56,7.57,0.73
[2026-05-11 08:51:39.666] ,500,28.01,29.16,100230.34,294930.88,0.99,1.51,1.9,2.1,5.85,7.41,7.85,7.92,7.93,0.73
[2026-05-11 08:51:44.676] ,503,28.02,29.23,100231.49,292906.19,0.93,1.42,1.78,1.97,5.5,6.96,7.38,7.44,7.45,0.73
[2026-05-11 08:51:49.696] ,500,28.02,29.29,100231.26,295953.75,0.89,1.36,1.7,1.88,5.28,6.67,7.07,7.13,7.14,0.73
[2026-05-11 08:51:54.702] ,501,28.03,29.23,100230.09,295441.44,0.87,1.32,1.65,1.82,5.12,6.46,6.85,6.91,6.92,0.73
[2026-05-11 08:51:59.718] ,501,28.04,29.31,100231.3,289183.84,0.9,1.36,1.71,1.89,5.31,6.7,7.1,7.16,7.17,0.73
[2026-05-11 08:52:04.737] ,503,28.03,29.21,100232.7,303317.53,1.04,1.58,1.98,2.19,6.14,7.76,8.23,8.3,8.31,0.74
[2026-05-11 08:52:09.747] ,502,28.02,28.84,100231.49,310209.03,0.99,1.51,1.89,2.09,5.85,7.4,7.85,7.92,7.93,0.74
[2026-05-11 08:52:14.756] ,502,28,28.73,100231.09,305489.25,0.83,1.26,1.58,1.75,4.88,6.17,6.54,6.6,6.61,0.74
[2026-05-11 08:52:19.767] ,501,28.01,28.89,100230.88,292906.19,0.71,1.09,1.36,1.5,4.2,5.31,5.63,5.68,5.68,0.73
[2026-05-11 08:52:24.787] ,498,28.01,29.11,100231.27,289429.06,0.63,0.95,1.19,1.32,3.69,4.66,4.95,4.99,4.99,0.73
[2026-05-11 08:52:29.796] ,500,28.02,29.27,100229.22,291904.22,0.62,0.94,1.17,1.29,3.64,4.6,4.87,4.92,4.92,0.73
[2026-05-11 08:52:34.812] ,501,28.01,29.29,100230.94,291405.81,0.68,1.04,1.29,1.43,4.06,5.12,5.42,5.46,5.47,0.72
[2026-05-11 08:52:39.822] ,503,27.99,29.25,100235.7,297501.44,0.71,1.08,1.34,1.48,4.24,5.34,5.65,5.7,5.7,0.72
[2026-05-11 08:52:44.836] ,502,28,29.11,100235.84,295953.75,0.67,1,1.25,1.38,3.96,4.99,5.27,5.32,5.32,0.72
[2026-05-11 08:52:49.857] ,503,27.99,29.07,100231.84,297760.97,0.72,1.07,1.34,1.47,4.26,5.35,5.66,5.7,5.71,0.72
[2026-05-11 08:52:54.868] ,504,27.98,29.05,100231.21,295441.44,0.74,1.11,1.39,1.53,4.42,5.56,5.88,5.93,5.93,0.73
[2026-05-11 08:52:59.876] ,503,27.98,29.14,100233.87,293157.75,0.77,1.16,1.44,1.59,4.58,5.76,6.09,6.14,6.14,0.73
[2026-05-11 08:53:04.890] ,502,27.97,29.29,100231.31,294168.34,0.78,1.17,1.46,1.61,4.62,5.81,6.14,6.19,6.2,0.73
[2026-05-11 08:53:09.914] ,504,27.95,29.37,100228.33,293157.75,0.77,1.16,1.45,1.6,4.58,5.77,6.1,6.15,6.16,0.73
[2026-05-11 08:53:14.927] ,501,27.95,29.44,100229.45,290167.19,0.84,1.26,1.57,1.74,4.96,6.25,6.61,6.67,6.68,0.73
[2026-05-11 08:53:19.936] ,502,27.97,29.36,100226.96,298542.28,0.93,1.4,1.75,1.93,5.5,6.93,7.34,7.4,7.41,0.73
[2026-05-11 08:53:24.946] ,501,27.98,29.2,100225.33,300381.34,0.94,1.42,1.78,1.96,5.58,7.03,7.44,7.5,7.51,0.73
[2026-05-11 08:53:29.967] ,501,27.99,28.99,100227.07,297501.44,0.83,1.25,1.57,1.73,4.91,6.19,6.56,6.61,6.62,0.73
[2026-05-11 08:53:34.972] ,502,27.99,29.03,100228.79,297242.38,0.68,1.03,1.29,1.42,4.03,5.08,5.38,5.42,5.43,0.73
[2026-05-11 08:53:39.986] ,504,27.97,28.91,100228.45,306862.44,0.53,0.81,1.01,1.12,3.17,3.99,4.23,4.27,4.27,0.73
[2026-05-11 08:53:45.006] ,505,27.98,28.96,100230.23,301975.81,0.42,0.63,0.79,0.88,2.49,3.14,3.32,3.35,3.35,0.73
[2026-05-11 08:53:50.017] ,504,27.99,29.04,100230.08,302243.22,0.45,0.68,0.85,0.93,2.66,3.35,3.55,3.58,3.58,0.73
[2026-05-11 08:53:55.026] ,505,27.99,28.96,100231.6,305216.09,0.51,0.77,0.96,1.06,3.01,3.8,4.02,4.05,4.06,0.73
[2026-05-11 08:54:00.046] ,505,27.97,28.88,100230.08,305762.91,0.57,0.86,1.07,1.18,3.37,4.25,4.5,4.53,4.54,0.73
[2026-05-11 08:54:05.059] ,506,27.95,28.73,100231.51,308805.78,0.57,0.85,1.06,1.17,3.36,4.23,4.48,4.51,4.52,0.73
[2026-05-11 08:54:10.066] ,507,27.95,28.67,100232.45,306311.69,0.6,0.89,1.11,1.23,3.54,4.45,4.71,4.75,4.75,0.73
[2026-05-11 08:54:15.076] ,505,27.93,28.76,100230.36,306311.69,0.57,0.86,1.07,1.18,3.41,4.29,4.54,4.57,4.58,0.73
[2026-05-11 08:54:20.086] ,504,27.92,28.91,100232.45,299327.69,0.52,0.78,0.97,1.07,3.1,3.9,4.12,4.16,4.16,0.73
[2026-05-11 08:54:25.106] ,506,27.94,29.12,100234.12,299065.41,0.61,0.92,1.15,1.26,3.65,4.59,4.86,4.9,4.9,0.73
[2026-05-11 08:54:30.122] ,508,27.95,29.24,100231.97,295697.38,0.64,0.96,1.2,1.32,3.81,4.8,5.07,5.11,5.12,0.73
[2026-05-11 08:54:35.130] ,507,27.96,29.29,100232.95,295185.94,0.62,0.94,1.17,1.29,3.72,4.68,4.94,4.98,4.99,0.73
[2026-05-11 08:54:40.146] ,507,27.95,29.32,100233.03,296983.75,0.58,0.87,1.09,1.2,3.47,4.36,4.61,4.65,4.65,0.73
[2026-05-11 08:54:45.156] ,507,27.94,29.36,100232.3,295697.38,0.59,0.88,1.1,1.21,3.51,4.41,4.66,4.7,4.7,0.73
[2026-05-11 08:54:50.167] ,506,27.92,29.42,100229.3,293662.19,0.7,1.05,1.3,1.43,4.17,5.24,5.54,5.58,5.59,0.73
[2026-05-11 08:54:55.187] ,504,27.92,29.5,100231.94,292906.19,1.31,1.95,2.43,2.67,7.79,9.77,10.33,10.41,10.42,0.73
[2026-05-11 08:55:00.196] ,506,27.91,29.56,100233.98,292404.34,1.36,2.04,2.54,2.8,8.13,10.21,10.79,10.88,10.89,0.74
[2026-05-11 08:55:05.209] ,507,27.9,29.61,100232.54,291157.25,1.32,1.98,2.46,2.72,7.83,9.85,10.42,10.5,10.51,0.74
[2026-05-11 08:55:10.219] ,507,27.91,29.7,100230.26,287721.28,1.19,1.8,2.25,2.48,7.08,8.92,9.44,9.52,9.53,0.74
[2026-05-11 08:55:15.236] ,508,27.92,29.75,100230.67,288450.72,1.05,1.59,1.99,2.19,6.2,7.82,8.28,8.35,8.36,0.75
[2026-05-11 08:55:20.256] ,508,27.92,29.73,100231.28,291405.81,1.01,1.54,1.93,2.13,5.99,7.57,8.02,8.09,8.1,0.75
[2026-05-11 08:55:25.266] ,508,27.91,29.47,100230.16,300910.97,0.95,1.45,1.82,2.01,5.61,7.09,7.52,7.58,7.59,0.75
[2026-05-11 08:55:30.283] ,507,27.92,29.19,100229.64,303317.53,0.88,1.34,1.68,1.85,5.17,6.54,6.94,6.99,7,0.74
[2026-05-11 08:55:35.297] ,507,27.94,28.98,100231.48,297501.44,0.84,1.28,1.6,1.77,4.92,6.23,6.61,6.67,6.68,0.75
[2026-05-11 08:55:40.306] ,506,27.97,29.11,100231.16,294930.88,0.8,1.22,1.53,1.7,4.7,5.95,6.32,6.37,6.38,0.74
[2026-05-11 08:55:45.315] ,505,28,29.2,100227.94,295185.94,1.01,1.55,1.94,2.15,5.94,7.53,7.99,8.06,8.07,0.74
[2026-05-11 08:55:50.334] ,507,28,29.24,100228.46,301442.44,1,1.53,1.93,2.13,5.9,7.48,7.93,8,8.01,0.74
[2026-05-11 08:55:55.346] ,508,27.98,29.15,100227.36,304128.31,0.96,1.47,1.85,2.04,5.67,7.18,7.62,7.68,7.69,0.74
[2026-05-11 08:56:00.356] ,508,27.97,29.18,100226.08,299327.69,0.91,1.39,1.74,1.92,5.33,6.75,7.17,7.23,7.24,0.75
[2026-05-11 08:56:05.367] ,510,27.97,29.28,100227.44,296725.59,0.87,1.34,1.68,1.86,5.13,6.51,6.91,6.97,6.98,0.75
[2026-05-11 08:56:10.386] ,509,27.98,29.39,100229.2,292906.19,0.81,1.25,1.57,1.74,4.76,6.04,6.42,6.48,6.48,0.75
[2026-05-11 08:56:15.397] ,508,28,29.39,100228.71,299590.41,0.74,1.14,1.43,1.58,4.33,5.5,5.84,5.89,5.9,0.75
[2026-05-11 08:56:20.416] ,508,28.01,29.13,100228.5,303587.31,0.65,1,1.26,1.39,3.79,4.82,5.12,5.17,5.17,0.75
[2026-05-11 08:56:25.427] ,508,28.03,29.04,100230.62,300910.97,0.62,0.95,1.2,1.33,3.62,4.6,4.89,4.94,4.94,0.75
[2026-05-11 08:56:30.436] ,508,28.04,29.09,100231.93,299327.69,0.61,0.94,1.19,1.31,3.58,4.54,4.83,4.87,4.88,0.75
[2026-05-11 08:56:35.457] ,508,28.05,29.16,100233.48,300910.97,0.58,0.9,1.13,1.25,3.42,4.34,4.61,4.66,4.66,0.75
[2026-05-11 08:56:40.466] ,510,28.03,29.1,100233.91,307415.19,0.57,0.88,1.11,1.23,3.36,4.27,4.53,4.57,4.58,0.75
[2026-05-11 08:56:45.487] ,512,28.03,29.14,100235.97,303587.31,0.65,0.99,1.25,1.38,3.79,4.81,5.11,5.16,5.16,0.74
[2026-05-11 08:56:50.494] ,511,28.04,29.23,100236.52,297760.97,0.7,1.08,1.35,1.5,4.12,5.22,5.55,5.6,5.6,0.75
[2026-05-11 08:56:55.506] ,511,28.04,29.32,100233.12,302243.22,0.69,1.06,1.33,1.48,4.06,5.15,5.47,5.52,5.52,0.74
[2026-05-11 08:57:00.526] ,512,28.05,29.16,100234.58,310773.91,0.68,1.05,1.32,1.46,4.02,5.09,5.41,5.45,5.46,0.74
[2026-05-11 08:57:05.531] ,512,28.04,29.08,100233.62,308805.78,0.66,1.01,1.27,1.41,3.89,4.93,5.23,5.27,5.28,0.74
[2026-05-11 08:57:10.546] ,512,28.04,29.21,100233.33,296210.59,0.6,0.92,1.16,1.28,3.54,4.49,4.76,4.8,4.81,0.74
[2026-05-11 08:57:15.558] ,512,28.01,29.14,100228.02,315076.94,0.55,0.83,1.05,1.16,3.21,4.06,4.31,4.35,4.35,0.74
[2026-05-11 08:57:20.577] ,512,27.99,29.01,100229.74,315076.94,0.55,0.84,1.06,1.17,3.26,4.12,4.37,4.41,4.41,0.74
[2026-05-11 08:57:25.586] ,509,27.98,29.08,100229.81,297760.97,0.59,0.9,1.12,1.24,3.47,4.39,4.65,4.69,4.7,0.74
[2026-05-11 08:57:30.608] ,509,27.97,29.48,100230.23,269757.62,0.56,0.85,1.06,1.18,3.3,4.17,4.42,4.46,4.47,0.74
[2026-05-11 08:57:35.616] ,509,27.99,30.14,100232.52,257351.09,0.56,0.86,1.07,1.19,3.33,4.21,4.46,4.5,4.5,0.74
[2026-05-11 08:57:40.636] ,510,28,30.43,100229.35,253152.05,0.6,0.91,1.15,1.27,3.53,4.47,4.74,4.78,4.79,0.75
[2026-05-11 08:57:45.646] ,512,28.01,30.25,100228.22,283892.44,0.68,1.03,1.3,1.43,3.99,5.05,5.36,5.4,5.41,0.74
[2026-05-11 08:57:50.664] ,513,28.02,29.76,100228.78,289183.84,0.75,1.15,1.43,1.59,4.45,5.62,5.96,6.01,6.02,0.73
[2026-05-11 08:57:55.676] ,516,28.02,29.5,100228.78,292655.03,0.76,1.15,1.44,1.59,4.47,5.64,5.98,6.03,6.04,0.73
[2026-05-11 08:58:00.686] ,519,28.03,29.58,100230.1,281318.69,0.68,1.04,1.3,1.43,4.05,5.11,5.42,5.46,5.47,0.74
[2026-05-11 08:58:05.698] ,520,28.03,29.47,100228.64,293409.75,0.7,1.06,1.33,1.46,4.14,5.23,5.54,5.58,5.59,0.74
[2026-05-11 08:58:10.716] ,518,28.04,29.56,100231.09,287237.03,0.74,1.12,1.4,1.55,4.38,5.53,5.86,5.91,5.92,0.74
[2026-05-11 08:58:15.723] ,523,28.02,29.51,100232.55,286995.53,1.71,2.59,3.24,3.58,10.1,12.76,13.52,13.63,13.65,0.74
[2026-05-11 08:58:20.746] ,525,28.01,29.66,100231.04,285794.03,1.4,2.13,2.66,2.94,8.27,10.44,11.07,11.16,11.18,0.75
[2026-05-11 08:58:25.756] ,528,28,29.56,100230.59,275639.31,1.21,1.85,2.31,2.56,7.15,9.04,9.59,9.67,9.68,0.74
[2026-05-11 08:58:30.771] ,531,27.99,29.7,100230.83,280394.31,1.15,1.75,2.2,2.43,6.76,8.55,9.07,9.15,9.16,0.75
[2026-05-11 08:58:35.787] ,534,28,29.86,100231.77,269757.62,1.09,1.67,2.1,2.32,6.44,8.15,8.65,8.72,8.73,0.75
[2026-05-11 08:58:40.799] ,540,28.01,30.1,100232.96,265147.59,0.94,1.44,1.81,2.01,5.55,7.03,7.46,7.53,7.54,0.75
[2026-05-11 08:58:45.806] ,544,28.03,30.2,100232.74,267223.38,0.86,1.31,1.65,1.82,5.04,6.39,6.78,6.84,6.85,0.75
[2026-05-11 08:58:50.823] ,547,28.03,30.3,100233.29,261091.28,0.81,1.24,1.56,1.73,4.77,6.05,6.42,6.47,6.48,0.75
[2026-05-11 08:58:55.839] ,551,28.05,30.57,100235.15,251658.89,0.86,1.31,1.65,1.82,5.06,6.4,6.79,6.85,6.86,0.74
[2026-05-11 08:59:00.854] ,553,28.06,30.74,100235.01,256192.14,0.91,1.39,1.74,1.92,5.4,6.82,7.23,7.3,7.3,0.74
[2026-05-11 08:59:05.867] ,557,28.05,30.32,100233.84,276532.53,0.94,1.42,1.77,1.96,5.54,6.99,7.4,7.47,7.47,0.74
[2026-05-11 08:59:10.877] ,560,28.05,30.16,100233.24,267014.34,1.07,1.63,2.03,2.24,6.36,8.02,8.5,8.57,8.58,0.74
[2026-05-11 08:59:15.891] ,562,28.06,30.27,100234.05,263917.53,1.25,1.9,2.37,2.62,7.43,9.37,9.92,10,10.02,0.74
[2026-05-11 08:59:20.907] ,566,28.08,30.43,100230.58,258520.58,1.15,1.74,2.18,2.41,6.81,8.59,9.1,9.18,9.19,0.74
[2026-05-11 08:59:25.922] ,568,28.09,30.51,100229.23,261291.14,1.04,1.58,1.98,2.18,6.17,7.79,8.25,8.32,8.33,0.74
[2026-05-11 08:59:30.935] ,568,28.11,30.58,100228.95,255425.3,0.94,1.42,1.78,1.96,5.55,7,7.42,7.48,7.49,0.74
[2026-05-11 08:59:35.946] ,571,28.09,30.62,100228.77,256577.3,0.84,1.28,1.59,1.76,4.97,6.28,6.65,6.71,6.71,0.74
[2026-05-11 08:59:41.022] ,572,28.07,30.68,100231.96,253905.28,0.9,1.37,1.71,1.89,5.34,6.74,7.14,7.2,7.21,0.74
[2026-05-11 08:59:45.970] ,576,28.02,30.77,100236.03,257934.52,0.94,1.43,1.78,1.96,5.6,7.05,7.47,7.53,7.54,0.74
[2026-05-11 08:59:50.991] ,579,28.03,30.81,100233.44,260493.52,0.87,1.31,1.64,1.81,5.19,6.53,6.91,6.96,6.97,0.73
[2026-05-11 08:59:55.999] ,583,28.04,30.68,100232.01,264941.78,0.73,1.09,1.36,1.5,4.32,5.43,5.74,5.79,5.8,0.73
[2026-05-11 09:00:01.011] ,587,28.03,30.32,100230.39,279019.06,0.7,1.04,1.3,1.43,4.15,5.21,5.51,5.55,5.56,0.73
[2026-05-11 09:00:06.032] ,589,28.04,30.02,100230.27,275416.91,0.62,0.92,1.15,1.26,3.68,4.62,4.88,4.92,4.93,0.73
[2026-05-11 09:00:11.037] ,590,28.06,30.06,100223.34,267642.44,0.62,0.93,1.15,1.27,3.71,4.66,4.92,4.96,4.96,0.73
[2026-05-11 09:00:16.057] ,591,28.08,30.23,100223.81,262698.81,0.62,0.93,1.15,1.26,3.71,4.65,4.91,4.95,4.96,0.73
[2026-05-11 09:00:21.070] ,592,28.1,30.37,100224.07,260493.52,1.17,1.74,2.17,2.39,6.96,8.74,9.23,9.31,9.32,0.73
[2026-05-11 09:00:26.076] ,593,28.12,30.54,100222.96,262496.78,1.25,1.87,2.32,2.56,7.46,9.36,9.89,9.97,9.98,0.73
[2026-05-11 09:00:31.088] ,596,28.1,30.39,100226.13,267014.34,1.27,1.89,2.35,2.59,7.54,9.47,10.01,10.09,10.1,0.73
[2026-05-11 09:00:36.106] ,595,28.07,30.25,100225.17,274973.16,1.24,1.86,2.31,2.55,7.39,9.29,9.82,9.9,9.91,0.73
[2026-05-11 09:00:41.116] ,597,28.07,29.94,100224.9,278563.66,1.09,1.63,2.03,2.24,6.5,8.16,8.63,8.7,8.71,0.73
[2026-05-11 09:00:46.133] ,598,28.07,29.74,100224.57,285077.94,1,1.49,1.85,2.04,5.95,7.47,7.89,7.95,7.96,0.72
[2026-05-11 09:00:51.143] ,599,28.07,29.66,100220.97,287237.03,0.9,1.34,1.66,1.83,5.37,6.73,7.11,7.17,7.18,0.72
[2026-05-11 09:00:56.156] ,600,28.05,29.57,100223.21,294168.34,0.92,1.38,1.71,1.88,5.5,6.9,7.29,7.35,7.36,0.73
[2026-05-11 09:01:01.166] ,599,28.05,29.69,100226.62,287478.94,0.99,1.48,1.83,2.02,5.93,7.43,7.85,7.91,7.92,0.72
[2026-05-11 09:01:06.187] ,598,28.05,29.7,100229.32,288694.66,0.9,1.34,1.66,1.82,5.38,6.74,7.12,7.17,7.18,0.72
[2026-05-11 09:01:11.192] ,599,28.06,29.64,100233.33,294168.34,0.84,1.25,1.55,1.71,5.04,6.31,6.66,6.72,6.72,0.73
[2026-05-11 09:01:16.211] ,600,28.06,29.63,100228.27,289674.69,0.78,1.15,1.43,1.57,4.64,5.82,6.14,6.19,6.2,0.73
[2026-05-11 09:01:21.218] ,600,28.09,29.69,100224.3,284602.56,0.76,1.13,1.41,1.55,4.56,5.71,6.03,6.08,6.09,0.73
[2026-05-11 09:01:26.233] ,601,28.12,29.81,100226.01,279019.06,0.75,1.12,1.38,1.52,4.48,5.61,5.93,5.98,5.98,0.73
[2026-05-11 09:01:31.247] ,600,28.12,29.86,100225.77,283420.97,0.69,1.03,1.27,1.4,4.12,5.16,5.45,5.5,5.5,0.72
[2026-05-11 09:01:36.259] ,600,28.13,29.79,100225.38,285794.03,0.63,0.93,1.16,1.27,3.76,4.7,4.97,5,5.01,0.72
[2026-05-11 09:01:41.277] ,601,28.13,29.73,100221.8,286513.72,0.6,0.89,1.1,1.21,3.62,4.52,4.77,4.81,4.81,0.72
[2026-05-11 09:01:46.284] ,601,28.13,29.73,100225.25,285077.94,0.66,0.98,1.22,1.34,3.99,4.99,5.26,5.3,5.31,0.72
[2026-05-11 09:01:51.300] ,602,28.15,29.75,100225.8,280855.72,1.87,2.76,3.41,3.75,11.22,14.02,14.79,14.9,14.92,0.72
[2026-05-11 09:01:56.319] ,601,28.15,29.84,100223.66,276085.19,1.64,2.43,2.99,3.29,9.88,12.34,13.01,13.11,13.12,0.72
[2026-05-11 09:02:01.328] ,601,28.15,29.92,100226.48,273650.47,1.52,2.24,2.77,3.05,9.1,11.37,11.99,12.09,12.1,0.72
[2026-05-11 09:02:06.341] ,600,28.14,29.99,100226.45,271690.09,1.34,1.98,2.45,2.69,8.01,10.02,10.57,10.65,10.67,0.72
[2026-05-11 09:02:11.356] ,600,28.14,30.02,100224.09,272123.31,1.19,1.76,2.17,2.38,7.14,8.92,9.41,9.48,9.49,0.71
[2026-05-11 09:02:16.376] ,599,28.14,30.05,100223.04,269544.62,1.02,1.5,1.85,2.04,6.15,7.67,8.09,8.15,8.16,0.71
[2026-05-11 09:02:21.383] ,601,28.13,29.92,100226.07,276532.53,0.84,1.24,1.53,1.68,5.1,6.35,6.69,6.74,6.75,0.71
[2026-05-11 09:02:26.397] ,601,28.12,29.9,100226.12,275194.84,0.82,1.2,1.48,1.63,4.95,6.17,6.49,6.54,6.55,0.71
[2026-05-11 09:02:31.407] ,602,28.13,29.97,100224.62,272557.91,0.85,1.25,1.53,1.68,5.14,6.41,6.74,6.79,6.8,0.71
[2026-05-11 09:02:36.426] ,604,28.14,30.03,100225.2,270613.09,0.83,1.21,1.48,1.63,5,6.22,6.54,6.59,6.6,0.71
[2026-05-11 09:02:41.431] ,605,28.16,30.02,100226.97,270613.09,0.76,1.12,1.37,1.5,4.62,5.75,6.05,6.1,6.1,0.7
[2026-05-11 09:02:46.454] ,604,28.16,30.09,100226.13,266181.44,0.78,1.14,1.4,1.54,4.74,5.89,6.2,6.24,6.25,0.71
[2026-05-11 09:02:51.466] ,606,28.17,30.25,100226.9,265766.94,0.79,1.16,1.42,1.56,4.81,5.98,6.29,6.34,6.34,0.7
[2026-05-11 09:02:56.476] ,606,28.17,30.32,100224.35,267852.47,0.78,1.13,1.38,1.52,4.7,5.84,6.14,6.18,6.19,0.7
[2026-05-11 09:03:01.493] ,606,28.18,30.21,100225.59,272557.91,0.81,1.18,1.45,1.59,4.94,6.14,6.45,6.5,6.5,0.7
[2026-05-11 09:03:06.507] ,606,28.18,30.11,100224.46,271258.28,0.86,1.25,1.53,1.68,5.25,6.51,6.84,6.89,6.9,0.7
[2026-05-11 09:03:11.517] ,607,28.17,30.12,100224.96,271258.28,0.85,1.23,1.5,1.65,5.18,6.42,6.74,6.79,6.8,0.69
[2026-05-11 09:03:16.526] ,606,28.18,30.15,100227.01,269331.94,0.74,1.07,1.3,1.43,4.52,5.59,5.87,5.91,5.92,0.69
[2026-05-11 09:03:21.547] ,606,28.16,30.11,100227.48,273650.47,0.61,0.88,1.08,1.18,3.74,4.63,4.86,4.89,4.9,0.69
[2026-05-11 09:03:26.562] ,605,28.12,30.05,100229.16,271690.09,0.49,0.7,0.85,0.93,2.96,3.66,3.85,3.87,3.88,0.69
[2026-05-11 09:03:31.573] ,605,28.09,30.2,100231.73,272557.91,0.42,0.6,0.74,0.8,2.57,3.18,3.33,3.36,3.36,0.69
[2026-05-11 09:03:36.582] ,606,28.06,30.23,100230.88,280624.84,0.39,0.56,0.69,0.75,2.4,2.96,3.11,3.13,3.13,0.69
[2026-05-11 09:03:41.604] ,606,28.04,30.23,100230.05,276756.75,0.42,0.61,0.74,0.81,2.59,3.2,3.36,3.38,3.39,0.69
[2026-05-11 09:03:46.608] ,604,28.02,30.34,100224.99,269119.59,0.5,0.72,0.88,0.96,3.07,3.8,3.98,4.01,4.02,0.69
[2026-05-11 09:03:51.626] ,605,28.03,30.46,100228.62,269331.94,0.64,0.91,1.11,1.22,3.89,4.81,5.05,5.08,5.09,0.69
[2026-05-11 09:03:56.636] ,606,28.03,30.39,100229.15,280394.31,0.68,0.98,1.2,1.31,4.18,5.17,5.42,5.46,5.47,0.69
[2026-05-11 09:04:01.650] ,608,28.04,30.35,100225.44,277431.59,0.72,1.03,1.25,1.37,4.37,5.4,5.67,5.71,5.71,0.69
[2026-05-11 09:04:06.664] ,606,28.06,30.38,100225.4,276085.19,0.72,1.03,1.25,1.37,4.37,5.4,5.66,5.7,5.71,0.69
[2026-05-11 09:04:11.683] ,605,28.07,30.41,100223.84,272557.91,0.74,1.07,1.3,1.42,4.55,5.62,5.9,5.94,5.95,0.69
[2026-05-11 09:04:16.692] ,606,28.09,30.45,100227.19,269757.62,0.84,1.2,1.46,1.6,5.11,6.32,6.63,6.68,6.68,0.69
[2026-05-11 09:04:21.713] ,604,28.11,30.49,100226.83,270184.69,0.84,1.2,1.46,1.6,5.12,6.32,6.63,6.68,6.68,0.69
[2026-05-11 09:04:26.727] ,606,28.13,30.49,100223.41,269544.62,0.74,1.06,1.29,1.41,4.5,5.57,5.84,5.88,5.88,0.69
[2026-05-11 09:04:31.736] ,607,28.15,30.44,100220,271474.03,0.71,1.02,1.24,1.35,4.32,5.34,5.6,5.64,5.65,0.69
[2026-05-11 09:04:36.754] ,606,28.15,30.34,100221.81,273650.47,0.79,1.14,1.39,1.52,4.81,5.95,6.25,6.29,6.3,0.69
[2026-05-11 09:04:41.766] ,607,28.14,30.26,100227.82,274751.81,0.84,1.22,1.48,1.62,5.15,6.37,6.69,6.73,6.74,0.69
[2026-05-11 09:04:46.781] ,609,28.14,30.21,100223.38,275862.06,0.84,1.21,1.47,1.61,5.14,6.36,6.67,6.72,6.72,0.68
[2026-05-11 09:04:51.799] ,608,28.12,30.14,100222.64,276308.69,0.77,1.11,1.35,1.48,4.73,5.85,6.14,6.18,6.18,0.68
[2026-05-11 09:04:56.812] ,610,28.11,30.13,100224.38,275416.91,0.7,1,1.22,1.33,4.29,5.29,5.55,5.59,5.59,0.68
[2026-05-11 09:05:01.819] ,611,28.09,30.18,100226.52,274751.81,0.93,1.33,1.61,1.76,5.7,7.03,7.37,7.42,7.43,0.69
[2026-05-11 09:05:06.833] ,611,28.08,30.17,100227.05,279705,0.86,1.23,1.49,1.63,5.27,6.51,6.82,6.86,6.87,0.69
[2026-05-11 09:05:11.847] ,611,28.09,29.88,100227.42,281318.69,0.74,1.05,1.28,1.4,4.53,5.59,5.85,5.89,5.9,0.69
[2026-05-11 09:05:16.863] ,612,28.09,29.79,100224.48,279475.97,0.67,0.96,1.16,1.27,4.11,5.07,5.31,5.35,5.35,0.69
[2026-05-11 09:05:21.877] ,609,28.11,29.87,100222.09,276308.69,0.72,1.02,1.24,1.36,4.39,5.42,5.67,5.71,5.72,0.69
[2026-05-11 09:05:26.889] ,611,28.12,30.01,100222.83,276532.53,0.68,0.97,1.18,1.29,4.19,5.16,5.41,5.45,5.45,0.69
[2026-05-11 09:05:31.903] ,609,28.12,29.94,100223.8,280624.84,0.64,0.91,1.11,1.21,3.92,4.84,5.07,5.11,5.11,0.69
[2026-05-11 09:05:36.926] ,606,28.12,29.86,100223.84,279705,0.59,0.84,1.02,1.11,3.59,4.43,4.65,4.68,4.68,0.69
[2026-05-11 09:05:41.933] ,608,28.11,29.94,100224.48,278791.19,0.51,0.73,0.89,0.97,3.15,3.88,4.07,4.1,4.1,0.69
[2026-05-11 09:05:46.953] ,608,28.1,30.03,100226.22,278336.5,0.47,0.67,0.81,0.89,2.87,3.54,3.71,3.73,3.74,0.69
[2026-05-11 09:05:51.962] ,608,28.11,30.03,100221.7,279019.06,0.5,0.72,0.87,0.95,3.09,3.81,4,4.02,4.03,0.69
[2026-05-11 09:05:56.980] ,608,28.11,30.06,100219.8,278336.5,0.58,0.83,1,1.1,3.53,4.36,4.57,4.6,4.61,0.69
[2026-05-11 09:06:01.986] ,609,28.11,30.09,100220.07,279019.06,0.58,0.83,1.01,1.11,3.55,4.39,4.6,4.63,4.64,0.69
[2026-05-11 09:06:07.005] ,610,28.11,30.12,100222.44,278791.19,0.57,0.82,1,1.09,3.51,4.33,4.54,4.57,4.58,0.69
[2026-05-11 09:06:12.016] ,611,28.09,29.97,100221.8,282249.19,0.54,0.77,0.94,1.03,3.3,4.08,4.28,4.31,4.31,0.69
[2026-05-11 09:06:17.036] ,611,28.09,29.96,100222.7,280394.31,0.49,0.7,0.86,0.93,3.02,3.73,3.91,3.93,3.94,0.69
[2026-05-11 09:06:22.049] ,613,28.09,29.99,100223.91,280855.72,0.54,0.77,0.93,1.02,3.3,4.07,4.27,4.3,4.3,0.68
[2026-05-11 09:06:27.056] ,612,28.07,30,100222.98,282716.72,0.59,0.84,1.02,1.11,3.63,4.47,4.68,4.71,4.72,0.68
[2026-05-11 09:06:32.070] ,611,28.05,29.98,100223.59,292154.06,0.55,0.79,0.95,1.04,3.41,4.19,4.39,4.42,4.42,0.68
[2026-05-11 09:06:37.086] ,611,28.03,29.91,100222.34,296725.59,0.63,0.88,1.07,1.17,3.85,4.73,4.95,4.99,4.99,0.68
[2026-05-11 09:06:42.095] ,611,28.04,29.89,100225.31,295185.94,0.68,0.96,1.16,1.27,4.21,5.17,5.41,5.45,5.45,0.68
[2026-05-11 09:06:47.117] ,610,28.05,29.97,100227.12,288207.16,0.67,0.95,1.15,1.25,4.16,5.11,5.34,5.38,5.38,0.68
[2026-05-11 09:06:52.132] ,609,28.05,30.02,100232.85,287478.94,0.59,0.83,1,1.09,3.63,4.45,4.66,4.69,4.69,0.68
[2026-05-11 09:06:57.143] ,608,28.06,29.96,100226.65,289183.84,0.52,0.73,0.88,0.96,3.19,3.92,4.1,4.13,4.13,0.68
[2026-05-11 09:07:02.154] ,609,28.04,30.01,100225.8,288694.66,0.51,0.72,0.87,0.95,3.14,3.86,4.03,4.06,4.07,0.69
[2026-05-11 09:07:07.166] ,610,28.06,30.05,100226.09,289674.69,0.51,0.72,0.87,0.95,3.12,3.85,4.03,4.05,4.06,0.69
[2026-05-11 09:07:12.186] ,609,28.04,29.87,100226.67,289674.69,0.61,0.86,1.04,1.13,3.72,4.58,4.8,4.83,4.83,0.68
[2026-05-11 09:07:17.194] ,609,28.03,29.82,100226.42,288207.16,0.63,0.89,1.08,1.17,3.86,4.75,4.97,5.01,5.01,0.68
[2026-05-11 09:07:22.206] ,610,28.04,29.83,100223.25,286273.41,0.72,1.03,1.25,1.36,4.45,5.48,5.74,5.78,5.79,0.69
[2026-05-11 09:07:27.223] ,610,28.03,30.02,100222.6,283656.5,0.82,1.16,1.41,1.54,5.01,6.17,6.47,6.51,6.52,0.69
[2026-05-11 09:07:32.239] ,611,28.05,30.21,100222.54,287237.03,0.76,1.08,1.31,1.43,4.65,5.74,6.01,6.05,6.06,0.69
[2026-05-11 09:07:37.250] ,614,28.04,30.21,100221.67,286995.53,0.64,0.92,1.11,1.21,3.94,4.86,5.09,5.13,5.13,0.69
[2026-05-11 09:07:42.267] ,612,28.05,30.26,100223,286273.41,0.58,0.83,1.01,1.1,3.57,4.4,4.61,4.64,4.65,0.68
[2026-05-11 09:07:47.280] ,613,28.05,30.27,100225.19,285316.25,0.55,0.78,0.95,1.04,3.38,4.16,4.36,4.39,4.39,0.69
[2026-05-11 09:07:52.298] ,615,28.07,30.29,100225.8,284840.06,0.57,0.82,0.99,1.08,3.53,4.35,4.56,4.59,4.59,0.68
[2026-05-11 09:07:57.308] ,612,28.08,30.25,100225.14,285554.94,0.62,0.89,1.07,1.17,3.83,4.72,4.94,4.98,4.98,0.68
[2026-05-11 09:08:02.320] ,613,28.04,30.31,100225.45,287964,0.64,0.9,1.09,1.19,3.91,4.82,5.04,5.08,5.08,0.68
[2026-05-11 09:08:07.332] ,614,28.06,30.37,100226.3,286754.41,0.66,0.93,1.13,1.23,4.04,4.97,5.2,5.24,5.24,0.68
[2026-05-11 09:08:12.355] ,611,28.08,30.32,100225.02,287237.03,0.76,1.08,1.3,1.42,4.67,5.75,6.01,6.05,6.06,0.69
[2026-05-11 09:08:17.364] ,610,28.07,30.35,100224.86,286995.53,1,1.42,1.71,1.87,6.15,7.57,7.93,7.98,7.99,0.68
[2026-05-11 09:08:22.375] ,608,28.07,30.47,100223.7,285554.94,0.97,1.37,1.65,1.8,5.94,7.31,7.65,7.7,7.71,0.69
[2026-05-11 09:08:27.389] ,608,28.09,30.7,100223.84,283656.5,0.9,1.28,1.54,1.68,5.56,6.84,7.16,7.2,7.21,0.68
[2026-05-11 09:08:32.402] ,609,28.1,30.64,100224.16,293662.19,0.78,1.1,1.33,1.45,4.81,5.91,6.19,6.23,6.23,0.68
[2026-05-11 09:08:37.420] ,610,28.12,30.39,100225.73,298281.38,0.9,1.28,1.54,1.68,5.55,6.83,7.15,7.19,7.2,0.69
[2026-05-11 09:08:42.435] ,610,28.13,30.24,100228.68,297242.38,1.28,1.82,2.2,2.4,7.89,9.71,10.17,10.23,10.24,0.69
[2026-05-11 09:08:47.448] ,611,28.13,30.16,100227.14,293662.19,1.29,1.83,2.22,2.43,7.92,9.76,10.22,10.29,10.3,0.69
[2026-05-11 09:08:52.464] ,610,28.13,30.1,100226.28,290661.38,1.22,1.75,2.12,2.31,7.51,9.26,9.7,9.77,9.78,0.69
[2026-05-11 09:08:57.479] ,606,28.12,30.14,100225.88,288207.16,1.09,1.56,1.9,2.07,6.71,8.27,8.67,8.73,8.74,0.69
[2026-05-11 09:09:02.492] ,609,28.11,30.3,100224.8,285794.03,0.93,1.33,1.62,1.76,5.69,7.03,7.37,7.42,7.42,0.69
[2026-05-11 09:09:07.502] ,609,28.11,30.45,100220.17,285794.03,0.81,1.16,1.41,1.54,4.95,6.11,6.41,6.45,6.46,0.69
[2026-05-11 09:09:12.523] ,611,28.11,30.58,100224,284602.56,0.78,1.11,1.35,1.47,4.76,5.88,6.16,6.2,6.21,0.69
[2026-05-11 09:09:17.528] ,613,28.1,30.56,100225.18,288207.16,0.71,1.01,1.23,1.34,4.33,5.34,5.6,5.64,5.65,0.69
[2026-05-11 09:09:22.546] ,613,28.1,30.46,100225.41,288207.16,0.63,0.9,1.09,1.19,3.85,4.75,4.98,5.01,5.02,0.68
[2026-05-11 09:09:27.557] ,612,28.11,30.37,100224.95,289183.84,0.53,0.75,0.91,0.99,3.23,3.98,4.17,4.2,4.2,0.68
[2026-05-11 09:09:32.578] ,612,28.1,30.29,100225.73,289674.69,0.51,0.72,0.87,0.95,3.1,3.82,4,4.03,4.03,0.68
[2026-05-11 09:09:37.583] ,613,28.07,30.33,100225.2,287721.28,0.46,0.65,0.79,0.86,2.8,3.45,3.62,3.64,3.64,0.68
[2026-05-11 09:09:42.599] ,612,28.09,30.43,100226.33,287478.94,0.73,1.04,1.27,1.38,4.5,5.54,5.81,5.85,5.85,0.68
[2026-05-11 09:09:47.611] ,611,28.09,30.33,100224.33,289674.69,0.84,1.21,1.46,1.6,5.18,6.39,6.69,6.74,6.75,0.69
[2026-05-11 09:09:52.621] ,612,28.1,30.35,100223.76,290661.38,0.83,1.18,1.44,1.57,5.06,6.24,6.54,6.59,6.6,0.69
[2026-05-11 09:09:57.636] ,612,28.07,30.12,100223.43,294930.88,0.74,1.06,1.29,1.41,4.53,5.6,5.87,5.91,5.91,0.69
[2026-05-11 09:10:02.658] ,611,28.08,29.95,100224.34,292906.19,1.99,2.85,3.47,3.8,12.13,15,15.73,15.84,15.86,0.7
[2026-05-11 09:10:07.667] ,609,28.08,30.04,100218.82,291654.81,1.82,2.64,3.22,3.53,11.09,13.75,14.44,14.54,14.56,0.7
[2026-05-11 09:10:12.680] ,609,28.07,30.13,100219.61,292154.06,1.48,2.15,2.63,2.88,8.97,11.14,11.71,11.79,11.8,0.7
[2026-05-11 09:10:17.696] ,608,28.07,30.23,100220.38,291904.22,1.16,1.69,2.08,2.28,7.06,8.77,9.22,9.29,9.3,0.7
[2026-05-11 09:10:22.706] ,609,28.07,30.29,100219.91,293662.19,0.92,1.34,1.64,1.8,5.57,6.92,7.27,7.33,7.34,0.69
[2026-05-11 09:10:27.720] ,610,28.06,30.29,100220.19,294168.34,0.8,1.17,1.43,1.57,4.87,6.05,6.36,6.41,6.41,0.69
[2026-05-11 09:10:32.739] ,610,28.05,30.37,100221.48,294676.25,0.75,1.09,1.33,1.46,4.54,5.64,5.93,5.97,5.98,0.7
[2026-05-11 09:10:37.751] ,610,28.04,30.39,100223.76,295697.38,0.82,1.19,1.46,1.6,4.95,6.15,6.47,6.52,6.52,0.7
[2026-05-11 09:10:42.763] ,609,28.02,30.02,100225.22,296983.75,0.81,1.19,1.46,1.6,4.91,6.11,6.42,6.47,6.48,0.7
[2026-05-11 09:10:47.776] ,606,27.99,29.84,100220.7,297242.38,0.82,1.2,1.48,1.62,4.99,6.2,6.53,6.58,6.58,0.7
[2026-05-11 09:10:52.784] ,606,27.98,29.84,100222.7,296467.88,0.91,1.33,1.64,1.8,5.51,6.86,7.22,7.27,7.28,0.7
[2026-05-11 09:10:57.803] ,602,28,30.13,100222.27,293915.03,0.89,1.31,1.61,1.76,5.39,6.71,7.07,7.12,7.13,0.7
[2026-05-11 09:11:02.818] ,601,27.99,30.36,100220.12,292906.19,1.16,1.7,2.09,2.29,7.01,8.73,9.19,9.26,9.27,0.7
[2026-05-11 09:11:07.824] ,601,27.99,30.58,100220.55,291405.81,1.43,2.09,2.57,2.82,8.66,10.78,11.34,11.42,11.43,0.69
[2026-05-11 09:11:12.844] ,602,28,30.62,100218.77,292404.34,1.46,2.12,2.61,2.86,8.83,10.97,11.54,11.63,11.64,0.69
[2026-05-11 09:11:17.852] ,601,28,30.62,100220.21,289674.69,1.33,1.93,2.37,2.6,8.06,10.01,10.52,10.6,10.61,0.69
[2026-05-11 09:11:22.867] ,602,28,30.55,100224.75,290414.06,1.14,1.65,2.03,2.22,6.91,8.58,9.02,9.08,9.09,0.69
[2026-05-11 09:11:27.886] ,603,28,30.54,100221.53,290909.09,0.96,1.39,1.7,1.86,5.8,7.2,7.56,7.62,7.63,0.69
[2026-05-11 09:11:32.897] ,601,28,30.32,100218.74,293915.03,0.96,1.39,1.7,1.87,5.83,7.23,7.6,7.66,7.66,0.69
[2026-05-11 09:11:37.913] ,601,28,30.05,100218.84,294422.09,0.92,1.33,1.63,1.78,5.58,6.92,7.27,7.32,7.33,0.69
[2026-05-11 09:11:42.930] ,601,27.99,29.83,100220.7,294676.25,0.84,1.21,1.48,1.63,5.1,6.33,6.65,6.69,6.7,0.69
[2026-05-11 09:11:47.936] ,601,27.99,29.86,100219.94,294676.25,0.82,1.18,1.44,1.58,4.97,6.16,6.47,6.51,6.52,0.68
[2026-05-11 09:11:52.957] ,599,27.98,30,100218.43,292154.06,1.01,1.46,1.79,1.96,6.14,7.62,8,8.06,8.07,0.69
[2026-05-11 09:11:57.966] ,599,27.98,30.08,100219.34,294422.09,1.11,1.6,1.96,2.15,6.72,8.34,8.76,8.82,8.83,0.68
[2026-05-11 09:12:02.980] ,598,27.98,30.12,100223.53,292154.06,1.13,1.63,1.99,2.18,6.85,8.49,8.92,8.98,8.99,0.69
[2026-05-11 09:12:07.996] ,598,27.96,30.08,100223.69,295953.75,1.04,1.5,1.84,2.01,6.33,7.85,8.24,8.3,8.31,0.68
[2026-05-11 09:12:13.007] ,599,27.94,30.23,100223.43,292154.06,1,1.44,1.76,1.93,6.08,7.54,7.92,7.97,7.98,0.68
[2026-05-11 09:12:18.026] ,599,27.95,30.52,100221.9,287721.28,0.88,1.27,1.55,1.7,5.35,6.64,6.97,7.02,7.03,0.69
[2026-05-11 09:12:23.031] ,596,27.96,30.76,100222.54,288694.66,0.76,1.1,1.35,1.48,4.64,5.76,6.05,6.09,6.1,0.69
[2026-05-11 09:12:28.046] ,596,27.95,30.69,100222.54,293409.75,0.69,1,1.22,1.33,4.19,5.19,5.45,5.49,5.5,0.69
[2026-05-11 09:12:33.063] ,594,27.95,30.77,100220.47,287478.94,0.85,1.23,1.5,1.65,5.13,6.37,6.7,6.75,6.75,0.69
[2026-05-11 09:12:38.077] ,594,27.95,30.96,100220.64,283892.44,0.96,1.4,1.71,1.88,5.8,7.21,7.58,7.64,7.65,0.7
[2026-05-11 09:12:43.086] ,593,27.97,31.03,100224.41,285794.03,0.99,1.45,1.79,1.96,6,7.47,7.86,7.92,7.93,0.7
[2026-05-11 09:12:48.105] ,592,27.98,31.08,100223.48,282249.19,0.93,1.37,1.68,1.85,5.61,6.99,7.36,7.42,7.43,0.7
[2026-05-11 09:12:53.121] ,594,27.99,31.11,100224.73,283656.5,0.88,1.3,1.6,1.75,5.29,6.6,6.96,7.01,7.02,0.7
[2026-05-11 09:12:58.128] ,594,27.98,30.53,100226.24,297501.44,0.85,1.26,1.56,1.71,5.12,6.39,6.74,6.8,6.8,0.7
[2026-05-11 09:13:03.140] ,594,27.97,30.04,100228.81,294168.34,0.9,1.33,1.65,1.81,5.39,6.75,7.12,7.17,7.18,0.7
[2026-05-11 09:13:08.154] ,595,27.98,30.17,100221.93,287964,0.91,1.35,1.67,1.84,5.46,6.83,7.21,7.27,7.28,0.7
[2026-05-11 09:13:13.167] ,595,27.97,30.24,100219.23,291654.81,0.86,1.27,1.58,1.74,5.14,6.43,6.79,6.84,6.85,0.7
[2026-05-11 09:13:18.184] ,596,27.96,30.16,100219.42,294676.25,0.86,1.28,1.59,1.75,5.15,6.46,6.82,6.87,6.88,0.7
[2026-05-11 09:13:23.192] ,597,27.95,30.03,100220.78,293157.75,0.99,1.48,1.83,2.02,5.92,7.43,7.84,7.91,7.92,0.7
[2026-05-11 09:13:28.208] ,597,27.95,30.36,100218.42,282951.09,0.97,1.44,1.79,1.97,5.8,7.27,7.67,7.73,7.74,0.7
[2026-05-11 09:13:33.226] ,597,27.96,30.58,100219.49,288450.72,0.97,1.45,1.79,1.97,5.81,7.28,7.69,7.75,7.76,0.7
[2026-05-11 09:13:38.237] ,599,27.94,30.52,100224.26,293662.19,0.99,1.48,1.83,2.02,5.95,7.45,7.87,7.93,7.94,0.69
[2026-05-11 09:13:43.246] ,601,27.91,30.29,100225.8,286033.53,1.1,1.63,2.01,2.22,6.57,8.23,8.68,8.75,8.76,0.69
[2026-05-11 09:13:48.267] ,601,27.91,30.56,100221.8,281783.16,1.14,1.69,2.08,2.29,6.85,8.56,9.03,9.1,9.11,0.69
[2026-05-11 09:13:53.279] ,603,27.91,30.94,100222.15,274310.22,1.03,1.52,1.88,2.07,6.22,7.76,8.18,8.24,8.25,0.69
[2026-05-11 09:13:58.286] ,604,27.92,31.18,100228.28,270184.69,0.92,1.36,1.67,1.84,5.53,6.91,7.28,7.34,7.34,0.69
[2026-05-11 09:14:03.309] ,603,27.93,31.1,100223.34,280624.84,0.78,1.15,1.42,1.56,4.71,5.88,6.2,6.25,6.25,0.69
[2026-05-11 09:14:08.319] ,604,27.92,30.69,100224.52,288939.06,0.74,1.1,1.35,1.49,4.46,5.57,5.87,5.92,5.92,0.69
[2026-05-11 09:14:13.326] ,604,27.92,30.46,100221.75,283892.44,0.72,1.06,1.31,1.44,4.32,5.4,5.69,5.74,5.74,0.69
[2026-05-11 09:14:18.347] ,603,27.93,30.76,100222.84,273431.25,0.71,1.04,1.29,1.42,4.24,5.3,5.59,5.63,5.64,0.69
[2026-05-11 09:14:23.355] ,603,27.93,30.65,100222.86,291904.22,0.65,0.97,1.19,1.31,3.93,4.91,5.18,5.22,5.22,0.69
[2026-05-11 09:14:28.370] ,601,27.94,30.53,100221.46,280164.16,0.68,1,1.24,1.36,4.07,5.08,5.36,5.4,5.41,0.69
[2026-05-11 09:14:33.387] ,602,27.94,30.7,100212.3,279247.34,0.64,0.95,1.17,1.29,3.84,4.8,5.06,5.1,5.11,0.69
[2026-05-11 09:14:38.401] ,603,27.95,30.81,100217.98,276085.19,0.62,0.92,1.14,1.25,3.72,4.66,4.91,4.95,4.96,0.69
[2026-05-11 09:14:43.413] ,606,27.95,30.93,100219.94,274530.84,0.61,0.91,1.12,1.23,3.67,4.59,4.84,4.88,4.89,0.69
[2026-05-11 09:14:48.424] ,606,27.96,31.21,100221.92,269757.62,0.53,0.78,0.97,1.06,3.17,3.97,4.19,4.22,4.22,0.69
[2026-05-11 09:14:53.438] ,605,27.96,31.27,100214.64,270184.69,0.44,0.65,0.8,0.88,2.62,3.28,3.46,3.48,3.49,0.69
[2026-05-11 09:14:58.456] ,606,27.98,31.31,100216.25,271474.03,0.84,1.24,1.54,1.69,5.02,6.29,6.63,6.68,6.69,0.7
[2026-05-11 09:15:03.468] ,606,27.96,31.18,100217.13,289920.72,0.95,1.41,1.75,1.92,5.69,7.12,7.51,7.57,7.58,0.69
[2026-05-11 09:15:08.476] ,607,27.94,31.09,100223.16,279475.97,0.88,1.31,1.62,1.78,5.27,6.6,6.97,7.02,7.03,0.69
[2026-05-11 09:15:13.496] ,608,27.94,31.19,100224.15,284840.06,0.82,1.21,1.49,1.64,4.89,6.12,6.46,6.51,6.51,0.69
[2026-05-11 09:15:18.505] ,610,27.93,31.23,100223.36,284602.56,0.74,1.09,1.35,1.49,4.46,5.57,5.87,5.91,5.92,0.69
[2026-05-11 09:15:23.520] ,611,27.93,31.24,100221.27,284602.56,0.66,0.98,1.2,1.32,3.98,4.97,5.24,5.28,5.29,0.69
[2026-05-11 09:15:28.536] ,613,27.95,31.28,100220.25,282716.72,0.61,0.9,1.11,1.22,3.67,4.58,4.83,4.86,4.87,0.69
[2026-05-11 09:15:33.550] ,614,27.96,30.94,100224.3,294168.34,0.57,0.84,1.04,1.14,3.43,4.29,4.52,4.56,4.56,0.69
[2026-05-11 09:15:38.565] ,614,27.97,30.63,100217.89,288207.16,0.62,0.92,1.14,1.25,3.75,4.69,4.94,4.98,4.98,0.69
[2026-05-11 09:15:43.576] ,614,27.97,30.72,100208.98,281318.69,0.76,1.12,1.38,1.52,4.54,5.67,5.98,6.03,6.03,0.69
[2026-05-11 09:15:48.589] ,615,27.96,30.92,100219.3,276981.34,0.85,1.26,1.56,1.71,5.09,6.37,6.72,6.77,6.78,0.69
[2026-05-11 09:15:53.602] ,616,27.95,31.16,100221.47,273650.47,0.89,1.32,1.63,1.8,5.35,6.69,7.06,7.11,7.12,0.69
[2026-05-11 09:15:58.616] ,615,27.96,31.31,100214.05,274973.16,0.93,1.38,1.7,1.87,5.58,6.98,7.36,7.42,7.43,0.69
[2026-05-11 09:16:03.637] ,616,27.96,31.23,100216.2,279247.34,1.11,1.64,2.03,2.23,6.65,8.31,8.77,8.84,8.85,0.69
[2026-05-11 09:16:08.650] ,619,27.96,31.27,100218.63,275416.91,1.08,1.61,1.99,2.18,6.49,8.12,8.57,8.63,8.64,0.69
[2026-05-11 09:16:13.664] ,620,27.95,31.42,100223.18,272993.88,1.02,1.52,1.88,2.07,6.13,7.67,8.1,8.16,8.17,0.7
[2026-05-11 09:16:18.676] ,621,27.95,31.63,100224.67,271906.53,0.94,1.4,1.73,1.91,5.63,7.05,7.45,7.5,7.51,0.7
[2026-05-11 09:16:23.693] ,622,27.94,31.65,100218.23,275862.06,0.92,1.37,1.7,1.87,5.51,6.9,7.29,7.35,7.36,0.7
[2026-05-11 09:16:28.707] ,622,27.93,31.47,100217.41,275862.06,0.94,1.39,1.73,1.9,5.59,7.01,7.4,7.46,7.47,0.7
[2026-05-11 09:16:33.710] ,621,27.92,31.56,100218.76,276085.19,0.97,1.45,1.8,1.98,5.81,7.28,7.69,7.75,7.76,0.7
[2026-05-11 09:16:38.724] ,623,27.9,31.44,100217.82,292655.03,0.96,1.43,1.78,1.96,5.71,7.17,7.58,7.64,7.65,0.7
[2026-05-11 09:16:43.743] ,623,27.92,31.31,100217.84,291654.81,1.08,1.61,2,2.2,6.43,8.07,8.52,8.59,8.6,0.7
[2026-05-11 09:16:48.750] ,622,27.94,31.35,100218.88,286273.41,1.13,1.68,2.09,2.3,6.73,8.45,8.93,9,9.01,0.7
[2026-05-11 09:16:53.765] ,624,27.97,31.38,100220.99,284840.06,1.06,1.58,1.96,2.16,6.3,7.9,8.35,8.42,8.43,0.71
[2026-05-11 09:16:58.779] ,622,28.01,31.45,100221.62,281318.69,1.08,1.62,2.02,2.23,6.43,8.09,8.55,8.62,8.63,0.71
[2026-05-11 09:17:03.790] ,621,28.03,31.54,100224.74,278336.5,1.04,1.57,1.96,2.17,6.16,7.77,8.23,8.3,8.31,0.72
[2026-05-11 09:17:08.805] ,622,28.04,31.57,100222.8,277206.28,1.06,1.61,2.02,2.23,6.27,7.92,8.4,8.47,8.48,0.72
[2026-05-11 09:17:13.817] ,622,28.05,31.63,100224.9,275194.84,1.01,1.54,1.93,2.13,5.95,7.52,7.98,8.05,8.06,0.72
[2026-05-11 09:17:18.837] ,623,28.03,31.57,100220.77,277431.59,0.96,1.47,1.84,2.03,5.68,7.18,7.62,7.68,7.69,0.71
[2026-05-11 09:17:23.850] ,623,28,31.5,100218.13,279247.34,1.01,1.54,1.93,2.14,5.94,7.52,7.97,8.04,8.05,0.71
[2026-05-11 09:17:28.857] ,622,28,31.47,100218.64,278791.19,1,1.53,1.92,2.12,5.92,7.49,7.95,8.01,8.02,0.71
[2026-05-11 09:17:33.876] ,623,28,31.46,100221.36,279705,1,1.53,1.91,2.11,5.91,7.47,7.92,7.99,8,0.71
[2026-05-11 09:17:38.887] ,626,28.01,31.49,100222.73,278791.19,1.06,1.6,2,2.21,6.24,7.88,8.35,8.42,8.43,0.7
[2026-05-11 09:17:43.896] ,627,28.02,31.46,100221.94,279705,1.1,1.66,2.07,2.28,6.49,8.18,8.66,8.73,8.75,0.7
[2026-05-11 09:17:48.916] ,625,28.01,31.38,100222.64,281087.03,0.98,1.48,1.84,2.03,5.81,7.31,7.74,7.8,7.81,0.7
[2026-05-11 09:17:53.927] ,624,28.02,31.33,100222.7,280855.72,0.85,1.27,1.59,1.75,5.04,6.34,6.7,6.76,6.77,0.69
[2026-05-11 09:17:58.946] ,624,28.02,31.27,100224.04,283656.5,0.83,1.24,1.54,1.7,4.95,6.21,6.56,6.62,6.62,0.69
[2026-05-11 09:18:03.958] ,626,28.01,31.18,100218.7,282951.09,0.91,1.36,1.69,1.86,5.44,6.83,7.21,7.27,7.28,0.69
[2026-05-11 09:18:08.964] ,626,28,31.18,100219.62,283892.44,0.87,1.3,1.61,1.77,5.22,6.54,6.9,6.96,6.97,0.69
[2026-05-11 09:18:13.977] ,626,27.99,31.11,100223.19,285316.25,0.81,1.2,1.48,1.63,4.84,6.06,6.39,6.44,6.45,0.68
[2026-05-11 09:18:18.995] ,628,27.99,31.16,100222.46,283892.44,0.82,1.21,1.5,1.65,4.91,6.14,6.48,6.53,6.54,0.68
[2026-05-11 09:18:24.004] ,627,27.99,31.23,100217.68,284128.75,0.98,1.45,1.79,1.97,5.85,7.32,7.72,7.78,7.79,0.69
[2026-05-11 09:18:29.016] ,627,28,31.2,100215.3,284365.47,1.1,1.64,2.03,2.23,6.58,8.25,8.71,8.77,8.78,0.69
[2026-05-11 09:18:34.038] ,625,28,31.15,100215.44,285077.94,1.12,1.67,2.07,2.27,6.68,8.38,8.84,8.91,8.92,0.69
[2026-05-11 09:18:39.047] ,626,28.02,31.13,100216.48,285077.94,1.03,1.53,1.9,2.1,6.15,7.71,8.14,8.21,8.22,0.69
[2026-05-11 09:18:44.058] ,627,28.01,31.06,100219.34,286513.72,0.95,1.42,1.76,1.94,5.67,7.11,7.51,7.57,7.58,0.69
[2026-05-11 09:18:49.077] ,626,28,30.97,100224.07,286754.41,0.87,1.29,1.61,1.77,5.16,6.48,6.85,6.9,6.91,0.69
[2026-05-11 09:18:54.089] ,625,28,30.99,100221.66,286273.41,0.76,1.14,1.42,1.56,4.54,5.71,6.03,6.08,6.09,0.69
[2026-05-11 09:18:59.097] ,625,27.98,30.85,100217.86,288694.66,0.63,0.95,1.18,1.3,3.78,4.74,5.01,5.05,5.06,0.69
[2026-05-11 09:19:04.123] ,625,27.96,30.72,100220.91,287478.94,0.51,0.77,0.96,1.05,3.06,3.85,4.07,4.1,4.1,0.69
[2026-05-11 09:19:09.133] ,626,27.95,30.92,100221.66,287237.03,0.47,0.71,0.88,0.97,2.82,3.54,3.74,3.77,3.77,0.69
[2026-05-11 09:19:14.147] ,624,27.93,31.07,100220.48,287237.03,0.46,0.69,0.86,0.95,2.76,3.47,3.67,3.7,3.7,0.69
[2026-05-11 09:19:19.155] ,625,27.91,31.03,100219.8,288939.06,0.46,0.69,0.85,0.94,2.73,3.43,3.63,3.66,3.66,0.69
[2026-05-11 09:19:24.170] ,624,27.92,31.04,100221.09,286033.53,0.51,0.76,0.95,1.05,3.05,3.83,4.05,4.08,4.09,0.69
[2026-05-11 09:19:29.186] ,624,27.93,31.14,100219.77,285316.25,0.68,1.02,1.26,1.39,4.07,5.11,5.4,5.44,5.45,0.69
[2026-05-11 09:19:34.206] ,624,27.93,31.12,100218.3,286754.41,0.77,1.14,1.41,1.56,4.57,5.73,6.05,6.1,6.11,0.69
[2026-05-11 09:19:39.216] ,623,27.91,30.89,100218.7,290167.19,0.79,1.18,1.46,1.61,4.73,5.94,6.27,6.32,6.32,0.7
[2026-05-11 09:19:44.235] ,622,27.89,30.56,100217.52,291405.81,0.73,1.09,1.36,1.49,4.38,5.5,5.8,5.85,5.86,0.7
[2026-05-11 09:19:49.246] ,619,27.89,30.48,100218.84,289429.06,0.8,1.2,1.49,1.64,4.8,6.02,6.36,6.41,6.42,0.7
[2026-05-11 09:19:54.256] ,619,27.9,30.61,100228.07,288939.06,0.79,1.18,1.46,1.61,4.71,5.91,6.24,6.29,6.3,0.7
[2026-05-11 09:19:59.276] ,621,27.91,30.81,100222.59,285316.25,0.86,1.28,1.59,1.75,5.11,6.42,6.78,6.83,6.84,0.7
[2026-05-11 09:20:04.292] ,622,27.91,30.94,100217.56,284602.56,0.84,1.25,1.55,1.71,5,6.27,6.62,6.68,6.69,0.7
[2026-05-11 09:20:09.300] ,624,27.86,31.03,100219.53,284840.06,0.82,1.22,1.52,1.68,4.88,6.13,6.48,6.53,6.54,0.7
[2026-05-11 09:20:14.320] ,626,27.83,31.3,100220.1,283420.97,0.8,1.2,1.49,1.64,4.78,6,6.34,6.39,6.4,0.7
[2026-05-11 09:20:19.331] ,624,27.85,31.46,100223.45,282951.09,0.78,1.17,1.45,1.6,4.68,5.87,6.2,6.25,6.26,0.7
[2026-05-11 09:20:24.345] ,624,27.88,31.58,100223.52,279934.38,0.85,1.27,1.58,1.74,5.09,6.39,6.75,6.8,6.81,0.7
[2026-05-11 09:20:29.360] ,625,27.88,31.5,100223.43,285077.94,0.86,1.29,1.6,1.76,5.12,6.43,6.8,6.85,6.86,0.7
[2026-05-11 09:20:34.368] ,624,27.89,31.42,100223.25,285794.03,0.88,1.32,1.64,1.8,5.23,6.57,6.94,7,7.01,0.7
[2026-05-11 09:20:39.388] ,622,27.88,31.28,100217.84,286995.53,0.8,1.19,1.49,1.64,4.73,5.95,6.29,6.34,6.35,0.7
[2026-05-11 09:20:44.397] ,621,27.85,31.21,100223,292655.03,0.69,1.04,1.29,1.42,4.11,5.16,5.46,5.5,5.51,0.7
[2026-05-11 09:20:49.415] ,618,27.82,31.05,100223.87,308526.66,0.65,0.98,1.22,1.34,3.89,4.88,5.16,5.21,5.21,0.7
[2026-05-11 09:20:54.419] ,617,27.8,30.78,100220.31,320400.5,0.6,0.91,1.13,1.24,3.6,4.52,4.78,4.82,4.82,0.7
[2026-05-11 09:20:59.432] ,615,27.82,30.66,100222.2,313054.12,0.6,0.9,1.11,1.23,3.57,4.48,4.74,4.77,4.78,0.69
[2026-05-11 09:21:04.451] ,617,27.83,30.74,100215.84,306311.69,0.63,0.95,1.17,1.29,3.78,4.74,5.01,5.05,5.05,0.69
[2026-05-11 09:21:09.466] ,613,27.86,30.97,100215.7,297242.38,0.62,0.93,1.15,1.27,3.72,4.66,4.93,4.97,4.97,0.7
[2026-05-11 09:21:14.478] ,612,27.88,31.08,100217.2,299853.59,0.58,0.86,1.07,1.18,3.46,4.34,4.58,4.62,4.62,0.7
[2026-05-11 09:21:19.490] ,611,27.86,31.03,100221.02,301708.91,0.59,0.88,1.1,1.21,3.51,4.41,4.66,4.7,4.71,0.7
[2026-05-11 09:21:24.504] ,610,27.84,30.86,100219.66,300910.97,0.63,0.95,1.18,1.3,3.77,4.74,5.01,5.05,5.05,0.7
[2026-05-11 09:21:29.517] ,609,27.86,30.69,100219.17,301176.47,0.63,0.95,1.18,1.3,3.76,4.72,4.99,5.03,5.04,0.7
[2026-05-11 09:21:34.538] ,607,27.88,30.72,100218.82,300381.34,0.61,0.91,1.14,1.25,3.64,4.57,4.83,4.87,4.87,0.7
[2026-05-11 09:21:39.551] ,607,27.89,30.8,100221.02,298020.97,0.64,0.97,1.2,1.32,3.83,4.81,5.09,5.13,5.14,0.7
[2026-05-11 09:21:44.558] ,608,27.88,30.92,100219.23,295697.38,0.62,0.94,1.17,1.29,3.69,4.65,4.92,4.96,4.97,0.7
[2026-05-11 09:21:49.573] ,606,27.9,31.01,100216.54,294168.34,0.66,0.99,1.23,1.36,3.89,4.9,5.19,5.23,5.24,0.71
[2026-05-11 09:21:54.586] ,605,27.93,31.09,100217.17,292154.06,0.74,1.12,1.39,1.54,4.37,5.51,5.84,5.88,5.89,0.7
[2026-05-11 09:21:59.596] ,603,27.95,31.18,100220.61,289429.06,0.74,1.11,1.39,1.54,4.36,5.5,5.83,5.87,5.88,0.71
[2026-05-11 09:22:04.614] ,603,27.97,31.26,100216.9,290167.19,0.78,1.18,1.48,1.63,4.62,5.83,6.18,6.23,6.24,0.7
[2026-05-11 09:22:09.632] ,601,27.97,31.21,100216.32,293157.75,0.81,1.22,1.53,1.69,4.78,6.03,6.39,6.44,6.45,0.71
[2026-05-11 09:22:14.639] ,600,27.99,31.17,100217.21,290909.09,0.79,1.2,1.49,1.65,4.67,5.89,6.24,6.29,6.3,0.7
[2026-05-11 09:22:19.651] ,601,28,31.14,100219.55,291904.22,0.75,1.13,1.41,1.55,4.42,5.57,5.9,5.95,5.95,0.7
[2026-05-11 09:22:24.656] ,602,28,31.08,100220.62,293915.03,0.84,1.27,1.59,1.75,4.99,6.29,6.66,6.71,6.72,0.7
[2026-05-11 09:22:29.680] ,601,28.01,31.02,100225.38,296467.88,0.99,1.5,1.87,2.06,5.9,7.43,7.86,7.93,7.94,0.7
[2026-05-11 09:22:34.688] ,602,28,30.94,100217.75,298803.62,1.01,1.53,1.9,2.1,6.02,7.58,8.02,8.09,8.1,0.7
[2026-05-11 09:22:39.702] ,600,28.01,30.95,100220.3,295697.38,0.91,1.37,1.7,1.88,5.41,6.81,7.2,7.26,7.27,0.7
[2026-05-11 09:22:44.711] ,599,28.01,31.01,100217.02,295185.94,0.79,1.19,1.48,1.63,4.7,5.91,6.25,6.3,6.31,0.7
[2026-05-11 09:22:49.725] ,599,28.02,31.06,100218.22,295953.75,0.69,1.03,1.28,1.41,4.08,5.13,5.43,5.47,5.48,0.7
[2026-05-11 09:22:54.735] ,598,28.02,31.07,100221.3,296983.75,0.62,0.93,1.16,1.28,3.71,4.66,4.93,4.97,4.97,0.7
