,co2,temp,humidity,pressure,gas_resistance,pm1_0,pm2_5,pm4_0,pm10_0,pnc_0_5,pnc_1_0,pnc_2_5,pnc_4_0,pnc_10_0,tps
[2026-05-14 05:29:42.701] ,458,24.34,31.05,99287.7,551278.62,2.17,2.94,3.48,3.76,13.71,16.61,17.25,17.35,17.36,0.66
[2026-05-14 05:29:47.710] ,457,24.4,30.98,99289.31,544680.88,2.21,2.99,3.53,3.81,13.9,16.85,17.5,17.6,17.61,0.67
[2026-05-14 05:29:52.726] ,458,24.38,30.91,99289.31,547300.94,2.48,3.36,3.97,4.29,15.62,18.93,19.67,19.78,19.79,0.67
[2026-05-14 05:29:57.741] ,459,24.36,30.89,99289.87,549503.62,2.42,3.29,3.88,4.2,15.27,18.51,19.23,19.34,19.35,0.67
[2026-05-14 05:30:02.756] ,458,24.37,30.88,99288.08,548620.44,2.42,3.28,3.88,4.19,15.23,18.46,19.18,19.29,19.3,0.67
[2026-05-14 05:30:07.773] ,457,24.37,30.84,99289.12,549946.31,2.33,3.16,3.73,4.03,14.65,17.76,18.45,18.56,18.57,0.67
[2026-05-14 05:30:12.790] ,459,24.39,30.83,99288.58,548179.88,2.35,3.19,3.77,4.07,14.77,17.91,18.61,18.72,18.73,0.66
[2026-05-14 05:30:17.799] ,459,24.44,30.86,99288.13,542948.06,2.48,3.36,3.98,4.3,15.61,18.93,19.67,19.78,19.8,0.66
[2026-05-14 05:30:22.815] ,459,24.49,30.88,99288.5,543380.19,2.95,4.01,4.74,5.12,18.56,22.51,23.4,23.53,23.55,0.66
[2026-05-14 05:30:27.824] ,459,24.51,30.85,99288.6,544680.88,2.87,3.9,4.61,4.98,18.06,21.91,22.77,22.89,22.91,0.66
[2026-05-14 05:30:32.844] ,460,24.47,30.84,99287.36,543813.06,2.64,3.58,4.24,4.58,16.65,20.19,20.97,21.09,21.11,0.66
[2026-05-14 05:30:37.857] ,459,24.48,30.9,99288.11,545987.75,2.42,3.27,3.87,4.18,15.24,18.46,19.18,19.28,19.3,0.66
[2026-05-14 05:30:42.876] ,458,24.54,30.95,99287.96,542948.06,2.17,2.94,3.48,3.76,13.69,16.59,17.24,17.33,17.35,0.66
[2026-05-14 05:30:47.889] ,458,24.51,30.97,99287.61,545987.75,2.03,2.75,3.25,3.51,12.79,15.49,16.1,16.18,16.2,0.66
[2026-05-14 05:30:52.904] ,456,24.39,30.94,99289.14,547740.06,1.92,2.6,3.07,3.31,12.08,14.64,15.21,15.29,15.3,0.66
[2026-05-14 05:30:57.916] ,456,24.3,30.92,99288.48,549946.31,1.77,2.4,2.83,3.06,11.15,13.52,14.04,14.12,14.13,0.66
[2026-05-14 05:31:02.926] ,455,24.27,30.91,99287.6,549061.69,1.64,2.22,2.62,2.83,10.35,12.53,13.02,13.09,13.1,0.65
[2026-05-14 05:31:07.941] ,455,24.31,30.94,99288.88,547740.06,1.69,2.28,2.69,2.91,10.67,12.92,13.41,13.48,13.5,0.66
[2026-05-14 05:31:12.960] ,456,24.18,30.95,99287.98,549503.62,2.5,3.38,3.98,4.3,15.81,19.14,19.87,19.98,20,0.66
[2026-05-14 05:31:17.973] ,457,24.19,31.04,99287.96,550389.69,2.86,3.85,4.54,4.89,18.07,21.86,22.69,22.81,22.83,0.65
[2026-05-14 05:31:22.991] ,457,24.06,31.1,99287.9,554863.19,2.83,3.81,4.48,4.84,17.9,21.64,22.46,22.58,22.6,0.65
[2026-05-14 05:31:28.006] ,459,24.07,31.2,99289.38,553513.5,2.55,3.43,4.03,4.35,16.13,19.49,20.23,20.34,20.35,0.65
[2026-05-14 05:31:33.019] ,460,24.09,31.32,99290.29,551724.12,2.37,3.2,3.77,4.07,14.99,18.14,18.83,18.93,18.95,0.66
[2026-05-14 05:31:38.031] ,459,24.08,31.4,99289.96,551724.12,2.19,2.96,3.5,3.77,13.85,16.77,17.41,17.51,17.52,0.66
[2026-05-14 05:31:43.048] ,459,24.15,31.47,99288.64,551724.12,2.07,2.8,3.3,3.56,13.03,15.78,16.39,16.48,16.5,0.65
[2026-05-14 05:31:48.061] ,460,24.11,31.45,99288.09,549503.62,2.11,2.86,3.38,3.65,13.29,16.11,16.74,16.83,16.84,0.66
[2026-05-14 05:31:53.070] ,462,24.17,31.54,99288.77,540797.44,2.79,3.79,4.48,4.84,17.56,21.29,22.13,22.25,22.27,0.66
[2026-05-14 05:31:58.088] ,463,24.24,31.63,99288.94,539089.25,2.78,3.78,4.47,4.83,17.53,21.25,22.09,22.21,22.23,0.66
[2026-05-14 05:32:03.108] ,463,24.31,31.62,99290.91,538239.19,2.7,3.68,4.35,4.71,16.99,20.62,21.44,21.56,21.57,0.67
[2026-05-14 05:32:08.115] ,462,24.43,31.56,99289.73,539089.25,2.48,3.38,4.01,4.33,15.61,18.95,19.7,19.81,19.83,0.67
[2026-05-14 05:32:13.131] ,463,24.51,31.47,99291.63,540369.38,2.3,3.13,3.7,4,14.45,17.54,18.23,18.34,18.35,0.66
[2026-05-14 05:32:18.141] ,462,24.51,31.3,99289.77,543380.19,2.55,3.48,4.12,4.45,16.05,19.48,20.26,20.37,20.39,0.66
[2026-05-14 05:32:23.163] ,461,24.51,31.2,99288.96,542516.56,2.67,3.63,4.29,4.64,16.79,20.37,21.17,21.29,21.3,0.66
[2026-05-14 05:32:28.169] ,461,24.53,31.16,99290.74,536969.06,2.59,3.51,4.15,4.48,16.35,19.82,20.59,20.7,20.72,0.65
[2026-05-14 05:32:33.193] ,461,24.56,31.08,99291.13,541226.19,2.55,3.44,4.05,4.37,16.09,19.48,20.22,20.33,20.35,0.65
[2026-05-14 05:32:38.206] ,462,24.64,31.03,99292.03,540369.38,2.46,3.31,3.89,4.19,15.54,18.79,19.5,19.6,19.62,0.64
[2026-05-14 05:32:43.217] ,459,24.71,30.97,99293.47,536547,2.36,3.16,3.71,3.99,14.98,18.08,18.75,18.84,18.86,0.64
[2026-05-14 05:32:48.229] ,457,24.7,30.87,99292.63,543380.19,2.2,2.93,3.43,3.69,14,16.87,17.48,17.57,17.58,0.64
[2026-05-14 05:32:53.248] ,458,24.69,30.84,99290.99,543380.19,2.16,2.87,3.35,3.61,13.77,16.58,17.17,17.25,17.27,0.63
[2026-05-14 05:32:58.261] ,457,24.71,30.82,99291.74,541226.19,2.15,2.85,3.33,3.57,13.74,16.52,17.1,17.19,17.2,0.63
[2026-05-14 05:33:03.274] ,458,24.77,30.81,99292.42,538239.19,2.14,2.82,3.29,3.53,13.63,16.39,16.96,17.04,17.05,0.64
[2026-05-14 05:33:08.295] ,460,24.8,30.78,99292.62,536547,2.14,2.82,3.29,3.53,13.63,16.39,16.96,17.04,17.05,0.64
[2026-05-14 05:33:13.300] ,459,24.85,30.74,99292.51,535704.94,2.09,2.76,3.22,3.45,13.3,16,16.56,16.64,16.65,0.64
[2026-05-14 05:33:18.315] ,460,24.93,30.7,99293.2,538239.19,2.04,2.7,3.15,3.38,13,15.63,16.18,16.26,16.28,0.64
[2026-05-14 05:33:23.337] ,458,25.04,30.63,99291.29,532362.88,1.94,2.58,3.01,3.23,12.38,14.9,15.42,15.5,15.51,0.64
[2026-05-14 05:33:28.347] ,460,25.1,30.55,99292,530707.44,1.92,2.55,2.98,3.2,12.23,14.72,15.25,15.32,15.33,0.64
[2026-05-14 05:33:33.364] ,462,25.14,30.48,99292.09,530295.19,1.87,2.48,2.9,3.11,11.89,14.31,14.82,14.89,14.91,0.64
[2026-05-14 05:33:38.379] ,461,25.23,30.41,99293,526613.5,1.82,2.42,2.83,3.04,11.61,13.98,14.47,14.55,14.56,0.64
[2026-05-14 05:33:43.392] ,460,25.21,30.28,99293.35,527835.06,1.77,2.34,2.74,2.94,11.24,13.53,14.02,14.09,14.1,0.65
[2026-05-14 05:33:48.409] ,460,25.15,30.25,99291.9,531948.06,1.85,2.45,2.87,3.08,11.76,14.16,14.67,14.74,14.75,0.65
[2026-05-14 05:33:53.416] ,461,25.18,30.21,99293.12,529883.56,1.99,2.63,3.08,3.31,12.65,15.23,15.77,15.84,15.86,0.64
[2026-05-14 05:33:58.431] ,461,25.22,30.23,99293.02,529062.25,1.99,2.63,3.07,3.29,12.71,15.28,15.81,15.89,15.9,0.63
[2026-05-14 05:34:03.451] ,461,25.28,30.22,99293.76,526207.62,1.77,2.33,2.71,2.9,11.29,13.56,14.02,14.09,14.1,0.63
[2026-05-14 05:34:08.463] ,463,25.3,30.21,99292.56,522182.56,1.56,2.05,2.39,2.56,10.01,12.01,12.42,12.48,12.49,0.63
[2026-05-14 05:34:13.481] ,463,25.38,30.18,99292.21,522982.62,1.59,2.09,2.42,2.59,10.21,12.24,12.65,12.71,12.72,0.63
[2026-05-14 05:34:18.491] ,463,25.38,30.11,99292.7,518218.62,1.68,2.19,2.54,2.72,10.77,12.91,13.33,13.39,13.4,0.63
[2026-05-14 05:34:23.511] ,466,25.31,30.08,99294.79,522182.56,1.79,2.33,2.7,2.89,11.5,13.77,14.22,14.28,14.29,0.62
[2026-05-14 05:34:28.518] ,466,25.33,30.08,99294.81,523383.59,1.85,2.41,2.78,2.97,11.9,14.23,14.69,14.76,14.77,0.63
[2026-05-14 05:34:33.530] ,467,25.34,30.06,99295.23,523785.16,1.82,2.36,2.72,2.91,11.68,13.97,14.42,14.48,14.49,0.62
[2026-05-14 05:34:38.545] ,467,25.18,30.14,99294.1,527835.06,1.75,2.27,2.61,2.79,11.26,13.45,13.88,13.94,13.95,0.62
[2026-05-14 05:34:43.561] ,468,25.06,30.48,99292.88,531533.88,1.85,2.4,2.76,2.94,11.95,14.27,14.72,14.78,14.79,0.62
[2026-05-14 05:34:48.576] ,469,24.97,30.86,99294.01,528243.5,1.97,2.53,2.91,3.1,12.7,15.14,15.61,15.68,15.69,0.61
[2026-05-14 05:34:53.589] ,469,24.82,31.12,99294.21,537391.75,2.07,2.66,3.05,3.26,13.41,15.98,16.47,16.54,16.55,0.62
[2026-05-14 05:34:58.599] ,468,24.7,31.23,99292.38,540797.44,2.21,2.83,3.24,3.46,14.29,17.02,17.53,17.61,17.62,0.62
[2026-05-14 05:35:03.621] ,468,24.59,31.31,99291.92,539515.25,2.42,3.11,3.56,3.79,15.69,18.69,19.25,19.33,19.35,0.62
[2026-05-14 05:35:08.629] ,469,24.52,31.41,99292.23,545551.44,2.63,3.37,3.86,4.12,17.01,20.26,20.87,20.96,20.97,0.63
[2026-05-14 05:35:13.649] ,469,24.36,31.51,99292.01,545551.44,2.82,3.61,4.13,4.4,18.24,21.72,22.37,22.47,22.48,0.62
[2026-05-14 05:35:18.656] ,467,24.29,31.72,99290.58,551724.12,2.73,3.49,3.99,4.25,17.69,21.06,21.68,21.77,21.78,0.62
[2026-05-14 05:35:23.671] ,468,24.25,31.9,99289.78,545987.75,2.72,3.48,3.97,4.22,17.69,21.04,21.65,21.74,21.75,0.61
[2026-05-14 05:35:28.688] ,467,24.33,32.06,99290.84,540797.44,2.7,3.44,3.92,4.17,17.55,20.86,21.47,21.55,21.57,0.62
[2026-05-14 05:35:33.701] ,465,24.17,32.01,99290.51,550389.69,2.63,3.35,3.81,4.05,17.13,20.35,20.93,21.01,21.03,0.61
[2026-05-14 05:35:38.717] ,466,24.08,32.03,99289.64,552617.38,2.73,3.46,3.93,4.18,17.76,21.09,21.68,21.77,21.78,0.61
[2026-05-14 05:35:43.726] ,469,24.16,32.21,99288.73,543380.19,2.7,3.41,3.88,4.12,17.6,20.87,21.46,21.54,21.55,0.62
[2026-05-14 05:35:48.749] ,471,24.11,32.52,99291.16,541226.19,2.63,3.32,3.77,4,17.12,20.3,20.87,20.95,20.96,0.62
[2026-05-14 05:35:53.761] ,471,24.16,32.8,99291.11,537815.12,2.49,3.15,3.57,3.8,16.24,19.27,19.8,19.88,19.89,0.62
[2026-05-14 05:35:58.770] ,473,24.11,32.94,99290.7,543380.19,2.39,3.02,3.43,3.65,15.57,18.48,18.99,19.07,19.08,0.62
[2026-05-14 05:36:03.787] ,472,24.07,32.87,99290.17,545551.44,2.38,3.01,3.41,3.63,15.5,18.38,18.9,18.97,18.98,0.62
[2026-05-14 05:36:08.801] ,473,24.21,32.85,99291.58,539942,2.28,2.89,3.28,3.48,14.88,17.65,18.14,18.21,18.22,0.61
[2026-05-14 05:36:13.819] ,473,24.23,32.91,99290.28,539942,25.38,31.82,35.93,38.08,166.1,196.53,201.76,202.5,202.61,0.58
[2026-05-14 05:36:18.833] ,475,24.15,32.81,99289.02,541226.19,15.05,18.66,20.93,22.11,98.96,116.74,119.65,120.06,120.12,0.58
[2026-05-14 05:36:23.850] ,476,24.2,32.91,99289.86,534446.75,41.89,51.17,56.85,59.82,277.36,325.8,333.21,334.24,334.41,0.54
[2026-05-14 05:36:28.866] ,477,24.05,33,99290.27,542948.06,29.74,35.66,39.14,40.95,198.51,232,236.65,237.29,237.4,0.52
[2026-05-14 05:36:33.882] ,478,23.97,32.86,99289.2,551724.12,13.85,16.3,17.66,18.37,93.2,108.39,110.28,110.53,110.57,0.52
[2026-05-14 05:36:38.893] ,480,23.84,32.82,99289.16,547300.94,30.33,35.13,37.66,38.98,205.47,237.97,241.6,242.08,242.16,0.5
[2026-05-14 05:36:43.911] ,480,23.77,33.19,99289.3,549503.62,27.57,31.51,33.46,34.48,187.78,216.77,219.68,220.05,220.12,0.5
[2026-05-14 05:36:48.928] ,480,23.71,34.03,99291.73,542085.75,68.88,77.83,81.95,84.11,471.3,542.51,548.97,549.78,549.93,0.51
[2026-05-14 05:36:53.945] ,481,23.7,34.17,99291.7,547740.06,55.51,62.12,64.95,66.42,381.22,437.79,442.46,443.03,443.14,0.5
[2026-05-14 05:36:58.961] ,484,23.79,34.61,99290.43,530707.44,148.1,164.51,171.04,174.44,1020.08,1169.39,1180.73,1182.08,1182.35,0.5
[2026-05-14 05:37:03.979] ,484,23.83,34.89,99287.7,527835.06,91.24,100.62,104.04,105.82,630.19,721.19,727.52,728.25,728.4,0.48
[2026-05-14 05:37:08.991] ,486,23.74,34.89,99291.57,520589.72,148.03,162.59,167.59,170.2,1024.04,1170.8,1180.47,1181.56,1181.79,0.5
[2026-05-14 05:37:14.008] ,484,23.72,35.24,99292.05,517433.06,183.39,200.97,206.79,209.83,1269.73,1450.94,1462.51,1463.8,1464.07,0.46
[2026-05-14 05:37:19.022] ,485,23.76,35.31,99290.8,519006.59,169.95,185.72,190.69,193.28,1177.89,1345.13,1355.38,1356.51,1356.75,0.5
[2026-05-14 05:37:24.038] ,485,23.59,34.88,99291.09,539089.25,104.22,114.08,117.28,118.95,721.89,824.7,831.15,831.87,832.02,0.51
[2026-05-14 05:37:29.056] ,487,23.76,34.78,99290.52,522982.62,119.32,130.69,134.41,136.36,826.29,944.1,951.56,952.39,952.57,0.51
[2026-05-14 05:37:34.071] ,486,23.82,34.65,99287.88,520987.03,60.73,66.47,68.33,69.3,420.71,480.61,484.36,484.78,484.87,0.52
[2026-05-14 05:37:39.087] ,487,23.85,34.32,99287.87,529062.25,47.19,51.49,52.81,53.49,327.23,373.56,376.34,376.64,376.7,0.48
[2026-05-14 05:37:44.099] ,488,23.75,33.9,99290.02,544680.88,62.96,68.81,70.67,71.63,436.3,498.27,502.08,502.5,502.59,0.53
[2026-05-14 05:37:49.115] ,488,23.88,34.05,99288.5,522182.56,393.77,446.22,470.87,483.73,2690.98,3099.77,3137.9,3142.74,3143.62,0.67
[2026-05-14 05:37:54.128] ,488,23.91,34.3,99288.81,513154.59,377.64,452.42,496.29,519.17,2522.01,2946.81,3005.53,3013.62,3014.93,0.66
[2026-05-14 05:37:59.151] ,486,23.98,34.35,99291.06,516649.84,112.42,136.81,151.62,159.35,745.69,874.99,894.39,897.1,897.53,0.63
[2026-05-14 05:38:04.170] ,486,24,34.15,99290.41,517041.16,67.7,82.21,90.98,95.55,449.52,527.15,538.66,540.27,540.53,0.59
[2026-05-14 05:38:09.181] ,484,24.07,33.96,99290.62,518612.31,57.68,69.5,76.53,80.19,384.28,449.69,459.02,460.31,460.52,0.58
[2026-05-14 05:38:14.201] ,483,24.04,33.76,99288.88,522182.56,80.69,96.6,105.92,110.78,539.07,629.75,642.23,643.95,644.23,0.57
[2026-05-14 05:38:19.211] ,483,24.08,33.6,99290.59,521783.44,119.03,142.02,155.37,162.33,796.34,929.46,947.44,949.91,950.31,0.56
[2026-05-14 05:38:24.232] ,484,24.12,33.53,99290.72,520589.72,107.76,128.04,139.68,145.75,722.23,842.03,857.82,859.98,860.33,0.54
[2026-05-14 05:38:29.246] ,484,24.16,33.46,99290.87,520193.03,107.21,126.25,136.9,142.45,721.22,838.89,853.59,855.57,855.9,0.53
[2026-05-14 05:38:34.263] ,483,24.04,33.62,99290.62,508946.31,192.06,228.38,249.27,260.17,1286.77,1500.52,1528.83,1532.7,1533.33,0.59
[2026-05-14 05:38:39.281] ,483,24.14,34.49,99292.52,489249.88,275.88,328.77,359.37,375.34,1846.6,2154.6,2195.92,2201.58,2202.51,0.54
[2026-05-14 05:38:44.297] ,483,23.98,34.62,99289.38,498903.78,219.77,260.24,283.25,295.26,1474.99,1718.13,1749.55,1753.82,1754.53,0.52
[2026-05-14 05:38:49.312] ,485,24.06,34.54,99289.83,500000,228.92,271.12,295.12,307.64,1536.32,1789.64,1822.4,1826.86,1827.6,0.55
[2026-05-14 05:38:54.321] ,486,24.11,34.61,99290.12,483360.88,433.58,512.74,557.57,580.95,2911.7,3390.46,3451.81,3460.15,3461.53,0.53
[2026-05-14 05:38:59.340] ,488,24.21,34.99,99290.77,463663.12,526.49,619.21,670.83,697.75,3543.83,4120.62,4192.04,4201.69,4203.3,0.53
[2026-05-14 05:39:04.357] ,493,24.29,35.08,99290.58,469401.78,364.65,425.28,458.07,475.18,2463.03,2857.72,2903.95,2910.13,2911.17,0.52
[2026-05-14 05:39:09.367] ,493,24.3,34.79,99290.91,474293.66,295.76,344.52,370.77,384.46,1998.74,2318.3,2355.42,2360.37,2361.21,0.55
[2026-05-14 05:39:14.390] ,494,24.35,34.82,99291.86,469724.78,339.08,391.61,418.93,433.17,2299.57,2661.44,2700.94,2706.15,2707.04,0.52
[2026-05-14 05:39:19.401] ,494,24.28,34.35,99291.08,481655.69,174.87,200.69,213.71,220.51,1189,1373.91,1393.13,1395.63,1396.07,0.52
[2026-05-14 05:39:24.423] ,496,24.3,34.06,99291.36,488899.5,136.06,155.33,164.8,169.73,927.04,1069.82,1084.04,1085.87,1086.2,0.52
[2026-05-14 05:39:29.430] ,498,24.34,33.84,99290.63,489249.88,141.76,161.11,170.37,175.2,967.67,1115.46,1129.61,1131.42,1131.74,0.54
[2026-05-14 05:39:34.447] ,499,24.36,33.7,99290.76,491009.34,155.64,178.11,189.29,195.12,1059.47,1223.37,1240.02,1242.17,1242.55,0.56
[2026-05-14 05:39:39.467] ,499,24.36,33.7,99289.7,486114.41,160.19,183.69,195.51,201.68,1089.5,1258.69,1276.17,1278.44,1278.84,0.54
[2026-05-14 05:39:44.481] ,500,24.33,33.73,99291.69,479962.5,289.72,330.88,351.14,361.71,1973.8,2278.01,2308.39,2312.31,2313,0.52
[2026-05-14 05:39:49.501] ,500,24.16,33.84,99291.84,478616.5,371.57,421.92,445.89,458.39,2537.25,2924.13,2960.89,2965.57,2966.41,0.49
[2026-05-14 05:39:54.510] ,500,24.1,34.1,99291.27,474623.41,494.31,556.14,583.76,598.17,3387.78,3895.56,3939.8,3945.31,3946.32,0.48
[2026-05-14 05:39:59.529] ,503,24.2,34.42,99290.39,461781.28,467.42,523.19,547.08,559.55,3209.93,3686.48,3725.88,3730.71,3731.62,0.51
[2026-05-14 05:40:04.544] ,503,24.28,34.67,99289.49,460846.09,420.12,467.98,487.59,497.82,2890.5,3315.8,3349.16,3353.19,3353.96,0.48
[2026-05-14 05:40:09.558] ,503,24.29,34.5,99290.55,467473.19,278.1,308.68,320.75,327.04,1916.03,2196.08,2217.17,2219.68,2220.17,0.47
[2026-05-14 05:40:14.571] ,503,24.34,34.28,99291.83,472324.72,256.13,283.51,293.97,299.43,1766.58,2023.45,2042.16,2044.35,2044.79,0.48
[2026-05-14 05:40:19.585] ,504,24.4,33.98,99289.45,476611.59,220.92,244.61,253.71,258.45,1523.48,1745.15,1761.36,1763.27,1763.65,0.52
[2026-05-14 05:40:24.606] ,503,24.46,33.79,99290.18,474293.66,215.23,239.14,248.68,253.65,1482.34,1699.4,1715.94,1717.91,1718.3,0.52
[2026-05-14 05:40:29.621] ,503,24.46,33.83,99289.41,441474.47,610.74,676.18,701.25,714.33,4211.98,4824.7,4869.45,4874.71,4875.76,0.49
[2026-05-14 05:40:34.640] ,504,24.28,34.09,99290.9,410914.94,1147.03,1260.49,1299.78,1320.28,7933.16,9071.27,9146.77,9155.33,9157.11,0.5
[2026-05-14 05:40:39.647] ,504,24.35,34.35,99289.8,380881.53,1804.93,1973.75,2027.56,2055.62,12506.68,14284.58,14394.6,14406.71,14409.32,0.5
[2026-05-14 05:40:44.671] ,505,24.45,34.62,99290.59,326218.53,2625.02,2875.44,2957.74,3000.67,18177.51,20769.77,20934.21,20952.5,20956.39,0.52
[2026-05-14 05:40:49.687] ,505,24.42,34.46,99290.84,357666.78,1708.7,1862.66,1908.75,1932.79,11854.01,13529.27,13628.12,13638.75,13641.11,0.47
[2026-05-14 05:40:54.708] ,508,24.44,34.57,99290.47,364542.53,2352.34,2551.58,2604.53,2632.15,16349.7,18638.99,18763.57,18776.42,18779.41,0.49
[2026-05-14 05:40:59.718] ,507,24.54,34.64,99290.16,386050.91,1346.31,1453.86,1478.8,1491.81,9372.93,10674.48,10739.92,10746.36,10747.95,0.47
[2026-05-14 05:41:04.739] ,508,24.6,34.38,99290.77,388025.78,973.21,1047.17,1062.08,1069.86,6784.51,7720.3,7764.18,7768.31,7769.38,0.48
[2026-05-14 05:41:09.757] ,506,24.62,34.1,99290.49,387365.25,1271.85,1366.19,1383.77,1392.93,8871.98,10091.83,10147.09,10152.15,10153.51,0.48
[2026-05-14 05:41:14.770] ,507,24.54,33.76,99288.26,406510.53,722.59,773.9,781.99,786.21,5046,5735.98,5765.31,5767.86,5768.59,0.44
[2026-05-14 05:41:19.783] ,507,24.55,33.53,99289.48,414155.72,695.86,744.32,751.33,754.98,4861.69,5524.88,5552.26,5554.58,5555.26,0.48
[2026-05-14 05:41:24.800] ,506,24.59,33.5,99288.61,411906.69,964.24,1030.3,1039.1,1043.69,6739.37,7656.87,7693.81,7696.88,7697.8,0.47
[2026-05-14 05:41:29.820] ,506,24.62,33.36,99290.17,415163.19,793.93,847.65,854.34,857.84,5550.59,6305.13,6334.95,6337.38,6338.13,0.46
[2026-05-14 05:41:34.841] ,506,24.63,33.33,99290.78,407968.12,996.13,1062.18,1069.46,1073.26,6967.49,7912.4,7948.58,7951.44,7952.35,0.47
[2026-05-14 05:41:39.850] ,508,24.69,33.82,99291.74,379610.75,2161.86,2313.69,2336.5,2348.4,15100.91,17162.97,17249.16,17256.57,17258.71,0.52
[2026-05-14 05:41:44.871] ,509,24.71,33.94,99291.37,367684.03,1800.97,1934.42,1959.18,1972.09,12563.33,14290.48,14368.59,14375.74,14377.66,0.5
[2026-05-14 05:41:49.891] ,511,24.78,34.11,99292.12,355062.41,2156.14,2316.52,2346.68,2362.41,15039.39,17107.98,17202.05,17210.7,17213.01,0.48
[2026-05-14 05:41:54.910] ,515,24.8,34.01,99291.88,367288.38,1594.88,1715.62,1739.65,1752.19,11119.53,12652.45,12723.93,12730.63,12732.38,0.49
[2026-05-14 05:41:59.921] ,515,24.79,33.68,99291.15,383018.5,1302,1400.02,1419.19,1429.19,9078.9,10329.59,10387.46,10392.84,10394.26,0.5
[2026-05-14 05:42:04.941] ,512,24.84,33.48,99289.34,388910,1119.11,1203.3,1219.74,1228.32,7803.66,8878.6,8928.29,8932.91,8934.13,0.5
[2026-05-14 05:42:09.957] ,514,24.93,33.28,99289.48,391362.5,1084.54,1168.02,1185.51,1194.63,7558.13,8602.38,8652.24,8656.98,8658.2,0.5
[2026-05-14 05:42:14.971] ,516,24.85,33,99290.39,407481.09,640.06,688.23,697.64,702.55,4463.2,5078.01,5106.44,5109.08,5109.78,0.46
[2026-05-14 05:42:19.990] ,516,24.76,33.01,99291.02,400547.62,798.99,857.27,867.48,872.81,5575.88,6340.87,6374.69,6377.73,6378.56,0.46
[2026-05-14 05:42:25.003] ,516,24.76,33.21,99290.11,393392.25,1340.02,1435.81,1451.34,1459.44,9356.22,10636.62,10691.57,10696.4,10697.76,0.47
[2026-05-14 05:42:30.020] ,516,24.77,33.38,99291.58,384745.44,1722.46,1842.44,1859.8,1868.85,12033.98,13675.6,13743.38,13749.14,13750.83,0.47
[2026-05-14 05:42:35.041] ,515,24.72,33.76,99290.69,377929.5,1812.94,1941.03,1960.79,1971.1,12661.8,14392.07,14465.04,14471.36,14473.17,0.49
[2026-05-14 05:42:40.061] ,513,24.81,33.81,99291.1,383880.03,1381.46,1479.09,1494.17,1502.04,9648.21,10966.71,11022.34,11027.16,11028.54,0.48
[2026-05-14 05:42:45.079] ,513,24.83,33.63,99291.25,388910,1097.25,1176.52,1189.93,1196.92,7659.13,8708.69,8754.44,8758.51,8759.64,0.5
[2026-05-14 05:42:50.088] ,514,24.89,33.69,99288.7,389798.25,1195.23,1281.46,1295.96,1303.53,8343.37,9486.48,9536.21,9540.62,9541.85,0.5
[2026-05-14 05:42:55.111] ,515,24.93,33.63,99290.67,390690.56,1201.91,1291.09,1307.72,1316.4,8384.03,9536.84,9589.08,9593.87,9595.16,0.48
[2026-05-14 05:43:00.125] ,514,25,33.54,99289.68,387805.34,1208.52,1302.29,1322.4,1332.88,8420.3,9584.94,9641.17,9646.56,9647.94,0.5
[2026-05-14 05:43:05.141] ,515,25.08,33.39,99290.13,387805.34,1188.02,1284.52,1307.85,1320.02,8267.13,9417.78,9476.97,9482.88,9484.31,0.53
[2026-05-14 05:43:10.153] ,515,25.18,33.23,99289.55,390467.12,1098.96,1187.46,1208.4,1219.33,7649.24,8712.61,8766.67,8772.02,8773.33,0.47
[2026-05-14 05:43:15.173] ,516,25.26,33.02,99291.22,391362.5,982.94,1059.66,1076.37,1085.09,6847.55,7795.4,7841.54,7845.98,7847.11,0.5
[2026-05-14 05:43:20.192] ,516,25.26,32.83,99291.9,395214.19,920.24,992.17,1007.91,1016.12,6410.49,7298.01,7341.31,7345.49,7346.54,0.47
[2026-05-14 05:43:25.201] ,514,25.21,32.96,99290.89,385179.62,1147.2,1234.45,1252.09,1261.29,7997.26,9100.44,9152.24,9157.11,9158.38,0.49
[2026-05-14 05:43:30.227] ,514,25.15,33.08,99289.48,387145.56,1261.37,1356.74,1375.65,1385.52,8794.53,10006.74,10063.17,10068.45,10069.83,0.49
[2026-05-14 05:43:35.241] ,513,25.14,33.03,99289.91,384962.41,1246.67,1343.44,1364.22,1375.05,8686.01,9887.46,9945.51,9951.08,9952.5,0.51
[2026-05-14 05:43:40.257] ,514,25.17,33.1,99290.54,377929.5,1642.51,1770.82,1798.86,1813.48,11442.02,13026.04,13103.25,13110.7,13112.58,0.49
[2026-05-14 05:43:45.271] ,514,25.17,33.29,99290.19,359172.22,2970.59,3206.61,3260.6,3288.76,20684.19,23554.3,23697.53,23711.56,23715.04,0.52
[2026-05-14 05:43:50.299] ,514,25.16,33.28,99291.07,360690.38,1971.69,2129.94,2167.08,2186.46,13725.04,15632.17,15728.67,15738.21,15740.55,0.51
[2026-05-14 05:43:55.311] ,516,25.14,33.41,99290.52,328415.66,3508.52,3807.74,3888.4,3930.48,24380.76,27797.98,27985.65,28005.1,28009.61,0.57
[2026-05-14 05:44:00.331] ,514,25.18,33.77,99292.18,294930.88,5314.59,5850.94,6041.81,6141.37,36731.64,42019.18,42378.64,42419.8,42428.25,0.67
[2026-05-14 05:44:05.341] ,512,25.15,34.26,99291.63,253905.28,6555.89,7480.82,7933.86,8170.17,44678.89,51553.84,52235.48,52323.3,52338.86,0.7
[2026-05-14 05:44:10.360] ,511,25.27,34.69,99292.46,211964.39,7079.79,8315.89,9001.21,9358.67,47679.82,55421.72,56372.48,56500.71,56522.14,0.76
[2026-05-14 05:44:15.385] ,510,25.33,34.81,99292.7,223923.03,4862.68,5859.78,6452.87,6762.22,32392.94,37908.6,38695.61,38804.52,38822.13,0.58
[2026-05-14 05:44:20.394] ,511,25.35,34.41,99293.16,241168.16,2691.58,3174.05,3444.95,3586.24,18096.77,21056.84,21429.63,21480.15,21488.54,0.52
[2026-05-14 05:44:25.419] ,509,25.39,33.87,99294.66,250550.53,2149.32,2482.47,2655.72,2746.09,14575.94,16869.9,17120.44,17153.45,17159.13,0.5
[2026-05-14 05:44:30.439] ,511,25.29,33.66,99294.5,261691.8,2045.71,2325.3,2459.21,2529.06,13963.3,16096.49,16301.02,16327.16,16331.84,0.49
[2026-05-14 05:44:35.457] ,511,25.19,33.71,99292.2,271690.09,1590.35,1778.63,1858.7,1900.47,10925,12544.44,12677.14,12693.36,12696.43,0.48
[2026-05-14 05:44:40.471] ,513,25.24,33.66,99294.74,269971,1774.23,1964.37,2037.26,2075.27,12235.92,14015.96,14145.99,14161.29,14164.33,0.51
[2026-05-14 05:44:45.483] ,512,25.15,33.87,99293.16,271906.53,1545.66,1699.9,1753.97,1782.18,10686.97,12222.42,12325.39,12337.12,12339.54,0.51
[2026-05-14 05:44:50.500] ,512,25.11,34.19,99291.94,279247.34,1550.9,1695.79,1741.87,1765.9,10746.97,12274.4,12368.77,12379.15,12381.38,0.49
[2026-05-14 05:44:55.520] ,513,25.07,34.24,99292.18,279019.06,1536.18,1669.96,1707.56,1727.18,10668.3,12168.21,12252.89,12261.79,12263.82,0.5
[2026-05-14 05:45:00.546] ,517,25.16,34.6,99293.13,273212.38,1683.06,1822.41,1857.65,1876.03,11705.61,13339.27,13425.52,13434.26,13436.34,0.48
[2026-05-14 05:45:05.557] ,517,25.19,34.69,99293.83,266597.25,1609.11,1739.65,1771.11,1787.53,11197.74,12756.03,12836.05,12844.03,12845.96,0.5
[2026-05-14 05:45:10.576] ,517,25.19,34.75,99293.8,251103.48,1917.32,2071.31,2107.52,2126.4,13346.33,15201.01,15294.95,15304.23,15306.51,0.52
[2026-05-14 05:45:15.587] ,518,25.16,34.64,99292.8,272557.91,1661.73,1794.28,1824.91,1840.88,11569.4,13175.62,13256.21,13264.13,13266.09,0.51
[2026-05-14 05:45:20.610] ,522,25.12,34.78,99292.03,264941.78,1642.35,1771.92,1801,1816.17,11437.91,13023.47,13101.82,13109.45,13111.36,0.51
[2026-05-14 05:45:25.631] ,522,25.24,34.71,99295.41,269544.62,1677.85,1810.04,1839.61,1855.03,11685.57,13305.17,13385.06,13392.83,13394.77,0.52
[2026-05-14 05:45:30.641] ,522,25.24,34.67,99295.15,273431.25,1509.36,1626.83,1652.24,1665.49,10515.54,11970.56,12041.12,12047.91,12049.62,0.5
[2026-05-14 05:45:35.661] ,521,25.28,34.54,99294.84,279247.34,1456.39,1570.17,1595.05,1608.02,10145.45,11549.99,11618.47,11625.08,11626.75,0.49
[2026-05-14 05:45:40.680] ,519,25.33,34.4,99295.43,285077.94,1294.54,1393.26,1413.37,1423.86,9023.8,10269.02,10327.7,10333.24,10334.67,0.48
[2026-05-14 05:45:45.689] ,521,25.33,34.27,99294.49,293662.19,1125.33,1210.17,1226.83,1235.53,7846.7,8927.84,8977.96,8982.63,8983.86,0.48
[2026-05-14 05:45:50.708] ,521,25.32,34,99294.26,298281.38,1111.62,1193.71,1208.77,1216.62,7755.15,8820.83,8868.8,8873.17,8874.35,0.48
[2026-05-14 05:45:55.731] ,521,25.35,34.02,99294.89,290167.19,1310.33,1408.19,1426.84,1436.56,9138.86,10396.51,10454.03,10459.34,10460.75,0.49
[2026-05-14 05:46:00.741] ,522,25.46,34.19,99294.98,290167.19,1217.26,1307.84,1324.9,1333.8,8490.47,9658.35,9711.5,9716.39,9717.69,0.5
[2026-05-14 05:46:05.761] ,521,25.5,33.88,99293.66,297760.97,1045.03,1121.62,1135.29,1142.42,7292.04,8293.11,8337.66,8341.69,8342.79,0.47
[2026-05-14 05:46:10.775] ,521,25.52,33.79,99295.19,298803.62,996.72,1068.77,1080.99,1087.36,6957.28,7910.74,7952.34,7956.04,7957.07,0.49
[2026-05-14 05:46:15.788] ,520,25.54,33.68,99293.75,302779.41,997.12,1069.04,1081.12,1087.43,6960.49,7914.11,7955.57,7959.26,7960.28,0.47
[2026-05-14 05:46:20.811] ,521,25.53,33.42,99294.29,303587.31,994.69,1065.14,1076.13,1081.86,6946.62,7896.18,7936.38,7939.87,7940.86,0.47
[2026-05-14 05:46:25.820] ,519,25.55,33.53,99294.7,304128.31,991.69,1061.62,1072.32,1077.9,6926.37,7872.65,7912.45,7915.89,7916.88,0.48
[2026-05-14 05:46:30.841] ,518,25.26,33.28,99292.98,317126.03,962.26,1030.51,1041.22,1046.8,6719.9,7638.63,7677.6,7681,7681.96,0.48
[2026-05-14 05:46:35.857] ,518,25.3,33.33,99294.13,312195.12,972.97,1041.96,1052.77,1058.41,6794.71,7723.64,7763.03,7766.46,7767.44,0.48
[2026-05-14 05:46:40.870] ,518,25.26,33.38,99293.79,315951.88,976.98,1045.43,1055.6,1060.9,6824.77,7756.42,7795.22,7798.55,7799.51,0.5
[2026-05-14 05:46:45.891] ,517,25.23,33.45,99291.33,315951.88,959.19,1024.71,1033.3,1037.79,6704.5,7616.94,7653.51,7656.54,7657.45,0.46
[2026-05-14 05:46:50.908] ,516,25.25,33.54,99292.09,316537.88,954.68,1019.09,1026.99,1031.11,6674.89,7581.97,7617.65,7620.55,7621.44,0.46
[2026-05-14 05:46:55.921] ,516,25.27,33.62,99292.45,320400.5,952.9,1016.33,1023.51,1027.25,6664.51,7568.74,7603.58,7606.36,7607.23,0.46
[2026-05-14 05:47:00.941] ,515,25.31,33.49,99292.38,327156.56,884.99,943.62,950.05,953.4,6190.22,7029.64,7061.74,7064.28,7065.08,0.46
[2026-05-14 05:47:05.961] ,514,25.24,33.28,99293.41,330003.22,767.76,819.5,825.8,829.08,5368.14,6097.54,6126.18,6128.5,6129.22,0.48
[2026-05-14 05:47:10.975] ,511,25.29,33.23,99293.87,332251.78,760.65,811.79,817.93,821.13,5318.76,6041.24,6069.5,6071.79,6072.5,0.47
[2026-05-14 05:47:15.992] ,507,25.35,33.19,99292.17,333876.75,747.86,797.52,803.04,805.92,5230.79,5940.29,5967.52,5969.68,5970.36,0.47
[2026-05-14 05:47:21.003] ,506,25.34,33.02,99293.11,339185.16,723.83,772.26,777.9,780.85,5061.85,5749.03,5775.71,5777.85,5778.52,0.5
[2026-05-14 05:47:26.027] ,502,25.38,32.91,99292.91,341219.59,692.15,738.91,744.68,747.69,4839.2,5496.92,5522.84,5524.95,5525.6,0.49
[2026-05-14 05:47:31.040] ,503,25.42,32.86,99291.83,343278.59,683.61,730.54,736.86,740.15,4777.71,5428.3,5454.58,5456.77,5457.43,0.47
[2026-05-14 05:47:36.059] ,501,25.51,32.87,99293.11,339860.59,675.79,722.6,729.19,732.63,4722.05,5365.77,5392.12,5394.35,5395.01,0.48
[2026-05-14 05:47:41.071] ,500,25.57,32.86,99292.2,342589.5,670.41,717.22,724.07,727.64,4683.55,5322.64,5349.13,5351.38,5352.04,0.49
[2026-05-14 05:47:46.089] ,502,25.65,32.8,99292.41,341561.03,668.15,715.28,722.51,726.28,4666.58,5304.16,5331,5333.31,5333.98,0.48
[2026-05-14 05:47:51.105] ,502,25.57,32.65,99292.79,348180.91,660.16,706.62,713.67,717.34,4611.1,5240.92,5267.32,5269.6,5270.26,0.46
[2026-05-14 05:47:56.121] ,503,25.48,32.54,99293.86,350325,655.1,700.6,707.1,710.49,4577.15,5201.33,5227,5229.17,5229.81,0.47
[2026-05-14 05:48:01.137] ,503,25.45,32.53,99294.18,351769.16,656.91,702.86,709.63,713.16,4589.1,5215.42,5241.44,5243.66,5244.31,0.47
[2026-05-14 05:48:06.151] ,504,25.46,32.57,99294.83,354325.25,651.94,697.54,704.26,707.76,4554.37,5175.96,5201.78,5203.98,5204.63,0.49
[2026-05-14 05:48:11.167] ,501,25.41,32.83,99294.58,352132.06,643.97,689.38,696.32,699.95,4497.8,5112.28,5138.12,5140.36,5141,0.49
[2026-05-14 05:48:16.181] ,499,25.42,32.98,99295.42,358417.91,636.87,681.39,687.94,691.35,4449.09,5056.27,5081.48,5083.63,5084.26,0.47
[2026-05-14 05:48:21.201] ,500,25.42,32.94,99296.29,361071.94,600.45,642.18,648.14,651.26,4195.32,4767.46,4791,4792.99,4793.58,0.47
[2026-05-14 05:48:26.218] ,499,25.28,32.82,99295.73,365714.28,567.94,606.91,612.15,614.89,3969.29,4509.79,4531.61,4533.43,4533.98,0.44
[2026-05-14 05:48:31.231] ,499,25.22,32.81,99295.02,376263.09,562.39,600.15,604.64,606.98,3932.59,4466.68,4487.53,4489.21,4489.73,0.45
[2026-05-14 05:48:36.253] ,498,25.26,32.88,99296.11,367684.03,562.42,600.29,604.89,607.28,3932.46,4466.74,4487.69,4489.39,4489.92,0.48
[2026-05-14 05:48:41.263] ,498,25.32,32.83,99295.48,377094.47,553.86,592.08,597.37,600.13,3870.38,4397.76,4419.24,4421.04,4421.58,0.48
[2026-05-14 05:48:46.281] ,497,25.27,32.9,99295.77,377511.53,548.49,586.22,591.36,594.04,3833.2,4355.32,4376.47,4378.24,4378.77,0.47
[2026-05-14 05:48:51.303] ,496,25.17,32.98,99294.31,383233.53,548.35,586.24,591.5,594.25,3831.82,4354.02,4375.31,4377.1,4377.63,0.49
[2026-05-14 05:48:56.311] ,497,25.17,33.09,99295.2,380457,550.67,588.72,594.01,596.77,3848,4372.41,4393.8,4395.6,4396.13,0.48
[2026-05-14 05:49:01.330] ,498,25.24,33.27,99296.14,378138.84,557.63,596.36,601.88,604.76,3896.18,4427.48,4449.32,4451.17,4451.71,0.49
[2026-05-14 05:49:06.342] ,499,25.22,33.33,99296.59,378978.53,561.64,600.5,605.95,608.79,3924.5,4459.43,4481.3,4483.14,4483.69,0.48
[2026-05-14 05:49:11.363] ,498,25.3,33.52,99295.93,376055.81,563.49,602.41,607.82,610.65,3937.58,4474.19,4496.07,4497.91,4498.45,0.47
[2026-05-14 05:49:16.376] ,496,25.33,33.36,99297.25,382803.75,553.52,591.47,596.54,599.19,3868.63,4395.36,4416.59,4418.36,4418.89,0.47
[2026-05-14 05:49:21.386] ,496,25.39,33.03,99297.16,387145.56,512.42,547.55,552.26,554.71,3581.36,4068.98,4088.64,4090.27,4090.76,0.48
[2026-05-14 05:49:26.403] ,495,25.45,32.83,99297.18,384312.25,487.87,521.28,525.72,528.04,3409.89,3874.09,3892.77,3894.32,3894.79,0.48
[2026-05-14 05:49:31.424] ,495,25.48,32.72,99296.38,387585.16,477.67,510.56,515.05,517.4,3338.2,3792.94,3811.38,3812.93,3813.39,0.47
[2026-05-14 05:49:36.441] ,494,25.45,32.56,99296.84,391138.28,465.8,497.83,502.18,504.45,3255.32,3698.71,3716.66,3718.16,3718.61,0.48
[2026-05-14 05:49:41.458] ,495,25.39,32.52,99296.2,393165.69,451.1,482.34,486.73,489.02,3152.03,3581.71,3599.3,3600.78,3601.22,0.49
[2026-05-14 05:49:46.473] ,496,25.28,32.62,99297.21,392487.53,449.19,480.22,484.54,486.79,3138.91,3566.67,3584.11,3585.58,3586.02,0.47
[2026-05-14 05:49:51.483] ,498,25.26,32.94,99297.68,394073.5,469.3,501.93,506.61,509.05,3278.95,3726.14,3744.56,3746.12,3746.58,0.47
[2026-05-14 05:49:56.497] ,497,25.1,33.14,99295.35,395901.81,463.11,494.89,499.16,501.39,3236.71,3677.44,3695.23,3696.71,3697.16,0.46
[2026-05-14 05:50:01.511] ,496,25.11,33.44,99294.48,399142.47,455.95,487.52,491.95,494.27,3185.94,3620.23,3638,3639.5,3639.95,0.5
[2026-05-14 05:50:06.532] ,495,24.99,33.39,99294.55,407238.03,442.48,473.87,478.8,481.37,3090,3512.47,3530.4,3531.96,3532.41,0.48
[2026-05-14 05:50:11.540] ,494,24.95,33.52,99295.41,408700.84,429.05,459.12,463.6,465.93,2997.14,3406.3,3423.35,3424.81,3425.24,0.44
[2026-05-14 05:50:16.556] ,494,24.82,33.55,99295.91,413153.12,417.26,446.06,450.04,452.12,2915.86,3313.18,3329.35,3330.71,3331.12,0.46
[2026-05-14 05:50:21.575] ,493,24.96,33.83,99295.09,406026.97,414.4,442.88,446.73,448.74,2896.17,3290.6,3306.55,3307.89,3308.28,0.47
[2026-05-14 05:50:26.591] ,494,25.02,33.83,99294.11,403865.12,414.42,443.05,447.03,449.11,2895.9,3290.55,3306.64,3307.99,3308.4,0.47
[2026-05-14 05:50:31.607] ,496,25.08,33.67,99294.42,404343.53,409.52,437.81,441.74,443.79,2861.71,3251.7,3267.59,3268.93,3269.33,0.47
[2026-05-14 05:50:36.621] ,496,25.01,33.55,99296.21,408212.09,392.59,419.52,423.14,425.03,2743.82,3117.43,3132.51,3133.76,3134.14,0.46
[2026-05-14 05:50:41.644] ,496,24.85,33.64,99297.05,414658.84,378.52,404.99,408.9,410.93,2644.26,3005.16,3020.16,3021.44,3021.81,0.48
[2026-05-14 05:50:46.657] ,495,24.81,33.65,99297.08,415668.75,368.3,394.01,397.77,399.73,2572.96,2924.05,2938.6,2939.84,2940.2,0.47
[2026-05-14 05:50:51.671] ,495,24.82,33.69,99296.73,418728.28,362.43,387.2,390.46,392.16,2533.23,2878.01,2891.85,2892.99,2893.34,0.48
[2026-05-14 05:50:56.680] ,496,24.83,33.76,99295.98,413153.12,357.3,381.54,384.61,386.21,2497.82,2837.49,2850.97,2852.07,2852.41,0.46
[2026-05-14 05:51:01.700] ,495,24.85,33.77,99296.12,414658.84,353.53,377.44,380.4,381.95,2471.71,2807.69,2820.94,2822.02,2822.36,0.47
[2026-05-14 05:51:06.715] ,496,24.88,33.83,99296.3,410174.25,348.53,372.9,376.48,378.36,2434.81,2767.1,2780.9,2782.07,2782.42,0.47
[2026-05-14 05:51:11.737] ,497,24.86,33.7,99296.94,422878.38,336.7,360.21,363.65,365.45,2352.2,2673.18,2686.48,2687.61,2687.94,0.47
[2026-05-14 05:51:16.748] ,499,24.93,33.54,99296.12,420016.41,318.09,340.15,343.28,344.91,2222.53,2525.57,2538,2539.05,2539.36,0.45
[2026-05-14 05:51:21.768] ,500,25.01,33.52,99295.57,415163.19,312.49,333.96,336.87,338.39,2183.9,2481.33,2493.37,2494.37,2494.67,0.46
[2026-05-14 05:51:26.776] ,500,25.01,33.47,99294.16,416429.44,307.85,329.09,332.03,333.56,2151.27,2444.4,2456.33,2457.34,2457.63,0.47
[2026-05-14 05:51:31.792] ,500,25.01,33.42,99294.63,416683.62,301.8,322.69,325.62,327.14,2108.84,2396.3,2408.05,2409.04,2409.34,0.48
[2026-05-14 05:51:36.805] ,503,24.94,33.31,99294.2,423140.5,298.56,319.34,322.33,323.89,2085.9,2370.42,2382.15,2383.15,2383.44,0.5
[2026-05-14 05:51:41.822] ,501,24.86,33.3,99296.34,424984.44,298.13,318.83,321.78,323.32,2083.08,2367.13,2378.8,2379.78,2380.08,0.47
[2026-05-14 05:51:46.838] ,503,24.77,33.22,99296.16,433622.69,296.85,317.35,320.2,321.69,2074.38,2357.06,2368.59,2369.55,2369.84,0.45
[2026-05-14 05:51:51.857] ,504,24.85,33.09,99296.48,433898.31,279.12,298.75,301.71,303.26,1949.65,2215.91,2227.06,2228.02,2228.3,0.49
[2026-05-14 05:51:56.873] ,505,24.85,33.1,99296.84,430342.5,274.62,294.03,297.02,298.59,1917.97,2180.07,2191.13,2192.08,2192.36,0.47
[2026-05-14 05:52:01.892] ,506,24.97,33.24,99294.19,424720.03,287.76,307.99,311.04,312.63,2010.02,2284.52,2296,2296.99,2297.28,0.47
[2026-05-14 05:52:06.902] ,506,24.89,33.14,99293.68,431976.38,287.45,307.78,310.94,312.58,2007.51,2281.88,2293.48,2294.48,2294.77,0.48
[2026-05-14 05:52:11.923] ,506,24.93,33.14,99293.8,424984.44,286.47,306.71,309.83,311.45,2000.79,2274.19,2285.72,2286.72,2287,0.48
[2026-05-14 05:52:16.930] ,508,24.98,33.06,99293.7,430885.75,285.89,306.09,309.21,310.84,1996.72,2269.58,2281.09,2282.09,2282.37,0.47
[2026-05-14 05:52:21.951] ,508,25.01,32.98,99293.45,428183.16,284.45,304.37,307.32,308.85,1987.1,2258.33,2269.62,2270.58,2270.86,0.49
[2026-05-14 05:52:26.970] ,507,25.03,32.96,99294.18,431430.38,280.67,300.53,303.62,305.22,1960.14,2228.05,2239.38,2240.36,2240.64,0.49
[2026-05-14 05:52:31.977] ,507,24.97,32.74,99295.45,438637.81,266.42,285.17,288.01,289.49,1860.9,2115.06,2125.72,2126.64,2126.9,0.46
[2026-05-14 05:52:37.001] ,507,24.95,32.62,99296.22,434450.56,261.99,280.41,283.18,284.63,1830.03,2079.95,2090.4,2091.3,2091.56,0.47
[2026-05-14 05:52:42.011] ,506,24.95,32.72,99295.73,432249.91,265.55,284.07,286.76,288.16,1855.25,2108.36,2118.83,2119.72,2119.98,0.47
[2026-05-14 05:52:47.025] ,509,25.01,32.75,99294.68,435281.62,262.91,281.52,284.41,285.92,1836.13,2087.09,2097.7,2098.62,2098.88,0.47
[2026-05-14 05:52:52.046] ,510,25.02,32.72,99293.41,430342.5,260.02,278.26,280.99,282.41,1816.35,2064.35,2074.69,2075.58,2075.84,0.48
[2026-05-14 05:52:57.056] ,512,25.08,32.72,99295.7,431157.91,257.28,275.1,277.62,278.93,1797.7,2042.77,2052.81,2053.66,2053.91,0.46
[2026-05-14 05:53:02.071] ,512,25.09,32.64,99295.16,433622.69,254.64,272.34,274.87,276.19,1779.16,2021.79,2031.77,2032.62,2032.87,0.49
[2026-05-14 05:53:07.095] ,511,25.09,32.54,99294.4,436953.28,246.19,263.62,266.33,267.74,1719.32,1954.32,1964.27,1965.13,1965.38,0.49
[2026-05-14 05:53:12.110] ,511,25.09,32.44,99295.47,437793.94,242.04,258.98,261.48,262.79,1690.8,1921.59,1931.19,1932.01,1932.25,0.45
[2026-05-14 05:53:17.125] ,514,25,32.37,99294,442332.62,238.28,254.82,257.16,258.39,1664.93,1891.94,1901.26,1902.04,1902.28,0.47
[2026-05-14 05:53:22.134] ,515,25.03,32.41,99294.52,440904.19,237.11,253.51,255.81,257.01,1656.81,1882.64,1891.88,1892.65,1892.88,0.47
[2026-05-14 05:53:27.149] ,514,25.08,32.43,99295.89,438919.84,238.14,254.87,257.39,258.7,1663.44,1890.59,1900.09,1900.91,1901.15,0.48
[2026-05-14 05:53:32.166] ,514,25.05,32.33,99295.11,443770.31,234.2,250.65,253.12,254.41,1635.9,1859.29,1868.63,1869.43,1869.66,0.46
[2026-05-14 05:53:37.181] ,514,24.98,32.26,99293.73,448140.03,223.53,239.38,241.86,243.15,1561.05,1774.46,1783.5,1784.29,1784.51,0.48
[2026-05-14 05:53:42.201] ,511,24.79,32.22,99296.54,458678.62,215.31,230.45,232.73,233.93,1503.96,1709.35,1717.95,1718.69,1718.9,0.46
[2026-05-14 05:53:47.221] ,510,24.79,32.22,99295.12,458063.06,204.69,218.82,220.77,221.79,1430.4,1625.31,1633.25,1633.92,1634.11,0.46
[2026-05-14 05:53:52.230] ,509,24.81,32.33,99295.64,450803.44,208.15,222.41,224.31,225.3,1454.79,1652.85,1660.82,1661.48,1661.68,0.47
[2026-05-14 05:53:57.251] ,510,24.83,32.38,99295.62,453800.12,208.64,222.91,224.8,225.78,1458.31,1656.8,1664.78,1665.44,1665.64,0.48
[2026-05-14 05:54:02.268] ,510,24.94,32.43,99293.41,455313.47,204.61,218.92,221.03,222.12,1429.38,1624.46,1632.56,1633.25,1633.45,0.49
[2026-05-14 05:54:07.284] ,508,24.93,32.27,99294.55,456836.94,193.56,207.14,209.18,210.24,1352.08,1536.69,1544.39,1545.06,1545.25,0.48
[2026-05-14 05:54:12.297] ,510,24.84,32.21,99294.87,452896.94,186,199.07,201.04,202.07,1299.18,1476.6,1484.03,1484.67,1484.85,0.48
[2026-05-14 05:54:17.314] ,510,24.59,32.14,99292.78,471021.16,185.07,197.87,199.66,200.59,1293.21,1469.47,1476.67,1477.27,1477.45,0.46
[2026-05-14 05:54:22.332] ,509,24.72,32.19,99293.78,464293.81,185.13,197.94,199.73,200.66,1293.64,1469.96,1477.17,1477.77,1477.95,0.45
[2026-05-14 05:54:27.351] ,511,24.77,32.23,99293.62,462406.88,186.1,198.77,200.41,201.26,1300.88,1477.85,1484.92,1485.5,1485.67,0.47
[2026-05-14 05:54:32.368] ,510,24.71,32.22,99292.13,465560.34,184.24,196.57,198.01,198.75,1288.43,1463.35,1470.14,1470.69,1470.86,0.46
[2026-05-14 05:54:37.379] ,510,24.65,32.19,99293.57,472651.75,183.42,195.66,197.06,197.79,1282.76,1456.85,1463.58,1464.12,1464.29,0.48
[2026-05-14 05:54:42.393] ,509,24.51,32.13,99292.29,475284.28,180.51,192.63,194.07,194.82,1262.22,1433.65,1440.34,1440.88,1441.05,0.48
[2026-05-14 05:54:47.416] ,508,24.56,32.18,99291.85,470048.19,178.08,190.18,191.71,192.51,1244.94,1414.24,1420.97,1421.52,1421.69,0.46
[2026-05-14 05:54:52.433] ,508,24.54,32.31,99292.41,473307.16,179.27,191.54,193.17,194.02,1252.96,1423.52,1430.39,1430.96,1431.13,0.47
[2026-05-14 05:54:57.445] ,506,24.56,32.36,99292.95,473307.16,180.14,192.4,193.97,194.79,1259.29,1430.58,1437.41,1437.97,1438.14,0.48
[2026-05-14 05:55:02.459] ,506,24.55,32.31,99290.32,471672.03,179.51,191.76,193.36,194.19,1254.75,1425.5,1432.33,1432.9,1433.07,0.47
[2026-05-14 05:55:07.471] ,506,24.62,32.33,99291.86,471346.38,179.09,191.17,192.64,193.41,1252.21,1422.36,1429.05,1429.59,1429.76,0.45
[2026-05-14 05:55:12.496] ,505,24.7,32.36,99292.9,469724.78,178.09,189.93,191.25,191.94,1245.6,1414.57,1421.06,1421.57,1421.74,0.46
[2026-05-14 05:55:17.506] ,506,24.74,32.27,99294.18,470372.06,172.37,183.66,184.81,185.4,1205.99,1369.31,1375.45,1375.92,1376.08,0.46
[2026-05-14 05:55:22.531] ,505,24.84,32.22,99294.55,466833.81,164.37,175.04,176.05,176.58,1150.25,1305.86,1311.62,1312.06,1312.21,0.46
[2026-05-14 05:55:27.543] ,505,24.84,32.18,99294.16,471346.38,162.1,172.32,173.08,173.47,1135.05,1288.12,1293.53,1293.92,1294.06,0.45
[2026-05-14 05:55:32.563] ,506,24.86,32.1,99292.98,466196.22,161.51,171.7,172.45,172.84,1130.96,1283.47,1288.86,1289.25,1289.39,0.45
[2026-05-14 05:55:37.581] ,505,24.9,32.04,99293.73,466833.81,159.66,169.86,170.7,171.15,1117.65,1268.58,1274.03,1274.44,1274.57,0.46
[2026-05-14 05:55:42.592] ,505,24.93,32.06,99293.15,461781.28,159.94,170.33,171.33,171.85,1119.19,1270.62,1276.24,1276.67,1276.81,0.48
[2026-05-14 05:55:47.611] ,506,24.95,32.01,99292.9,465560.34,161.49,171.96,172.94,173.45,1130.1,1282.96,1288.61,1289.04,1289.18,0.45
[2026-05-14 05:55:52.631] ,505,25.04,32.01,99292.94,462720.28,162.11,172.7,173.76,174.31,1134.27,1287.84,1293.58,1294.03,1294.17,0.48
[2026-05-14 05:55:57.647] ,504,25.07,31.96,99293.56,461781.28,159.69,170.19,171.29,171.87,1117.15,1268.51,1274.24,1274.69,1274.83,0.47
[2026-05-14 05:56:02.664] ,504,25.04,31.86,99294.45,463663.12,156.49,166.91,168.08,168.69,1094.52,1243.01,1248.73,1249.18,1249.33,0.45
[2026-05-14 05:56:07.673] ,503,24.93,31.69,99295.4,474623.41,153.58,163.76,164.87,165.45,1074.26,1219.93,1225.5,1225.94,1226.08,0.47
[2026-05-14 05:56:12.690] ,502,24.88,31.65,99295.06,473307.16,149.89,159.88,161.01,161.6,1048.34,1190.58,1196.07,1196.51,1196.64,0.47
[2026-05-14 05:56:17.713] ,500,24.95,31.69,99294.23,475947,147.51,157.58,158.9,159.58,1031.09,1171.4,1177.02,1177.48,1177.62,0.48
[2026-05-14 05:56:22.722] ,499,24.91,31.66,99293.97,473635.53,144.4,154.45,155.9,156.65,1008.85,1146.46,1152.14,1152.62,1152.76,0.46
[2026-05-14 05:56:27.740] ,497,24.91,31.59,99294.86,475947,141.56,151.55,153.08,153.88,988.73,1123.82,1129.5,1130,1130.14,0.46
[2026-05-14 05:56:32.761] ,498,24.92,31.65,99293.22,469079.25,138.72,148.4,149.82,150.56,969.12,1101.35,1106.83,1107.3,1107.43,0.46
[2026-05-14 05:56:37.773] ,497,24.99,31.75,99294.14,470048.19,137.99,147.56,148.92,149.63,964.2,1095.66,1101.05,1101.51,1101.64,0.47
[2026-05-14 05:56:42.790] ,497,25.03,31.72,99294.66,471346.38,135.91,145.29,146.59,147.27,949.74,1079.16,1084.43,1084.88,1085.01,0.46
[2026-05-14 05:56:47.806] ,496,24.97,31.64,99294.66,474953.62,135.41,144.63,145.82,146.44,946.59,1075.36,1080.49,1080.92,1081.04,0.46
[2026-05-14 05:56:52.826] ,496,25.07,31.59,99295.44,476611.59,134.64,143.72,144.84,145.42,941.34,1069.27,1074.3,1074.71,1074.84,0.44
[2026-05-14 05:56:57.839] ,496,25.14,31.52,99295.23,476279.06,132.12,141.01,142.09,142.65,923.77,1049.28,1054.2,1054.6,1054.72,0.46
[2026-05-14 05:57:02.860] ,496,25.21,31.45,99294.97,469724.78,128.94,137.68,138.78,139.36,901.39,1023.96,1028.82,1029.22,1029.34,0.48
[2026-05-14 05:57:07.876] ,495,25.27,31.36,99296.73,471021.16,126.2,134.89,136.08,136.7,881.91,1002.05,1006.92,1007.33,1007.45,0.48
[2026-05-14 05:57:12.886] ,493,25.34,31.29,99296.41,470696.41,124.96,133.78,135.14,135.84,872.75,992,997.03,997.46,997.59,0.5
[2026-05-14 05:57:17.902] ,493,25.31,31.18,99296.82,470048.19,123.37,132.13,133.52,134.24,861.52,979.33,984.34,984.77,984.9,0.47
[2026-05-14 05:57:22.920] ,493,25.23,31.07,99294.86,479625.28,121.66,130.23,131.54,132.22,849.71,965.79,970.67,971.09,971.21,0.46
[2026-05-14 05:57:27.937] ,491,25.17,30.98,99295.61,479962.5,121.25,129.68,130.89,131.53,847.17,962.71,967.47,967.87,967.99,0.45
[2026-05-14 05:57:32.951] ,492,25.14,30.96,99294.45,480638.34,119.95,128.24,129.4,130.01,838.15,952.39,957.05,957.45,957.56,0.44
[2026-05-14 05:57:37.958] ,495,25.12,30.99,99294.7,480977,117.88,125.95,127.02,127.58,823.91,936.07,940.58,940.96,941.07,0.47
[2026-05-14 05:57:42.970] ,493,25.12,31.05,99294.3,477946.31,116.33,124.25,125.28,125.81,813.18,923.81,928.22,928.59,928.7,0.47
[2026-05-14 05:57:47.987] ,493,25.12,31.08,99294.59,479962.5,114.61,122.37,123.33,123.84,801.26,910.19,914.49,914.84,914.95,0.45
[2026-05-14 05:57:53.001] ,493,25.2,31.12,99296.66,479288.56,111.94,119.52,120.47,120.96,782.57,888.97,893.17,893.52,893.62,0.46
[2026-05-14 05:57:58.018] ,491,25.23,31.09,99296.69,478616.5,110.68,118.18,119.12,119.61,773.8,879,883.16,883.5,883.61,0.45
[2026-05-14 05:58:03.034] ,492,25.19,31.08,99295.78,473635.53,110.39,117.97,118.99,119.52,771.5,876.56,880.81,881.16,881.26,0.47
[2026-05-14 05:58:08.038] ,491,25.17,31.05,99296.12,479625.28,110.37,118.03,119.12,119.69,771.13,876.29,880.61,880.97,881.08,0.47
[2026-05-14 05:58:13.061] ,491,25.11,30.97,99296.07,485078.16,109.98,117.61,118.69,119.26,768.47,873.24,877.54,877.91,878.01,0.47
[2026-05-14 05:58:18.070] ,489,24.98,30.94,99294.92,491716.69,109.62,117.2,118.27,118.82,766,870.41,874.67,875.03,875.14,0.47
[2026-05-14 05:58:23.087] ,488,25.01,30.99,99293.97,488899.5,110.14,117.74,118.79,119.33,769.68,874.55,878.82,879.17,879.28,0.46
[2026-05-14 05:58:28.103] ,488,25.08,30.97,99294.4,484733.72,109.21,116.74,117.78,118.32,763.18,867.16,871.39,871.74,871.85,0.49
[2026-05-14 05:58:33.120] ,488,24.95,30.93,99295.45,490304.03,107.5,115.04,116.18,116.77,750.88,853.42,857.7,858.07,858.18,0.48
[2026-05-14 05:58:38.136] ,488,24.93,30.89,99293.46,499634.06,103.39,110.72,111.87,112.47,721.98,820.7,824.88,825.25,825.35,0.48
[2026-05-14 05:58:43.148] ,488,24.93,30.94,99292,491716.69,100.21,107.25,108.3,108.86,699.95,795.54,799.53,799.88,799.98,0.47
[2026-05-14 05:58:48.161] ,487,24.94,31.02,99291.91,492426.06,100.59,107.73,108.85,109.44,702.43,798.48,802.56,802.91,803.01,0.46
[2026-05-14 05:58:53.180] ,487,24.91,31,99292.98,493850.97,99.88,107.09,108.31,108.95,697.2,792.73,796.89,797.26,797.36,0.49
[2026-05-14 05:58:58.193] ,488,24.87,31,99292.68,497087.38,97.81,105,106.3,106.98,682.41,776.14,780.34,780.72,780.82,0.5
[2026-05-14 05:59:03.203] ,488,24.9,31.05,99292.11,494208.5,96.82,104.22,105.74,106.54,674.86,768.02,772.43,772.85,772.95,0.5
[2026-05-14 05:59:08.221] ,488,24.9,31.07,99293.95,493493.97,95.94,103.54,105.26,106.16,668.05,760.71,765.32,765.77,765.88,0.5
[2026-05-14 05:59:13.231] ,487,24.85,31.04,99295.34,490656.44,94.96,102.61,104.42,105.37,660.92,752.81,757.49,757.95,758.06,0.5
[2026-05-14 05:59:18.254] ,488,24.87,31.08,99293.95,492426.06,94.56,102.12,103.88,104.8,658.28,749.71,754.31,754.77,754.88,0.49
[2026-05-14 05:59:23.262] ,486,24.78,31.04,99294.33,498175.62,93.08,100.34,101.92,102.74,648.48,738.23,742.59,743.01,743.12,0.48
[2026-05-14 05:59:28.283] ,487,24.8,31.14,99294.41,491716.69,91.17,98.25,99.77,100.57,635.22,723.09,727.34,727.75,727.85,0.5
[2026-05-14 05:59:33.296] ,484,24.85,31.2,99293.34,493850.97,89.69,96.69,98.21,99,624.86,711.34,715.55,715.95,716.05,0.5
[2026-05-14 05:59:38.314] ,485,24.69,31.2,99293.33,506679.88,88.46,95.25,96.65,97.39,616.54,701.68,705.73,706.11,706.21,0.47
[2026-05-14 05:59:43.321] ,486,24.82,31.31,99293.68,494925.09,89.05,95.73,97.02,97.7,621.01,706.53,710.46,710.83,710.92,0.47
[2026-05-14 05:59:48.335] ,484,24.87,31.31,99294.62,494208.5,89.4,96.07,97.33,97.99,623.55,709.34,713.26,713.62,713.72,0.47
[2026-05-14 05:59:53.351] ,484,24.92,31.26,99293.67,498175.62,87.8,94.32,95.53,96.16,612.49,696.71,700.52,700.87,700.96,0.47
[2026-05-14 05:59:58.365] ,481,24.83,31.11,99294.79,503317.78,84.86,91.08,92.2,92.78,592.09,673.39,677.01,677.34,677.43,0.47
[2026-05-14 06:00:03.376] ,482,24.84,31.03,99294.21,503317.78,82.19,88.14,89.16,89.69,573.65,652.29,655.73,656.04,656.13,0.45
[2026-05-14 06:00:08.390] ,484,24.79,31.03,99295.32,508946.31,79.14,84.75,85.63,86.09,552.68,628.24,631.44,631.72,631.8,0.44
[2026-05-14 06:00:13.406] ,483,24.84,31.08,99295.14,502206.97,78.11,83.56,84.36,84.77,545.69,620.15,623.23,623.5,623.57,0.46
[2026-05-14 06:00:18.423] ,483,24.74,31.07,99295.66,510087.19,78.42,83.79,84.51,84.88,548.06,622.68,625.68,625.93,626.01,0.47
[2026-05-14 06:00:23.441] ,483,24.69,31.02,99295.41,512000,77.56,82.79,83.42,83.75,542.34,616.02,618.91,619.14,619.21,0.45
[2026-05-14 06:00:28.454] ,485,24.48,30.96,99293.03,519796.97,75.77,80.94,81.62,81.97,529.65,601.72,604.6,604.84,604.91,0.48
[2026-05-14 06:00:33.468] ,483,24.53,31.1,99293.18,515869.03,74.46,79.57,80.25,80.61,520.4,591.26,594.12,594.36,594.43,0.46
[2026-05-14 06:00:38.482] ,484,24.58,31.15,99293.11,508567.16,74.94,80.14,80.88,81.26,523.66,595.06,597.98,598.23,598.3,0.47
[2026-05-14 06:00:43.496] ,484,24.58,31.15,99293.81,510850.59,75.06,80.28,81.03,81.42,524.43,595.95,598.89,599.14,599.22,0.45
[2026-05-14 06:00:48.510] ,480,24.65,31.18,99295.41,507056.19,74.84,80.08,80.87,81.27,522.78,594.15,597.12,597.38,597.45,0.45
[2026-05-14 06:00:53.528] ,481,24.6,31.19,99293.97,506679.88,75.21,80.45,81.22,81.61,525.43,597.11,600.08,600.33,600.4,0.45
[2026-05-14 06:00:58.542] ,481,24.63,31.2,99294.02,512000,74.86,80.01,80.71,81.08,523.16,594.42,597.31,597.55,597.62,0.45
[2026-05-14 06:01:03.561] ,480,24.69,31.19,99295.35,513540.62,73.02,78.03,78.71,79.06,510.3,579.79,582.6,582.83,582.9,0.45
[2026-05-14 06:01:08.570] ,481,24.6,31.07,99294.23,515869.03,70.81,75.73,76.43,76.79,494.78,562.24,565.01,565.25,565.32,0.45
[2026-05-14 06:01:13.588] ,480,24.41,31.06,99292.4,520193.03,67.98,72.75,73.46,73.83,474.9,539.73,542.44,542.67,542.73,0.46
[2026-05-14 06:01:18.608] ,480,24.46,31.12,99292.73,517825.53,66.16,70.83,71.55,71.93,462.07,525.21,527.88,528.11,528.17,0.47
[2026-05-14 06:01:23.622] ,481,24.39,31.19,99293.05,518218.62,64.7,69.22,69.88,70.23,452.02,513.7,516.26,516.48,516.54,0.46
[2026-05-14 06:01:28.638] ,481,24.56,31.34,99292.81,505180.06,63.97,68.48,69.17,69.53,446.8,507.84,510.41,510.63,510.69,0.45
[2026-05-14 06:01:33.646] ,481,24.67,31.4,99295.45,504806.5,64.93,69.61,70.4,70.81,453.26,515.36,518.06,518.3,518.37,0.47
[2026-05-14 06:01:38.660] ,477,24.77,31.39,99294.87,504061.03,64.52,69.29,70.17,70.63,450.09,511.95,514.74,515,515.06,0.48
[2026-05-14 06:01:43.676] ,479,24.82,31.3,99295.88,504806.5,63.91,68.75,69.71,70.22,445.59,507.02,509.89,510.15,510.22,0.48
[2026-05-14 06:01:48.695] ,476,24.85,31.2,99294.95,504806.5,63.8,68.57,69.49,69.96,444.97,506.21,509.02,509.28,509.35,0.46
[2026-05-14 06:01:53.708] ,476,24.92,31.14,99294.92,501469.16,62.68,67.3,68.15,68.59,437.27,497.36,500.06,500.31,500.37,0.46
[2026-05-14 06:01:58.720] ,476,25.03,31.06,99294.27,500000,61.47,66.01,66.85,67.28,428.85,487.78,490.44,490.68,490.74,0.47
[2026-05-14 06:02:03.741] ,475,25.09,30.94,99295.45,499268.66,60.04,64.47,65.27,65.69,418.92,476.47,479.05,479.29,479.35,0.46
[2026-05-14 06:02:08.760] ,475,25.06,30.84,99295.85,502206.97,59,63.36,64.17,64.59,411.57,468.13,470.69,470.92,470.98,0.46
[2026-05-14 06:02:13.771] ,474,25.06,30.79,99296.02,497449.59,59.27,63.66,64.46,64.89,413.49,470.32,472.88,473.12,473.18,0.47
[2026-05-14 06:02:18.791] ,472,25,30.74,99296.77,509326.03,60.03,64.47,65.28,65.71,418.81,476.36,478.96,479.19,479.26,0.47
[2026-05-14 06:02:23.810] ,470,25.01,30.71,99296.34,505928.84,59.94,64.35,65.15,65.57,418.2,475.65,478.22,478.45,478.52,0.48
[2026-05-14 06:02:28.821] ,473,25.11,30.74,99295.6,498903.78,60.95,65.37,66.12,66.52,425.39,483.71,486.26,486.49,486.55,0.47
[2026-05-14 06:02:33.838] ,470,24.95,30.6,99297.16,509706.31,60.32,64.64,65.35,65.72,421.12,478.78,481.26,481.48,481.54,0.47
[2026-05-14 06:02:38.850] ,469,25.04,30.57,99295.22,507056.19,59.1,63.26,63.9,64.24,412.75,469.14,471.52,471.72,471.78,0.46
[2026-05-14 06:02:43.873] ,468,25.09,30.62,99295.36,501469.16,58.6,62.71,63.34,63.66,409.3,465.19,467.53,467.73,467.79,0.47
[2026-05-14 06:02:48.885] ,467,25.15,30.63,99295.27,501469.16,59.25,63.4,64.01,64.33,413.92,470.42,472.77,472.97,473.03,0.48
[2026-05-14 06:02:53.902] ,465,25.28,30.67,99299.11,496725.69,59.52,63.73,64.38,64.72,415.67,472.49,474.89,475.09,475.15,0.47
[2026-05-14 06:02:58.916] ,463,25.45,30.71,99299.88,492071.12,57.74,61.85,62.5,62.84,403.23,458.37,460.72,460.92,460.98,0.45
[2026-05-14 06:03:03.928] ,463,25.42,30.48,99299.29,492426.06,56.3,60.31,60.96,61.3,393.08,446.86,449.17,449.37,449.42,0.46
[2026-05-14 06:03:08.945] ,462,25.36,30.32,99298.22,497087.38,55.97,59.95,60.58,60.91,390.87,444.32,446.59,446.79,446.85,0.46
[2026-05-14 06:03:13.956] ,461,25.4,30.2,99298.48,500366.47,55.53,59.45,60.05,60.37,387.8,440.79,443.03,443.22,443.28,0.46
[2026-05-14 06:03:18.970] ,463,25.42,30.15,99298.62,502576.69,54.03,57.85,58.43,58.74,377.39,428.95,431.12,431.31,431.36,0.47
[2026-05-14 06:03:23.982] ,462,25.42,30.1,99298.18,499634.06,52.99,56.85,57.53,57.88,369.81,420.54,422.78,422.98,423.04,0.51
[2026-05-14 06:03:28.998] ,462,25.44,30.1,99298.68,500733.5,52.07,55.92,56.63,57,363.21,413.14,415.39,415.6,415.65,0.49
[2026-05-14 06:03:34.014] ,462,25.44,30.02,99297.45,500000,51.07,54.84,55.52,55.88,356.3,405.26,407.46,407.66,407.71,0.48
[2026-05-14 06:03:39.039] ,464,25.47,30.01,99298.26,493850.97,50.26,53.99,54.69,55.06,350.58,398.79,400.98,401.18,401.23,0.5
[2026-05-14 06:03:44.050] ,462,25.45,29.99,99298.35,497087.38,49.72,53.44,54.16,54.53,346.71,394.44,396.64,396.84,396.89,0.51
[2026-05-14 06:03:49.071] ,464,25.42,30.03,99299.1,496003.88,49.95,53.77,54.55,54.96,348.13,396.19,398.47,398.68,398.74,0.51
[2026-05-14 06:03:54.084] ,465,25.23,30.01,99298.12,507810.56,50.64,54.5,55.28,55.69,353.03,401.73,404.02,404.24,404.29,0.48
[2026-05-14 06:03:59.094] ,465,25.09,29.99,99296.43,515479.5,50.42,54.22,54.96,55.35,351.62,400.05,402.29,402.5,402.55,0.49
[2026-05-14 06:04:04.104] ,466,24.84,30,99298.57,523785.16,49.13,52.86,53.6,53.99,342.52,389.75,391.95,392.16,392.22,0.5
[2026-05-14 06:04:09.124] ,463,24.74,30.15,99296.15,527020.06,47.86,51.52,52.27,52.66,333.61,379.66,381.83,382.04,382.09,0.49
[2026-05-14 06:04:14.143] ,463,24.78,30.33,99297.48,518612.31,46.52,50.09,50.83,51.22,324.19,368.97,371.1,371.3,371.35,0.49
[2026-05-14 06:04:19.161] ,464,24.84,30.45,99297.8,515479.5,46.04,49.65,50.45,50.87,320.65,365.07,367.25,367.47,367.52,0.51
[2026-05-14 06:04:24.169] ,461,24.88,30.6,99297.73,508567.16,46.04,49.67,50.49,50.92,320.6,365.04,367.24,367.46,367.51,0.5
[2026-05-14 06:04:29.181] ,460,24.84,30.61,99298.73,512000,46.3,49.88,50.64,51.04,322.6,367.2,369.34,369.55,369.6,0.48
[2026-05-14 06:04:34.197] ,461,24.84,30.62,99298.27,514314.41,45.48,48.9,49.57,49.91,317.16,360.84,362.86,363.05,363.1,0.48
[2026-05-14 06:04:39.219] ,460,24.83,30.63,99297.87,517433.06,45.18,48.56,49.21,49.54,315.07,358.44,360.43,360.61,360.66,0.48
[2026-05-14 06:04:44.236] ,460,24.87,30.69,99298.7,508946.31,45.61,49.05,49.72,50.07,318.07,361.89,363.92,364.11,364.15,0.47
[2026-05-14 06:04:49.251] ,459,24.91,30.67,99298.45,513927.22,45.23,48.62,49.26,49.6,315.48,358.9,360.89,361.07,361.12,0.47
[2026-05-14 06:04:54.270] ,459,24.92,30.66,99298.53,508188.59,45.15,48.55,49.21,49.56,314.84,358.21,360.22,360.4,360.45,0.48
[2026-05-14 06:04:59.282] ,459,24.94,30.64,99298.38,511616.28,45.33,48.75,49.42,49.77,316.05,359.61,361.63,361.81,361.86,0.49
[2026-05-14 06:05:04.301] ,457,24.94,30.57,99297.43,519006.59,44.52,47.9,48.57,48.92,310.41,353.21,355.21,355.39,355.44,0.49
[2026-05-14 06:05:09.307] ,456,24.96,30.51,99297.47,514702.19,43.34,46.61,47.25,47.59,302.16,343.79,345.73,345.91,345.96,0.48
[2026-05-14 06:05:14.326] ,455,25.01,30.54,99298.37,508946.31,41.77,44.9,45.51,45.82,291.31,331.42,333.26,333.43,333.48,0.47
[2026-05-14 06:05:19.341] ,455,24.88,30.47,99298.57,518612.31,41.39,44.5,45.1,45.41,288.63,328.38,330.21,330.38,330.42,0.47
[2026-05-14 06:05:24.350] ,454,24.82,30.47,99301.13,520987.03,41.24,44.35,44.95,45.27,287.6,327.21,329.05,329.22,329.26,0.46
[2026-05-14 06:05:29.371] ,455,24.75,30.39,99299.89,528652.56,41.03,44.11,44.71,45.03,286.11,325.52,327.34,327.51,327.55,0.46
[2026-05-14 06:05:34.391] ,453,24.89,30.44,99300.34,523383.59,40.49,43.49,44.06,44.35,282.42,321.26,323.02,323.18,323.23,0.46
[2026-05-14 06:05:39.404] ,453,24.89,30.48,99300.45,524590.19,39.7,42.62,43.15,43.43,277,315.05,316.75,316.9,316.95,0.46
[2026-05-14 06:05:44.418] ,452,24.96,30.5,99298.27,520589.72,38.54,41.35,41.83,42.08,269.01,305.9,307.52,307.66,307.7,0.46
[2026-05-14 06:05:49.435] ,449,25.05,30.47,99295.46,518612.31,37.84,40.57,41.03,41.26,264.16,300.34,301.92,302.06,302.09,0.46
[2026-05-14 06:05:54.452] ,448,25.06,30.31,99296.53,518612.31,37.1,39.75,40.18,40.41,259.02,294.47,295.99,296.12,296.16,0.47
[2026-05-14 06:05:59.469] ,447,25.06,30.22,99297.73,520193.03,36.44,39.04,39.45,39.67,254.43,289.23,290.72,290.85,290.89,0.48
[2026-05-14 06:06:04.476] ,446,25.1,30.22,99298.28,516259.12,35.67,38.21,38.61,38.83,249.06,283.12,284.58,284.71,284.74,0.49
[2026-05-14 06:06:09.493] ,447,25.13,30.28,99299.05,514702.19,35.23,37.72,38.11,38.32,246.02,279.65,281.07,281.2,281.23,0.48
[2026-05-14 06:06:14.505] ,447,24.96,30.26,99298.59,518612.31,34.5,36.92,37.29,37.48,240.97,273.87,275.25,275.37,275.4,0.48
[2026-05-14 06:06:19.526] ,446,24.95,30.41,99299.55,519796.97,35.48,38.01,38.41,38.61,247.79,281.68,283.12,283.24,283.28,0.48
[2026-05-14 06:06:24.538] ,449,24.92,30.41,99301.67,520193.03,36.14,38.71,39.12,39.34,252.32,286.84,288.31,288.44,288.48,0.46
[2026-05-14 06:06:29.562] ,448,24.9,30.41,99299.11,520987.03,36.23,38.82,39.24,39.45,252.98,287.6,289.08,289.21,289.25,0.47
[2026-05-14 06:06:34.573] ,447,24.91,30.42,99300.03,522182.56,35.92,38.49,38.9,39.11,250.83,285.14,286.61,286.74,286.78,0.47
[2026-05-14 06:06:39.585] ,448,25.03,30.55,99299.3,517433.06,35.85,38.41,38.81,39.03,250.34,284.59,286.05,286.18,286.21,0.47
[2026-05-14 06:06:44.603] ,449,25.07,30.51,99299.11,516649.84,36.12,38.73,39.17,39.41,252.1,286.66,288.16,288.3,288.34,0.46
[2026-05-14 06:06:49.619] ,450,25.08,30.38,99299.52,516649.84,36.11,38.71,39.14,39.37,252.09,286.62,288.12,288.25,288.28,0.47
[2026-05-14 06:06:54.637] ,451,25.07,30.29,99298.66,520193.03,35.45,38.01,38.44,38.66,247.48,281.39,282.86,282.99,283.03,0.47
[2026-05-14 06:06:59.651] ,450,25.08,30.24,99298.02,517041.16,34.53,37.03,37.45,37.67,241,274.03,275.47,275.6,275.64,0.48
[2026-05-14 06:07:04.665] ,451,25.06,30.23,99297.16,518612.31,33.72,36.18,36.6,36.83,235.34,267.62,269.04,269.17,269.2,0.49
[2026-05-14 06:07:09.676] ,451,25.03,30.21,99298.08,517041.16,33.1,35.56,36.01,36.25,230.93,262.68,264.11,264.24,264.28,0.49
[2026-05-14 06:07:14.695] ,451,24.98,30.21,99299.59,520589.72,32.38,34.85,35.35,35.62,225.73,256.87,258.34,258.48,258.52,0.49
[2026-05-14 06:07:19.709] ,449,24.98,30.26,99300.62,520589.72,31.75,34.25,34.81,35.1,221.1,251.75,253.26,253.41,253.45,0.51
[2026-05-14 06:07:24.724] ,448,24.79,30.22,99301.12,532362.88,31.11,33.67,34.31,34.65,216.38,246.56,248.14,248.3,248.34,0.51
[2026-05-14 06:07:29.738] ,449,24.75,30.26,99300.75,526207.62,30.62,33.15,33.79,34.13,212.96,242.68,244.25,244.41,244.45,0.49
[2026-05-14 06:07:34.756] ,451,24.74,30.39,99298.97,526613.5,30.64,33.17,33.8,34.13,213.11,242.84,244.4,244.56,244.59,0.49
[2026-05-14 06:07:39.767] ,449,24.81,30.43,99299.69,531533.88,30.91,33.45,34.09,34.42,215.02,245,246.57,246.73,246.77,0.49
[2026-05-14 06:07:44.783] ,450,24.8,30.36,99300.64,532362.88,29.55,31.96,32.54,32.85,205.61,234.24,235.72,235.87,235.9,0.49
[2026-05-14 06:07:49.806] ,451,24.76,30.38,99298.6,531948.06,28.67,31.04,31.63,31.94,199.45,227.27,228.74,228.88,228.92,0.5
[2026-05-14 06:07:54.819] ,453,24.77,30.39,99299.48,531120.31,28.72,31.1,31.71,32.03,199.72,227.6,229.08,229.23,229.26,0.49
[2026-05-14 06:07:59.828] ,453,24.75,30.35,99297.66,536547,28.44,30.79,31.38,31.69,197.81,225.41,226.86,227.01,227.05,0.49
[2026-05-14 06:08:04.848] ,454,24.79,30.34,99299.12,533194.5,27.84,30.11,30.66,30.95,193.68,220.65,222.05,222.19,222.22,0.48
[2026-05-14 06:08:09.867] ,453,24.62,30.36,99298.57,536547,27.55,29.77,30.29,30.56,191.78,218.43,219.78,219.92,219.95,0.49
[2026-05-14 06:08:14.882] ,450,24.52,30.45,99297.86,542516.56,27.26,29.42,29.92,30.17,189.81,216.15,217.46,217.59,217.62,0.49
[2026-05-14 06:08:19.892] ,450,24.58,30.51,99295.91,537391.75,26.66,28.75,29.22,29.47,185.65,211.38,212.65,212.77,212.8,0.49
[2026-05-14 06:08:24.907] ,449,24.69,30.56,99298.71,531533.88,26.27,28.34,28.8,29.04,183,208.35,209.6,209.72,209.76,0.49
[2026-05-14 06:08:29.929] ,450,24.65,30.54,99298.05,534028.69,25.85,27.86,28.3,28.53,180.09,205.01,206.22,206.33,206.36,0.48
[2026-05-14 06:08:34.941] ,452,24.71,30.53,99299.63,534865.5,25.76,27.74,28.16,28.37,179.49,204.29,205.47,205.59,205.61,0.48
[2026-05-14 06:08:39.949] ,454,24.76,30.53,99299.05,528243.5,26.28,28.29,28.7,28.92,183.19,208.47,209.67,209.78,209.81,0.48
[2026-05-14 06:08:44.966] ,453,24.86,30.61,99300.06,524993.56,27.22,29.28,29.68,29.89,189.81,215.96,217.18,217.29,217.32,0.47
[2026-05-14 06:08:49.987] ,452,24.94,30.57,99298.62,523785.16,27.39,29.43,29.83,30.03,191,217.29,218.5,218.61,218.64,0.47
[2026-05-14 06:08:55.001] ,453,24.92,30.52,99299.23,528243.5,27.25,29.26,29.63,29.82,190.08,216.2,217.38,217.49,217.52,0.46
[2026-05-14 06:09:00.011] ,451,24.84,30.41,99299.03,525802.31,26.93,28.89,29.23,29.41,187.92,213.69,214.83,214.93,214.96,0.47
[2026-05-14 06:09:05.023] ,451,24.91,30.42,99298.49,520589.72,26.58,28.48,28.79,28.95,185.57,210.97,212.06,212.15,212.18,0.46
[2026-05-14 06:09:10.043] ,451,24.94,30.45,99299.62,521783.44,26.64,28.5,28.78,28.93,186.06,211.47,212.53,212.62,212.64,0.46
[2026-05-14 06:09:15.060] ,451,25.07,30.54,99299.34,520589.72,26.26,28.08,28.34,28.47,183.51,208.52,209.55,209.64,209.66,0.46
[2026-05-14 06:09:20.071] ,451,25.17,30.57,99301.14,515479.5,26.16,27.96,28.21,28.34,182.79,207.7,208.71,208.8,208.82,0.47
[2026-05-14 06:09:25.082] ,453,25.22,30.45,99301.34,519006.59,25.53,27.29,27.53,27.66,178.41,202.72,203.71,203.79,203.82,0.46
[2026-05-14 06:09:30.101] ,452,25.27,30.33,99303.16,518612.31,24.39,26.09,26.34,26.47,170.36,193.61,194.58,194.66,194.68,0.47
[2026-05-14 06:09:35.112] ,453,25.12,30.21,99300.54,526613.5,23.39,25.04,25.29,25.42,163.37,185.69,186.62,186.7,186.73,0.47
[2026-05-14 06:09:40.126] ,454,25.13,30.22,99300.23,522982.62,22.87,24.48,24.73,24.86,159.7,181.52,182.44,182.52,182.54,0.47
[2026-05-14 06:09:45.146] ,456,25.15,30.27,99300.45,521783.44,23.26,24.92,25.19,25.33,162.42,184.64,185.59,185.67,185.7,0.48
[2026-05-14 06:09:50.160] ,457,25.06,30.26,99300.84,524187.34,24.04,25.79,26.09,26.25,167.8,190.82,191.83,191.92,191.94,0.48
[2026-05-14 06:09:55.172] ,457,25.05,30.33,99299.55,519401.47,25.19,27.06,27.4,27.59,175.72,199.88,200.97,201.07,201.1,0.49
[2026-05-14 06:10:00.191] ,458,25.06,30.41,99299.34,519796.97,25.54,27.45,27.82,28.01,178.14,202.66,203.78,203.88,203.91,0.5
[2026-05-14 06:10:05.209] ,460,24.83,30.3,99301.7,532362.88,25.26,27.15,27.52,27.71,176.14,200.39,201.51,201.61,201.64,0.48
[2026-05-14 06:10:10.219] ,460,24.74,30.29,99300.56,536125.62,24.24,26.06,26.41,26.6,169.01,192.29,193.37,193.47,193.49,0.48
[2026-05-14 06:10:15.231] ,464,24.56,30.3,99297.27,548179.88,22.9,24.63,24.98,25.16,159.62,181.63,182.66,182.76,182.78,0.48
[2026-05-14 06:10:20.243] ,464,24.61,30.39,99299.55,545551.44,21.78,23.44,23.77,23.94,151.83,172.78,173.76,173.85,173.88,0.47
[2026-05-14 06:10:25.261] ,464,24.76,30.47,99300.87,529062.25,21.08,22.68,23.01,23.17,146.92,167.19,168.14,168.23,168.26,0.47
[2026-05-14 06:10:30.273] ,466,24.88,30.62,99298.83,521783.44,21.1,22.73,23.07,23.25,147.04,167.36,168.33,168.42,168.45,0.48
[2026-05-14 06:10:35.288] ,466,25,30.68,99299.23,526613.5,21.23,22.89,23.25,23.44,147.88,168.35,169.35,169.45,169.47,0.49
[2026-05-14 06:10:40.311] ,466,25.15,30.62,99300.1,520987.03,21.35,23.05,23.45,23.65,148.69,169.32,170.36,170.46,170.48,0.49
[2026-05-14 06:10:45.323] ,468,25.04,30.46,99299.36,527427.25,21.39,23.1,23.5,23.71,148.87,169.56,170.6,170.7,170.73,0.49
[2026-05-14 06:10:50.335] ,471,25.09,30.34,99300.18,528243.5,21.24,22.93,23.32,23.52,147.92,168.44,169.47,169.57,169.59,0.48
[2026-05-14 06:10:55.356] ,471,24.99,30.27,99302.54,531948.06,21.49,23.23,23.64,23.86,149.57,170.37,171.43,171.53,171.56,0.5
[2026-05-14 06:11:00.457] ,472,24.86,30.19,99300.48,539942,20.72,22.43,22.86,23.08,144.15,164.25,165.3,165.41,165.43,0.49
[2026-05-14 06:11:05.371] ,474,24.94,30.18,99298.59,535704.94,19.84,21.5,21.93,22.16,137.94,157.22,158.25,158.36,158.38,0.5
[2026-05-14 06:11:10.398] ,473,25.03,30.43,99298.98,519401.47,20.05,21.74,22.19,22.42,139.36,158.87,159.92,160.03,160.06,0.5
[2026-05-14 06:11:15.414] ,473,25.1,30.71,99299.4,516649.84,21.01,22.78,23.24,23.48,146.07,166.5,167.6,167.72,167.74,0.48
[2026-05-14 06:11:20.425] ,474,25.15,30.7,99301.02,515869.03,21.57,23.4,23.9,24.15,149.9,170.91,172.05,172.17,172.2,0.5
[2026-05-14 06:11:25.442] ,474,25.25,30.69,99301.21,515479.5,20.97,22.76,23.25,23.5,145.7,166.13,167.26,167.38,167.4,0.49
[2026-05-14 06:11:30.452] ,478,25.3,30.66,99301.08,511616.28,20.42,22.16,22.63,22.88,141.88,161.77,162.87,162.98,163.01,0.49
[2026-05-14 06:11:35.465] ,476,25.42,30.6,99301.24,516259.12,19.83,21.52,21.97,22.21,137.8,157.11,158.16,158.27,158.3,0.47
[2026-05-14 06:11:40.484] ,474,25.38,30.37,99300.88,514702.19,19.78,21.42,21.83,22.05,137.54,156.74,157.76,157.86,157.89,0.46
[2026-05-14 06:11:45.499] ,477,25.37,30.21,99301.09,513927.22,19.78,21.39,21.77,21.98,137.67,156.83,157.81,157.91,157.93,0.47
[2026-05-14 06:11:50.510] ,476,25.42,30.2,99302.43,515479.5,20.02,21.63,22.01,22.2,139.39,158.75,159.73,159.83,159.85,0.47
[2026-05-14 06:11:55.525] ,478,25.39,30.12,99303.44,513154.59,20.36,21.97,22.34,22.53,141.74,161.41,162.39,162.48,162.51,0.45
[2026-05-14 06:12:00.541] ,476,25.36,30.11,99302.19,511233.16,20.18,21.78,22.14,22.33,140.55,160.04,161.01,161.1,161.12,0.45
[2026-05-14 06:12:05.554] ,475,25.27,30.01,99301.77,524590.19,19.79,21.35,21.69,21.87,137.87,156.97,157.91,158,158.02,0.46
[2026-05-14 06:12:10.569] ,475,25.31,30.01,99300.11,522582.28,19.55,21.08,21.41,21.59,136.17,155.02,155.94,156.03,156.05,0.46
[2026-05-14 06:12:15.583] ,474,25.37,30.04,99300.78,515869.03,19.43,20.96,21.29,21.47,135.36,154.11,155.03,155.12,155.14,0.47
[2026-05-14 06:12:20.598] ,475,25.51,30.21,99302.3,509326.03,19.1,20.62,20.96,21.14,133.03,151.48,152.4,152.49,152.51,0.47
[2026-05-14 06:12:25.605] ,473,25.63,30.28,99298.3,509326.03,18.86,20.36,20.71,20.89,131.31,149.53,150.45,150.54,150.56,0.48
[2026-05-14 06:12:30.626] ,471,25.66,30.17,99298.6,505554.19,18.56,20.05,20.41,20.59,129.2,147.15,148.07,148.16,148.18,0.48
[2026-05-14 06:12:35.636] ,472,25.61,30,99299.34,508946.31,18.48,19.98,20.34,20.53,128.58,146.47,147.39,147.48,147.5,0.49
[2026-05-14 06:12:40.653] ,473,25.37,29.81,99302.21,521783.44,17.84,19.3,19.66,19.85,124.08,141.37,142.27,142.36,142.38,0.48
[2026-05-14 06:12:45.668] ,473,25.39,29.77,99303.18,526207.62,17.89,19.37,19.74,19.93,124.42,141.78,142.7,142.79,142.81,0.49
[2026-05-14 06:12:50.681] ,473,25.24,29.73,99302.01,526207.62,17.64,19.12,19.5,19.7,122.68,139.83,140.74,140.84,140.86,0.49
[2026-05-14 06:12:55.691] ,472,25.32,29.85,99302.91,525397.62,17.65,19.17,19.59,19.81,122.6,139.81,140.77,140.87,140.89,0.5
[2026-05-14 06:13:00.706] ,471,25.29,29.82,99303.22,530295.19,17.18,18.71,19.15,19.38,119.27,136.08,137.05,137.16,137.18,0.5
[2026-05-14 06:13:05.718] ,471,25.04,29.79,99300.5,538663.88,16.36,17.83,18.27,18.49,113.55,129.58,130.52,130.62,130.65,0.49
[2026-05-14 06:13:10.737] ,469,24.97,29.84,99300.2,541226.19,15.3,16.68,17.09,17.3,106.18,121.18,122.06,122.15,122.18,0.49
[2026-05-14 06:13:15.753] ,469,25,29.99,99298.91,536969.06,14.75,16.07,16.46,16.66,102.39,116.84,117.68,117.77,117.79,0.47
[2026-05-14 06:13:20.768] ,469,25.05,30.06,99299.03,531948.06,14.85,16.14,16.51,16.7,103.13,117.63,118.45,118.54,118.56,0.47
[2026-05-14 06:13:25.781] ,471,25.04,30.12,99300.02,531120.31,15.32,16.63,16.99,17.17,106.48,121.41,122.23,122.32,122.34,0.47
[2026-05-14 06:13:30.799] ,472,24.92,30.09,99300.07,540369.38,15.83,17.16,17.51,17.69,110.05,125.44,126.27,126.35,126.37,0.48
[2026-05-14 06:13:35.808] ,475,25.07,30.12,99300.39,529062.25,15.91,17.25,17.6,17.78,110.62,126.09,126.93,127.01,127.03,0.48
[2026-05-14 06:13:40.824] ,473,25.07,30.09,99298.81,534446.75,15.71,17.04,17.39,17.57,109.19,124.47,125.3,125.39,125.41,0.48
[2026-05-14 06:13:45.837] ,472,25.12,30.1,99300.83,524187.34,15.75,17.08,17.44,17.62,109.46,124.79,125.62,125.71,125.73,0.49
[2026-05-14 06:13:50.858] ,470,25.24,30.17,99301.62,524187.34,15.4,16.71,17.05,17.23,107.06,122.05,122.86,122.95,122.97,0.48
[2026-05-14 06:13:55.873] ,470,25.3,30.18,99302.11,519796.97,15.02,16.29,16.62,16.79,104.42,119.03,119.82,119.9,119.92,0.49
[2026-05-14 06:14:00.891] ,470,25.32,30.07,99302.26,524993.56,15.15,16.41,16.74,16.91,105.33,120.05,120.83,120.91,120.93,0.49
[2026-05-14 06:14:05.901] ,470,25.31,29.96,99303.21,523785.16,14.8,16.03,16.34,16.51,102.96,117.33,118.09,118.17,118.18,0.49
[2026-05-14 06:14:10.921] ,469,25.32,29.99,99302.6,517041.16,15.86,17.18,17.51,17.69,110.28,125.68,126.5,126.59,126.61,0.5
[2026-05-14 06:14:15.933] ,468,25.41,30.01,99301.7,519006.59,15.95,17.27,17.6,17.78,110.91,126.39,127.21,127.3,127.32,0.49
[2026-05-14 06:14:20.947] ,467,25.47,29.9,99301.39,519006.59,15.53,16.8,17.11,17.27,108.05,123.1,123.88,123.96,123.97,0.49
[2026-05-14 06:14:25.960] ,463,25.61,29.87,99300.41,514314.41,15.28,16.51,16.81,16.96,106.32,121.11,121.87,121.95,121.96,0.48
[2026-05-14 06:14:30.981] ,462,25.59,29.8,99301.3,515479.5,15.39,16.63,16.92,17.07,107.13,122.02,122.77,122.85,122.87,0.48
[2026-05-14 06:14:35.988] ,461,25.52,29.69,99301.7,513927.22,15.25,16.48,16.77,16.91,106.19,120.94,121.69,121.76,121.78,0.48
[2026-05-14 06:14:41.010] ,459,25.39,29.65,99302.89,523785.16,15.73,16.98,17.27,17.42,109.5,124.7,125.46,125.53,125.55,0.48
[2026-05-14 06:14:46.027] ,460,25.46,29.67,99301.27,523383.59,15.72,16.96,17.24,17.39,109.51,124.69,125.44,125.51,125.53,0.48
[2026-05-14 06:14:51.033] ,461,25.37,29.65,99301.91,526207.62,15.68,16.9,17.16,17.3,109.21,124.33,125.06,125.13,125.15,0.48
[2026-05-14 06:14:56.056] ,462,25.33,29.73,99302.22,526613.5,15.39,16.58,16.83,16.96,107.23,122.05,122.76,122.83,122.85,0.48
[2026-05-14 06:15:01.064] ,463,25.41,29.87,99303.54,522982.62,15.24,16.42,16.67,16.8,106.23,120.91,121.61,121.68,121.7,0.48
[2026-05-14 06:15:06.080] ,465,25.32,29.82,99303.71,527427.25,15.03,16.2,16.45,16.58,104.71,119.2,119.9,119.97,119.98,0.49
[2026-05-14 06:15:11.093] ,464,25.27,29.77,99302.82,533611.25,14.78,15.93,16.18,16.31,102.94,117.19,117.88,117.95,117.97,0.48
[2026-05-14 06:15:16.113] ,462,25.18,29.67,99301.45,536547,13.73,14.8,15.04,15.16,95.67,108.91,109.55,109.61,109.63,0.49
[2026-05-14 06:15:21.122] ,462,25.23,29.71,99300.92,533611.25,13.08,14.09,14.31,14.42,91.12,103.73,104.34,104.39,104.41,0.49
[2026-05-14 06:15:26.141] ,463,25.38,29.87,99302.4,524187.34,12.93,13.93,14.15,14.26,90.1,102.56,103.16,103.22,103.23,0.48
[2026-05-14 06:15:31.151] ,464,25.46,29.94,99303.53,523785.16,12.61,13.59,13.8,13.91,87.86,100.02,100.61,100.66,100.68,0.48
[2026-05-14 06:15:36.172] ,464,25.49,29.87,99302.92,519006.59,12.57,13.56,13.78,13.89,87.51,99.64,100.24,100.3,100.31,0.48
[2026-05-14 06:15:41.181] ,463,25.45,29.77,99303.1,522982.62,12.89,13.91,14.14,14.27,89.72,102.17,102.79,102.85,102.86,0.47
[2026-05-14 06:15:46.201] ,460,25.39,29.7,99303.19,522982.62,13.33,14.39,14.64,14.76,92.84,105.72,106.36,106.43,106.44,0.48
[2026-05-14 06:15:51.214] ,461,25.49,29.72,99303.35,516649.84,13.43,14.51,14.77,14.9,93.52,106.51,107.17,107.23,107.25,0.48
[2026-05-14 06:15:56.229] ,461,25.34,29.6,99303.24,531120.31,13.33,14.41,14.68,14.81,92.76,105.67,106.33,106.4,106.42,0.48
[2026-05-14 06:16:01.236] ,462,25.36,29.64,99302.8,527020.06,12.78,13.83,14.09,14.23,88.93,101.32,101.97,102.04,102.05,0.5
[2026-05-14 06:16:06.258] ,460,25.48,29.74,99301.8,520987.03,12.81,13.89,14.17,14.31,89.06,101.51,102.18,102.25,102.27,0.51
[2026-05-14 06:16:11.272] ,461,25.47,29.67,99304.09,526613.5,12.89,13.98,14.28,14.43,89.55,102.1,102.78,102.86,102.87,0.5
[2026-05-14 06:16:16.285] ,461,25.39,29.62,99302.47,523785.16,12.9,14,14.31,14.47,89.59,102.16,102.86,102.93,102.95,0.5
[2026-05-14 06:16:21.301] ,461,25.15,29.56,99301.65,537391.75,12.84,13.95,14.26,14.42,89.16,101.68,102.39,102.46,102.48,0.51
[2026-05-14 06:16:26.309] ,461,25.22,29.62,99301.19,535284.88,12.34,13.42,13.72,13.87,85.73,97.78,98.46,98.53,98.54,0.5
[2026-05-14 06:16:31.323] ,460,25.21,29.66,99300.38,537815.12,11.68,12.7,12.98,13.13,81.11,92.51,93.16,93.22,93.24,0.5
[2026-05-14 06:16:36.346] ,457,25.2,29.72,99300.83,537815.12,11.13,12.09,12.36,12.51,77.27,88.14,88.75,88.81,88.83,0.5
[2026-05-14 06:16:41.361] ,457,25.26,29.96,99302.52,527020.06,11,11.95,12.21,12.35,76.42,87.15,87.75,87.81,87.82,0.49
[2026-05-14 06:16:46.369] ,457,25.36,30.1,99301.21,527427.25,10.72,11.64,11.9,12.03,74.46,84.92,85.5,85.56,85.58,0.5
[2026-05-14 06:16:51.380] ,458,25.45,30.1,99302.38,526207.62,10.52,11.42,11.67,11.79,73.05,83.3,83.87,83.93,83.94,0.5
[2026-05-14 06:16:56.395] ,459,25.37,29.93,99302.26,528652.56,10.52,11.42,11.66,11.79,73.08,83.33,83.89,83.95,83.96,0.5
[2026-05-14 06:17:01.411] ,459,25.32,29.79,99301.04,531533.88,11.09,12.04,12.3,12.43,77.1,87.9,88.5,88.56,88.57,0.5
[2026-05-14 06:17:06.425] ,459,25.35,29.73,99303.2,529062.25,11.72,12.73,13.01,13.16,81.38,92.81,93.45,93.52,93.53,0.5
[2026-05-14 06:17:11.441] ,462,25.28,29.68,99303.49,530707.44,11.84,12.89,13.2,13.36,82.18,93.77,94.44,94.51,94.52,0.51
[2026-05-14 06:17:16.454] ,463,25.3,29.71,99302.62,529062.25,11.58,12.63,12.95,13.11,80.3,91.67,92.34,92.41,92.43,0.51
[2026-05-14 06:17:21.465] ,464,25.25,29.68,99301.04,533611.25,11.16,12.18,12.5,12.66,77.37,88.33,88.99,89.06,89.08,0.51
[2026-05-14 06:17:26.480] ,465,25.24,29.69,99301.61,533194.5,10.95,11.94,12.25,12.41,75.91,86.66,87.3,87.37,87.39,0.5
[2026-05-14 06:17:31.498] ,465,25.33,29.76,99303.03,527427.25,11.13,12.13,12.44,12.59,77.2,88.12,88.76,88.83,88.85,0.49
[2026-05-14 06:17:36.506] ,464,25.2,29.77,99300.57,529883.56,11.46,12.48,12.78,12.94,79.54,90.76,91.41,91.48,91.5,0.49
[2026-05-14 06:17:41.521] ,463,25.19,29.78,99301.84,534028.69,12.09,13.15,13.46,13.62,83.92,95.74,96.42,96.49,96.51,0.49
[2026-05-14 06:17:46.536] ,461,25.12,29.78,99300.7,537391.75,11.97,13.01,13.31,13.46,83.11,94.8,95.46,95.53,95.54,0.48
[2026-05-14 06:17:51.551] ,460,24.95,29.78,99301.48,543813.06,11.69,12.69,12.97,13.11,81.21,92.61,93.24,93.31,93.32,0.48
[2026-05-14 06:17:56.562] ,460,25.02,29.83,99301.07,545987.75,11.07,12,12.24,12.37,76.92,87.68,88.26,88.32,88.34,0.48
[2026-05-14 06:18:01.584] ,458,25.07,29.86,99299.69,539089.25,10.59,11.48,11.71,11.82,73.63,83.93,84.48,84.53,84.55,0.48
[2026-05-14 06:18:06.590] ,459,25.11,29.87,99299.64,535284.88,10.31,11.17,11.39,11.5,71.71,81.72,82.25,82.31,82.32,0.48
[2026-05-14 06:18:11.607] ,459,25.11,29.85,99300.05,539942,10.04,10.87,11.08,11.19,69.85,79.6,80.11,80.16,80.18,0.48
[2026-05-14 06:18:16.623] ,458,25.14,29.84,99297.58,534865.5,9.35,10.12,10.31,10.41,65.04,74.11,74.58,74.63,74.64,0.48
[2026-05-14 06:18:21.641] ,456,25.24,29.98,99300.31,531948.06,9.17,9.93,10.12,10.22,63.78,72.68,73.15,73.2,73.21,0.48
[2026-05-14 06:18:26.657] ,454,25.27,30.06,99299.83,527835.06,9.09,9.85,10.05,10.15,63.16,71.99,72.47,72.52,72.53,0.48
[2026-05-14 06:18:31.668] ,455,25.27,30.02,99300.98,526207.62,9.07,9.84,10.04,10.14,63.05,71.88,72.36,72.41,72.42,0.47
[2026-05-14 06:18:36.680] ,455,25.31,29.99,99301.42,524590.19,9.4,10.2,10.4,10.51,65.37,74.51,75.01,75.06,75.07,0.47
[2026-05-14 06:18:41.694] ,455,25.34,29.94,99301.43,526207.62,9.82,10.65,10.86,10.98,68.25,77.8,78.31,78.37,78.38,0.48
[2026-05-14 06:18:46.703] ,453,25.32,29.88,99302.95,526613.5,10.15,11,11.22,11.34,70.58,80.45,80.98,81.03,81.05,0.48
[2026-05-14 06:18:51.718] ,454,25.32,29.83,99301.98,524993.56,10.31,11.17,11.39,11.5,71.7,81.72,82.25,82.3,82.31,0.48
[2026-05-14 06:18:56.728] ,453,25.35,29.82,99302.36,522182.56,10.65,11.54,11.76,11.88,74.08,84.43,84.97,85.03,85.04,0.49
[2026-05-14 06:19:01.742] ,452,25.33,29.78,99302.78,530295.19,10.42,11.28,11.5,11.61,72.43,82.54,83.08,83.13,83.15,0.49
[2026-05-14 06:19:06.759] ,452,25.39,29.82,99302.25,524187.34,9.79,10.61,10.81,10.92,68.11,77.62,78.13,78.18,78.19,0.49
[2026-05-14 06:19:11.774] ,452,25.44,29.84,99302.66,521384.94,9.75,10.56,10.77,10.88,67.82,77.29,77.79,77.84,77.85,0.49
[2026-05-14 06:19:16.790] ,452,25.47,29.83,99302.26,523383.59,9.73,10.55,10.76,10.87,67.63,77.09,77.6,77.65,77.66,0.49
[2026-05-14 06:19:21.799] ,453,25.5,29.76,99302.93,522982.62,9.65,10.47,10.69,10.8,67.09,76.49,77,77.05,77.07,0.49
[2026-05-14 06:19:26.814] ,453,25.57,29.75,99302.27,518612.31,9.93,10.78,11.01,11.12,69.01,78.68,79.21,79.27,79.28,0.49
[2026-05-14 06:19:31.831] ,451,25.57,29.68,99301.71,522582.28,10.03,10.89,11.11,11.23,69.74,79.51,80.04,80.1,80.11,0.49
[2026-05-14 06:19:36.843] ,451,25.51,29.56,99302.7,521384.94,9.87,10.7,10.92,11.04,68.59,78.19,78.71,78.77,78.78,0.49
[2026-05-14 06:19:41.855] ,450,25.44,29.49,99303.48,528243.5,9.34,10.13,10.35,10.46,64.9,73.99,74.49,74.54,74.55,0.5
[2026-05-14 06:19:46.872] ,450,25.14,29.47,99301.13,536969.06,8.69,9.43,9.64,9.74,60.41,68.87,69.34,69.39,69.4,0.49
[2026-05-14 06:19:51.880] ,449,25.14,29.58,99300.31,540369.38,8.27,8.97,9.16,9.26,57.45,65.5,65.94,65.99,66,0.5
[2026-05-14 06:19:56.890] ,448,25.22,29.66,99302.12,536547,8.2,8.9,9.08,9.18,56.99,64.98,65.41,65.46,65.47,0.49
[2026-05-14 06:20:01.908] ,448,25.32,29.8,99302.2,529062.25,8.16,8.85,9.04,9.13,56.68,64.62,65.06,65.1,65.11,0.5
[2026-05-14 06:20:06.919] ,445,25.39,29.87,99302.19,525802.31,8.17,8.86,9.05,9.14,56.77,64.72,65.15,65.2,65.21,0.49
[2026-05-14 06:20:11.930] ,444,25.51,29.87,99301.36,517825.53,8.6,9.34,9.53,9.64,59.79,68.17,68.63,68.68,68.69,0.5
[2026-05-14 06:20:16.940] ,444,25.57,29.79,99303.79,520589.72,8.55,9.29,9.49,9.59,59.4,67.74,68.2,68.25,68.26,0.5
[2026-05-14 06:20:21.956] ,444,25.52,29.65,99302.47,521783.44,8.29,9.01,9.21,9.32,57.58,65.68,66.13,66.18,66.19,0.5
[2026-05-14 06:20:26.971] ,442,25.52,29.58,99301.94,521783.44,8.52,9.27,9.48,9.59,59.18,67.51,67.98,68.03,68.04,0.49
[2026-05-14 06:20:31.983] ,444,25.49,29.51,99301.79,522582.28,8.76,9.53,9.74,9.85,60.88,69.43,69.91,69.96,69.97,0.49
[2026-05-14 06:20:36.997] ,443,25.43,29.49,99302.46,526207.62,9.08,9.86,10.08,10.19,63.07,71.92,72.42,72.47,72.48,0.49
[2026-05-14 06:20:42.003] ,442,25.36,29.44,99302.19,534028.69,9.22,10.02,10.25,10.37,64.02,73.03,73.54,73.59,73.6,0.49
[2026-05-14 06:20:47.023] ,441,25.44,29.44,99301.23,528243.5,8.96,9.76,9.99,10.11,62.22,70.99,71.5,71.55,71.56,0.5
[2026-05-14 06:20:52.031] ,441,25.52,29.51,99301.89,523383.59,8.45,9.21,9.44,9.56,58.65,66.93,67.42,67.47,67.48,0.5
[2026-05-14 06:20:57.047] ,441,25.56,29.53,99301.49,522182.56,8.31,9.06,9.3,9.42,57.62,65.78,66.27,66.32,66.33,0.49
[2026-05-14 06:21:02.053] ,441,25.63,29.56,99302.16,518218.62,7.98,8.71,8.94,9.06,55.32,63.16,63.63,63.68,63.69,0.49
[2026-05-14 06:21:07.069] ,442,25.61,29.54,99302.23,520589.72,7.54,8.24,8.45,8.56,52.28,59.7,60.15,60.2,60.21,0.48
[2026-05-14 06:21:12.081] ,443,25.54,29.42,99300.83,525802.31,7.52,8.22,8.44,8.55,52.16,59.56,60.01,60.06,60.07,0.49
[2026-05-14 06:21:17.099] ,443,25.56,29.42,99300.51,524187.34,7.37,8.06,8.28,8.39,51.09,58.35,58.8,58.85,58.86,0.49
[2026-05-14 06:21:22.112] ,443,25.65,29.5,99299.23,517825.53,7.09,7.75,7.97,8.08,49.11,56.1,56.53,56.58,56.59,0.49
[2026-05-14 06:21:27.122] ,443,25.67,29.53,99299.55,518612.31,7.22,7.9,8.12,8.24,49.97,57.09,57.54,57.59,57.6,0.49
[2026-05-14 06:21:32.142] ,445,25.71,29.49,99298.69,515479.5,7.22,7.91,8.14,8.26,50.01,57.14,57.6,57.65,57.66,0.49
[2026-05-14 06:21:37.154] ,446,25.72,29.44,99299.08,515479.5,7.09,7.77,8,8.12,49.07,56.08,56.54,56.59,56.6,0.5
[2026-05-14 06:21:42.163] ,445,25.74,29.41,99300.02,519006.59,6.74,7.4,7.62,7.74,46.65,53.32,53.76,53.81,53.82,0.49
[2026-05-14 06:21:47.175] ,444,25.68,29.32,99300.37,524993.56,6.73,7.39,7.61,7.73,46.57,53.23,53.67,53.71,53.72,0.49
[2026-05-14 06:21:52.190] ,445,25.57,29.19,99301.98,526613.5,6.83,7.5,7.72,7.84,47.28,54.04,54.48,54.53,54.54,0.49
[2026-05-14 06:21:57.201] ,443,25.52,29.18,99299.4,529062.25,7.21,7.91,8.15,8.27,49.92,57.05,57.51,57.57,57.58,0.49
[2026-05-14 06:22:02.215] ,445,25.56,29.22,99301.51,526207.62,7.24,7.94,8.17,8.29,50.16,57.31,57.77,57.82,57.83,0.49
[2026-05-14 06:22:07.231] ,445,25.62,29.33,99300.28,519796.97,7.32,8.02,8.25,8.37,50.71,57.94,58.39,58.44,58.46,0.5
[2026-05-14 06:22:12.245] ,443,25.8,29.51,99299.77,513540.62,7.42,8.13,8.36,8.48,51.36,58.69,59.16,59.21,59.22,0.5
[2026-05-14 06:22:17.256] ,443,25.73,29.4,99299.95,524590.19,7.43,8.14,8.37,8.49,51.48,58.82,59.28,59.34,59.35,0.49
[2026-05-14 06:22:22.275] ,440,25.71,29.18,99298.84,527427.25,7.32,8.02,8.25,8.37,50.66,57.89,58.35,58.4,58.41,0.49
[2026-05-14 06:22:27.281] ,441,25.66,29.1,99298.83,527427.25,7.05,7.73,7.95,8.07,48.8,55.77,56.22,56.27,56.28,0.49
[2026-05-14 06:22:32.301] ,441,25.77,29.17,99299.98,520589.72,6.72,7.37,7.59,7.7,46.51,53.15,53.58,53.63,53.64,0.49
[2026-05-14 06:22:37.311] ,442,25.81,29.25,99300.76,519796.97,6.37,6.98,7.18,7.29,44.08,50.37,50.78,50.82,50.83,0.49
[2026-05-14 06:22:42.321] ,441,25.85,29.28,99300.59,517041.16,6.12,6.71,6.9,7,42.41,48.46,48.84,48.88,48.89,0.48
[2026-05-14 06:22:47.337] ,442,25.85,29.23,99300.95,516649.84,6.19,6.78,6.97,7.07,42.9,49.01,49.4,49.44,49.45,0.49
[2026-05-14 06:22:52.351] ,441,25.74,29.12,99299.09,520987.03,6.54,7.16,7.36,7.46,45.33,51.78,52.18,52.23,52.24,0.49
[2026-05-14 06:22:57.360] ,441,25.75,29.09,99298.99,519401.47,6.7,7.33,7.54,7.64,46.44,53.05,53.46,53.51,53.52,0.49
[2026-05-14 06:23:02.382] ,442,25.69,29.1,99297.64,519401.47,7.11,7.78,7.99,8.1,49.27,56.28,56.71,56.76,56.77,0.48
[2026-05-14 06:23:07.391] ,441,25.73,29.2,99298.86,521783.44,7.19,7.85,8.06,8.17,49.83,56.9,57.33,57.38,57.39,0.47
[2026-05-14 06:23:12.402] ,443,25.58,29.19,99300.96,522182.56,7.28,7.95,8.15,8.25,50.51,57.65,58.08,58.13,58.14,0.48
[2026-05-14 06:23:17.415] ,440,25.56,29.2,99300.39,524187.34,7.46,8.14,8.34,8.45,51.7,59.03,59.46,59.51,59.52,0.48
[2026-05-14 06:23:22.433] ,439,25.44,29.21,99299.08,531533.88,7.29,7.96,8.16,8.27,50.52,57.69,58.12,58.17,58.18,0.48
[2026-05-14 06:23:27.447] ,438,25.46,29.26,99299.84,535704.94,7.1,7.76,7.96,8.07,49.22,56.2,56.63,56.67,56.68,0.48
[2026-05-14 06:23:32.456] ,436,25.61,29.36,99298.32,520987.03,6.98,7.62,7.82,7.92,48.37,55.23,55.64,55.69,55.7,0.48
[2026-05-14 06:23:37.474] ,435,25.58,29.4,99298.88,525802.31,6.84,7.46,7.65,7.75,47.44,54.16,54.56,54.6,54.61,0.48
[2026-05-14 06:23:42.486] ,434,25.5,29.36,99301.02,527020.06,6.9,7.52,7.71,7.81,47.86,54.63,55.03,55.07,55.08,0.48
[2026-05-14 06:23:47.505] ,436,25.39,29.33,99302.36,534446.75,6.94,7.58,7.77,7.87,48.15,54.97,55.38,55.43,55.44,0.49
[2026-05-14 06:23:52.515] ,435,25.28,29.35,99301.3,538239.19,6.8,7.42,7.62,7.72,47.13,53.81,54.21,54.26,54.27,0.49
[2026-05-14 06:23:57.531] ,435,25.35,29.42,99299.94,536969.06,7.04,7.7,7.91,8.02,48.76,55.69,56.13,56.17,56.18,0.5
[2026-05-14 06:24:02.536] ,434,25.37,29.49,99300.07,532362.88,6.95,7.62,7.84,7.96,48.11,54.98,55.43,55.47,55.49,0.5
[2026-05-14 06:24:07.551] ,435,25.42,29.53,99299.55,531533.88,7.04,7.74,7.98,8.1,48.7,55.68,56.14,56.2,56.21,0.5
[2026-05-14 06:24:12.563] ,435,25.42,29.58,99301.12,528652.56,7.22,7.94,8.2,8.33,49.91,57.08,57.56,57.62,57.63,0.5
[2026-05-14 06:24:17.578] ,438,25.46,29.62,99302.21,523383.59,7.14,7.87,8.12,8.26,49.36,56.47,56.95,57.01,57.02,0.5
[2026-05-14 06:24:22.589] ,440,25.52,29.63,99303.41,519401.47,6.86,7.55,7.8,7.93,47.39,54.22,54.68,54.74,54.75,0.5
[2026-05-14 06:24:27.600] ,439,25.44,29.55,99301.31,529883.56,6.26,6.88,7.1,7.22,43.25,49.47,49.89,49.94,49.95,0.5
[2026-05-14 06:24:32.623] ,437,25.33,29.44,99301.95,534028.69,5.7,6.27,6.47,6.57,39.43,45.09,45.47,45.51,45.52,0.49
[2026-05-14 06:24:37.632] ,437,25.3,29.46,99301.12,537815.12,5.71,6.28,6.47,6.58,39.52,45.19,45.57,45.61,45.62,0.5
[2026-05-14 06:24:42.652] ,439,25.31,29.51,99301.48,533194.5,5.85,6.43,6.62,6.72,40.5,46.3,46.68,46.72,46.73,0.49
[2026-05-14 06:24:47.662] ,438,25.38,29.63,99302.19,528243.5,6.34,6.96,7.16,7.27,43.87,50.15,50.55,50.6,50.61,0.49
[2026-05-14 06:24:52.677] ,440,25.54,29.79,99301.37,527427.25,6.72,7.37,7.58,7.69,46.53,53.18,53.6,53.65,53.66,0.49
[2026-05-14 06:24:57.691] ,439,25.63,29.74,99300.88,522582.28,6.65,7.28,7.48,7.59,46.08,52.64,53.05,53.09,53.1,0.5
[2026-05-14 06:25:02.695] ,441,25.73,29.61,99300.12,519006.59,6.57,7.19,7.38,7.49,45.53,52.01,52.41,52.45,52.46,0.5
[2026-05-14 06:25:07.708] ,442,25.74,29.46,99299.52,519401.47,6.46,7.07,7.26,7.36,44.77,51.14,51.53,51.57,51.58,0.5
[2026-05-14 06:25:12.721] ,444,25.82,29.39,99301.69,518612.31,6.35,6.94,7.13,7.22,43.98,50.22,50.61,50.65,50.66,0.5
[2026-05-14 06:25:17.741] ,445,25.83,29.3,99300.99,517433.06,6.21,6.78,6.96,7.05,43.02,49.12,49.49,49.53,49.54,0.49
[2026-05-14 06:25:22.751] ,445,25.83,29.22,99301.91,519796.97,6.4,6.99,7.17,7.26,44.4,50.69,51.07,51.11,51.12,0.49
[2026-05-14 06:25:27.771] ,445,25.74,29.13,99300.34,520987.03,6.41,7,7.17,7.27,44.45,50.75,51.12,51.17,51.17,0.5
[2026-05-14 06:25:32.777] ,446,25.69,29.09,99299.94,522182.56,6.3,6.87,7.05,7.14,43.7,49.88,50.25,50.29,50.3,0.49
[2026-05-14 06:25:37.791] ,445,25.67,29.15,99298.37,524993.56,5.95,6.49,6.65,6.73,41.29,47.12,47.47,47.5,47.51,0.49
[2026-05-14 06:25:42.813] ,443,25.77,29.25,99300.09,520987.03,5.85,6.38,6.53,6.61,40.6,46.33,46.67,46.71,46.71,0.49
[2026-05-14 06:25:47.822] ,444,25.87,29.3,99303.23,517825.53,5.85,6.38,6.53,6.61,40.63,46.36,46.7,46.73,46.74,0.5
[2026-05-14 06:25:52.842] ,444,25.94,29.23,99303.59,514702.19,5.7,6.21,6.36,6.44,39.59,45.17,45.49,45.53,45.53,0.49
[2026-05-14 06:25:57.851] ,444,26.03,29.18,99305,514314.41,5.7,6.21,6.35,6.43,39.56,45.14,45.46,45.5,45.51,0.49
[2026-05-14 06:26:02.860] ,444,25.69,28.98,99300.62,528243.5,5.77,6.28,6.43,6.51,40.07,45.72,46.04,46.08,46.09,0.49
[2026-05-14 06:26:07.882] ,443,25.75,29.01,99300.68,526613.5,5.51,5.99,6.13,6.2,38.25,43.64,43.94,43.98,43.98,0.49
[2026-05-14 06:26:12.890] ,442,25.77,29.07,99300.6,528243.5,5.42,5.9,6.03,6.1,37.66,42.95,43.25,43.29,43.29,0.49
[2026-05-14 06:26:17.901] ,441,25.89,29.18,99302.36,521783.44,5.26,5.71,5.84,5.91,36.52,41.65,41.94,41.97,41.98,0.49
[2026-05-14 06:26:22.920] ,440,26.06,29.35,99300.43,514702.19,5.32,5.79,5.92,5.99,36.95,42.15,42.45,42.48,42.49,0.49
[2026-05-14 06:26:27.929] ,440,26.13,29.23,99298.45,515090.53,5.5,5.99,6.14,6.21,38.19,43.58,43.9,43.93,43.94,0.49
[2026-05-14 06:26:32.948] ,441,26.04,29.04,99302.79,519006.59,5.67,6.18,6.33,6.41,39.35,44.91,45.24,45.28,45.28,0.49
[2026-05-14 06:26:37.962] ,440,26.02,28.96,99301.46,514702.19,5.75,6.27,6.42,6.5,39.9,45.54,45.87,45.91,45.92,0.49
[2026-05-14 06:26:42.975] ,440,26,28.95,99301.7,519006.59,5.53,6.03,6.18,6.25,38.34,43.76,44.08,44.11,44.12,0.5
[2026-05-14 06:26:47.987] ,439,25.94,28.86,99302.27,517825.53,5.15,5.62,5.76,5.84,35.72,40.78,41.08,41.12,41.12,0.49
[2026-05-14 06:26:53.004] ,441,26.05,28.93,99302.61,519401.47,5.06,5.52,5.67,5.74,35.08,40.05,40.35,40.38,40.39,0.49
[2026-05-14 06:26:58.014] ,442,26.15,28.95,99298.95,513540.62,5.18,5.66,5.81,5.89,35.92,41.02,41.33,41.36,41.37,0.49
[2026-05-14 06:27:03.025] ,443,26.19,28.95,99299.68,515090.53,5.17,5.65,5.8,5.87,35.81,40.89,41.2,41.24,41.24,0.49
[2026-05-14 06:27:08.047] ,443,26.16,28.88,99299.52,512769.16,5.67,6.19,6.36,6.45,39.29,44.87,45.21,45.25,45.26,0.49
[2026-05-14 06:27:13.054] ,443,26.11,28.79,99301.67,517825.53,6.03,6.59,6.77,6.87,41.79,47.73,48.09,48.13,48.14,0.5
[2026-05-14 06:27:18.075] ,443,25.98,28.71,99302.09,520193.03,6.32,6.92,7.11,7.2,43.81,50.04,50.43,50.47,50.48,0.49
[2026-05-14 06:27:23.091] ,447,25.97,28.71,99302.81,519796.97,6.14,6.71,6.89,6.98,42.54,48.58,48.95,48.99,49,0.48
[2026-05-14 06:27:28.104] ,445,25.92,28.76,99301.25,517433.06,6.12,6.68,6.86,6.95,42.4,48.41,48.78,48.82,48.83,0.49
[2026-05-14 06:27:33.116] ,445,25.87,28.79,99302.28,522582.28,6.44,7.04,7.23,7.32,44.65,50.99,51.37,51.42,51.43,0.49
[2026-05-14 06:27:38.123] ,444,25.91,28.83,99302.85,521783.44,6.35,6.94,7.12,7.22,44.01,50.26,50.64,50.68,50.69,0.49
[2026-05-14 06:27:43.138] ,446,25.89,28.84,99301.43,520193.03,6.12,6.68,6.86,6.95,42.42,48.43,48.8,48.84,48.85,0.5
[2026-05-14 06:27:48.150] ,446,25.86,28.8,99302.22,522582.28,5.91,6.46,6.63,6.72,40.97,46.79,47.14,47.18,47.19,0.5
[2026-05-14 06:27:53.172] ,445,25.81,28.8,99300.62,528652.56,5.72,6.25,6.42,6.51,39.68,45.31,45.65,45.69,45.7,0.5
[2026-05-14 06:27:58.182] ,444,25.88,28.87,99301.14,521384.94,5.66,6.18,6.35,6.44,39.2,44.77,45.11,45.15,45.16,0.5
[2026-05-14 06:28:03.191] ,446,25.86,28.87,99300.21,522982.62,5.62,6.15,6.32,6.41,38.92,44.46,44.81,44.85,44.86,0.51
[2026-05-14 06:28:08.203] ,448,25.88,28.87,99299.13,522582.28,5.29,5.8,5.96,6.05,36.67,41.89,42.22,42.26,42.27,0.5
[2026-05-14 06:28:13.221] ,447,25.92,28.89,99301.81,525802.31,4.96,5.43,5.59,5.67,34.36,39.26,39.57,39.6,39.61,0.5
[2026-05-14 06:28:18.235] ,447,25.91,28.94,99302.04,517825.53,4.89,5.36,5.51,5.59,33.87,38.69,39,39.03,39.04,0.5
[2026-05-14 06:28:23.252] ,446,25.84,28.93,99301.14,518218.62,4.83,5.29,5.44,5.52,33.48,38.25,38.55,38.59,38.6,0.5
[2026-05-14 06:28:28.264] ,448,25.88,28.94,99300.35,518218.62,5.03,5.51,5.66,5.75,34.84,39.8,40.11,40.15,40.16,0.5
[2026-05-14 06:28:33.274] ,445,25.82,28.91,99299.52,522182.56,5.04,5.52,5.68,5.76,34.9,39.87,40.19,40.22,40.23,0.51
[2026-05-14 06:28:38.291] ,444,25.8,28.93,99300.27,523383.59,5.17,5.66,5.82,5.9,35.8,40.9,41.22,41.26,41.26,0.5
[2026-05-14 06:28:43.302] ,446,25.74,28.95,99299.85,522582.28,5.4,5.91,6.07,6.16,37.41,42.73,43.07,43.1,43.11,0.5
[2026-05-14 06:28:48.310] ,446,25.8,29.04,99300.18,519006.59,5.4,5.91,6.08,6.16,37.41,42.74,43.07,43.11,43.12,0.5
[2026-05-14 06:28:53.325] ,445,25.73,29.08,99299.34,523383.59,5.24,5.74,5.89,5.98,36.31,41.48,41.8,41.84,41.85,0.5
[2026-05-14 06:28:58.343] ,448,25.81,29.13,99300.66,520987.03,5.34,5.84,6,6.09,36.96,42.22,42.55,42.59,42.6,0.51
[2026-05-14 06:29:03.361] ,449,25.86,29.17,99300.72,520987.03,5.3,5.8,5.97,6.05,36.69,41.92,42.25,42.29,42.3,0.51
[2026-05-14 06:29:08.371] ,450,25.99,29.21,99301.64,516259.12,5.2,5.7,5.86,5.95,35.99,41.13,41.46,41.49,41.5,0.51
[2026-05-14 06:29:13.382] ,451,26.14,29.23,99298.36,516649.84,5.19,5.69,5.86,5.94,35.91,41.04,41.37,41.41,41.42,0.51
[2026-05-14 06:29:18.401] ,452,26.25,29.1,99298.55,510468.59,5.45,5.97,6.15,6.24,37.73,43.12,43.46,43.5,43.51,0.5
[2026-05-14 06:29:23.409] ,450,26.38,29.01,99298.71,508946.31,5.45,5.97,6.14,6.23,37.74,43.12,43.46,43.5,43.51,0.5
[2026-05-14 06:29:28.421] ,450,26.43,28.86,99296.36,506679.88,5.44,5.95,6.12,6.21,37.65,43.02,43.36,43.4,43.4,0.51
[2026-05-14 06:29:33.441] ,452,26.4,28.69,99297.55,512000,5.2,5.69,5.86,5.94,36.01,41.15,41.47,41.51,41.52,0.51
[2026-05-14 06:29:38.457] ,455,26.48,28.61,99299.26,505928.84,4.81,5.26,5.41,5.49,33.3,38.05,38.35,38.38,38.39,0.5
[2026-05-14 06:29:43.467] ,457,26.54,28.58,99296.45,504806.5,4.8,5.26,5.4,5.48,33.25,37.98,38.28,38.31,38.32,0.5
[2026-05-14 06:29:48.479] ,459,26.54,28.48,99298.37,503689.12,5.05,5.53,5.68,5.77,34.95,39.93,40.24,40.28,40.29,0.51
[2026-05-14 06:29:53.492] ,461,26.49,28.41,99297.71,504806.5,5.15,5.65,5.82,5.9,35.67,40.76,41.09,41.13,41.14,0.52
[2026-05-14 06:29:58.511] ,460,26.48,28.39,99298.73,505180.06,4.91,5.4,5.57,5.65,33.97,38.85,39.17,39.21,39.21,0.52
[2026-05-14 06:30:03.524] ,461,26.52,28.4,99299.48,502206.97,4.85,5.34,5.51,5.6,33.53,38.35,38.68,38.71,38.72,0.51
[2026-05-14 06:30:08.533] ,459,26.44,28.33,99299.16,506304.09,4.67,5.14,5.31,5.4,32.24,36.89,37.21,37.25,37.25,0.52
[2026-05-14 06:30:13.547] ,460,26.33,28.26,99297.82,513540.62,4.55,5.02,5.2,5.29,31.44,35.99,36.3,36.34,36.35,0.52
[2026-05-14 06:30:18.562] ,463,26.33,28.34,99297.64,513154.59,4.73,5.22,5.41,5.5,32.64,37.36,37.7,37.74,37.75,0.52
[2026-05-14 06:30:23.576] ,463,26.32,28.38,99297.65,511233.16,5.01,5.54,5.74,5.85,34.58,39.6,39.96,40,40.01,0.52
[2026-05-14 06:30:28.586] ,462,26.26,28.43,99295.46,512384.28,5.29,5.85,6.06,6.17,36.52,41.82,42.2,42.24,42.25,0.51
[2026-05-14 06:30:33.601] ,464,26.31,28.5,99296.66,508188.59,5.47,6.05,6.27,6.39,37.73,43.21,43.61,43.65,43.66,0.51
[2026-05-14 06:30:38.619] ,467,26.35,28.52,99295.88,503317.78,5.5,6.1,6.33,6.45,37.95,43.48,43.89,43.93,43.94,0.51
[2026-05-14 06:30:43.622] ,467,26.35,28.56,99296.56,506304.09,5.46,6.05,6.28,6.4,37.61,43.09,43.5,43.55,43.56,0.51
[2026-05-14 06:30:48.641] ,466,26.32,28.57,99296.45,508567.16,5.56,6.17,6.42,6.54,38.29,43.89,44.31,44.36,44.37,0.52
[2026-05-14 06:30:53.651] ,468,26.25,28.64,99295.83,512384.28,5.62,6.26,6.52,6.65,38.7,44.39,44.83,44.89,44.9,0.51
[2026-05-14 06:30:58.661] ,468,26.24,28.7,99296.98,510850.59,5.52,6.15,6.41,6.54,37.97,43.56,44,44.05,44.06,0.5
[2026-05-14 06:31:03.677] ,468,26.24,28.77,99296.38,513927.22,5.18,5.77,6.02,6.15,35.63,40.88,41.29,41.34,41.35,0.5
[2026-05-14 06:31:08.688] ,469,26.2,28.79,99296.22,513154.59,4.83,5.38,5.61,5.73,33.21,38.1,38.49,38.54,38.55,0.5
[2026-05-14 06:31:13.701] ,470,26.1,28.83,99298.73,517041.16,4.74,5.28,5.5,5.61,32.59,37.38,37.76,37.8,37.81,0.5
[2026-05-14 06:31:18.719] ,470,26.01,28.85,99299.91,517433.06,4.57,5.08,5.29,5.39,31.43,36.04,36.4,36.44,36.45,0.49
[2026-05-14 06:31:23.731] ,470,25.96,28.95,99300.36,521384.94,4.28,4.76,4.95,5.05,29.5,33.82,34.15,34.19,34.19,0.49
[2026-05-14 06:31:28.748] ,472,25.96,29.06,99301.09,518612.31,4.42,4.9,5.1,5.2,30.42,34.87,35.21,35.25,35.26,0.49
[2026-05-14 06:31:33.756] ,471,25.97,29.08,99298.34,513927.22,4.65,5.16,5.36,5.47,32.03,36.71,37.07,37.11,37.12,0.5
[2026-05-14 06:31:38.771] ,474,26.22,29.32,99296.44,506304.09,4.69,5.21,5.41,5.51,32.35,37.08,37.43,37.47,37.48,0.5
[2026-05-14 06:31:43.781] ,476,26.41,29.28,99298.38,507433.09,4.62,5.11,5.31,5.41,31.82,36.46,36.8,36.84,36.85,0.5
[2026-05-14 06:31:48.791] ,474,26.44,29.06,99299.48,505928.84,4.37,4.84,5.02,5.11,30.11,34.5,34.82,34.85,34.86,0.5
[2026-05-14 06:31:53.800] ,475,26.44,28.84,99298.14,511233.16,4.23,4.68,4.85,4.94,29.14,33.38,33.69,33.73,33.73,0.5
[2026-05-14 06:31:58.819] ,476,26.42,28.63,99300.15,508946.31,4.32,4.79,4.96,5.06,29.79,34.12,34.44,34.48,34.49,0.51
[2026-05-14 06:32:03.833] ,478,26.38,28.55,99297.96,511233.16,4.32,4.78,4.96,5.06,29.76,34.09,34.41,34.45,34.46,0.5
[2026-05-14 06:32:08.842] ,480,26.34,28.56,99297.53,510850.59,4.27,4.72,4.9,4.99,29.42,33.7,34.01,34.05,34.06,0.5
[2026-05-14 06:32:13.854] ,477,26.27,28.54,99297.14,511616.28,4.47,4.95,5.14,5.24,30.85,35.34,35.67,35.71,35.72,0.5
[2026-05-14 06:32:18.867] ,476,26.26,28.57,99296.66,509326.03,4.9,5.42,5.62,5.72,33.77,38.68,39.04,39.08,39.09,0.5
[2026-05-14 06:32:23.881] ,476,26.16,28.6,99297.75,515090.53,5.13,5.67,5.88,5.99,35.38,40.52,40.89,40.93,40.94,0.51
[2026-05-14 06:32:28.893] ,477,26.12,28.62,99296.19,520193.03,5,5.53,5.73,5.84,34.47,39.48,39.84,39.88,39.89,0.5
[2026-05-14 06:32:33.901] ,477,26.17,28.69,99296.53,513540.62,4.93,5.46,5.66,5.77,34.01,38.96,39.32,39.37,39.38,0.51
[2026-05-14 06:32:38.921] ,479,26.11,28.69,99296.97,519401.47,4.9,5.42,5.62,5.73,33.76,38.68,39.03,39.08,39.09,0.5
[2026-05-14 06:32:43.929] ,479,26.16,28.75,99296.3,513540.62,4.74,5.25,5.45,5.55,32.71,37.47,37.82,37.86,37.87,0.51
[2026-05-14 06:32:48.941] ,478,26.13,28.78,99297.04,520193.03,4.87,5.39,5.59,5.7,33.58,38.47,38.82,38.87,38.87,0.5
[2026-05-14 06:32:53.958] ,479,26.08,28.72,99298.11,518218.62,4.8,5.31,5.51,5.61,33.08,37.89,38.24,38.28,38.29,0.5
[2026-05-14 06:32:58.971] ,479,26.02,28.71,99299.77,522182.56,4.68,5.18,5.37,5.47,32.3,36.99,37.33,37.37,37.38,0.5
[2026-05-14 06:33:03.981] ,478,26.06,28.79,99299.28,517041.16,4.69,5.2,5.39,5.49,32.37,37.08,37.43,37.47,37.47,0.5
[2026-05-14 06:33:08.991] ,479,26.04,28.88,99301.07,517433.06,4.41,4.89,5.07,5.16,30.43,34.85,35.18,35.22,35.23,0.5
[2026-05-14 06:33:13.999] ,479,26.07,28.99,99298.77,517041.16,4.59,5.08,5.28,5.38,31.63,36.24,36.58,36.62,36.63,0.51
[2026-05-14 06:33:19.011] ,478,26.09,28.98,99296.94,513927.22,4.99,5.53,5.75,5.86,34.36,39.37,39.75,39.79,39.8,0.51
[2026-05-14 06:33:24.026] ,480,26.15,28.98,99296.19,514314.41,5.18,5.75,5.97,6.09,35.65,40.87,41.26,41.31,41.32,0.51
[2026-05-14 06:33:29.041] ,479,26.11,28.9,99299.2,515090.53,5.02,5.58,5.79,5.91,34.61,39.67,40.05,40.1,40.11,0.5
[2026-05-14 06:33:34.054] ,481,26.1,28.85,99295.69,512769.16,4.95,5.49,5.7,5.81,34.12,39.1,39.47,39.51,39.52,0.49
[2026-05-14 06:33:39.068] ,481,26.13,28.85,99295.63,520193.03,4.81,5.33,5.53,5.63,33.19,38.02,38.37,38.41,38.42,0.48
[2026-05-14 06:33:44.075] ,481,26.19,28.84,99296.47,517041.16,4.71,5.2,5.39,5.48,32.52,37.23,37.56,37.6,37.61,0.48
[2026-05-14 06:33:49.090] ,481,26.21,28.81,99295.89,513927.22,4.47,4.93,5.1,5.19,30.89,35.35,35.66,35.69,35.7,0.48
[2026-05-14 06:33:54.108] ,481,26.22,28.82,99295.66,512384.28,4.24,4.67,4.83,4.91,29.33,33.56,33.84,33.88,33.88,0.48
[2026-05-14 06:33:59.121] ,481,26.26,28.81,99295.55,511233.16,4.29,4.71,4.86,4.94,29.65,33.91,34.19,34.23,34.23,0.48
[2026-05-14 06:34:04.131] ,480,26.28,28.8,99295.23,510087.19,4.37,4.8,4.95,5.03,30.27,34.6,34.89,34.92,34.93,0.48
[2026-05-14 06:34:09.140] ,478,26.35,28.79,99295.57,507810.56,4.34,4.76,4.9,4.98,30.07,34.37,34.65,34.68,34.68,0.48
[2026-05-14 06:34:14.161] ,478,26.41,28.76,99294.52,507810.56,4.16,4.56,4.7,4.77,28.83,32.95,33.21,33.24,33.24,0.48
[2026-05-14 06:34:19.171] ,476,26.54,28.78,99295.81,502576.69,4.18,4.59,4.72,4.79,28.97,33.11,33.37,33.4,33.41,0.48
[2026-05-14 06:34:24.181] ,476,26.58,28.72,99297.21,501101.06,4.14,4.53,4.67,4.73,28.65,32.74,33,33.03,33.03,0.48
[2026-05-14 06:34:29.201] ,476,26.65,28.65,99297.32,498175.62,3.95,4.33,4.45,4.51,27.34,31.24,31.49,31.52,31.52,0.48
[2026-05-14 06:34:34.216] ,476,26.63,28.54,99295.88,500733.5,3.81,4.17,4.29,4.35,26.39,30.15,30.38,30.41,30.42,0.47
[2026-05-14 06:34:39.221] ,477,26.53,28.34,99297.05,507056.19,3.62,3.96,4.07,4.13,25.07,28.64,28.86,28.88,28.89,0.47
[2026-05-14 06:34:44.240] ,479,26.48,28.26,99297.78,507810.56,3.52,3.85,3.95,4.01,24.41,27.88,28.1,28.12,28.12,0.47
[2026-05-14 06:34:49.251] ,479,26.5,28.29,99295.55,505554.19,3.61,3.95,4.05,4.11,25.02,28.57,28.79,28.81,28.82,0.48
[2026-05-14 06:34:54.267] ,479,26.46,28.27,99298.2,508567.16,4.09,4.47,4.59,4.65,28.36,32.39,32.63,32.66,32.67,0.47
[2026-05-14 06:34:59.271] ,480,26.43,28.26,99297.19,512769.16,4.33,4.73,4.85,4.92,29.99,34.25,34.51,34.53,34.54,0.48
[2026-05-14 06:35:04.289] ,481,26.25,28.21,99296.17,518612.31,4.35,4.75,4.88,4.94,30.13,34.41,34.67,34.7,34.71,0.48
[2026-05-14 06:35:09.297] ,481,26.2,28.28,99295.11,517825.53,4.37,4.77,4.9,4.97,30.27,34.56,34.83,34.86,34.86,0.48
[2026-05-14 06:35:14.311] ,482,26.17,28.31,99294.8,519006.59,4.38,4.79,4.92,4.99,30.38,34.69,34.96,34.99,34.99,0.47
[2026-05-14 06:35:19.325] ,482,26.25,28.48,99295.22,517041.16,4.22,4.62,4.74,4.81,29.27,33.43,33.68,33.71,33.72,0.47
[2026-05-14 06:35:24.341] ,480,26.15,28.53,99294.12,518612.31,3.94,4.3,4.42,4.48,27.28,31.15,31.39,31.42,31.42,0.47
[2026-05-14 06:35:29.351] ,480,26.14,28.55,99293.78,514314.41,3.94,4.31,4.43,4.49,27.33,31.22,31.46,31.48,31.49,0.47
[2026-05-14 06:35:34.362] ,480,26.21,28.66,99295.85,513927.22,4,4.38,4.5,4.56,27.74,31.68,31.92,31.95,31.96,0.46
[2026-05-14 06:35:39.370] ,480,26.26,28.7,99296.08,513154.59,4.29,4.7,4.83,4.9,29.73,33.96,34.23,34.26,34.26,0.47
[2026-05-14 06:35:44.391] ,478,26.25,28.64,99296.34,519401.47,4.37,4.78,4.92,4.99,30.24,34.55,34.82,34.85,34.86,0.47
[2026-05-14 06:35:49.399] ,477,26.11,28.56,99295.89,519796.97,4.18,4.58,4.72,4.78,28.94,33.08,33.34,33.37,33.38,0.46
[2026-05-14 06:35:54.414] ,475,26.07,28.55,99298.87,525397.62,4.17,4.57,4.71,4.78,28.86,32.98,33.25,33.28,33.28,0.47
[2026-05-14 06:35:59.420] ,475,26.06,28.61,99299.05,519006.59,4.15,4.55,4.69,4.77,28.7,32.81,33.08,33.11,33.11,0.47
[2026-05-14 06:36:04.438] ,473,26.16,28.79,99296.77,512384.28,3.99,4.39,4.52,4.59,27.61,31.57,31.83,31.86,31.87,0.47
[2026-05-14 06:36:09.451] ,475,25.98,28.68,99297.55,529883.56,3.88,4.26,4.4,4.47,26.83,30.68,30.94,30.97,30.97,0.47
[2026-05-14 06:36:14.461] ,476,26.02,28.59,99297.04,531948.06,3.63,3.99,4.12,4.18,25.08,28.68,28.93,28.95,28.96,0.47
[2026-05-14 06:36:19.472] ,475,25.95,28.55,99298.89,530707.44,3.55,3.91,4.04,4.11,24.55,28.09,28.33,28.36,28.36,0.47
[2026-05-14 06:36:24.491] ,475,25.89,28.57,99298.77,539942,3.31,3.65,3.77,3.84,22.85,26.15,26.37,26.4,26.41,0.47
[2026-05-14 06:36:29.508] ,474,25.95,28.6,99298.23,525802.31,3.15,3.48,3.6,3.67,21.78,24.93,25.16,25.18,25.19,0.47
[2026-05-14 06:36:34.521] ,472,25.96,28.66,99297.66,527020.06,3.12,3.45,3.57,3.64,21.57,24.69,24.91,24.94,24.95,0.47
[2026-05-14 06:36:39.526] ,471,25.95,28.71,99297.33,519796.97,3.06,3.38,3.5,3.57,21.12,24.18,24.4,24.43,24.43,0.47
[2026-05-14 06:36:44.544] ,470,26.05,28.81,99297.14,518218.62,3.09,3.42,3.54,3.6,21.33,24.42,24.64,24.67,24.67,0.48
[2026-05-14 06:36:49.551] ,470,26.16,28.9,99294.95,517433.06,2.97,3.28,3.4,3.47,20.48,23.46,23.67,23.7,23.7,0.48
[2026-05-14 06:36:54.573] ,467,26.15,28.78,99294.5,517433.06,3.08,3.41,3.54,3.6,21.25,24.34,24.57,24.6,24.6,0.48
[2026-05-14 06:36:59.582] ,468,26.18,28.72,99294.68,519401.47,3.31,3.67,3.81,3.88,22.83,26.16,26.4,26.43,26.43,0.48
[2026-05-14 06:37:04.600] ,466,26.15,28.65,99293.59,519796.97,3.48,3.86,4,4.08,24.01,27.51,27.76,27.79,27.8,0.48
[2026-05-14 06:37:09.613] ,464,26.17,28.64,99293.89,517825.53,3.42,3.78,3.93,4,23.55,26.98,27.23,27.26,27.26,0.48
[2026-05-14 06:37:14.621] ,463,26.29,28.69,99294.92,517041.16,3.5,3.88,4.02,4.1,24.12,27.64,27.9,27.93,27.93,0.49
[2026-05-14 06:37:19.639] ,462,26.31,28.62,99295.45,517825.53,3.63,4.03,4.19,4.27,25.04,28.7,28.98,29.01,29.02,0.5
[2026-05-14 06:37:24.652] ,463,26.19,28.45,99295.62,525397.62,3.72,4.14,4.31,4.4,25.62,29.38,29.67,29.7,29.71,0.5
[2026-05-14 06:37:29.656] ,462,26.19,28.42,99295.29,523785.16,3.47,3.86,4.03,4.11,23.86,27.38,27.65,27.69,27.69,0.5
[2026-05-14 06:37:34.675] ,464,26.14,28.45,99293.63,521384.94,3.33,3.71,3.87,3.95,22.89,26.27,26.54,26.57,26.58,0.5
[2026-05-14 06:37:39.692] ,464,26.18,28.54,99294.77,525397.62,3.33,3.71,3.87,3.95,22.87,26.24,26.51,26.55,26.55,0.5
[2026-05-14 06:37:44.705] ,463,26.07,28.56,99295.23,520987.03,3.42,3.82,3.98,4.07,23.5,26.97,27.25,27.28,27.29,0.5
[2026-05-14 06:37:49.711] ,462,26.04,28.56,99296.88,528652.56,3.47,3.88,4.06,4.14,23.88,27.41,27.7,27.73,27.74,0.5
[2026-05-14 06:37:54.723] ,460,26.11,28.57,99293.91,526613.5,3.23,3.61,3.77,3.86,22.16,25.44,25.71,25.75,25.75,0.5
[2026-05-14 06:37:59.745] ,461,26.04,28.58,99297,524993.56,2.91,3.26,3.41,3.49,19.94,22.91,23.16,23.19,23.2,0.5
[2026-05-14 06:38:04.758] ,459,26.04,28.59,99295.72,527427.25,2.87,3.23,3.38,3.46,19.72,22.67,22.91,22.95,22.95,0.5
[2026-05-14 06:38:09.763] ,458,26.02,28.64,99297.16,523383.59,2.99,3.37,3.53,3.62,20.53,23.6,23.87,23.9,23.91,0.5
[2026-05-14 06:38:14.780] ,457,26.15,28.82,99294.01,517825.53,3.16,3.56,3.74,3.84,21.65,24.9,25.19,25.23,25.24,0.51
[2026-05-14 06:38:19.793] ,456,26.23,28.84,99293.12,517825.53,3.24,3.65,3.84,3.94,22.15,25.49,25.79,25.83,25.84,0.5
[2026-05-14 06:38:24.809] ,454,26.27,28.7,99293.1,520589.72,3.27,3.7,3.9,4,22.39,25.77,26.08,26.12,26.13,0.5
[2026-05-14 06:38:29.821] ,454,26.28,28.53,99292.93,521384.94,3.34,3.78,3.99,4.1,22.86,26.33,26.64,26.68,26.69,0.5
[2026-05-14 06:38:34.834] ,455,26.17,28.44,99294.7,521384.94,3.44,3.9,4.12,4.23,23.49,27.06,27.4,27.44,27.45,0.5
[2026-05-14 06:38:39.841] ,457,26.08,28.42,99294.7,529062.25,3.29,3.73,3.94,4.05,22.43,25.85,26.18,26.22,26.23,0.5
[2026-05-14 06:38:44.861] ,456,25.94,28.44,99296.98,535704.94,3.31,3.76,3.97,4.09,22.59,26.04,26.37,26.41,26.42,0.5
[2026-05-14 06:38:49.871] ,453,25.81,28.45,99295.58,544246.62,3.35,3.81,4.03,4.14,22.9,26.39,26.73,26.77,26.78,0.5
[2026-05-14 06:38:54.880] ,456,25.92,28.57,99296.84,533194.5,3.3,3.75,3.96,4.07,22.54,25.97,26.3,26.34,26.35,0.5
[2026-05-14 06:38:59.904] ,454,26.1,28.8,99291.88,522182.56,3.08,3.5,3.7,3.8,21.06,24.28,24.58,24.62,24.63,0.5
[2026-05-14 06:39:04.911] ,452,26.25,28.92,99292.67,517825.53,2.91,3.3,3.48,3.58,19.84,22.87,23.15,23.19,23.19,0.5
[2026-05-14 06:39:09.925] ,451,26.34,28.78,99293.34,515479.5,2.78,3.16,3.33,3.42,19.03,21.92,22.19,22.22,22.23,0.5
[2026-05-14 06:39:14.939] ,452,26.41,28.67,99294.45,517433.06,2.78,3.15,3.32,3.41,18.99,21.87,22.14,22.18,22.18,0.5
[2026-05-14 06:39:19.960] ,451,26.38,28.53,99294.06,513540.62,3,3.4,3.59,3.68,20.52,23.63,23.92,23.96,23.96,0.5
[2026-05-14 06:39:24.967] ,452,26.32,28.45,99294.23,515869.03,3.38,3.83,4.04,4.15,23.12,26.63,26.95,26.99,27,0.49
[2026-05-14 06:39:29.979] ,451,26.27,28.46,99293.85,515479.5,3.56,4.03,4.24,4.36,24.33,28.02,28.36,28.4,28.41,0.49
[2026-05-14 06:39:35.000] ,450,26.28,28.51,99292.34,515090.53,3.5,3.95,4.16,4.27,23.92,27.54,27.87,27.91,27.92,0.49
[2026-05-14 06:39:40.011] ,449,26.31,28.52,99293.34,515090.53,3.39,3.82,4.02,4.13,23.17,26.67,26.98,27.02,27.03,0.49
[2026-05-14 06:39:45.029] ,448,26.27,28.45,99293.17,521384.94,3.42,3.85,4.05,4.15,23.39,26.91,27.22,27.26,27.27,0.49
[2026-05-14 06:39:50.041] ,449,26.25,28.39,99294.48,522182.56,3.29,3.71,3.89,3.99,22.57,25.95,26.25,26.29,26.29,0.49
[2026-05-14 06:39:55.051] ,450,26.2,28.39,99293.32,519796.97,3.39,3.81,4,4.09,23.21,26.68,26.98,27.02,27.03,0.5
[2026-05-14 06:40:00.063] ,453,26.18,28.4,99294.27,520193.03,3.31,3.72,3.9,3.99,22.7,26.09,26.39,26.42,26.43,0.5
[2026-05-14 06:40:05.081] ,451,26.19,28.43,99292.66,522582.28,3.22,3.61,3.79,3.88,22.06,25.36,25.64,25.68,25.68,0.5
[2026-05-14 06:40:10.089] ,451,26.17,28.47,99292,524590.19,3.19,3.59,3.76,3.86,21.89,25.16,25.45,25.48,25.49,0.5
[2026-05-14 06:40:15.107] ,453,26.16,28.46,99293.52,521384.94,3.1,3.49,3.66,3.75,21.24,24.43,24.7,24.74,24.75,0.5
[2026-05-14 06:40:20.121] ,454,26.08,28.51,99294.97,520193.03,3.07,3.46,3.63,3.72,21.05,24.21,24.49,24.52,24.53,0.5
[2026-05-14 06:40:25.137] ,455,26.07,28.56,99294.1,524590.19,3.19,3.59,3.77,3.87,21.82,25.1,25.39,25.43,25.43,0.5
[2026-05-14 06:40:30.141] ,454,26.05,28.58,99296.7,525397.62,3.24,3.66,3.84,3.94,22.22,25.56,25.86,25.89,25.9,0.5
[2026-05-14 06:40:35.161] ,454,25.99,28.64,99295.74,527427.25,3.42,3.85,4.05,4.16,23.4,26.92,27.24,27.28,27.29,0.51
[2026-05-14 06:40:40.172] ,452,26.05,28.67,99295.45,522982.62,3.51,3.96,4.16,4.27,24.01,27.63,27.95,27.99,28,0.51
[2026-05-14 06:40:45.181] ,453,25.96,28.68,99297.4,524590.19,3.6,4.06,4.28,4.39,24.6,28.32,28.65,28.7,28.7,0.52
[2026-05-14 06:40:50.204] ,452,25.97,28.72,99296.61,526613.5,3.77,4.26,4.49,4.61,25.76,29.66,30.02,30.06,30.07,0.52
[2026-05-14 06:40:55.211] ,453,25.83,28.73,99295.01,530707.44,3.95,4.48,4.73,4.86,26.99,31.1,31.48,31.53,31.54,0.53
[2026-05-14 06:41:00.220] ,455,25.73,28.76,99292.7,539515.25,3.86,4.38,4.63,4.76,26.35,30.37,30.75,30.8,30.81,0.53
[2026-05-14 06:41:05.235] ,455,25.81,28.79,99295.4,532778.38,3.73,4.25,4.49,4.62,25.47,29.37,29.75,29.79,29.8,0.53
[2026-05-14 06:41:10.251] ,457,25.92,28.91,99295.45,524187.34,3.58,4.08,4.32,4.44,24.43,28.17,28.54,28.59,28.59,0.53
[2026-05-14 06:41:15.268] ,454,25.8,28.9,99295.4,529062.25,3.53,4.02,4.25,4.38,24.07,27.76,28.12,28.16,28.17,0.52
[2026-05-14 06:41:20.273] ,455,25.84,28.9,99293.63,527020.06,3.42,3.89,4.13,4.25,23.3,26.88,27.23,27.27,27.28,0.53
[2026-05-14 06:41:25.291] ,456,25.94,28.93,99295.38,526613.5,3.39,3.86,4.09,4.21,23.08,26.63,26.98,27.02,27.03,0.52
[2026-05-14 06:41:30.297] ,456,25.9,28.87,99296.27,530295.19,3.27,3.73,3.95,4.07,22.3,25.73,26.06,26.11,26.12,0.52
[2026-05-14 06:41:35.314] ,457,25.9,28.89,99296.09,527020.06,3.27,3.72,3.95,4.07,22.26,25.69,26.02,26.07,26.07,0.52
[2026-05-14 06:41:40.327] ,456,25.84,28.87,99293.73,531533.88,3.58,4.08,4.32,4.45,24.39,28.13,28.5,28.55,28.56,0.52
[2026-05-14 06:41:45.341] ,456,25.83,28.87,99295.71,531948.06,3.73,4.25,4.5,4.63,25.4,29.3,29.68,29.73,29.74,0.52
[2026-05-14 06:41:50.351] ,457,25.89,28.91,99295.23,528243.5,3.81,4.34,4.61,4.74,25.96,29.95,30.35,30.4,30.41,0.52
[2026-05-14 06:41:55.370] ,458,25.94,28.97,99295.66,523785.16,3.74,4.28,4.54,4.68,25.5,29.43,29.82,29.87,29.88,0.52
[2026-05-14 06:42:00.382] ,458,26,29.01,99296.42,523383.59,3.68,4.21,4.47,4.61,25.09,28.96,29.35,29.4,29.41,0.52
[2026-05-14 06:42:05.391] ,457,25.99,28.91,99297.32,529062.25,3.49,3.99,4.24,4.37,23.77,27.44,27.81,27.86,27.87,0.52
[2026-05-14 06:42:10.404] ,455,25.95,28.84,99296.18,527427.25,3.27,3.74,3.98,4.1,22.27,25.72,26.07,26.11,26.12,0.52
[2026-05-14 06:42:15.423] ,455,25.94,28.8,99297.09,530707.44,3.11,3.56,3.79,3.9,21.17,24.45,24.78,24.83,24.83,0.52
[2026-05-14 06:42:20.438] ,454,25.89,28.81,99296.3,531533.88,2.96,3.39,3.61,3.72,20.17,23.3,23.62,23.66,23.66,0.52
[2026-05-14 06:42:25.445] ,453,25.97,28.98,99294.21,524993.56,2.87,3.28,3.49,3.6,19.52,22.54,22.85,22.89,22.9,0.52
[2026-05-14 06:42:30.461] ,453,26.1,29.19,99292.38,519796.97,3.09,3.54,3.76,3.87,21.03,24.29,24.62,24.66,24.67,0.52
[2026-05-14 06:42:35.477] ,452,26.31,29.31,99292.95,517041.16,3.51,4.01,4.25,4.38,23.88,27.57,27.94,27.99,27.99,0.51
[2026-05-14 06:42:40.497] ,453,26.46,29.18,99292.87,513154.59,3.51,4.01,4.25,4.38,23.92,27.6,27.97,28.02,28.03,0.51
[2026-05-14 06:42:45.511] ,455,26.49,28.93,99293.99,511233.16,3.55,4.04,4.28,4.41,24.18,27.89,28.26,28.3,28.31,0.51
[2026-05-14 06:42:50.525] ,456,26.46,28.72,99294.23,513927.22,3.54,4.03,4.26,4.38,24.17,27.87,28.22,28.27,28.28,0.51
[2026-05-14 06:42:55.542] ,459,26.36,28.56,99292.81,515479.5,3.31,3.77,3.98,4.09,22.63,26.08,26.41,26.45,26.46,0.51
[2026-05-14 06:43:00.551] ,459,26.31,28.49,99293.38,516649.84,2.98,3.38,3.57,3.67,20.34,23.44,23.73,23.77,23.77,0.51
[2026-05-14 06:43:05.569] ,459,26.19,28.43,99293.66,522182.56,2.67,3.03,3.2,3.29,18.28,21.06,21.32,21.35,21.35,0.51
[2026-05-14 06:43:10.581] ,458,26.12,28.45,99292.07,526613.5,2.54,2.87,3.03,3.11,17.33,19.97,20.21,20.24,20.25,0.51
[2026-05-14 06:43:15.591] ,458,26.1,28.52,99293.6,521783.44,2.54,2.88,3.03,3.12,17.36,20,20.24,20.27,20.28,0.52
[2026-05-14 06:43:20.612] ,460,26.07,28.61,99295.06,519796.97,2.54,2.89,3.05,3.13,17.38,20.03,20.28,20.31,20.31,0.52
[2026-05-14 06:43:25.625] ,459,26.14,28.74,99292.24,524187.34,2.67,3.04,3.21,3.3,18.23,21.02,21.29,21.32,21.33,0.53
[2026-05-14 06:43:30.630] ,457,26.11,28.68,99292.44,521384.94,2.74,3.12,3.31,3.4,18.71,21.57,21.85,21.89,21.89,0.53
[2026-05-14 06:43:35.653] ,459,26.05,28.67,99293.79,526207.62,2.76,3.15,3.34,3.44,18.81,21.7,21.99,22.03,22.03,0.54
[2026-05-14 06:43:40.668] ,461,26.07,28.67,99292.38,527020.06,2.87,3.27,3.48,3.58,19.53,22.54,22.84,22.88,22.89,0.53
[2026-05-14 06:43:45.681] ,461,26.06,28.65,99293.78,523785.16,2.95,3.37,3.58,3.69,20.1,23.2,23.51,23.55,23.56,0.53
[2026-05-14 06:43:50.688] ,462,26.05,28.66,99294.74,520987.03,3.13,3.58,3.8,3.91,21.35,24.64,24.97,25.01,25.02,0.53
[2026-05-14 06:43:55.701] ,461,25.98,28.66,99296.05,520589.72,2.99,3.42,3.62,3.73,20.39,23.53,23.84,23.88,23.89,0.53
[2026-05-14 06:44:00.715] ,460,25.95,28.7,99295.96,527020.06,2.76,3.14,3.33,3.43,18.79,21.68,21.96,22,22,0.53
[2026-05-14 06:44:05.728] ,461,26,28.77,99294.81,523785.16,2.47,2.81,2.98,3.06,16.84,19.42,19.67,19.71,19.71,0.53
[2026-05-14 06:44:10.744] ,460,25.97,28.78,99294.15,527427.25,2.38,2.71,2.87,2.96,16.25,18.74,18.98,19.01,19.02,0.54
[2026-05-14 06:44:15.761] ,459,25.99,28.76,99293.96,520987.03,2.32,2.65,2.8,2.88,15.84,18.27,18.5,18.53,18.54,0.54
[2026-05-14 06:44:20.779] ,458,25.93,28.73,99294.7,527020.06,2.33,2.65,2.81,2.89,15.9,18.34,18.58,18.61,18.61,0.53
[2026-05-14 06:44:25.784] ,456,25.98,28.78,99294.3,528652.56,2.6,2.96,3.14,3.23,17.77,20.49,20.75,20.79,20.79,0.53
[2026-05-14 06:44:30.801] ,455,26.03,28.85,99293.64,522982.62,3.16,3.6,3.81,3.92,21.53,24.84,25.16,25.2,25.21,0.53
[2026-05-14 06:44:35.820] ,453,26.02,28.85,99293.27,519796.97,3.56,4.06,4.3,4.43,24.24,27.97,28.34,28.38,28.39,0.54
[2026-05-14 06:44:40.831] ,452,26.12,28.93,99293.05,518612.31,3.55,4.05,4.3,4.42,24.21,27.93,28.3,28.35,28.36,0.54
[2026-05-14 06:44:45.847] ,451,26.21,28.89,99293.95,514702.19,3.49,3.99,4.23,4.36,23.78,27.44,27.8,27.85,27.86,0.55
[2026-05-14 06:44:50.855] ,451,26.21,28.81,99294.42,515869.03,3.45,3.95,4.19,4.32,23.49,27.12,27.49,27.54,27.54,0.55
[2026-05-14 06:44:55.878] ,452,26.16,28.72,99293.51,519796.97,3.34,3.83,4.07,4.2,22.75,26.28,26.64,26.68,26.69,0.55
[2026-05-14 06:45:00.895] ,453,26.13,28.69,99291.99,523785.16,3.25,3.72,3.96,4.09,22.07,25.5,25.86,25.9,25.91,0.55
[2026-05-14 06:45:05.901] ,453,26.1,28.66,99294.91,522582.28,3.09,3.55,3.78,3.9,21.04,24.32,24.66,24.7,24.71,0.54
[2026-05-14 06:45:10.917] ,454,26.14,28.7,99293.58,519401.47,2.91,3.34,3.56,3.67,19.8,22.87,23.19,23.23,23.24,0.55
[2026-05-14 06:45:15.934] ,456,26.12,28.72,99292.61,521783.44,2.84,3.26,3.48,3.59,19.32,22.32,22.64,22.68,22.69,0.55
[2026-05-14 06:45:20.954] ,455,26.1,28.77,99291.55,519401.47,2.96,3.4,3.63,3.75,20.09,23.23,23.56,23.6,23.61,0.55
[2026-05-14 06:45:25.961] ,454,26.22,28.85,99292.38,519401.47,2.99,3.45,3.68,3.81,20.28,23.46,23.81,23.85,23.86,0.55
[2026-05-14 06:45:30.984] ,455,26.21,28.82,99291.81,519796.97,2.87,3.32,3.55,3.67,19.46,22.53,22.86,22.91,22.92,0.55
[2026-05-14 06:45:35.989] ,454,26.34,28.81,99293.13,512769.16,2.8,3.24,3.47,3.59,18.99,21.99,22.32,22.36,22.37,0.55
[2026-05-14 06:45:41.004] ,454,26.51,28.82,99293.45,512384.28,2.72,3.15,3.38,3.5,18.45,21.37,21.69,21.73,21.74,0.55
[2026-05-14 06:45:46.021] ,453,26.55,28.64,99292.55,515869.03,2.75,3.19,3.42,3.53,18.66,21.61,21.94,21.98,21.99,0.54
[2026-05-14 06:45:51.041] ,453,26.46,28.49,99292.3,512000,2.83,3.28,3.51,3.64,19.2,22.24,22.57,22.62,22.62,0.55
[2026-05-14 06:45:56.056] ,451,26.4,28.44,99292.16,517041.16,2.73,3.16,3.38,3.5,18.51,21.43,21.75,21.79,21.8,0.55
[2026-05-14 06:46:01.069] ,449,26.35,28.48,99292.19,520193.03,2.56,2.97,3.18,3.29,17.38,20.12,20.43,20.47,20.47,0.55
[2026-05-14 06:46:06.074] ,449,26.39,28.49,99293.99,515479.5,2.56,2.97,3.18,3.29,17.35,20.1,20.4,20.44,20.45,0.55
[2026-05-14 06:46:11.090] ,449,26.4,28.52,99292.67,514702.19,2.41,2.79,2.99,3.1,16.31,18.89,19.18,19.21,19.22,0.55
[2026-05-14 06:46:16.105] ,450,26.4,28.56,99292.52,513154.59,2.4,2.79,2.99,3.09,16.29,18.87,19.15,19.19,19.2,0.55
[2026-05-14 06:46:21.121] ,449,26.37,28.5,99293.77,517825.53,2.61,3.03,3.24,3.36,17.69,20.49,20.8,20.84,20.85,0.55
[2026-05-14 06:46:26.140] ,447,26.4,28.56,99294.12,517041.16,3.17,3.67,3.94,4.07,21.49,24.88,25.26,25.31,25.32,0.54
[2026-05-14 06:46:31.157] ,449,26.37,28.57,99292.96,519006.59,3.34,3.86,4.14,4.28,22.64,26.21,26.61,26.66,26.67,0.54
[2026-05-14 06:46:36.172] ,449,26.3,28.52,99292.16,522182.56,3.36,3.88,4.15,4.29,22.82,26.41,26.8,26.85,26.86,0.53
[2026-05-14 06:46:41.181] ,448,26.27,28.53,99291.77,524590.19,3.42,3.94,4.21,4.34,23.23,26.86,27.25,27.3,27.31,0.53
[2026-05-14 06:46:46.192] ,449,26.33,28.57,99291.46,518218.62,3.38,3.89,4.14,4.28,22.99,26.57,26.95,27,27.01,0.53
[2026-05-14 06:46:51.205] ,450,26.4,28.66,99293.92,515090.53,3.12,3.58,3.82,3.94,21.24,24.54,24.88,24.93,24.93,0.53
[2026-05-14 06:46:56.226] ,450,26.42,28.59,99292.12,513927.22,3.1,3.55,3.78,3.9,21.07,24.35,24.69,24.73,24.74,0.53
[2026-05-14 06:47:01.241] ,450,26.5,28.58,99294.38,513154.59,2.92,3.34,3.56,3.67,19.83,22.91,23.23,23.27,23.28,0.54
[2026-05-14 06:47:06.255] ,451,26.47,28.51,99292.75,516259.12,2.82,3.24,3.45,3.56,19.17,22.15,22.46,22.5,22.51,0.54
[2026-05-14 06:47:11.266] ,451,26.32,28.38,99293.64,524590.19,2.96,3.39,3.62,3.73,20.1,23.23,23.55,23.59,23.6,0.54
[2026-05-14 06:47:16.281] ,452,26.22,28.37,99292.89,526207.62,3.02,3.47,3.7,3.82,20.54,23.74,24.07,24.12,24.12,0.54
[2026-05-14 06:47:21.292] ,450,26.24,28.47,99290.91,520987.03,3.03,3.48,3.7,3.82,20.59,23.79,24.13,24.17,24.18,0.54
[2026-05-14 06:47:26.311] ,453,26.3,28.6,99290.65,517041.16,2.96,3.39,3.61,3.73,20.13,23.25,23.58,23.62,23.63,0.54
[2026-05-14 06:47:31.324] ,451,26.31,28.58,99292.3,516259.12,2.93,3.36,3.58,3.7,19.94,23.04,23.36,23.4,23.41,0.54
[2026-05-14 06:47:36.337] ,453,26.34,28.6,99292.45,521384.94,2.8,3.21,3.42,3.53,19.02,21.98,22.29,22.33,22.33,0.54
[2026-05-14 06:47:41.351] ,453,26.16,28.49,99291.87,534446.75,2.71,3.11,3.31,3.42,18.4,21.26,21.56,21.6,21.61,0.54
[2026-05-14 06:47:46.361] ,454,26.12,28.43,99291.25,533611.25,2.66,3.06,3.26,3.37,18.1,20.92,21.22,21.26,21.27,0.55
[2026-05-14 06:47:51.377] ,454,26.18,28.46,99290.93,529883.56,2.55,2.94,3.13,3.23,17.33,20.04,20.32,20.36,20.37,0.56
[2026-05-14 06:47:56.388] ,457,26.1,28.47,99290.92,529062.25,2.52,2.91,3.11,3.21,17.09,19.78,20.07,20.11,20.11,0.56
[2026-05-14 06:48:01.407] ,456,26.2,28.53,99291.38,524993.56,2.49,2.88,3.09,3.19,16.88,19.55,19.84,19.88,19.89,0.56
[2026-05-14 06:48:06.414] ,455,26.3,28.66,99292.19,519401.47,2.51,2.9,3.11,3.22,16.99,19.67,19.97,20.01,20.02,0.55
[2026-05-14 06:48:11.428] ,456,26.3,28.6,99293.41,523383.59,2.68,3.1,3.33,3.45,18.13,21,21.33,21.37,21.38,0.56
[2026-05-14 06:48:16.441] ,457,26.3,28.51,99294.59,523785.16,3.01,3.49,3.75,3.88,20.35,23.58,23.94,23.99,24,0.55
[2026-05-14 06:48:21.453] ,459,25.94,28.39,99298.83,540369.38,2.99,3.47,3.73,3.86,20.22,23.44,23.81,23.86,23.86,0.56
[2026-05-14 06:48:26.473] ,457,25.87,28.49,99298.3,542516.56,2.79,3.23,3.47,3.6,18.85,21.84,22.18,22.23,22.24,0.55
[2026-05-14 06:48:31.486] ,459,25.99,28.63,99294.14,534028.69,2.66,3.09,3.31,3.43,18.03,20.89,21.22,21.26,21.27,0.55
[2026-05-14 06:48:36.491] ,458,26.06,28.71,99292.3,530295.19,2.49,2.88,3.09,3.2,16.86,19.52,19.82,19.86,19.87,0.55
[2026-05-14 06:48:41.508] ,460,26.13,28.75,99291.51,525397.62,2.46,2.85,3.06,3.16,16.69,19.32,19.62,19.65,19.66,0.55
[2026-05-14 06:48:46.523] ,460,26.24,28.83,99291.31,522582.28,2.29,2.65,2.84,2.93,15.49,17.94,18.21,18.25,18.25,0.55
[2026-05-14 06:48:51.541] ,458,26.31,28.77,99291.88,521384.94,2.34,2.71,2.91,3.01,15.89,18.4,18.68,18.71,18.72,0.55
[2026-05-14 06:48:56.551] ,458,26.31,28.66,99292.74,518218.62,2.67,3.09,3.31,3.42,18.06,20.91,21.23,21.27,21.28,0.56
[2026-05-14 06:49:01.561] ,460,26.24,28.57,99292.98,524187.34,2.98,3.45,3.7,3.83,20.22,23.41,23.77,23.81,23.82,0.55
[2026-05-14 06:49:06.584] ,459,26.1,28.43,99292.73,532778.38,3.18,3.68,3.94,4.08,21.54,24.94,25.31,25.36,25.37,0.55
[2026-05-14 06:49:11.596] ,459,25.92,28.47,99295.66,538239.19,3.07,3.56,3.81,3.94,20.82,24.11,24.48,24.52,24.53,0.55
[2026-05-14 06:49:16.602] ,460,25.98,28.56,99295.34,539089.25,2.9,3.36,3.6,3.73,19.67,22.78,23.12,23.17,23.18,0.56
[2026-05-14 06:49:21.621] ,461,25.75,28.59,99295.23,549503.62,2.64,3.05,3.27,3.39,17.85,20.67,20.99,21.03,21.04,0.56
[2026-05-14 06:49:26.631] ,460,25.7,28.68,99295.64,555766.62,2.55,2.96,3.18,3.29,17.3,20.04,20.35,20.39,20.4,0.56
[2026-05-14 06:49:31.648] ,461,25.6,28.84,99294.48,556219.44,2.52,2.93,3.14,3.25,17.05,19.76,20.07,20.11,20.12,0.57
[2026-05-14 06:49:36.658] ,461,25.6,29.03,99293.9,548620.44,2.74,3.18,3.42,3.54,18.52,21.47,21.8,21.85,21.86,0.56
[2026-05-14 06:49:41.668] ,461,25.64,29.09,99291.88,544680.88,2.88,3.35,3.6,3.74,19.46,22.57,22.93,22.98,22.98,0.57
[2026-05-14 06:49:46.682] ,462,25.68,29.15,99292.84,541226.19,2.83,3.29,3.54,3.68,19.11,22.17,22.52,22.57,22.58,0.57
[2026-05-14 06:49:51.703] ,465,25.8,29.17,99294.68,533611.25,2.6,3.03,3.27,3.39,17.6,20.41,20.74,20.78,20.79,0.56
[2026-05-14 06:49:56.713] ,466,25.81,29.14,99292.05,539942,2.4,2.8,3.01,3.12,16.22,18.82,19.12,19.16,19.17,0.57
[2026-05-14 06:50:01.732] ,467,25.92,29.05,99293.38,534028.69,2.39,2.78,2.99,3.11,16.13,18.71,19.01,19.05,19.06,0.56
[2026-05-14 06:50:06.740] ,467,25.88,28.93,99293.93,537391.75,2.33,2.71,2.92,3.03,15.72,18.23,18.53,18.57,18.57,0.56
[2026-05-14 06:50:11.759] ,467,25.9,28.87,99294.71,536547,2.41,2.8,3.02,3.13,16.25,18.86,19.16,19.2,19.21,0.56
[2026-05-14 06:50:16.771] ,466,25.86,28.8,99292.84,537815.12,2.54,2.97,3.19,3.31,17.18,19.93,20.26,20.3,20.31,0.56
[2026-05-14 06:50:21.791] ,465,25.79,28.78,99292.69,539942,2.61,3.05,3.28,3.4,17.66,20.49,20.82,20.86,20.87,0.56
[2026-05-14 06:50:26.797] ,465,25.9,28.9,99293.48,530707.44,2.58,3,3.23,3.35,17.44,20.22,20.55,20.59,20.6,0.56
[2026-05-14 06:50:31.815] ,464,25.91,28.88,99294,536969.06,2.49,2.89,3.11,3.22,16.82,19.51,19.81,19.85,19.86,0.56
[2026-05-14 06:50:36.831] ,466,25.82,28.86,99294.44,534028.69,2.43,2.83,3.04,3.15,16.43,19.05,19.35,19.39,19.4,0.56
[2026-05-14 06:50:41.844] ,465,25.75,28.87,99293.09,542085.75,2.57,2.99,3.21,3.33,17.41,20.18,20.5,20.54,20.55,0.56
[2026-05-14 06:50:46.861] ,466,25.78,28.89,99293.12,534446.75,2.75,3.19,3.43,3.55,18.6,21.55,21.89,21.94,21.94,0.55
[2026-05-14 06:50:51.875] ,465,25.75,28.91,99292.4,539515.25,2.68,3.11,3.34,3.46,18.11,20.99,21.32,21.36,21.37,0.55
[2026-05-14 06:50:56.886] ,464,25.85,29.04,99292.73,532778.38,2.55,2.96,3.17,3.29,17.25,19.98,20.29,20.34,20.34,0.55
[2026-05-14 06:51:01.901] ,465,26,29.15,99293.46,526613.5,2.34,2.72,2.92,3.02,15.86,18.37,18.66,18.7,18.7,0.56
[2026-05-14 06:51:06.910] ,463,26.1,29.09,99289.83,525397.62,2.23,2.59,2.78,2.88,15.09,17.49,17.77,17.8,17.81,0.56
[2026-05-14 06:51:11.924] ,465,26.21,28.98,99291.24,523383.59,2.23,2.6,2.79,2.89,15.1,17.5,17.78,17.82,17.82,0.56
[2026-05-14 06:51:16.934] ,465,26.28,28.84,99289.95,523383.59,2.32,2.7,2.9,3.01,15.67,18.18,18.47,18.5,18.51,0.56
[2026-05-14 06:51:21.951] ,465,26.38,28.71,99291.6,517433.06,2.44,2.84,3.06,3.17,16.49,19.13,19.43,19.47,19.48,0.56
[2026-05-14 06:51:26.964] ,467,26.44,28.56,99290.7,517825.53,2.57,2.99,3.22,3.34,17.35,20.13,20.45,20.5,20.5,0.56
[2026-05-14 06:51:31.971] ,468,26.41,28.43,99291.25,520589.72,3.01,3.51,3.78,3.92,20.32,23.58,23.96,24.01,24.02,0.55
[2026-05-14 06:51:36.986] ,468,26.32,28.37,99291.59,521783.44,3.28,3.83,4.12,4.27,22.18,25.73,26.14,26.19,26.2,0.55
[2026-05-14 06:51:41.999] ,469,26.26,28.39,99291.18,523383.59,3.28,3.82,4.12,4.27,22.18,25.72,26.14,26.19,26.2,0.55
[2026-05-14 06:51:47.018] ,469,26.35,28.47,99290.44,520987.03,3.29,3.83,4.13,4.28,22.24,25.79,26.21,26.26,26.27,0.56
[2026-05-14 06:51:52.036] ,466,26.35,28.46,99288.57,521384.94,3.22,3.76,4.04,4.2,21.76,25.24,25.65,25.7,25.71,0.56
[2026-05-14 06:51:57.044] ,467,26.48,28.47,99287.78,515869.03,2.99,3.49,3.76,3.9,20.17,23.41,23.79,23.84,23.85,0.56
[2026-05-14 06:52:02.061] ,468,26.62,28.49,99290.04,510468.59,2.78,3.24,3.49,3.62,18.74,21.75,22.1,22.15,22.16,0.55
[2026-05-14 06:52:07.076] ,467,26.74,28.4,99290.48,507056.19,2.4,2.8,3.02,3.13,16.23,18.83,19.14,19.18,19.18,0.55
[2026-05-14 06:52:12.079] ,467,26.81,28.26,99290.79,505554.19,2.28,2.65,2.86,2.96,15.39,17.85,18.13,18.17,18.18,0.56
[2026-05-14 06:52:17.101] ,470,26.77,28.1,99292.2,511233.16,2.29,2.66,2.87,2.97,15.45,17.92,18.21,18.24,18.25,0.56
[2026-05-14 06:52:22.111] ,471,26.69,27.97,99290.98,514314.41,2.41,2.8,3.02,3.13,16.26,18.86,19.17,19.21,19.21,0.55
[2026-05-14 06:52:27.119] ,473,26.6,27.89,99289.36,523383.59,2.49,2.9,3.12,3.24,16.87,19.56,19.87,19.91,19.92,0.55
[2026-05-14 06:52:32.139] ,470,26.48,27.84,99289.54,531533.88,2.45,2.85,3.06,3.17,16.56,19.2,19.5,19.54,19.55,0.55
[2026-05-14 06:52:37.151] ,471,26.57,27.93,99289.92,519796.97,2.47,2.87,3.09,3.2,16.72,19.38,19.69,19.73,19.73,0.55
[2026-05-14 06:52:42.166] ,469,26.6,28.01,99289.59,517041.16,2.39,2.78,2.99,3.1,16.2,18.78,19.07,19.11,19.12,0.55
[2026-05-14 06:52:47.182] ,471,26.54,27.99,99288.42,520193.03,2.38,2.77,2.98,3.08,16.13,18.69,18.99,19.03,19.03,0.55
[2026-05-14 06:52:52.191] ,470,26.55,27.97,99290.26,519401.47,2.25,2.62,2.81,2.91,15.22,17.65,17.92,17.96,17.97,0.56
[2026-05-14 06:52:57.211] ,471,26.56,27.94,99290.24,524590.19,2.09,2.43,2.62,2.71,14.17,16.43,16.68,16.72,16.72,0.55
[2026-05-14 06:53:02.222] ,468,26.38,27.88,99288.38,530707.44,1.93,2.25,2.41,2.5,13.08,15.16,15.4,15.43,15.43,0.56
[2026-05-14 06:53:07.241] ,469,26.39,27.9,99290.57,528652.56,1.94,2.26,2.43,2.51,13.15,15.25,15.49,15.52,15.52,0.55
[2026-05-14 06:53:12.251] ,471,26.45,28.05,99289.12,522582.28,1.98,2.3,2.46,2.55,13.39,15.51,15.75,15.78,15.79,0.55
[2026-05-14 06:53:17.271] ,474,26.41,28.08,99291.36,520193.03,2.07,2.4,2.57,2.66,14.02,16.24,16.48,16.52,16.52,0.55
[2026-05-14 06:53:22.284] ,473,26.26,28.05,99288.36,531948.06,2.3,2.66,2.85,2.95,15.62,18.08,18.36,18.39,18.4,0.55
[2026-05-14 06:53:27.292] ,473,26.12,28.05,99287.11,535704.94,2.46,2.83,3.03,3.13,16.66,19.28,19.56,19.6,19.61,0.54
[2026-05-14 06:53:32.311] ,474,26.14,28.18,99285.9,534028.69,2.38,2.74,2.93,3.03,16.18,18.72,18.99,19.02,19.03,0.54
[2026-05-14 06:53:37.322] ,474,26.2,28.33,99286.04,536969.06,2.33,2.68,2.86,2.95,15.83,18.3,18.57,18.6,18.61,0.55
[2026-05-14 06:53:42.337] ,475,26.3,28.39,99286.39,530707.44,2.22,2.55,2.72,2.81,15.11,17.46,17.71,17.74,17.74,0.54
[2026-05-14 06:53:47.351] ,475,26.42,28.49,99287.98,527427.25,2.19,2.52,2.68,2.76,14.92,17.24,17.48,17.51,17.52,0.54
[2026-05-14 06:53:52.362] ,476,26.48,28.4,99286.46,523383.59,2.29,2.63,2.8,2.88,15.58,18,18.25,18.28,18.29,0.55
[2026-05-14 06:53:57.381] ,473,26.51,28.3,99288.73,523383.59,2.4,2.76,2.93,3.03,16.35,18.89,19.15,19.19,19.19,0.55
[2026-05-14 06:54:02.391] ,471,26.42,28.19,99288.16,521384.94,2.37,2.72,2.9,2.99,16.11,18.61,18.87,18.91,18.91,0.55
[2026-05-14 06:54:07.407] ,472,26.34,28.15,99288.37,522582.28,2.88,3.31,3.52,3.64,19.56,22.61,22.93,22.97,22.98,0.55
[2026-05-14 06:54:12.421] ,470,26.34,28.19,99287.8,524187.34,3.03,3.48,3.71,3.83,20.58,23.8,24.14,24.18,24.19,0.55
[2026-05-14 06:54:17.431] ,468,26.41,28.21,99288.37,522982.62,2.73,3.14,3.35,3.46,18.53,21.43,21.74,21.78,21.78,0.55
[2026-05-14 06:54:22.440] ,468,26.39,28.19,99287.17,522582.28,2.53,2.91,3.11,3.21,17.2,19.89,20.17,20.21,20.21,0.55
[2026-05-14 06:54:27.460] ,468,26.49,28.25,99286.34,517041.16,2.4,2.77,2.95,3.05,16.33,18.88,19.15,19.19,19.19,0.54
[2026-05-14 06:54:32.467] ,468,26.52,28.25,99287.02,516259.12,2.51,2.89,3.08,3.17,17.07,19.73,20.01,20.04,20.05,0.54
[2026-05-14 06:54:37.481] ,470,26.56,28.26,99286.98,513927.22,2.56,2.94,3.13,3.23,17.37,20.08,20.36,20.4,20.41,0.55
[2026-05-14 06:54:42.500] ,470,26.56,28.18,99286.23,516259.12,2.53,2.91,3.09,3.19,17.23,19.9,20.18,20.22,20.22,0.54
[2026-05-14 06:54:47.505] ,470,26.52,28.13,99288.45,519006.59,2.47,2.84,3.02,3.11,16.83,19.45,19.71,19.75,19.75,0.54
[2026-05-14 06:54:52.521] ,471,26.51,28.1,99287.01,516649.84,2.34,2.68,2.85,2.94,15.96,18.43,18.68,18.71,18.72,0.54
[2026-05-14 06:54:57.536] ,470,26.52,28.06,99286.39,516649.84,2.41,2.76,2.94,3.03,16.42,18.96,19.22,19.26,19.26,0.54
[2026-05-14 06:55:02.545] ,471,26.39,28.04,99288.78,518218.62,2.46,2.82,3,3.09,16.76,19.36,19.63,19.66,19.67,0.54
[2026-05-14 06:55:07.560] ,471,26.35,28.04,99288.33,522982.62,2.46,2.82,3,3.1,16.71,19.31,19.58,19.61,19.62,0.55
[2026-05-14 06:55:12.577] ,470,26.27,28.07,99287.47,523383.59,2.55,2.93,3.13,3.23,17.29,19.99,20.28,20.32,20.32,0.55
[2026-05-14 06:55:17.591] ,470,26.13,28.12,99286.12,524590.19,2.47,2.86,3.06,3.16,16.78,19.42,19.71,19.75,19.75,0.55
[2026-05-14 06:55:22.600] ,466,26.08,28.23,99285.57,524590.19,2.44,2.82,3.03,3.13,16.54,19.15,19.44,19.48,19.49,0.55
[2026-05-14 06:55:27.616] ,466,26.1,28.39,99286.48,525802.31,2.39,2.76,2.96,3.07,16.16,18.72,19.01,19.04,19.05,0.55
[2026-05-14 06:55:32.631] ,465,26.18,28.47,99285.65,525802.31,2.7,3.13,3.36,3.48,18.24,21.14,21.47,21.51,21.52,0.55
[2026-05-14 06:55:37.650] ,466,26.14,28.57,99286.27,532778.38,2.77,3.22,3.46,3.59,18.71,21.7,22.04,22.09,22.1,0.55
[2026-05-14 06:55:42.661] ,465,26.01,28.58,99289.89,539942,2.71,3.15,3.39,3.51,18.3,21.22,21.55,21.6,21.61,0.55
[2026-05-14 06:55:47.670] ,465,26,28.55,99288.87,538239.19,2.6,3.03,3.26,3.38,17.58,20.39,20.72,20.76,20.77,0.55
[2026-05-14 06:55:52.691] ,467,26.09,28.62,99284.45,529883.56,2.57,3,3.23,3.35,17.37,20.15,20.48,20.52,20.53,0.55
[2026-05-14 06:55:57.698] ,469,26.19,28.72,99284.93,526613.5,2.41,2.81,3.03,3.15,16.27,18.88,19.19,19.23,19.23,0.55
[2026-05-14 06:56:02.718] ,469,26.26,28.65,99284.74,524187.34,2.17,2.53,2.73,2.84,14.63,16.98,17.26,17.3,17.3,0.55
[2026-05-14 06:56:07.725] ,471,26.35,28.57,99284.07,519401.47,2.11,2.47,2.66,2.77,14.25,16.55,16.82,16.86,16.86,0.55
[2026-05-14 06:56:12.736] ,471,26.3,28.42,99284.31,525802.31,2.12,2.47,2.67,2.77,14.27,16.57,16.85,16.88,16.89,0.56
[2026-05-14 06:56:17.750] ,472,26.42,28.4,99286.95,524187.34,2.19,2.56,2.76,2.87,14.77,17.15,17.43,17.47,17.48,0.56
[2026-05-14 06:56:22.771] ,472,26.5,28.38,99285.59,523383.59,2.22,2.6,2.81,2.92,15,17.42,17.71,17.75,17.76,0.56
[2026-05-14 06:56:27.780] ,472,26.48,28.3,99286.33,517041.16,2.42,2.83,3.06,3.18,16.3,18.94,19.25,19.3,19.3,0.56
[2026-05-14 06:56:32.794] ,471,26.52,28.25,99284.3,519006.59,2.56,2.99,3.23,3.36,17.24,20.02,20.36,20.4,20.41,0.56
[2026-05-14 06:56:37.810] ,471,26.43,28.13,99285.59,520589.72,2.51,2.94,3.17,3.3,16.93,19.67,19.99,20.04,20.05,0.56
[2026-05-14 06:56:42.822] ,470,26.49,28.14,99283.16,518612.31,2.55,2.98,3.22,3.35,17.2,19.97,20.3,20.35,20.36,0.56
[2026-05-14 06:56:47.841] ,470,26.48,28.16,99284.51,514314.41,2.44,2.86,3.1,3.22,16.48,19.15,19.47,19.51,19.52,0.57
[2026-05-14 06:56:52.854] ,469,26.41,28.18,99285.71,524187.34,2.37,2.78,3.01,3.12,15.97,18.55,18.87,18.91,18.92,0.57
[2026-05-14 06:56:57.871] ,467,26.36,28.13,99284.3,524187.34,2.2,2.58,2.79,2.9,14.81,17.21,17.5,17.54,17.55,0.57
[2026-05-14 06:57:02.879] ,467,26.26,28.14,99283.5,526207.62,2.06,2.42,2.63,2.73,13.87,16.13,16.41,16.45,16.45,0.58
[2026-05-14 06:57:07.894] ,467,26.35,28.24,99284.59,525397.62,2.01,2.36,2.56,2.66,13.5,15.7,15.98,16.02,16.02,0.58
[2026-05-14 06:57:12.911] ,465,26.4,28.31,99283.69,526207.62,2.3,2.71,2.94,3.06,15.51,18.04,18.35,18.39,18.4,0.57
[2026-05-14 06:57:17.916] ,466,26.37,28.2,99285.27,528652.56,2.64,3.1,3.37,3.5,17.74,20.63,20.99,21.04,21.05,0.57
[2026-05-14 06:57:22.930] ,465,26.32,28.21,99283.19,526613.5,2.75,3.24,3.51,3.66,18.49,21.51,21.89,21.94,21.95,0.57
[2026-05-14 06:57:27.951] ,464,26.33,28.22,99283.68,526613.5,2.77,3.26,3.54,3.69,18.63,21.68,22.06,22.11,22.12,0.56
[2026-05-14 06:57:32.958] ,465,26.3,28.18,99283.95,527835.06,2.67,3.15,3.42,3.56,17.99,20.93,21.29,21.34,21.35,0.56
[2026-05-14 06:57:37.971] ,464,26.24,28.17,99283.33,531533.88,2.67,3.15,3.42,3.56,17.94,20.88,21.25,21.3,21.31,0.57
[2026-05-14 06:57:42.984] ,464,26.16,28.17,99283.19,533611.25,2.62,3.1,3.37,3.51,17.61,20.5,20.87,20.92,20.93,0.57
[2026-05-14 06:57:48.001] ,463,26.11,28.2,99283.06,531948.06,2.49,2.95,3.2,3.34,16.73,19.48,19.84,19.88,19.89,0.56
[2026-05-14 06:57:53.018] ,463,26.05,28.28,99282.55,530707.44,2.54,3.01,3.27,3.41,17.08,19.89,20.25,20.3,20.31,0.56
[2026-05-14 06:57:58.030] ,461,26,28.32,99285.34,537815.12,2.46,2.91,3.17,3.3,16.55,19.27,19.62,19.67,19.67,0.57
[2026-05-14 06:58:03.038] ,458,26.12,28.43,99282.02,529472.62,2.37,2.8,3.04,3.17,15.91,18.53,18.86,18.91,18.91,0.56
[2026-05-14 06:58:08.053] ,457,26.26,28.53,99282.42,527020.06,2.31,2.73,2.96,3.09,15.49,18.04,18.36,18.41,18.41,0.56
[2026-05-14 06:58:13.071] ,457,26.32,28.46,99283.5,525397.62,2.13,2.51,2.73,2.84,14.3,16.65,16.94,16.98,16.99,0.56
[2026-05-14 06:58:18.087] ,457,26.33,28.37,99282.71,524590.19,2.03,2.39,2.6,2.71,13.62,15.85,16.13,16.17,16.18,0.56
[2026-05-14 06:58:23.102] ,458,26.38,28.34,99283.45,521783.44,1.86,2.2,2.39,2.49,12.49,14.54,14.8,14.83,14.84,0.56
[2026-05-14 06:58:28.110] ,459,26.39,28.29,99282.26,520589.72,2.08,2.46,2.68,2.79,13.99,16.29,16.58,16.62,16.63,0.57
[2026-05-14 06:58:33.123] ,460,26.46,28.29,99282.29,517433.06,2.28,2.7,2.94,3.06,15.29,17.81,18.14,18.18,18.19,0.57
[2026-05-14 06:58:38.138] ,461,26.47,28.29,99283.81,520193.03,2.23,2.64,2.87,2.99,14.95,17.41,17.73,17.78,17.78,0.56
[2026-05-14 06:58:43.151] ,459,26.43,28.22,99283.76,520589.72,2.16,2.57,2.8,2.91,14.51,16.91,17.22,17.27,17.27,0.57
[2026-05-14 06:58:48.169] ,458,26.4,28.18,99284.04,521783.44,2.25,2.67,2.92,3.04,15.07,17.58,17.91,17.95,17.96,0.57
[2026-05-14 06:58:53.178] ,457,26.32,28.16,99284.19,526613.5,2.41,2.87,3.13,3.27,16.14,18.82,19.18,19.23,19.24,0.57
[2026-05-14 06:58:58.194] ,456,26.19,28.15,99284.55,536547,2.49,2.97,3.24,3.39,16.66,19.44,19.81,19.86,19.87,0.57
[2026-05-14 06:59:03.211] ,454,26.25,28.23,99285.08,529883.56,2.51,2.99,3.28,3.42,16.77,19.58,19.96,20.01,20.02,0.57
[2026-05-14 06:59:08.221] ,455,26.24,28.29,99286.38,530707.44,2.72,3.25,3.55,3.71,18.22,21.26,21.67,21.73,21.74,0.56
[2026-05-14 06:59:13.236] ,455,26.11,28.32,99286,535284.88,2.89,3.44,3.75,3.92,19.32,22.54,22.97,23.03,23.04,0.55
[2026-05-14 06:59:18.251] ,457,25.96,28.37,99288.37,540797.44,2.91,3.45,3.76,3.93,19.47,22.7,23.13,23.19,23.2,0.55
[2026-05-14 06:59:23.261] ,457,26.06,28.53,99284.28,530295.19,2.67,3.17,3.45,3.6,17.93,20.9,21.28,21.33,21.34,0.55
[2026-05-14 06:59:28.276] ,457,26.13,28.72,99283.82,526613.5,2.65,3.14,3.42,3.57,17.79,20.73,21.11,21.17,21.17,0.56
[2026-05-14 06:59:33.291] ,458,26.24,28.88,99283.23,519796.97,2.8,3.31,3.61,3.76,18.79,21.89,22.29,22.34,22.35,0.55
[2026-05-14 06:59:38.300] ,460,26.3,28.79,99282.77,519796.97,2.79,3.3,3.59,3.74,18.71,21.79,22.18,22.24,22.25,0.55
[2026-05-14 06:59:43.318] ,460,26.43,28.72,99284.72,520987.03,2.75,3.25,3.54,3.69,18.45,21.49,21.88,21.94,21.94,0.56
[2026-05-14 06:59:48.324] ,458,26.43,28.56,99282.31,515479.5,3.5,4.14,4.51,4.69,23.51,27.38,27.88,27.94,27.95,0.56
[2026-05-14 06:59:53.342] ,459,26.42,28.44,99282.63,521783.44,3.43,4.06,4.42,4.6,23.07,26.86,27.35,27.41,27.42,0.56
[2026-05-14 06:59:58.354] ,459,26.47,28.35,99282.2,519401.47,3.29,3.89,4.23,4.41,22.06,25.69,26.16,26.22,26.23,0.56
[2026-05-14 07:00:03.372] ,459,26.56,28.34,99283.63,515090.53,3.05,3.61,3.93,4.1,20.49,23.86,24.3,24.35,24.36,0.56
[2026-05-14 07:00:08.381] ,458,26.62,28.31,99285.94,515479.5,2.79,3.31,3.6,3.75,18.74,21.83,22.23,22.29,22.3,0.57
[2026-05-14 07:00:13.393] ,459,26.55,28.19,99284.67,517041.16,2.54,3.01,3.28,3.42,17.03,19.84,20.21,20.26,20.27,0.57
[2026-05-14 07:00:18.411] ,459,26.45,28.14,99287.03,524993.56,2.32,2.76,3.01,3.14,15.54,18.12,18.47,18.51,18.52,0.56
[2026-05-14 07:00:23.421] ,458,26.21,28.07,99285.63,534865.5,2.6,3.09,3.38,3.53,17.4,20.29,20.68,20.73,20.74,0.57
[2026-05-14 07:00:28.440] ,457,26.24,28.16,99285.98,531533.88,2.76,3.29,3.59,3.75,18.44,21.52,21.93,21.99,22,0.57
[2026-05-14 07:00:33.449] ,458,26.16,28.19,99284.27,542948.06,2.74,3.28,3.59,3.76,18.35,21.42,21.84,21.9,21.91,0.57
[2026-05-14 07:00:38.465] ,459,26.18,28.27,99283.47,534865.5,2.56,3.06,3.36,3.52,17.07,19.95,20.35,20.4,20.41,0.57
[2026-05-14 07:00:43.472] ,458,26.14,28.33,99283.48,534865.5,2.31,2.78,3.05,3.19,15.44,18.05,18.41,18.46,18.47,0.57
[2026-05-14 07:00:48.488] ,458,26.04,28.31,99284.79,535284.88,2.31,2.77,3.05,3.19,15.4,18,18.37,18.42,18.43,0.57
[2026-05-14 07:00:53.501] ,459,26.03,28.37,99282.97,536969.06,2.37,2.84,3.12,3.27,15.78,18.45,18.82,18.87,18.88,0.56
[2026-05-14 07:00:58.518] ,461,26.01,28.42,99283.8,537815.12,2.35,2.82,3.09,3.24,15.66,18.3,18.67,18.72,18.73,0.57
[2026-05-14 07:01:03.537] ,459,26.04,28.49,99282.34,533611.25,2.31,2.77,3.04,3.18,15.41,18.01,18.37,18.42,18.43,0.56
[2026-05-14 07:01:08.547] ,458,25.93,28.5,99286.46,539089.25,2.53,3.04,3.34,3.5,16.91,19.77,20.17,20.22,20.23,0.57
[2026-05-14 07:01:13.563] ,459,25.93,28.57,99287.04,531533.88,2.6,3.12,3.43,3.59,17.31,20.25,20.66,20.71,20.72,0.57
[2026-05-14 07:01:18.571] ,461,26.02,28.69,99283.12,527835.06,2.49,2.99,3.29,3.45,16.57,19.39,19.79,19.84,19.85,0.58
[2026-05-14 07:01:23.580] ,462,26.18,28.81,99284.48,529062.25,2.31,2.78,3.06,3.21,15.38,18,18.37,18.42,18.43,0.57
[2026-05-14 07:01:28.598] ,462,26.28,28.78,99283.7,525802.31,2,2.41,2.65,2.78,13.31,15.58,15.9,15.95,15.96,0.57
[2026-05-14 07:01:33.611] ,465,26.28,28.66,99284.45,528243.5,1.94,2.33,2.57,2.7,12.89,15.09,15.4,15.45,15.45,0.58
[2026-05-14 07:01:38.621] ,465,26.32,28.47,99282.41,522982.62,2.01,2.42,2.67,2.8,13.37,15.65,15.98,16.02,16.03,0.57
[2026-05-14 07:01:43.633] ,466,26.33,28.42,99283.22,524187.34,1.95,2.35,2.59,2.72,12.98,15.19,15.51,15.55,15.56,0.58
[2026-05-14 07:01:48.645] ,468,26.32,28.37,99281.98,528243.5,1.9,2.3,2.54,2.66,12.68,14.85,15.16,15.2,15.21,0.58
[2026-05-14 07:01:53.667] ,467,26.36,28.37,99283.29,524187.34,2.06,2.48,2.74,2.87,13.68,16.02,16.35,16.4,16.41,0.58
[2026-05-14 07:01:58.676] ,466,26.44,28.41,99282.52,520193.03,2.05,2.47,2.73,2.86,13.61,15.94,16.28,16.33,16.33,0.58
[2026-05-14 07:02:03.689] ,465,26.48,28.41,99281.61,520193.03,2.31,2.79,3.08,3.23,15.34,17.97,18.35,18.4,18.41,0.58
[2026-05-14 07:02:08.698] ,466,26.43,28.3,99282.34,522182.56,2.43,2.94,3.24,3.4,16.14,18.91,19.32,19.37,19.38,0.58
[2026-05-14 07:02:13.721] ,464,26.17,28.19,99282.19,536969.06,2.4,2.91,3.21,3.37,15.97,18.72,19.12,19.17,19.18,0.58
[2026-05-14 07:02:18.727] ,462,26.13,28.22,99281.61,537391.75,2.23,2.7,2.99,3.14,14.84,17.39,17.77,17.82,17.83,0.58
[2026-05-14 07:02:23.743] ,463,26.14,28.28,99280.55,535284.88,2.07,2.51,2.77,2.91,13.75,16.11,16.46,16.51,16.52,0.58
[2026-05-14 07:02:28.761] ,462,26.11,28.35,99280.41,534028.69,2.13,2.58,2.86,3,14.15,16.58,16.94,16.99,17,0.59
[2026-05-14 07:02:33.771] ,463,26.13,28.43,99279.71,534446.75,2.16,2.63,2.91,3.06,14.34,16.83,17.2,17.25,17.26,0.59
[2026-05-14 07:02:38.783] ,462,26.09,28.41,99280.01,536125.62,2.06,2.51,2.78,2.92,13.63,16,16.36,16.41,16.42,0.59
[2026-05-14 07:02:43.802] ,461,25.99,28.38,99281.38,539942,2.03,2.47,2.74,2.89,13.43,15.77,16.12,16.17,16.18,0.59
[2026-05-14 07:02:48.815] ,461,25.98,28.42,99281.51,540369.38,2.06,2.51,2.78,2.93,13.65,16.02,16.38,16.43,16.44,0.58
[2026-05-14 07:02:53.820] ,457,26.02,28.51,99277.96,534028.69,2.01,2.45,2.71,2.85,13.33,15.64,15.99,16.04,16.04,0.58
[2026-05-14 07:02:58.841] ,457,26.15,28.62,99280.12,529062.25,2.17,2.63,2.91,3.06,14.39,16.88,17.25,17.3,17.31,0.58
[2026-05-14 07:03:03.853] ,454,26.28,28.58,99279.76,530295.19,2.2,2.67,2.95,3.1,14.64,17.15,17.52,17.57,17.58,0.58
[2026-05-14 07:03:08.865] ,454,26.18,28.4,99279.22,531533.88,2.02,2.44,2.69,2.82,13.42,15.72,16.05,16.1,16.11,0.58
[2026-05-14 07:03:13.881] ,456,26.13,28.34,99278.75,537391.75,1.87,2.25,2.48,2.6,12.42,14.54,14.85,14.89,14.9,0.58
[2026-05-14 07:03:18.894] ,456,26.1,28.35,99280.44,535284.88,1.8,2.17,2.39,2.51,12.02,14.07,14.36,14.4,14.4,0.58
[2026-05-14 07:03:23.911] ,454,26.08,28.37,99279.29,534865.5,1.85,2.23,2.45,2.57,12.32,14.42,14.72,14.76,14.76,0.58
[2026-05-14 07:03:28.928] ,455,26.1,28.43,99280.54,529472.62,2.01,2.42,2.66,2.79,13.42,15.7,16.02,16.06,16.07,0.58
[2026-05-14 07:03:33.941] ,455,26.05,28.43,99281.2,536969.06,2.09,2.51,2.76,2.89,13.93,16.29,16.62,16.67,16.68,0.58
[2026-05-14 07:03:38.951] ,454,26.04,28.42,99280.36,538663.88,2.08,2.5,2.74,2.87,13.87,16.21,16.54,16.59,16.6,0.58
[2026-05-14 07:03:43.967] ,453,26.03,28.44,99282.18,533194.5,1.97,2.37,2.6,2.72,13.18,15.4,15.71,15.76,15.76,0.58
[2026-05-14 07:03:48.981] ,453,25.97,28.48,99284.8,534028.69,1.83,2.19,2.41,2.52,12.2,14.26,14.54,14.58,14.59,0.58
[2026-05-14 07:03:53.989] ,452,26,28.57,99281.17,529472.62,1.73,2.08,2.28,2.39,11.57,13.52,13.79,13.83,13.84,0.58
[2026-05-14 07:03:59.009] ,451,25.99,28.59,99283.91,533194.5,1.82,2.19,2.4,2.52,12.16,14.21,14.5,14.54,14.55,0.59
[2026-05-14 07:04:04.021] ,452,26.07,28.64,99281.56,531120.31,1.81,2.17,2.39,2.5,12.05,14.09,14.38,14.42,14.43,0.59
[2026-05-14 07:04:09.036] ,450,26.08,28.66,99281.02,534446.75,1.75,2.11,2.32,2.43,11.69,13.68,13.96,14,14.01,0.59
[2026-05-14 07:04:14.048] ,451,26.06,28.63,99281.2,536969.06,1.82,2.19,2.41,2.53,12.12,14.18,14.47,14.51,14.52,0.59
[2026-05-14 07:04:19.067] ,452,26.03,28.6,99281.78,538663.88,2.11,2.54,2.8,2.94,14.04,16.43,16.77,16.82,16.83,0.6
[2026-05-14 07:04:24.076] ,453,26.19,28.7,99282.09,528243.5,2.12,2.56,2.82,2.96,14.11,16.52,16.87,16.91,16.92,0.59
[2026-05-14 07:04:29.091] ,455,26.28,28.7,99280.5,525802.31,1.97,2.37,2.62,2.75,13.08,15.32,15.64,15.69,15.69,0.6
[2026-05-14 07:04:34.106] ,456,26.4,28.65,99281.01,524590.19,1.86,2.24,2.47,2.6,12.35,14.46,14.77,14.81,14.82,0.6
[2026-05-14 07:04:39.113] ,456,26.54,28.59,99282.79,521384.94,1.84,2.23,2.46,2.58,12.26,14.36,14.67,14.71,14.72,0.6
[2026-05-14 07:04:44.130] ,457,26.64,28.48,99281.69,518218.62,2.12,2.57,2.84,2.98,14.1,16.53,16.89,16.94,16.95,0.6
[2026-05-14 07:04:49.142] ,457,26.62,28.27,99281.16,518612.31,2.21,2.68,2.97,3.11,14.71,17.24,17.61,17.66,17.67,0.6
[2026-05-14 07:04:54.161] ,455,26.5,28.1,99282.36,527427.25,2.15,2.61,2.89,3.03,14.29,16.75,17.12,17.17,17.18,0.6
[2026-05-14 07:04:59.171] ,456,26.46,28.08,99281.36,526613.5,2.16,2.63,2.91,3.05,14.34,16.82,17.19,17.24,17.25,0.61
[2026-05-14 07:05:04.181] ,456,26.52,28.18,99281.7,522182.56,2.11,2.57,2.85,3,14.01,16.44,16.81,16.86,16.87,0.61
[2026-05-14 07:05:09.197] ,457,26.49,28.17,99280.83,520193.03,2.02,2.47,2.74,2.88,13.41,15.75,16.1,16.15,16.16,0.6
[2026-05-14 07:05:14.214] ,459,26.49,28.16,99281.08,523383.59,2.01,2.45,2.72,2.86,13.29,15.61,15.96,16.01,16.02,0.6
[2026-05-14 07:05:19.229] ,460,26.49,28.17,99280.7,523383.59,2.19,2.68,2.97,3.13,14.52,17.05,17.43,17.49,17.5,0.6
[2026-05-14 07:05:24.244] ,456,26.54,28.21,99282.96,520193.03,2.09,2.56,2.84,2.99,13.87,16.29,16.66,16.71,16.72,0.6
[2026-05-14 07:05:29.251] ,456,26.51,28.19,99281.4,523785.16,2.11,2.58,2.86,3.01,14.01,16.45,16.82,16.88,16.88,0.59
[2026-05-14 07:05:34.266] ,454,26.4,28.11,99281.45,528652.56,2.03,2.48,2.75,2.89,13.45,15.79,16.15,16.2,16.21,0.59
[2026-05-14 07:05:39.281] ,455,26.4,28.15,99281.82,524993.56,1.95,2.38,2.64,2.77,12.89,15.14,15.48,15.53,15.54,0.59
[2026-05-14 07:05:44.297] ,454,26.46,28.23,99282.38,520193.03,1.86,2.27,2.52,2.65,12.29,14.43,14.76,14.81,14.81,0.59
[2026-05-14 07:05:49.313] ,454,26.52,28.34,99283.05,519401.47,1.83,2.24,2.49,2.62,12.12,14.24,14.57,14.62,14.62,0.6
[2026-05-14 07:05:54.321] ,455,26.48,28.3,99280.8,522982.62,1.9,2.32,2.59,2.72,12.53,14.74,15.08,15.13,15.13,0.6
[2026-05-14 07:05:59.337] ,453,26.47,28.22,99281.01,522182.56,2.14,2.63,2.93,3.08,14.18,16.67,17.06,17.11,17.12,0.6
[2026-05-14 07:06:04.353] ,453,26.54,28.25,99282.08,520193.03,2.28,2.8,3.12,3.28,15.05,17.7,18.11,18.17,18.18,0.6
[2026-05-14 07:06:09.367] ,452,26.58,28.29,99282.84,518218.62,2.21,2.71,3.03,3.19,14.59,17.17,17.57,17.63,17.64,0.6
[2026-05-14 07:06:14.378] ,450,26.61,28.22,99283.09,522182.56,2.07,2.55,2.84,2.99,13.67,16.09,16.47,16.52,16.53,0.6
[2026-05-14 07:06:19.387] ,452,26.52,28.09,99282.52,525802.31,1.89,2.33,2.6,2.74,12.5,14.72,15.07,15.12,15.12,0.6
[2026-05-14 07:06:24.411] ,451,26.54,28.05,99283.5,525397.62,2.04,2.51,2.8,2.95,13.43,15.81,16.19,16.24,16.25,0.6
[2026-05-14 07:06:29.417] ,451,26.41,28,99281.64,527835.06,2.08,2.56,2.86,3.02,13.76,16.2,16.58,16.64,16.65,0.59
[2026-05-14 07:06:34.435] ,448,26.39,28.01,99281.97,530707.44,2.04,2.5,2.79,2.94,13.44,15.82,16.19,16.24,16.25,0.59
[2026-05-14 07:06:39.451] ,449,26.35,28.05,99282.47,531948.06,2.17,2.66,2.97,3.13,14.3,16.82,17.22,17.28,17.29,0.59
[2026-05-14 07:06:44.461] ,451,26.31,28.09,99281.88,531120.31,2.18,2.68,2.99,3.16,14.41,16.95,17.35,17.41,17.42,0.59
[2026-05-14 07:06:49.477] ,453,26.29,28.13,99282.03,528243.5,2.41,2.97,3.31,3.49,15.95,18.76,19.21,19.27,19.28,0.59
[2026-05-14 07:06:54.491] ,451,26.29,28.21,99281.55,531120.31,2.54,3.13,3.49,3.68,16.78,19.74,20.21,20.28,20.29,0.59
[2026-05-14 07:06:59.503] ,449,26.29,28.22,99281.84,528243.5,2.47,3.04,3.39,3.58,16.33,19.22,19.67,19.74,19.75,0.58
[2026-05-14 07:07:04.514] ,451,26.38,28.27,99282.47,526613.5,2.36,2.91,3.25,3.42,15.6,18.36,18.79,18.85,18.86,0.59
[2026-05-14 07:07:09.529] ,451,26.42,28.25,99282.52,526613.5,2.26,2.79,3.12,3.29,14.94,17.59,18.01,18.07,18.08,0.59
[2026-05-14 07:07:14.538] ,452,26.37,28.19,99283.59,527020.06,2.32,2.86,3.2,3.38,15.27,17.99,18.43,18.49,18.5,0.58
[2026-05-14 07:07:19.550] ,451,26.36,28.19,99283.13,524993.56,2.39,2.95,3.3,3.48,15.72,18.52,18.98,19.04,19.05,0.59
[2026-05-14 07:07:24.573] ,447,26.25,28.16,99283.33,531948.06,2.36,2.91,3.26,3.44,15.53,18.3,18.74,18.81,18.82,0.58
[2026-05-14 07:07:29.584] ,449,26.18,28.2,99282.62,531533.88,2.49,3.08,3.44,3.63,16.4,19.33,19.8,19.87,19.88,0.59
[2026-05-14 07:07:34.601] ,448,26.15,28.28,99284,529883.56,2.57,3.18,3.56,3.75,16.96,19.98,20.47,20.54,20.55,0.58
[2026-05-14 07:07:39.611] ,449,26.05,28.33,99286.11,542516.56,2.55,3.14,3.51,3.7,16.79,19.77,20.25,20.31,20.33,0.57
[2026-05-14 07:07:44.625] ,450,26.11,28.34,99285.15,539942,2.5,3.07,3.43,3.61,16.47,19.39,19.85,19.91,19.92,0.57
[2026-05-14 07:07:49.634] ,450,26.26,28.45,99283.84,534865.5,2.4,2.95,3.29,3.46,15.89,18.69,19.13,19.19,19.2,0.57
[2026-05-14 07:07:54.651] ,449,26.31,28.45,99282.96,532778.38,2.14,2.63,2.92,3.08,14.18,16.67,17.06,17.11,17.12,0.57
[2026-05-14 07:07:59.659] ,448,26.43,28.43,99283.58,522982.62,2.11,2.59,2.88,3.03,13.95,16.4,16.78,16.83,16.84,0.58
[2026-05-14 07:08:04.681] ,450,26.59,28.39,99285.59,526207.62,2.04,2.51,2.8,2.95,13.49,15.87,16.25,16.3,16.31,0.58
[2026-05-14 07:08:09.691] ,451,26.47,28.19,99284.92,531533.88,2.08,2.57,2.87,3.03,13.72,16.16,16.55,16.61,16.62,0.58
[2026-05-14 07:08:14.705] ,451,26.46,28.07,99283.45,529472.62,2.21,2.73,3.06,3.23,14.58,17.18,17.6,17.66,17.67,0.58
[2026-05-14 07:08:19.721] ,450,26.47,28.03,99284.54,529472.62,2.37,2.93,3.29,3.48,15.56,18.35,18.81,18.87,18.88,0.59
[2026-05-14 07:08:24.725] ,450,26.49,28.05,99284.19,529062.25,2.25,2.79,3.14,3.32,14.75,17.42,17.86,17.92,17.93,0.59
[2026-05-14 07:08:29.747] ,450,26.46,28.04,99284.95,529472.62,2.03,2.53,2.85,3.02,13.32,15.73,16.14,16.2,16.21,0.59
[2026-05-14 07:08:34.760] ,450,26.47,28.04,99285.45,528652.56,2.06,2.57,2.9,3.07,13.49,15.95,16.37,16.43,16.44,0.59
[2026-05-14 07:08:39.768] ,452,26.54,28.07,99286.41,527835.06,1.89,2.37,2.67,2.83,12.41,14.68,15.07,15.12,15.13,0.59
[2026-05-14 07:08:44.781] ,451,26.56,28.13,99286.89,524993.56,1.86,2.33,2.64,2.79,12.2,14.43,14.81,14.87,14.88,0.59
[2026-05-14 07:08:49.790] ,452,26.55,28.07,99288.23,525397.62,1.96,2.46,2.78,2.95,12.82,15.18,15.58,15.64,15.65,0.59
[2026-05-14 07:08:54.805] ,449,26.6,28.07,99287.7,519796.97,2.29,2.87,3.25,3.44,14.99,17.74,18.21,18.28,18.29,0.58
[2026-05-14 07:08:59.821] ,449,26.55,28.03,99287.2,523383.59,2.47,3.1,3.5,3.71,16.19,19.16,19.67,19.74,19.75,0.58
[2026-05-14 07:09:04.831] ,448,26.57,28.04,99288.48,522982.62,2.58,3.24,3.66,3.88,16.89,19.99,20.52,20.6,20.61,0.59
[2026-05-14 07:09:09.843] ,447,26.57,28.06,99288.39,525397.62,2.55,3.2,3.61,3.83,16.66,19.71,20.24,20.32,20.33,0.59
[2026-05-14 07:09:14.857] ,446,26.48,28.04,99286.84,527427.25,2.4,3.02,3.42,3.63,15.71,18.61,19.11,19.18,19.19,0.58
[2026-05-14 07:09:19.871] ,446,26.47,28.09,99285.46,524187.34,2.38,3,3.4,3.6,15.58,18.45,18.96,19.03,19.04,0.58
[2026-05-14 07:09:24.887] ,445,26.46,28.17,99286.16,524187.34,2.31,2.91,3.3,3.5,15.09,17.88,18.37,18.44,18.46,0.59
[2026-05-14 07:09:29.906] ,447,26.41,28.21,99285.16,526613.5,2.11,2.66,3.02,3.2,13.76,16.31,16.76,16.83,16.84,0.59
[2026-05-14 07:09:34.910] ,447,26.47,28.23,99284.83,522582.28,1.98,2.49,2.83,3,12.89,15.28,15.7,15.76,15.77,0.59
[2026-05-14 07:09:39.927] ,445,26.29,28.16,99283.97,533611.25,1.95,2.46,2.79,2.97,12.72,15.08,15.5,15.56,15.57,0.59
[2026-05-14 07:09:44.941] ,445,26.35,28.19,99285.63,529883.56,1.93,2.44,2.76,2.93,12.59,14.93,15.34,15.4,15.41,0.58
[2026-05-14 07:09:49.961] ,446,26.36,28.21,99285.62,531948.06,1.91,2.41,2.73,2.9,12.46,14.77,15.18,15.24,15.25,0.59
[2026-05-14 07:09:54.971] ,445,26.29,28.2,99284.45,535284.88,1.85,2.34,2.66,2.82,12.09,14.34,14.74,14.79,14.8,0.59
[2026-05-14 07:09:59.990] ,446,26.27,28.24,99286.02,532362.88,1.82,2.31,2.62,2.79,11.89,14.11,14.5,14.56,14.57,0.59
[2026-05-14 07:10:05.001] ,444,26.18,28.27,99285.61,533194.5,1.86,2.35,2.67,2.84,12.09,14.35,14.75,14.81,14.82,0.59
[2026-05-14 07:10:10.010] ,445,26.16,28.35,99285.7,532778.38,1.98,2.51,2.85,3.03,12.87,15.29,15.72,15.78,15.79,0.59
[2026-05-14 07:10:15.028] ,444,26.11,28.49,99286.58,531533.88,2.02,2.56,2.91,3.09,13.15,15.61,16.05,16.12,16.13,0.59
[2026-05-14 07:10:20.046] ,445,26.08,28.57,99285.52,532778.38,2.01,2.54,2.89,3.07,13.11,15.55,15.99,16.05,16.06,0.58
[2026-05-14 07:10:25.056] ,446,26.11,28.58,99286.4,533194.5,1.92,2.42,2.75,2.92,12.53,14.85,15.26,15.32,15.33,0.58
[2026-05-14 07:10:30.065] ,448,26.07,28.58,99285.51,531120.31,1.8,2.27,2.57,2.72,11.76,13.94,14.31,14.37,14.38,0.58
[2026-05-14 07:10:35.081] ,448,26.16,28.64,99286.31,528243.5,1.74,2.19,2.48,2.63,11.38,13.47,13.84,13.89,13.9,0.58
[2026-05-14 07:10:40.092] ,449,26.29,28.67,99286.62,529883.56,1.83,2.3,2.6,2.76,11.98,14.18,14.56,14.62,14.63,0.58
[2026-05-14 07:10:45.105] ,448,26.38,28.64,99285.74,527020.06,1.93,2.43,2.74,2.91,12.64,14.97,15.37,15.42,15.43,0.58
[2026-05-14 07:10:50.121] ,450,26.41,28.53,99286.3,520193.03,2.02,2.54,2.87,3.04,13.19,15.63,16.05,16.11,16.12,0.58
[2026-05-14 07:10:55.136] ,448,26.46,28.48,99287.91,520193.03,2.06,2.59,2.93,3.11,13.47,15.95,16.39,16.45,16.46,0.57
[2026-05-14 07:11:00.149] ,448,26.53,28.42,99286.15,522582.28,2.18,2.74,3.1,3.29,14.27,16.89,17.34,17.41,17.42,0.57
[2026-05-14 07:11:05.156] ,450,26.54,28.36,99286.48,520589.72,2.35,2.96,3.34,3.54,15.39,18.22,18.71,18.78,18.79,0.57
[2026-05-14 07:11:10.174] ,450,26.48,28.27,99287.58,523785.16,2.27,2.85,3.22,3.41,14.83,17.56,18.03,18.1,18.11,0.57
[2026-05-14 07:11:15.182] ,450,26.45,28.24,99288.06,524993.56,2.24,2.81,3.17,3.36,14.65,17.34,17.8,17.86,17.87,0.57
[2026-05-14 07:11:20.197] ,450,26.4,28.21,99288.95,524590.19,2.32,2.9,3.28,3.47,15.17,17.95,18.42,18.49,18.5,0.56
[2026-05-14 07:11:25.211] ,450,26.43,28.26,99288.34,521783.44,2.47,3.09,3.48,3.69,16.17,19.12,19.62,19.69,19.7,0.56
[2026-05-14 07:11:30.225] ,452,26.43,28.28,99287.89,520589.72,2.33,2.91,3.28,3.47,15.28,18.06,18.53,18.59,18.6,0.56
[2026-05-14 07:11:35.242] ,450,26.49,28.32,99288.16,521783.44,2.24,2.8,3.15,3.34,14.71,17.39,17.84,17.9,17.91,0.57
[2026-05-14 07:11:40.249] ,450,26.55,28.31,99286.88,521384.94,2.06,2.57,2.9,3.07,13.49,15.95,16.36,16.42,16.43,0.57
[2026-05-14 07:11:45.267] ,450,26.64,28.31,99286.73,517433.06,1.92,2.41,2.71,2.87,12.6,14.9,15.29,15.34,15.35,0.58
[2026-05-14 07:11:50.280] ,450,26.72,28.24,99287.87,517041.16,1.92,2.41,2.72,2.88,12.53,14.84,15.24,15.29,15.3,0.58
[2026-05-14 07:11:55.288] ,450,26.77,28.22,99287.45,513154.59,1.81,2.28,2.58,2.74,11.82,14.01,14.39,14.44,14.45,0.59
[2026-05-14 07:12:00.302] ,448,26.75,28.11,99287.42,516259.12,1.86,2.35,2.67,2.84,12.14,14.39,14.79,14.85,14.86,0.6
[2026-05-14 07:12:05.313] ,445,26.8,28.08,99287.52,512384.28,1.9,2.41,2.74,2.91,12.38,14.69,15.11,15.17,15.18,0.59
[2026-05-14 07:12:10.327] ,444,26.81,28.06,99289.04,515090.53,1.87,2.37,2.7,2.87,12.16,14.44,14.85,14.91,14.92,0.59
[2026-05-14 07:12:15.341] ,444,26.86,28.03,99291.05,512000,1.76,2.24,2.56,2.72,11.46,13.62,14.01,14.07,14.08,0.6
[2026-05-14 07:12:20.358] ,444,26.83,27.99,99291.22,514314.41,1.59,2.03,2.32,2.47,10.34,12.3,12.66,12.71,12.72,0.6
[2026-05-14 07:12:25.371] ,443,26.8,27.95,99291.84,512000,1.48,1.88,2.15,2.29,9.59,11.4,11.73,11.78,11.79,0.6
[2026-05-14 07:12:30.387] ,442,26.8,27.95,99291.75,511233.16,1.46,1.87,2.13,2.27,9.48,11.28,11.62,11.66,11.67,0.6
[2026-05-14 07:12:35.393] ,444,26.76,27.95,99291.29,512769.16,1.46,1.87,2.13,2.27,9.45,11.25,11.58,11.63,11.64,0.6
[2026-05-14 07:12:40.411] ,443,26.73,27.96,99290.58,513154.59,1.47,1.88,2.15,2.29,9.52,11.33,11.67,11.72,11.73,0.6
[2026-05-14 07:12:45.423] ,442,26.77,28.02,99291.56,512769.16,1.48,1.89,2.16,2.31,9.57,11.4,11.74,11.79,11.79,0.6
[2026-05-14 07:12:50.439] ,441,26.87,28.05,99292.02,510850.59,1.51,1.93,2.21,2.36,9.77,11.64,11.99,12.04,12.04,0.6
[2026-05-14 07:12:55.457] ,441,26.87,27.98,99290.95,508567.16,1.49,1.9,2.18,2.32,9.65,11.48,11.83,11.88,11.88,0.59
[2026-05-14 07:13:00.468] ,440,26.9,27.96,99293.73,510850.59,1.72,2.2,2.51,2.67,11.16,13.27,13.66,13.72,13.73,0.59
[2026-05-14 07:13:05.480] ,439,26.81,27.92,99291.33,508946.31,1.98,2.52,2.87,3.06,12.83,15.26,15.7,15.76,15.77,0.59
[2026-05-14 07:13:10.491] ,438,26.74,27.94,99291.2,514314.41,2.35,3,3.42,3.64,15.29,18.17,18.7,18.78,18.79,0.6
[2026-05-14 07:13:15.512] ,436,26.67,27.92,99291.69,520987.03,2.51,3.2,3.65,3.88,16.29,19.37,19.93,20.01,20.02,0.6
[2026-05-14 07:13:20.521] ,436,26.63,27.94,99292.48,521783.44,2.44,3.11,3.55,3.78,15.88,18.88,19.42,19.5,19.51,0.6
[2026-05-14 07:13:25.531] ,435,26.58,28.02,99292.02,520987.03,2.31,2.94,3.35,3.57,14.98,17.81,18.33,18.4,18.42,0.6
[2026-05-14 07:13:30.552] ,434,26.61,28.11,99292.53,520987.03,2.27,2.89,3.3,3.51,14.73,17.52,18.03,18.1,18.11,0.6
[2026-05-14 07:13:35.558] ,432,26.6,28.12,99291.27,521783.44,2.27,2.9,3.31,3.52,14.77,17.56,18.07,18.14,18.15,0.6
[2026-05-14 07:13:40.572] ,431,26.65,28.13,99292.67,519401.47,2.25,2.87,3.27,3.48,14.63,17.39,17.9,17.97,17.98,0.6
[2026-05-14 07:13:45.584] ,430,26.72,28.17,99291.2,514314.41,2.27,2.89,3.3,3.51,14.73,17.51,18.02,18.09,18.1,0.6
[2026-05-14 07:13:50.604] ,429,26.71,28.13,99291.91,516259.12,2.29,2.92,3.33,3.54,14.86,17.67,18.19,18.26,18.27,0.6
[2026-05-14 07:13:55.609] ,428,26.68,28.04,99292.43,520589.72,2.66,3.39,3.87,4.12,17.25,20.51,21.11,21.19,21.21,0.61
[2026-05-14 07:14:00.631] ,428,26.71,28.04,99292.95,517433.06,2.77,3.53,4.03,4.29,17.98,21.38,22,22.09,22.1,0.61
[2026-05-14 07:14:05.641] ,428,26.72,28.07,99291.91,519796.97,2.65,3.38,3.85,4.1,17.22,20.47,21.06,21.14,21.16,0.61
[2026-05-14 07:14:10.647] ,428,26.71,28.06,99291.97,518612.31,2.43,3.1,3.54,3.76,15.79,18.77,19.32,19.4,19.41,0.61
[2026-05-14 07:14:15.671] ,429,26.75,28.06,99292.33,515090.53,2.28,2.9,3.31,3.53,14.78,17.58,18.09,18.17,18.18,0.61
[2026-05-14 07:14:20.681] ,430,26.81,28.09,99292.04,514702.19,2.24,2.86,3.26,3.48,14.51,17.26,17.77,17.84,17.86,0.61
[2026-05-14 07:14:25.686] ,429,26.81,28.05,99292.02,513540.62,2.1,2.69,3.08,3.28,13.6,16.2,16.68,16.75,16.76,0.61
[2026-05-14 07:14:30.700] ,428,26.85,28.01,99292.5,513927.22,1.95,2.5,2.86,3.05,12.6,15.01,15.46,15.53,15.54,0.61
[2026-05-14 07:14:35.714] ,428,26.89,28,99292.33,512000,1.89,2.42,2.78,2.96,12.23,14.57,15.01,15.07,15.08,0.61
[2026-05-14 07:14:40.725] ,429,27.02,27.96,99293.02,504061.03,1.93,2.48,2.84,3.03,12.5,14.9,15.35,15.41,15.42,0.61
[2026-05-14 07:14:45.747] ,429,27.02,27.87,99294,508188.59,1.86,2.4,2.75,2.93,12.04,14.36,14.8,14.86,14.87,0.61
[2026-05-14 07:14:50.761] ,430,27.02,27.78,99293.05,507056.19,1.67,2.14,2.46,2.63,10.77,12.84,13.23,13.29,13.3,0.61
[2026-05-14 07:14:55.770] ,431,27.02,27.76,99293.54,506304.09,1.75,2.25,2.58,2.75,11.28,13.45,13.87,13.92,13.93,0.61
[2026-05-14 07:15:00.782] ,431,26.99,27.73,99293.63,515479.5,1.95,2.52,2.9,3.09,12.61,15.05,15.52,15.59,15.6,0.62
[2026-05-14 07:15:05.800] ,432,26.84,27.66,99291.95,516259.12,2.1,2.71,3.12,3.33,13.58,16.2,16.7,16.77,16.78,0.61
[2026-05-14 07:15:10.811] ,432,26.8,27.7,99292.23,512000,2.11,2.72,3.12,3.33,13.62,16.25,16.75,16.82,16.83,0.61
[2026-05-14 07:15:15.822] ,432,26.8,27.82,99291.73,517041.16,2.14,2.76,3.17,3.39,13.83,16.5,17.01,17.09,17.1,0.61
[2026-05-14 07:15:20.833] ,433,26.75,27.85,99293.24,519401.47,1.99,2.57,2.95,3.15,12.86,15.34,15.82,15.89,15.9,0.61
[2026-05-14 07:15:25.846] ,431,26.72,27.87,99292.95,517041.16,1.83,2.36,2.71,2.89,11.82,14.1,14.53,14.59,14.6,0.61
[2026-05-14 07:15:30.865] ,429,26.68,27.88,99291.95,520987.03,1.65,2.12,2.43,2.6,10.65,12.7,13.09,13.14,13.15,0.61
[2026-05-14 07:15:35.873] ,430,26.58,27.87,99292.23,523785.16,1.51,1.95,2.23,2.38,9.77,11.65,12.01,12.06,12.07,0.61
[2026-05-14 07:15:40.891] ,428,26.58,27.94,99292.39,518218.62,1.58,2.03,2.33,2.49,10.2,12.17,12.54,12.6,12.6,0.62
[2026-05-14 07:15:45.901] ,427,26.63,28.02,99292.81,520193.03,1.67,2.15,2.47,2.64,10.77,12.85,13.25,13.3,13.31,0.62
[2026-05-14 07:15:50.918] ,428,26.65,28,99292.84,527835.06,1.73,2.24,2.58,2.75,11.19,13.36,13.78,13.84,13.85,0.62
[2026-05-14 07:15:55.931] ,430,26.63,28.01,99294.1,524993.56,1.86,2.4,2.77,2.96,11.99,14.32,14.77,14.83,14.84,0.62
[2026-05-14 07:16:00.941] ,430,26.65,28.01,99293.45,521783.44,1.89,2.45,2.82,3.01,12.19,14.56,15.02,15.09,15.1,0.62
[2026-05-14 07:16:05.952] ,433,26.54,28.01,99290.9,524187.34,1.98,2.57,2.96,3.16,12.74,15.23,15.72,15.79,15.8,0.61
[2026-05-14 07:16:10.971] ,432,26.57,28.04,99292.33,526613.5,2.04,2.65,3.05,3.26,13.12,15.69,16.19,16.26,16.28,0.61
[2026-05-14 07:16:15.985] ,432,26.64,28.11,99291.43,522182.56,2.08,2.71,3.12,3.34,13.42,16.04,16.56,16.63,16.64,0.61
[2026-05-14 07:16:20.992] ,431,26.65,28.13,99290.98,522182.56,2.04,2.65,3.06,3.27,13.11,15.68,16.19,16.26,16.27,0.61
[2026-05-14 07:16:26.008] ,431,26.65,28.09,99292.76,519796.97,2.09,2.72,3.14,3.36,13.41,16.05,16.57,16.65,16.66,0.61
[2026-05-14 07:16:31.024] ,430,26.7,28.07,99291.39,520589.72,2.1,2.74,3.16,3.38,13.49,16.15,16.68,16.75,16.76,0.61
[2026-05-14 07:16:36.038] ,432,26.68,28.05,99290.58,526207.62,2.12,2.76,3.18,3.41,13.63,16.31,16.83,16.91,16.92,0.61
[2026-05-14 07:16:41.043] ,431,26.74,28.03,99290.14,523383.59,2.05,2.66,3.07,3.29,13.19,15.77,16.28,16.35,16.36,0.61
[2026-05-14 07:16:46.061] ,432,26.75,28.02,99290.05,520987.03,1.95,2.53,2.92,3.12,12.54,15,15.48,15.55,15.56,0.61
[2026-05-14 07:16:51.078] ,432,26.82,28.04,99290.36,515869.03,2.3,2.98,3.44,3.68,14.78,17.67,18.24,18.32,18.33,0.62
[2026-05-14 07:16:56.091] ,432,26.95,28.06,99290.19,513154.59,2.46,3.2,3.69,3.95,15.85,18.95,19.56,19.65,19.67,0.61
[2026-05-14 07:17:01.099] ,431,26.99,27.96,99290.92,504433.5,2.43,3.15,3.64,3.89,15.61,18.67,19.27,19.35,19.37,0.61
[2026-05-14 07:17:06.111] ,430,27.01,27.85,99290.14,505928.84,2.28,2.97,3.42,3.66,14.7,17.58,18.14,18.22,18.23,0.61
[2026-05-14 07:17:11.130] ,430,27.07,27.79,99291.35,507433.09,2.12,2.76,3.18,3.4,13.66,16.34,16.86,16.94,16.95,0.61
[2026-05-14 07:17:16.138] ,431,27.06,27.72,99291.42,503317.78,2.06,2.68,3.1,3.31,13.21,15.81,16.33,16.4,16.41,0.62
[2026-05-14 07:17:21.151] ,432,27.05,27.67,99291.23,502946.97,1.92,2.51,2.91,3.11,12.35,14.79,15.28,15.35,15.36,0.61
[2026-05-14 07:17:26.170] ,433,27,27.62,99292.7,499634.06,1.91,2.49,2.89,3.09,12.26,14.68,15.17,15.24,15.25,0.62
[2026-05-14 07:17:31.181] ,434,26.91,27.59,99291,504061.03,2.01,2.63,3.05,3.27,12.92,15.49,16,16.07,16.08,0.62
[2026-05-14 07:17:36.191] ,433,26.89,27.61,99290.14,502206.97,2.14,2.8,3.25,3.48,13.71,16.43,16.98,17.06,17.07,0.62
[2026-05-14 07:17:41.203] ,433,26.84,27.62,99289.32,503317.78,2.19,2.87,3.33,3.57,14.03,16.83,17.39,17.48,17.49,0.62
[2026-05-14 07:17:46.221] ,432,26.79,27.68,99290.52,504806.5,2.25,2.95,3.43,3.67,14.42,17.3,17.88,17.96,17.98,0.62
[2026-05-14 07:17:51.236] ,433,26.79,27.74,99290.3,505554.19,2.35,3.07,3.57,3.82,15.02,18.02,18.62,18.71,18.72,0.61
[2026-05-14 07:17:56.240] ,431,26.8,27.75,99289.79,506304.09,2.38,3.11,3.61,3.87,15.26,18.29,18.9,18.99,19,0.62
[2026-05-14 07:18:01.260] ,432,26.89,27.86,99290.31,501837.78,2.31,3.03,3.5,3.75,14.85,17.79,18.38,18.46,18.48,0.62
[2026-05-14 07:18:06.269] ,432,26.88,27.85,99290.75,505554.19,2.05,2.67,3.1,3.32,13.13,15.73,16.25,16.32,16.33,0.62
[2026-05-14 07:18:11.282] ,433,26.87,27.79,99290.82,505180.06,1.82,2.37,2.75,2.94,11.66,13.96,14.42,14.49,14.5,0.62
[2026-05-14 07:18:16.301] ,434,26.78,27.77,99290.28,508946.31,1.62,2.11,2.44,2.61,10.39,12.44,12.84,12.9,12.91,0.62
[2026-05-14 07:18:21.308] ,435,26.76,27.78,99290.79,509706.31,1.56,2.04,2.35,2.51,10.06,12.03,12.42,12.48,12.49,0.61
[2026-05-14 07:18:26.320] ,438,26.72,27.8,99289.93,512769.16,1.64,2.13,2.45,2.62,10.52,12.58,12.99,13.05,13.05,0.61
[2026-05-14 07:18:31.330] ,436,26.68,27.8,99291.62,518612.31,1.69,2.19,2.53,2.7,10.85,12.98,13.39,13.45,13.46,0.61
[2026-05-14 07:18:36.351] ,439,26.56,27.8,99291.18,524993.56,1.67,2.17,2.5,2.67,10.74,12.84,13.25,13.31,13.32,0.61
[2026-05-14 07:18:41.360] ,438,26.59,27.9,99291.35,520987.03,1.75,2.27,2.62,2.8,11.26,13.46,13.89,13.96,13.97,0.62
[2026-05-14 07:18:46.371] ,437,26.42,27.91,99291.56,519401.47,1.74,2.27,2.62,2.8,11.22,13.42,13.85,13.91,13.92,0.62
[2026-05-14 07:18:51.388] ,438,26.42,28.03,99291.48,505928.84,1.75,2.27,2.63,2.81,11.23,13.44,13.88,13.94,13.95,0.62
[2026-05-14 07:18:56.400] ,436,26.55,28.13,99291.02,496364.53,1.8,2.34,2.71,2.9,11.54,13.82,14.27,14.33,14.34,0.62
[2026-05-14 07:19:01.418] ,437,26.68,28.26,99290.68,496364.53,1.9,2.47,2.86,3.06,12.17,14.57,15.05,15.12,15.13,0.62
[2026-05-14 07:19:06.429] ,436,26.81,28.21,99291.41,492071.12,1.8,2.34,2.7,2.89,11.54,13.81,14.26,14.32,14.33,0.62
[2026-05-14 07:19:11.441] ,436,26.89,28.14,99291.95,490304.03,1.77,2.3,2.66,2.85,11.36,13.6,14.04,14.1,14.11,0.61
[2026-05-14 07:19:16.457] ,435,26.96,28.01,99294.18,489952.16,1.78,2.31,2.67,2.86,11.45,13.69,14.13,14.2,14.21,0.61
[2026-05-14 07:19:21.471] ,435,27.01,27.92,99293.07,478616.5,1.74,2.26,2.61,2.79,11.22,13.42,13.85,13.91,13.92,0.62
[2026-05-14 07:19:26.478] ,434,26.86,27.79,99292.84,468114.28,1.85,2.4,2.77,2.97,11.9,14.24,14.69,14.76,14.77,0.62
[2026-05-14 07:19:31.495] ,435,26.88,27.77,99292.59,471346.38,2.09,2.72,3.13,3.35,13.45,16.08,16.6,16.67,16.68,0.62
[2026-05-14 07:19:36.510] ,434,26.82,27.74,99292.52,478952.28,2.08,2.7,3.11,3.33,13.39,16.01,16.52,16.6,16.61,0.62
[2026-05-14 07:19:41.517] ,433,26.75,27.74,99291.2,485768.5,2.01,2.62,3.02,3.23,12.96,15.5,16,16.07,16.08,0.62
[2026-05-14 07:19:46.531] ,435,26.73,27.74,99290.24,481655.69,2.02,2.63,3.03,3.24,13,15.54,16.04,16.12,16.13,0.62
[2026-05-14 07:19:51.546] ,436,26.76,27.81,99288.51,482677.34,2.05,2.67,3.08,3.3,13.16,15.75,16.26,16.33,16.34,0.62
[2026-05-14 07:19:56.560] ,437,26.89,27.89,99291.57,477278.03,2.04,2.66,3.08,3.3,13.11,15.69,16.21,16.28,16.29,0.62
[2026-05-14 07:20:01.576] ,438,27.02,27.9,99292.39,475284.28,1.95,2.55,2.95,3.16,12.49,14.97,15.46,15.53,15.55,0.62
[2026-05-14 07:20:06.580] ,437,27.04,27.76,99293.54,478952.28,1.8,2.35,2.73,2.92,11.51,13.8,14.27,14.33,14.34,0.63
[2026-05-14 07:20:11.601] ,439,27,27.63,99292.43,461469.12,1.58,2.07,2.41,2.58,10.11,12.13,12.54,12.6,12.61,0.63
[2026-05-14 07:20:16.615] ,439,27.02,27.6,99293.98,464609.81,1.66,2.17,2.52,2.7,10.6,12.72,13.14,13.21,13.22,0.62
[2026-05-14 07:20:21.625] ,438,27.08,27.61,99293.48,467473.19,1.67,2.19,2.54,2.72,10.71,12.85,13.28,13.34,13.35,0.62
[2026-05-14 07:20:26.639] ,440,27.17,27.62,99292.55,465560.34,1.72,2.25,2.61,2.8,11.04,13.23,13.67,13.74,13.75,0.62
[2026-05-14 07:20:31.651] ,439,27.11,27.52,99293.41,471346.38,1.87,2.44,2.82,3.02,11.98,14.35,14.82,14.89,14.9,0.63
[2026-05-14 07:20:36.666] ,440,27.02,27.47,99294.12,478952.28,1.88,2.45,2.84,3.04,12.04,14.42,14.89,14.96,14.97,0.63
