,co2,temp,humidity,pressure,gas_resistance,pm1_0,pm2_5,pm4_0,pm10_0,pnc_0_5,pnc_1_0,pnc_2_5,pnc_4_0,pnc_10_0,tps,
[2026-05-06 14:36:30.086] ,537,28.33,34.41,100554.52,36898.24,1.67,1.96,2.12,2.2,11.27,13.09,13.31,13.34,13.35,0.46,
[2026-05-06 14:36:35.100] ,530,28.26,33.96,100551.48,88306.31,1.49,1.73,1.86,1.93,10.07,11.67,11.85,11.88,11.88,0.46,
[2026-05-06 14:36:40.114] ,520,29.08,32.33,100552.34,106644.45,1.43,1.64,1.73,1.79,9.76,11.26,11.41,11.43,11.43,0.45,
[2026-05-06 14:36:45.121] ,521,29.46,31.01,100549.7,117836.59,1.49,1.69,1.78,1.83,10.2,11.74,11.88,11.9,11.91,0.45,
[2026-05-06 14:36:50.140] ,512,29.67,30.21,100550.28,127236.58,1.42,1.6,1.68,1.72,9.69,11.15,11.28,11.3,11.3,0.45,
[2026-05-06 14:36:55.155] ,504,29.78,29.61,100549.4,134453.78,1.26,1.42,1.49,1.53,8.63,9.92,10.03,10.05,10.05,0.45,
[2026-05-06 14:37:00.171] ,507,29.86,29.18,100549.28,141358.36,1.17,1.32,1.39,1.42,8.05,9.25,9.36,9.37,9.37,0.45,
[2026-05-06 14:37:05.177] ,506,29.87,28.7,100548.92,148750.72,1.2,1.27,1.27,1.27,8.45,9.58,9.61,9.61,9.62,0.44,
[2026-05-06 14:37:10.192] ,503,29.87,28.34,100546.91,154124.02,1.18,1.25,1.25,1.25,8.28,9.38,9.41,9.42,9.42,0.44,
[2026-05-06 14:37:15.205] ,500,29.87,28.18,100547.46,158415.84,1.05,1.17,1.22,1.25,7.25,8.31,8.39,8.4,8.41,0.44,
[2026-05-06 14:37:20.223] ,498,29.84,28.24,100549.14,162798.09,1.03,1.09,1.09,1.09,7.23,8.19,8.22,8.23,8.23,0.44,
[2026-05-06 14:37:25.232] ,496,29.8,28.38,100548.23,167923.91,1.07,1.13,1.13,1.13,7.51,8.51,8.54,8.54,8.54,0.43,
[2026-05-06 14:37:30.245] ,496,29.76,28.47,100548.94,172158.7,1.16,1.23,1.23,1.23,8.14,9.22,9.25,9.26,9.26,0.43,
[2026-05-06 14:37:35.254] ,495,29.73,28.51,100548.7,176430.05,1.36,1.44,1.44,1.44,9.58,10.86,10.89,10.9,10.9,0.43,
[2026-05-06 14:37:40.270] ,491,29.7,28.5,100549.61,180535.97,1.47,1.55,1.55,1.55,10.31,11.68,11.72,11.73,11.73,0.43,
[2026-05-06 14:37:45.283] ,487,29.64,28.49,100549.45,184040.27,1.51,1.6,1.6,1.6,10.61,12.03,12.07,12.08,12.08,0.43,
[2026-05-06 14:37:50.300] ,486,29.61,28.52,100548.88,191401.88,1.51,1.59,1.59,1.59,10.57,11.98,12.02,12.02,12.02,0.42,
[2026-05-06 14:37:55.308] ,485,29.58,28.56,100549.52,193792.58,1.46,1.54,1.54,1.54,10.24,11.61,11.65,11.65,11.66,0.42,
[2026-05-06 14:38:00.318] ,484,29.56,28.6,100548.55,195793.5,1.4,1.48,1.48,1.48,9.79,11.1,11.14,11.14,11.14,0.42,
[2026-05-06 14:38:05.335] ,483,29.57,28.64,100549.06,198180.77,1.35,1.43,1.43,1.43,9.49,10.76,10.8,10.8,10.8,0.42,
[2026-05-06 14:38:10.352] ,484,29.54,28.66,100548.11,201813.17,1.32,1.4,1.4,1.4,9.27,10.51,10.55,10.55,10.55,0.42,
[2026-05-06 14:38:15.365] ,483,29.51,28.7,100547.21,203619.02,1.32,1.4,1.4,1.4,9.27,10.51,10.55,10.55,10.55,0.42,
[2026-05-06 14:38:20.374] ,480,29.49,28.69,100546.91,205457.47,1.33,1.4,1.4,1.4,9.31,10.55,10.59,10.59,10.59,0.42,
[2026-05-06 14:38:25.386] ,478,29.45,28.67,100547.22,210396.55,1.38,1.46,1.46,1.46,9.68,10.97,11.01,11.01,11.01,0.41,
[2026-05-06 14:38:30.395] ,476,29.42,28.66,100547.75,211177.56,1.43,1.51,1.51,1.51,10,11.34,11.38,11.38,11.38,0.41,
[2026-05-06 14:38:35.415] ,472,29.4,28.65,100548.87,213288.89,1.38,1.46,1.46,1.46,9.71,11,11.04,11.04,11.04,0.41,
[2026-05-06 14:38:40.419] ,472,29.38,28.65,100547.9,216811.34,1.33,1.41,1.41,1.41,9.35,10.6,10.64,10.64,10.64,0.41,
[2026-05-06 14:38:45.437] ,469,29.34,28.61,100547.3,217225.28,1.31,1.39,1.39,1.39,9.2,10.43,10.47,10.47,10.47,0.42,
[2026-05-06 14:38:50.447] ,471,29.32,28.56,100546.2,219178.08,1.29,1.37,1.37,1.37,9.08,10.29,10.33,10.33,10.33,0.42,
[2026-05-06 14:38:55.455] ,470,29.3,28.53,100544.38,221309.7,1.29,1.36,1.36,1.36,9.04,10.25,10.29,10.29,10.29,0.42,
[2026-05-06 14:39:00.472] ,470,29.31,28.53,100545.39,222899.44,1.3,1.38,1.38,1.38,9.14,10.36,10.39,10.4,10.4,0.42,
[2026-05-06 14:39:05.485] ,472,29.3,28.52,100546.23,223483.19,1.3,1.37,1.37,1.37,9.11,10.32,10.36,10.36,10.36,0.42,
[2026-05-06 14:39:10.494] ,470,29.3,28.53,100545.23,225699.8,1.2,1.27,1.27,1.27,8.42,9.54,9.58,9.58,9.58,0.42,
[2026-05-06 14:39:15.510] ,469,29.29,28.56,100547.08,226598.81,1.08,1.15,1.15,1.15,7.61,8.62,8.65,8.66,8.66,0.42,
[2026-05-06 14:39:20.521] ,469,29.27,28.6,100547.34,227960.81,0.96,1.02,1.02,1.02,6.77,7.67,7.7,7.7,7.7,0.42,
[2026-05-06 14:39:25.537] ,468,29.25,28.68,100549.38,229185.31,0.81,0.86,0.86,0.86,5.69,6.45,6.47,6.48,6.48,0.42,
[2026-05-06 14:39:30.551] ,470,29.23,28.68,100550.35,227505,0.8,0.85,0.85,0.85,5.63,6.38,6.41,6.41,6.41,0.42,
[2026-05-06 14:39:35.564] ,468,29.22,28.7,100549.2,230734.56,0.91,0.96,0.96,0.96,6.36,7.21,7.24,7.24,7.24,0.43,
[2026-05-06 14:39:40.572] ,468,29.22,28.72,100549.8,233257.41,0.97,1.02,1.02,1.02,6.78,7.69,7.72,7.72,7.72,0.42,
[2026-05-06 14:39:45.586] ,466,29.19,28.73,100549.47,232780.17,1.07,1.13,1.13,1.13,7.49,8.49,8.52,8.52,8.52,0.42,
[2026-05-06 14:39:50.593] ,466,29.19,28.74,100549.46,236489.61,1.23,1.3,1.3,1.3,8.6,9.75,9.78,9.79,9.79,0.42,
[2026-05-06 14:39:55.615] ,467,29.16,28.76,100550.14,233736.59,1.33,1.4,1.4,1.4,9.3,10.54,10.58,10.58,10.58,0.42,
[2026-05-06 14:40:00.626] ,469,29.15,28.78,100550.57,235186.03,1.43,1.52,1.52,1.52,10.05,11.4,11.44,11.44,11.44,0.42,
[2026-05-06 14:40:05.633] ,471,29.15,28.72,100551.16,236489.61,1.4,1.48,1.48,1.48,9.83,11.15,11.19,11.19,11.19,0.42,
[2026-05-06 14:40:10.645] ,469,29.15,28.71,100548.63,235024.09,1.4,1.49,1.49,1.49,9.85,11.17,11.21,11.21,11.21,0.42,
[2026-05-06 14:40:15.665] ,467,29.14,28.72,100550.21,237146.83,1.43,1.51,1.51,1.51,10.01,11.35,11.39,11.39,11.39,0.43,
[2026-05-06 14:40:20.678] ,466,29.13,28.76,100549.77,238305.8,1.42,1.51,1.51,1.51,10,11.33,11.37,11.38,11.38,0.43,
[2026-05-06 14:40:25.684] ,465,29.13,28.74,100550.94,239981.25,1.4,1.48,1.48,1.48,9.8,11.11,11.15,11.15,11.15,0.43,
[2026-05-06 14:40:30.705] ,466,29.13,28.49,100550.35,241509.44,1.4,1.48,1.48,1.48,9.82,11.13,11.17,11.17,11.17,0.43,
[2026-05-06 14:40:35.715] ,465,29.12,28.19,100550.27,243230.41,1.35,1.43,1.43,1.43,9.5,10.76,10.8,10.8,10.81,0.43,
[2026-05-06 14:40:40.723] ,462,29.11,28.01,100550.48,242711.55,1.31,1.38,1.38,1.38,9.17,10.4,10.43,10.44,10.44,0.43,
[2026-05-06 14:40:45.741] ,464,29.11,28.01,100550.38,242711.55,1.45,1.54,1.54,1.54,10.2,11.56,11.6,11.6,11.6,0.42,
[2026-05-06 14:40:50.753] ,463,29.11,28.02,100549.59,244976.08,1.52,1.61,1.61,1.61,10.69,12.11,12.16,12.16,12.16,0.42,
[2026-05-06 14:40:55.765] ,464,29.1,28.01,100549.12,244449.75,1.51,1.59,1.59,1.59,10.58,11.99,12.03,12.03,12.03,0.42,
[2026-05-06 14:41:00.782] ,463,29.09,27.99,100550.78,243751.48,1.41,1.49,1.49,1.49,9.88,11.2,11.24,11.25,11.25,0.42,
[2026-05-06 14:41:05.787] ,462,29.09,28.03,100550.15,246213.03,1.23,1.3,1.3,1.3,8.64,9.8,9.83,9.84,9.84,0.42,
[2026-05-06 14:41:10.804] ,462,29.08,28.08,100549.59,244624.94,1.17,1.24,1.24,1.24,8.24,9.34,9.37,9.37,9.37,0.42,
[2026-05-06 14:41:15.817] ,461,29.07,28.13,100550.51,245858.34,1.26,1.33,1.33,1.33,8.81,9.99,10.02,10.03,10.03,0.42,
[2026-05-06 14:41:20.835] ,458,29.07,28.15,100550.08,244624.94,1.37,1.45,1.45,1.45,9.61,10.89,10.93,10.93,10.93,0.43,
[2026-05-06 14:41:25.848] ,459,29.07,28.19,100549.46,246568.75,1.38,1.46,1.46,1.46,9.66,10.95,10.99,10.99,10.99,0.42,
[2026-05-06 14:41:30.861] ,461,29.06,28.29,100551.09,246035.56,1.37,1.44,1.44,1.44,9.58,10.86,10.9,10.9,10.9,0.43,
[2026-05-06 14:41:35.865] ,463,29.05,28.41,100551.15,248906.17,1.38,1.46,1.46,1.46,9.69,10.98,11.02,11.02,11.03,0.43,
[2026-05-06 14:41:40.885] ,462,29.01,28.49,100548.56,248543.69,1.28,1.35,1.35,1.35,8.98,10.18,10.22,10.22,10.22,0.42,
[2026-05-06 14:41:45.892] ,462,29.01,28.56,100549.88,249451.89,1.19,1.26,1.26,1.26,8.36,9.48,9.52,9.52,9.52,0.42,
[2026-05-06 14:41:50.906] ,462,29.02,28.62,100549.16,248182.27,1.18,1.25,1.25,1.25,8.29,9.39,9.43,9.43,9.43,0.42,
[2026-05-06 14:41:55.916] ,462,29.02,28.64,100549.91,249634.33,1.13,1.2,1.2,1.2,7.95,9.01,9.05,9.05,9.05,0.42,
[2026-05-06 14:42:00.931] ,460,29,28.66,100549.84,250183.23,1.1,1.16,1.16,1.16,7.69,8.72,8.75,8.75,8.75,0.42,
[2026-05-06 14:42:05.946] ,459,28.99,28.65,100549.74,249634.33,1.08,1.14,1.14,1.14,7.58,8.59,8.62,8.63,8.63,0.42,
[2026-05-06 14:42:10.960] ,461,28.98,28.65,100550.48,248724.8,1.05,1.11,1.11,1.11,7.37,8.36,8.39,8.39,8.39,0.42,
[2026-05-06 14:42:15.965] ,462,28.97,28.67,100549.62,251844.56,1,1.06,1.06,1.06,7.01,7.95,7.98,7.98,7.98,0.42,
[2026-05-06 14:42:20.982] ,460,28.95,28.66,100548.61,254853.16,0.88,0.93,0.93,0.93,6.18,7,7.03,7.03,7.03,0.42,
[2026-05-06 14:42:25.995] ,459,28.95,28.65,100548.74,254283.58,0.88,0.93,0.93,0.93,6.16,6.98,7.01,7.01,7.01,0.42,
[2026-05-06 14:42:31.008] ,458,28.93,28.64,100548.89,255043.59,1.01,1.07,1.07,1.07,7.07,8.01,8.04,8.04,8.04,0.42,
[2026-05-06 14:42:36.019] ,459,28.89,28.65,100549.12,255043.59,1.03,1.09,1.09,1.09,7.25,8.22,8.25,8.25,8.25,0.42,
[2026-05-06 14:42:41.032] ,456,28.81,28.76,100548.48,252403.25,1.14,1.21,1.21,1.21,8.03,9.1,9.13,9.14,9.14,0.42,
[2026-05-06 14:42:46.041] ,456,28.83,28.98,100548.02,252030.52,1.32,1.4,1.4,1.4,9.28,10.52,10.55,10.56,10.56,0.42,
[2026-05-06 14:42:51.056] ,459,28.83,29.12,100548.13,253905.28,1.41,1.5,1.5,1.5,9.92,11.24,11.28,11.29,11.29,0.42,
[2026-05-06 14:42:56.073] ,458,28.82,29.11,100547.54,253339.94,1.46,1.55,1.55,1.55,10.27,11.65,11.69,11.69,11.69,0.42,
[2026-05-06 14:43:01.086] ,457,28.83,29.08,100548.12,254663.02,1.5,1.59,1.59,1.59,10.52,11.92,11.97,11.97,11.97,0.42,
[2026-05-06 14:43:06.102] ,457,28.83,29.07,100548.33,256000,1.39,1.47,1.47,1.47,9.77,11.08,11.12,11.12,11.12,0.42,
[2026-05-06 14:43:11.108] ,457,28.8,29.01,100548.59,255043.59,1.26,1.34,1.34,1.34,8.87,10.06,10.09,10.09,10.1,0.42,
[2026-05-06 14:43:16.126] ,457,28.83,28.97,100549.23,255425.3,1.16,1.23,1.23,1.23,8.14,9.22,9.25,9.26,9.26,0.42,
[2026-05-06 14:43:21.142] ,459,28.83,28.92,100548.38,257351.09,1.09,1.15,1.15,1.15,7.63,8.65,8.68,8.68,8.68,0.42,
[2026-05-06 14:43:26.156] ,460,28.83,28.9,100548.6,257157.2,1.02,1.08,1.08,1.08,7.17,8.12,8.15,8.15,8.16,0.42,
[2026-05-06 14:43:31.171] ,459,28.82,28.91,100548.42,256192.14,1.06,1.12,1.12,1.12,7.42,8.41,8.44,8.44,8.44,0.42,
[2026-05-06 14:43:36.185] ,458,28.8,28.92,100549.02,258324.92,1.11,1.18,1.18,1.18,7.8,8.84,8.88,8.88,8.88,0.42,
[2026-05-06 14:43:41.195] ,456,28.81,28.93,100549.85,256963.61,1.14,1.21,1.21,1.21,8,9.07,9.1,9.1,9.1,0.42,
[2026-05-06 14:43:46.214] ,455,28.82,28.91,100548.38,257351.09,1.08,1.14,1.14,1.14,7.56,8.57,8.6,8.6,8.6,0.42,
[2026-05-06 14:43:51.226] ,456,28.8,28.92,100547.87,257157.2,1,1.05,1.05,1.05,6.98,7.91,7.94,7.94,7.94,0.42,
[2026-05-06 14:43:56.240] ,456,28.79,28.89,100547.75,258520.58,1.12,1.19,1.19,1.19,7.88,8.93,8.96,8.96,8.96,0.43,
[2026-05-06 14:44:01.255] ,458,28.8,28.86,100548.24,257157.2,1.21,1.28,1.28,1.28,8.51,9.65,9.68,9.68,9.68,0.42,
[2026-05-06 14:44:06.271] ,456,28.8,28.87,100548.7,258129.56,1.2,1.27,1.27,1.27,8.39,9.52,9.55,9.55,9.55,0.42,
[2026-05-06 14:44:11.275] ,459,28.81,28.88,100549.19,259109.31,1.12,1.19,1.19,1.19,7.89,8.94,8.97,8.97,8.98,0.43,
[2026-05-06 14:44:16.294] ,459,28.82,28.87,100550.02,257739.75,1.22,1.29,1.29,1.29,8.54,9.68,9.71,9.71,9.71,0.43,
[2026-05-06 14:44:21.308] ,460,28.83,28.87,100550.11,259898.48,1.28,1.36,1.36,1.36,9,10.2,10.24,10.24,10.24,0.43,
[2026-05-06 14:44:26.325] ,458,28.82,28.86,100549.32,259503.3,1.24,1.31,1.31,1.31,8.7,9.86,9.9,9.9,9.9,0.43,
[2026-05-06 14:44:31.333] ,458,28.83,28.86,100549.99,259503.3,1.1,1.16,1.16,1.16,7.69,8.72,8.75,8.75,8.75,0.43,
[2026-05-06 14:44:36.349] ,458,28.82,28.85,100548.91,260294.86,1.25,1.33,1.33,1.33,8.8,9.97,10.01,10.01,10.01,0.43,
[2026-05-06 14:44:41.367] ,460,28.83,28.85,100549.27,260294.86,1.37,1.45,1.45,1.45,9.62,10.9,10.94,10.95,10.95,0.43,
[2026-05-06 14:44:46.385] ,461,28.83,28.8,100549.2,261892.58,1.3,1.37,1.37,1.37,9.1,10.32,10.35,10.36,10.36,0.43,
[2026-05-06 14:44:51.399] ,462,28.83,28.79,100549.55,258716.53,1.26,1.34,1.34,1.34,8.87,10.05,10.09,10.09,10.09,0.43,
[2026-05-06 14:44:56.407] ,463,28.83,28.81,100548.57,258324.92,1.28,1.35,1.35,1.35,8.96,10.16,10.19,10.19,10.2,0.43,
[2026-05-06 14:45:01.422] ,464,28.84,28.83,100548.77,255808.14,1.28,1.35,1.35,1.35,8.98,10.18,10.22,10.22,10.22,0.43,
[2026-05-06 14:45:06.441] ,462,28.85,28.8,100548.15,257351.09,1.26,1.33,1.33,1.33,8.81,9.98,10.02,10.02,10.02,0.43,
[2026-05-06 14:45:11.453] ,464,28.85,28.64,100548.88,258912.77,1.28,1.35,1.35,1.35,8.95,10.15,10.18,10.19,10.19,0.43,
[2026-05-06 14:45:16.463] ,467,28.85,28.5,100548.17,259109.31,1.28,1.35,1.35,1.35,8.95,10.14,10.18,10.18,10.18,0.43,
[2026-05-06 14:45:21.486] ,465,28.86,28.39,100547.69,258716.53,1.36,1.43,1.43,1.43,9.51,10.78,10.82,10.82,10.82,0.44,
[2026-05-06 14:45:26.495] ,465,28.86,28.37,100549.16,258912.77,1.39,1.47,1.47,1.47,9.77,11.08,11.12,11.12,11.12,0.44,
[2026-05-06 14:45:31.513] ,464,28.87,28.46,100549.61,262496.78,1.38,1.46,1.46,1.46,9.65,10.94,10.98,10.99,10.99,0.43,
[2026-05-06 14:45:36.517] ,463,28.87,28.56,100549.61,261091.28,1.48,1.56,1.57,1.57,10.34,11.73,11.77,11.77,11.78,0.44,
[2026-05-06 14:45:41.535] ,461,28.86,28.61,100549.63,261291.14,1.46,1.55,1.56,1.56,10.24,11.62,11.67,11.67,11.68,0.44,
[2026-05-06 14:45:46.552] ,461,28.87,28.64,100549.09,260891.72,1.47,1.55,1.56,1.56,10.28,11.66,11.71,11.71,11.71,0.43,
[2026-05-06 14:45:51.569] ,462,28.87,28.65,100549.31,262698.81,1.45,1.53,1.53,1.53,10.14,11.49,11.54,11.54,11.54,0.44,
[2026-05-06 14:45:56.578] ,461,28.86,28.65,100549.99,262093.67,1.42,1.51,1.52,1.52,9.96,11.3,11.34,11.35,11.35,0.44,
[2026-05-06 14:46:01.592] ,460,28.86,28.62,100550.84,261491.31,1.3,1.38,1.39,1.39,9.09,10.32,10.36,10.36,10.37,0.44,
[2026-05-06 14:46:06.612] ,459,28.86,28.59,100550.19,261091.28,1.34,1.43,1.44,1.44,9.35,10.62,10.67,10.67,10.67,0.44,
[2026-05-06 14:46:11.625] ,458,28.86,28.56,100551.2,260294.86,1.31,1.4,1.41,1.42,9.14,10.39,10.44,10.44,10.44,0.45,
[2026-05-06 14:46:16.636] ,457,28.86,28.54,100551.67,261091.28,1.31,1.41,1.42,1.43,9.18,10.43,10.48,10.49,10.49,0.45,
[2026-05-06 14:46:21.649] ,456,28.87,28.58,100551.34,260891.72,1.31,1.4,1.42,1.43,9.16,10.41,10.47,10.47,10.47,0.45,
[2026-05-06 14:46:26.665] ,455,28.85,28.6,100550.64,260891.72,1.32,1.41,1.43,1.43,9.2,10.46,10.52,10.52,10.52,0.45,
[2026-05-06 14:46:31.675] ,456,28.85,28.62,100551.41,259700.73,1.28,1.37,1.38,1.39,8.91,10.12,10.17,10.18,10.18,0.44,
[2026-05-06 14:46:36.688] ,459,28.85,28.63,100551.59,261691.8,1.2,1.29,1.3,1.31,8.41,9.56,9.61,9.62,9.62,0.44,
[2026-05-06 14:46:41.705] ,459,28.85,28.64,100550.61,259503.3,1.17,1.25,1.26,1.27,8.15,9.26,9.31,9.31,9.31,0.44,
[2026-05-06 14:46:46.717] ,457,28.85,28.51,100549.56,260891.72,1.17,1.25,1.27,1.27,8.16,9.28,9.32,9.33,9.33,0.44,
[2026-05-06 14:46:51.738] ,458,28.85,28.47,100550.66,259503.3,1.2,1.28,1.3,1.31,8.37,9.52,9.57,9.57,9.57,0.44,
[2026-05-06 14:46:56.748] ,460,28.87,28.34,100550.49,259700.73,1.26,1.35,1.37,1.37,8.8,10.01,10.06,10.07,10.07,0.44,
[2026-05-06 14:47:01.765] ,458,28.88,28.21,100551.94,260294.86,1.22,1.31,1.32,1.33,8.51,9.68,9.73,9.73,9.73,0.44,
[2026-05-06 14:47:06.781] ,458,28.88,28.14,100552.79,258520.58,1.18,1.27,1.28,1.29,8.25,9.38,9.42,9.43,9.43,0.44,
[2026-05-06 14:47:11.795] ,459,28.87,28.11,100552.71,259898.48,1.25,1.33,1.34,1.34,8.77,9.95,9.99,10,10,0.44,
[2026-05-06 14:47:16.803] ,459,28.86,28.22,100552.93,259898.48,1.42,1.51,1.51,1.51,9.96,11.3,11.34,11.34,11.34,0.44,
[2026-05-06 14:47:21.816] ,461,28.86,28.35,100551.27,261691.8,1.62,1.72,1.72,1.72,11.36,12.88,12.93,12.93,12.93,0.44,
[2026-05-06 14:47:26.831] ,461,28.88,28.44,100550.22,262901.16,1.58,1.68,1.69,1.69,11.09,12.58,12.63,12.63,12.63,0.44,
[2026-05-06 14:47:31.851] ,460,28.87,28.45,100550.85,263917.53,1.43,1.52,1.53,1.53,10.03,11.38,11.43,11.43,11.43,0.44,
[2026-05-06 14:47:36.866] ,461,28.87,28.46,100549.96,261691.8,1.26,1.34,1.35,1.35,8.8,9.99,10.03,10.03,10.04,0.44,
[2026-05-06 14:47:41.871] ,460,28.87,28.4,100549.53,260692.47,1.32,1.41,1.42,1.43,9.26,10.52,10.57,10.57,10.57,0.44,
[2026-05-06 14:47:46.893] ,460,28.88,28.36,100550.95,259503.3,1.41,1.51,1.52,1.52,9.86,11.2,11.25,11.25,11.25,0.44,
[2026-05-06 14:47:51.908] ,461,28.88,28.38,100550.15,261691.8,1.41,1.51,1.52,1.53,9.85,11.19,11.25,11.25,11.25,0.45,
[2026-05-06 14:47:56.916] ,459,28.89,28.29,100549.83,262698.81,1.38,1.47,1.48,1.49,9.61,10.93,10.98,10.98,10.99,0.45,
[2026-05-06 14:48:01.932] ,459,28.9,28.2,100551.62,259503.3,1.34,1.43,1.45,1.45,9.36,10.64,10.69,10.69,10.7,0.45,
[2026-05-06 14:48:06.942] ,459,28.89,28.11,100550.62,261091.28,1.28,1.37,1.39,1.4,8.97,10.19,10.24,10.25,10.25,0.45,
[2026-05-06 14:48:11.956] ,458,28.9,28.14,100552.76,258324.92,1.33,1.42,1.44,1.44,9.26,10.52,10.58,10.58,10.58,0.45,
[2026-05-06 14:48:16.969] ,459,28.87,28.24,100553.28,258716.53,1.35,1.45,1.46,1.47,9.43,10.72,10.77,10.78,10.78,0.45,
[2026-05-06 14:48:21.991] ,459,28.87,28.35,100552.41,260891.72,1.38,1.48,1.49,1.5,9.61,10.93,10.99,10.99,11,0.45,
[2026-05-06 14:48:27.005] ,457,28.87,28.42,100551.24,261291.14,1.58,1.69,1.71,1.72,10.99,12.5,12.57,12.57,12.58,0.45,
[2026-05-06 14:48:32.010] ,457,28.89,28.44,100550.41,258520.58,1.64,1.76,1.79,1.8,11.46,13.03,13.1,13.11,13.11,0.45,
[2026-05-06 14:48:37.021] ,458,28.89,28.32,100551.3,261892.58,1.53,1.64,1.67,1.68,10.67,12.14,12.21,12.21,12.21,0.45,
[2026-05-06 14:48:42.036] ,460,28.89,28.14,100551.64,262496.78,1.47,1.59,1.61,1.62,10.28,11.7,11.76,11.77,11.77,0.45,
[2026-05-06 14:48:47.053] ,458,28.89,28.04,100551.48,259503.3,1.42,1.53,1.55,1.56,9.9,11.26,11.33,11.33,11.33,0.45,
[2026-05-06 14:48:52.062] ,459,28.89,27.98,100551.81,261491.31,1.27,1.37,1.38,1.39,8.85,10.08,10.13,10.14,10.14,0.46,
[2026-05-06 14:48:57.084] ,461,28.9,27.96,100551.27,260294.86,1.29,1.38,1.4,1.41,8.96,10.2,10.26,10.26,10.26,0.45,
[2026-05-06 14:49:02.092] ,460,28.91,27.9,100550.73,262698.81,1.27,1.37,1.39,1.4,8.86,10.08,10.13,10.14,10.14,0.45,
[2026-05-06 14:49:07.106] ,460,28.91,27.83,100550.23,260891.72,1.29,1.39,1.4,1.41,8.98,10.22,10.28,10.28,10.28,0.45,
[2026-05-06 14:49:12.120] ,457,28.91,27.72,100551.07,261291.14,1.28,1.37,1.39,1.4,8.89,10.12,10.18,10.18,10.18,0.46,
[2026-05-06 14:49:17.135] ,458,28.91,27.63,100551.55,262496.78,1.37,1.47,1.49,1.5,9.54,10.86,10.92,10.93,10.93,0.46,
[2026-05-06 14:49:22.143] ,458,28.91,27.59,100551.37,260692.47,1.5,1.61,1.63,1.64,10.43,11.86,11.93,11.94,11.94,0.46,
[2026-05-06 14:49:27.157] ,458,28.9,27.73,100552.11,261091.28,1.53,1.65,1.67,1.69,10.68,12.15,12.22,12.23,12.23,0.46,
[2026-05-06 14:49:32.167] ,458,28.89,27.98,100551.03,260891.72,1.57,1.69,1.72,1.73,10.94,12.45,12.53,12.53,12.53,0.46,
[2026-05-06 14:49:37.187] ,457,28.9,28.1,100551.79,261291.14,1.63,1.75,1.78,1.79,11.34,12.91,12.98,12.99,12.99,0.46,
[2026-05-06 14:49:42.195] ,458,28.9,28.04,100551.03,259503.3,1.52,1.64,1.66,1.67,10.6,12.06,12.13,12.14,12.14,0.46,
[2026-05-06 14:49:47.210] ,458,28.89,27.89,100551.23,261691.8,1.46,1.57,1.59,1.6,10.15,11.55,11.62,11.62,11.63,0.46,
[2026-05-06 14:49:52.225] ,459,28.88,27.79,100550.75,260294.86,1.64,1.76,1.79,1.8,11.41,12.98,13.06,13.06,13.06,0.46,
[2026-05-06 14:49:57.235] ,458,28.87,27.71,100551.65,258716.53,2.05,2.21,2.24,2.25,14.29,16.26,16.35,16.36,16.36,0.46,
[2026-05-06 14:50:02.256] ,457,28.87,27.69,100549.57,261691.8,2.21,2.38,2.41,2.43,15.43,17.55,17.65,17.66,17.66,0.46,
[2026-05-06 14:50:07.269] ,453,28.87,27.67,100549.17,260692.47,2.2,2.37,2.4,2.42,15.35,17.47,17.56,17.57,17.58,0.46,
[2026-05-06 14:50:12.275] ,452,28.87,27.66,100549.7,259109.31,2.03,2.18,2.21,2.22,14.15,16.09,16.18,16.19,16.19,0.46,
[2026-05-06 14:50:17.291] ,453,28.88,27.65,100551.55,259306.16,1.96,2.1,2.13,2.14,13.64,15.52,15.6,15.61,15.61,0.47,
[2026-05-06 14:50:22.299] ,453,28.89,27.71,100550.79,258324.92,1.9,2.04,2.07,2.08,13.24,15.06,15.14,15.15,15.15,0.47,
[2026-05-06 14:50:27.315] ,452,28.87,27.76,100550.46,257351.09,1.78,1.91,1.94,1.95,12.4,14.11,14.19,14.19,14.2,0.47,
[2026-05-06 14:50:32.326] ,450,28.87,27.77,100548.96,257351.09,1.7,1.83,1.85,1.86,11.84,13.47,13.55,13.56,13.56,0.47,
[2026-05-06 14:50:37.344] ,450,28.87,27.89,100551.17,257739.75,1.56,1.68,1.71,1.72,10.91,12.41,12.48,12.49,12.49,0.47,
[2026-05-06 14:50:42.355] ,449,28.88,28.01,100550.16,254663.02,1.49,1.6,1.63,1.64,10.39,11.83,11.89,11.9,11.9,0.47,
[2026-05-06 14:50:47.365] ,451,28.88,28.04,100549.64,259503.3,1.63,1.75,1.78,1.79,11.36,12.92,13,13,13.01,0.47,
[2026-05-06 14:50:52.380] ,450,28.86,27.92,100550.41,258520.58,1.66,1.78,1.81,1.82,11.57,13.16,13.24,13.24,13.24,0.47,
[2026-05-06 14:50:57.395] ,450,28.87,28,100549.12,254283.58,1.58,1.7,1.73,1.74,11.05,12.57,12.64,12.65,12.65,0.47,
[2026-05-06 14:51:02.413] ,450,28.87,28,100549.13,256577.3,1.54,1.65,1.67,1.69,10.72,12.19,12.26,12.27,12.27,0.47,
[2026-05-06 14:51:07.426] ,449,28.88,27.97,100548.54,257545.27,1.53,1.64,1.66,1.68,10.65,12.12,12.18,12.19,12.19,0.47,
[2026-05-06 14:51:12.435] ,449,28.89,27.99,100548.97,255616.58,1.5,1.62,1.64,1.65,10.48,11.92,11.99,11.99,11.99,0.47,
[2026-05-06 14:51:17.456] ,448,28.88,28.17,100550.01,254663.02,1.49,1.6,1.62,1.63,10.37,11.8,11.87,11.87,11.87,0.47,
[2026-05-06 14:51:22.463] ,448,28.87,28.29,100548.84,255616.58,1.44,1.54,1.56,1.58,10.02,11.39,11.46,11.46,11.47,0.47,
[2026-05-06 14:51:27.477] ,449,28.86,28.15,100549.75,258716.53,1.34,1.44,1.45,1.46,9.32,10.6,10.66,10.66,10.66,0.47,
[2026-05-06 14:51:32.495] ,450,28.86,27.94,100549.6,259898.48,1.25,1.34,1.36,1.37,8.71,9.91,9.97,9.97,9.97,0.47,
[2026-05-06 14:51:37.508] ,449,28.86,27.9,100547.98,258324.92,1.37,1.47,1.48,1.49,9.52,10.83,10.89,10.9,10.9,0.46,
[2026-05-06 14:51:42.525] ,448,28.86,27.94,100548.36,255043.59,1.77,1.9,1.92,1.94,12.35,14.04,14.12,14.12,14.13,0.47,
[2026-05-06 14:51:47.531] ,449,28.87,28.06,100548.38,258324.92,2.09,2.24,2.27,2.28,14.56,16.56,16.65,16.66,16.66,0.47,
[2026-05-06 14:51:52.548] ,449,28.87,28.14,100548.88,257351.09,2.17,2.33,2.36,2.38,15.17,17.25,17.34,17.35,17.35,0.47,
[2026-05-06 14:51:57.560] ,451,28.84,28.19,100548.46,257157.2,2.3,2.47,2.5,2.52,16.07,18.27,18.37,18.38,18.38,0.47,
[2026-05-06 14:52:02.576] ,450,28.84,28.28,100548.91,259306.16,2.34,2.51,2.54,2.56,16.32,18.55,18.65,18.66,18.67,0.47,
[2026-05-06 14:52:07.593] ,450,28.84,28.36,100547.24,261691.8,2.43,2.61,2.64,2.65,16.95,19.27,19.37,19.38,19.39,0.46,
[2026-05-06 14:52:12.606] ,449,28.86,28.41,100548.62,260294.86,2.58,2.77,2.8,2.82,18.04,20.51,20.62,20.63,20.63,0.46,
[2026-05-06 14:52:17.614] ,448,28.86,28.45,100547.73,258324.92,2.55,2.74,2.77,2.78,17.83,20.27,20.37,20.38,20.39,0.46,
[2026-05-06 14:52:22.625] ,447,28.85,28.49,100548.89,258716.53,2.43,2.6,2.63,2.64,16.94,19.25,19.35,19.36,19.36,0.46,
[2026-05-06 14:52:27.645] ,446,28.85,28.42,100548.53,261091.28,2.39,2.57,2.59,2.61,16.72,19.01,19.11,19.12,19.12,0.46,
[2026-05-06 14:52:32.652] ,445,28.84,28.37,100549.39,259306.16,2.2,2.35,2.38,2.39,15.34,17.44,17.53,17.53,17.54,0.46,
[2026-05-06 14:52:37.669] ,446,28.85,28.18,100547.31,261291.14,2.15,2.3,2.32,2.34,15.02,17.07,17.16,17.17,17.17,0.46,
[2026-05-06 14:52:42.682] ,446,28.86,27.92,100548.42,259700.73,2.2,2.35,2.37,2.38,15.34,17.43,17.52,17.53,17.53,0.46,
[2026-05-06 14:52:47.691] ,446,28.86,27.77,100548.35,257934.52,2.25,2.41,2.43,2.45,15.75,17.89,17.98,17.99,17.99,0.46,
[2026-05-06 14:52:52.705] ,446,28.87,27.67,100547.84,257157.2,2.07,2.22,2.24,2.25,14.49,16.47,16.55,16.56,16.56,0.46,
[2026-05-06 14:52:57.727] ,444,28.88,27.7,100548.17,256963.61,2,2.14,2.16,2.17,14.01,15.92,16,16,16,0.46,
[2026-05-06 14:53:02.735] ,446,28.88,27.68,100548.2,258129.56,1.97,2.11,2.13,2.14,13.76,15.64,15.72,15.72,15.72,0.46,
[2026-05-06 14:53:07.751] ,446,28.89,27.6,100548.97,258324.92,1.78,1.91,1.92,1.93,12.45,14.15,14.22,14.22,14.23,0.46,
[2026-05-06 14:53:12.756] ,448,28.87,27.62,100548.6,260294.86,1.74,1.86,1.88,1.89,12.18,13.84,13.91,13.92,13.92,0.46,
[2026-05-06 14:53:17.770] ,448,28.87,27.89,100547.95,260294.86,1.85,1.98,1.99,2,12.91,14.67,14.74,14.75,14.75,0.46,
[2026-05-06 14:53:22.788] ,449,28.87,28.07,100547.41,259700.73,2.16,2.31,2.33,2.34,15.08,17.13,17.21,17.22,17.22,0.47,
[2026-05-06 14:53:27.795] ,450,28.88,28.2,100546.49,261091.28,2.23,2.38,2.4,2.41,15.55,17.67,17.76,17.77,17.77,0.46,
[2026-05-06 14:53:32.811] ,449,28.89,28.3,100548.41,260096.52,2.24,2.4,2.42,2.43,15.69,17.82,17.91,17.91,17.92,0.46,
[2026-05-06 14:53:37.825] ,451,28.87,28.37,100549.98,261091.28,2.26,2.41,2.43,2.44,15.78,17.92,18.01,18.02,18.02,0.46,
[2026-05-06 14:53:42.835] ,451,28.85,28.42,100549.2,262295.09,2.4,2.56,2.58,2.59,16.78,19.06,19.15,19.16,19.16,0.45,
[2026-05-06 14:53:47.845] ,453,28.84,28.47,100548.13,261291.14,2.53,2.7,2.72,2.73,17.71,20.11,20.2,20.21,20.21,0.45,
[2026-05-06 14:53:52.866] ,454,28.84,28.5,100548.73,260493.52,2.48,2.64,2.66,2.67,17.33,19.68,19.77,19.78,19.78,0.45,
[2026-05-06 14:53:57.879] ,456,28.84,28.48,100547.73,260294.86,2.53,2.69,2.71,2.72,17.69,20.08,20.17,20.18,20.18,0.45,
[2026-05-06 14:54:02.885] ,456,28.84,28.29,100548.84,259700.73,2.65,2.82,2.84,2.84,18.54,21.05,21.14,21.15,21.15,0.45,
[2026-05-06 14:54:07.901] ,456,28.84,28.09,100547.91,259109.31,2.62,2.79,2.8,2.81,18.34,20.82,20.91,20.91,20.91,0.45,
[2026-05-06 14:54:12.915] ,455,28.84,27.91,100548.02,259503.3,2.79,2.96,2.98,2.98,19.5,22.13,22.23,22.24,22.24,0.45,
[2026-05-06 14:54:17.925] ,454,28.85,27.83,100546.76,260096.52,2.89,3.07,3.08,3.09,20.21,22.93,23.03,23.04,23.04,0.44,
[2026-05-06 14:54:22.943] ,455,28.86,27.84,100548.12,260493.52,2.87,3.05,3.06,3.07,20.07,22.78,22.88,22.88,22.89,0.44,
[2026-05-06 14:54:27.955] ,453,28.86,27.7,100547.08,259306.16,2.82,3,3.01,3.02,19.75,22.42,22.51,22.52,22.52,0.44,
[2026-05-06 14:54:32.970] ,451,28.86,27.56,100547.45,261491.31,2.8,2.98,2.99,2.99,19.63,22.28,22.37,22.38,22.38,0.44,
[2026-05-06 14:54:37.975] ,450,28.87,27.45,100546.62,260493.52,2.88,3.06,3.07,3.08,20.19,22.91,23,23.01,23.01,0.44,
[2026-05-06 14:54:42.992] ,450,28.88,27.41,100547.37,260493.52,3.21,3.41,3.42,3.42,22.47,25.5,25.6,25.61,25.61,0.45,
[2026-05-06 14:54:48.005] ,449,28.88,27.38,100546.08,260692.47,3.4,3.61,3.62,3.63,23.81,27.01,27.12,27.13,27.13,0.46,
[2026-05-06 14:54:53.015] ,448,28.89,27.36,100546.24,261892.58,3.43,3.64,3.65,3.66,24.01,27.25,27.36,27.37,27.37,0.46,
[2026-05-06 14:54:58.032] ,449,28.88,27.55,100545.24,262093.67,3.38,3.59,3.6,3.61,23.67,26.86,26.97,26.98,26.98,0.45,
[2026-05-06 14:55:03.042] ,448,28.88,27.84,100545.76,258912.77,3.24,3.44,3.45,3.46,22.69,25.75,25.85,25.86,25.86,0.45,
[2026-05-06 14:55:08.056] ,448,28.87,28.08,100546.33,260294.86,3.33,3.53,3.55,3.55,23.32,26.46,26.56,26.57,26.57,0.44,
[2026-05-06 14:55:13.065] ,447,28.88,28.22,100545.91,259109.31,3.44,3.65,3.66,3.67,24.1,27.33,27.44,27.45,27.45,0.44,
[2026-05-06 14:55:18.080] ,448,28.88,28.3,100545.45,257545.27,3.64,3.86,3.87,3.88,25.5,28.93,29.04,29.05,29.05,0.44,
[2026-05-06 14:55:23.086] ,449,28.88,28.33,100545.33,258129.56,3.66,3.88,3.89,3.89,25.61,29.05,29.17,29.18,29.18,0.45,
[2026-05-06 14:55:28.104] ,449,28.88,28.37,100546.44,258324.92,3.92,4.15,4.16,4.17,27.44,31.12,31.25,31.25,31.26,0.45,
[2026-05-06 14:55:33.111] ,447,28.88,28.34,100545.45,258324.92,4.3,4.57,4.58,4.58,30.17,34.22,34.35,34.36,34.36,0.45,
[2026-05-06 14:55:38.123] ,445,28.85,28.22,100544.72,260096.52,4.6,4.87,4.89,4.89,32.21,36.54,36.68,36.69,36.7,0.45,
[2026-05-06 14:55:43.135] ,446,28.85,28.23,100545.66,260891.72,4.79,5.08,5.09,5.1,33.59,38.1,38.25,38.26,38.26,0.44,
[2026-05-06 14:55:48.148] ,444,28.85,28.1,100547.08,260493.52,4.77,5.06,5.07,5.08,33.45,37.94,38.08,38.09,38.1,0.44,
[2026-05-06 14:55:53.161] ,443,28.84,28.09,100546.48,261691.8,4.91,5.2,5.21,5.22,34.39,39.01,39.16,39.17,39.17,0.45,
[2026-05-06 14:55:58.182] ,445,28.82,28.18,100545.07,261291.14,5.03,5.33,5.34,5.35,35.25,39.98,40.13,40.14,40.15,0.45,
[2026-05-06 14:56:03.192] ,445,28.83,28.31,100545.87,261291.14,5.25,5.56,5.57,5.58,36.8,41.74,41.9,41.91,41.91,0.45,
[2026-05-06 14:56:08.206] ,446,28.82,28.39,100545.81,260493.52,5.45,5.78,5.79,5.79,38.22,43.34,43.51,43.52,43.52,0.44,
[2026-05-06 14:56:13.219] ,445,28.81,28.35,100545.47,263713.62,5.29,5.61,5.62,5.62,37.12,42.09,42.25,42.26,42.27,0.45,
[2026-05-06 14:56:18.225] ,445,28.82,28.05,100544.94,263103.81,5.31,5.62,5.64,5.64,37.2,42.19,42.35,42.36,42.36,0.45,
[2026-05-06 14:56:23.243] ,443,28.83,27.98,100545.43,260692.47,5.36,5.68,5.69,5.7,37.54,42.58,42.74,42.75,42.76,0.46,
[2026-05-06 14:56:28.251] ,440,28.84,28.1,100545.14,261291.14,5.43,5.76,5.77,5.78,38.04,43.15,43.32,43.33,43.33,0.45,
[2026-05-06 14:56:33.261] ,438,28.85,28.23,100546.71,260692.47,5.46,5.79,5.8,5.81,38.28,43.42,43.59,43.6,43.61,0.45,
[2026-05-06 14:56:38.280] ,439,28.84,28.31,100546.59,260891.72,5.55,5.89,5.9,5.91,38.93,44.15,44.33,44.34,44.34,0.45,
[2026-05-06 14:56:43.289] ,441,28.84,28.28,100547.12,260096.52,5.84,6.19,6.21,6.22,40.94,46.43,46.61,46.62,46.63,0.45,
[2026-05-06 14:56:48.305] ,443,28.85,28.33,100547.14,260692.47,5.95,6.31,6.33,6.34,41.72,47.32,47.51,47.52,47.52,0.46,
[2026-05-06 14:56:53.315] ,443,28.85,28.35,100545.54,258912.77,6.41,6.8,6.82,6.83,44.89,50.92,51.12,51.14,51.14,0.46,
[2026-05-06 14:56:58.325] ,443,28.85,28.39,100547.1,259700.73,6.53,6.93,6.96,6.97,45.74,51.89,52.1,52.12,52.12,0.46,
[2026-05-06 14:57:03.339] ,443,28.84,28.22,100548.89,260891.72,6.51,6.91,6.94,6.95,45.59,51.72,51.94,51.95,51.96,0.46,
[2026-05-06 14:57:08.355] ,442,28.84,28.19,100548.28,261091.28,6.16,6.54,6.57,6.58,43.12,48.93,49.13,49.15,49.15,0.46,
[2026-05-06 14:57:13.368] ,442,28.84,28.29,100547.79,260493.52,5.64,5.99,6.01,6.03,39.47,44.79,44.98,44.99,44.99,0.45,
[2026-05-06 14:57:18.386] ,441,28.84,28.27,100547.9,261892.58,5.73,6.09,6.11,6.12,40.11,45.51,45.7,45.72,45.72,0.46,
[2026-05-06 14:57:23.393] ,441,28.84,28.28,100547.41,261291.14,5.89,6.26,6.29,6.3,41.25,46.81,47.01,47.02,47.03,0.46,
[2026-05-06 14:57:28.409] ,439,28.84,28.35,100546.02,260294.86,6.13,6.52,6.55,6.57,42.94,48.73,48.94,48.95,48.96,0.47,
[2026-05-06 14:57:33.420] ,440,28.82,28.38,100545.68,261091.28,6.13,6.52,6.55,6.57,42.89,48.69,48.9,48.91,48.92,0.47,
[2026-05-06 14:57:38.433] ,440,28.82,28.2,100546.19,260096.52,5.87,6.25,6.29,6.31,41.07,46.63,46.83,46.85,46.86,0.48,
[2026-05-06 14:57:43.450] ,439,28.84,28.02,100545.78,262093.67,5.83,6.21,6.25,6.28,40.79,46.31,46.52,46.54,46.55,0.47,
[2026-05-06 14:57:48.465] ,438,28.84,28.04,100546.14,257934.52,5.94,6.33,6.37,6.39,41.56,47.19,47.4,47.42,47.42,0.47,
[2026-05-06 14:57:53.480] ,437,28.84,28.19,100546.05,260891.72,6.16,6.56,6.6,6.63,43.08,48.92,49.14,49.16,49.16,0.46,
[2026-05-06 14:57:58.492] ,436,28.84,28.33,100546.37,260294.86,6.29,6.7,6.74,6.76,43.98,49.93,50.15,50.17,50.18,0.46,
[2026-05-06 14:58:03.507] ,435,28.83,28.37,100545.23,260096.52,6.25,6.66,6.7,6.72,43.74,49.66,49.88,49.9,49.9,0.47,
[2026-05-06 14:58:08.525] ,434,28.83,28.11,100546.59,260493.52,6.37,6.79,6.83,6.85,44.59,50.62,50.85,50.86,50.87,0.47,
[2026-05-06 14:58:13.535] ,436,28.84,27.83,100546.41,260891.72,6.22,6.63,6.67,6.69,43.55,49.45,49.67,49.69,49.69,0.47,
[2026-05-06 14:58:18.541] ,435,28.84,27.8,100547.09,260294.86,6.06,6.45,6.5,6.52,42.36,48.1,48.32,48.34,48.34,0.48,
[2026-05-06 14:58:23.555] ,435,28.83,28.03,100547.12,259898.48,6.16,6.57,6.62,6.65,43.1,48.95,49.17,49.19,49.2,0.48,
[2026-05-06 14:58:28.570] ,435,28.81,28.22,100544.61,259700.73,6.67,7.12,7.17,7.2,46.65,52.98,53.23,53.25,53.25,0.47,
[2026-05-06 14:58:33.586] ,433,28.79,28.4,100545.31,260493.52,6.65,7.09,7.14,7.17,46.49,52.79,53.04,53.06,53.06,0.47,
[2026-05-06 14:58:38.595] ,433,28.8,28.49,100544.76,260493.52,6.51,6.94,6.98,7.01,45.5,51.67,51.91,51.93,51.93,0.47,
[2026-05-06 14:58:43.614] ,434,28.79,28.53,100545.39,260891.72,6.47,6.9,6.94,6.97,45.24,51.37,51.61,51.62,51.63,0.47,
[2026-05-06 14:58:48.625] ,433,28.79,28.54,100544.47,260692.47,6.43,6.86,6.91,6.93,45.01,51.11,51.34,51.36,51.37,0.48,
[2026-05-06 14:58:53.635] ,434,28.79,28.53,100545.95,260294.86,6.43,6.86,6.91,6.94,44.98,51.08,51.32,51.34,51.34,0.49,
[2026-05-06 14:58:58.650] ,432,28.78,28.47,100544.88,260493.52,6.6,7.05,7.1,7.13,46.15,52.42,52.67,52.69,52.69,0.49,
[2026-05-06 14:59:03.662] ,433,28.78,28.28,100544.5,263917.53,6.56,7,7.06,7.09,45.83,52.06,52.31,52.33,52.34,0.49,
[2026-05-06 14:59:08.678] ,434,28.79,28,100546.02,264326.28,6.56,7.01,7.07,7.11,45.88,52.13,52.38,52.4,52.41,0.48,
[2026-05-06 14:59:13.686] ,436,28.79,27.76,100544.18,263103.81,6.44,6.88,6.95,6.98,45.01,51.14,51.39,51.41,51.42,0.49,
[2026-05-06 14:59:18.699] ,438,28.79,27.62,100543.94,264326.28,6.2,6.63,6.69,6.73,43.32,49.23,49.47,49.49,49.5,0.49,
[2026-05-06 14:59:23.709] ,436,28.81,27.52,100545.22,263510.03,6.13,6.56,6.62,6.66,42.83,48.68,48.92,48.94,48.95,0.48,
[2026-05-06 14:59:28.723] ,437,28.81,27.52,100545.83,262698.81,6.26,6.69,6.75,6.79,43.73,49.69,49.94,49.96,49.96,0.48,
[2026-05-06 14:59:33.745] ,437,28.82,27.63,100545.08,263713.62,6.5,6.94,7,7.03,45.4,51.58,51.83,51.85,51.86,0.48,
[2026-05-06 14:59:38.755] ,438,28.81,27.57,100545.24,263306.75,6.86,7.32,7.38,7.41,47.92,54.44,54.7,54.72,54.73,0.48,
[2026-05-06 14:59:43.763] ,438,28.8,27.42,100544.27,265147.59,7.43,7.93,8,8.03,51.9,58.96,59.25,59.27,59.28,0.49,
[2026-05-06 14:59:48.786] ,435,28.8,27.34,100544.9,264121.75,7.43,7.95,8.02,8.06,51.95,59.03,59.32,59.35,59.35,0.49,
[2026-05-06 14:59:53.794] ,434,28.81,27.29,100544.88,262496.78,7.39,7.91,7.99,8.03,51.6,58.65,58.94,58.97,58.98,0.5,
[2026-05-06 14:59:58.806] ,433,28.82,27.24,100545.32,263713.62,7.19,7.7,7.78,7.82,50.18,57.04,57.33,57.36,57.37,0.5,
[2026-05-06 15:00:03.823] ,433,28.82,27.23,100544.55,264531.12,7.17,7.68,7.76,7.81,50.03,56.88,57.17,57.2,57.2,0.5,
[2026-05-06 15:00:08.836] ,433,28.83,27.18,100545.29,261291.14,6.9,7.4,7.48,7.52,48.17,54.77,55.06,55.08,55.09,0.49,
[2026-05-06 15:00:13.846] ,429,28.83,27.15,100545.04,263103.81,6.65,7.13,7.21,7.25,46.44,52.79,53.07,53.09,53.1,0.49,
[2026-05-06 15:00:18.863] ,429,28.82,27.13,100544.73,262093.67,7.09,7.6,7.68,7.73,49.47,56.25,56.54,56.57,56.58,0.49,
[2026-05-06 15:00:23.876] ,428,28.83,27.13,100545.98,261691.8,7.59,8.14,8.23,8.27,53.01,60.27,60.58,60.61,60.62,0.48,
[2026-05-06 15:00:28.886] ,428,28.83,27.19,100545.84,260294.86,7.79,8.35,8.44,8.48,54.39,61.84,62.15,62.18,62.19,0.49,
[2026-05-06 15:00:33.895] ,431,28.83,27.52,100544.13,260692.47,8.11,8.69,8.79,8.84,56.6,64.35,64.69,64.72,64.73,0.49,
[2026-05-06 15:00:38.911] ,432,28.81,27.63,100544.77,259109.31,8.12,8.7,8.81,8.86,56.64,64.41,64.75,64.78,64.79,0.49,
[2026-05-06 15:00:43.925] ,430,28.81,27.59,100545.22,262295.09,8.34,8.94,9.05,9.1,58.19,66.17,66.52,66.55,66.56,0.49,
[2026-05-06 15:00:48.941] ,433,28.8,27.46,100546.21,263510.03,8.75,9.39,9.5,9.56,61.08,69.46,69.83,69.86,69.87,0.49,
[2026-05-06 15:00:53.947] ,431,28.81,27.36,100545.66,261291.14,9.42,10.11,10.23,10.29,65.78,74.8,75.2,75.23,75.24,0.49,
[2026-05-06 15:00:58.961] ,431,28.81,27.3,100544.74,262093.67,9.67,10.38,10.5,10.57,67.52,76.78,77.19,77.23,77.24,0.49,
[2026-05-06 15:01:03.975] ,430,28.8,27.3,100546.8,260891.72,9.57,10.27,10.39,10.45,66.75,75.91,76.32,76.36,76.37,0.49,
[2026-05-06 15:01:08.992] ,429,28.8,27.42,100543.63,262295.09,9.79,10.51,10.64,10.7,68.34,77.72,78.14,78.18,78.19,0.49,
[2026-05-06 15:01:14.007] ,431,28.79,27.62,100544.47,261291.14,9.82,10.54,10.66,10.73,68.56,77.97,78.38,78.42,78.43,0.49,
[2026-05-06 15:01:19.015] ,431,28.8,27.84,100544.67,261491.31,9.6,10.29,10.41,10.47,66.97,76.15,76.56,76.59,76.6,0.48,
[2026-05-06 15:01:24.028] ,431,28.8,27.68,100544.73,263103.81,9.22,9.89,10,10.05,64.4,73.21,73.6,73.63,73.64,0.48,
[2026-05-06 15:01:29.040] ,429,28.75,27.77,100547.45,260891.72,9.08,9.72,9.83,9.88,63.39,72.06,72.43,72.46,72.47,0.47,
[2026-05-06 15:01:34.054] ,429,28.75,28.04,100544.99,261091.28,8.93,9.56,9.65,9.7,62.4,70.92,71.28,71.31,71.32,0.47,
[2026-05-06 15:01:39.071] ,430,28.75,28.2,100546.24,261091.28,8.64,9.23,9.32,9.36,60.34,68.57,68.91,68.93,68.94,0.47,
[2026-05-06 15:01:44.088] ,430,28.73,28.26,100546.22,262698.81,8.47,9.05,9.13,9.17,59.21,67.27,67.6,67.62,67.63,0.48,
[2026-05-06 15:01:49.099] ,431,28.73,28.31,100545.33,262093.67,8.67,9.26,9.33,9.37,60.58,68.82,69.15,69.18,69.19,0.47,
[2026-05-06 15:01:54.114] ,431,28.67,28.27,100545.2,264121.75,9.21,9.83,9.9,9.94,64.4,73.14,73.48,73.51,73.52,0.47,
[2026-05-06 15:01:59.130] ,430,28.65,28.2,100544.73,265147.59,9.76,10.41,10.48,10.52,68.26,77.51,77.87,77.9,77.91,0.47,
[2026-05-06 15:02:04.135] ,430,28.64,28.27,100544.19,265147.59,9.97,10.63,10.7,10.74,69.73,79.19,79.55,79.58,79.59,0.48,
[2026-05-06 15:02:09.149] ,429,28.64,28.34,100544.86,263306.75,10.04,10.71,10.78,10.82,70.25,79.77,80.14,80.16,80.17,0.48,
[2026-05-06 15:02:14.166] ,428,28.66,28.38,100544.88,264531.12,10.17,10.85,10.92,10.96,71.12,80.77,81.14,81.17,81.18,0.49,
[2026-05-06 15:02:19.184] ,426,28.67,28.39,100546.09,264121.75,10.54,11.25,11.34,11.38,73.69,83.71,84.1,84.13,84.14,0.49,
[2026-05-06 15:02:24.196] ,425,28.63,28.38,100548.16,263713.62,11.08,11.83,11.92,11.97,77.42,87.95,88.37,88.41,88.42,0.49,
[2026-05-06 15:02:29.205] ,427,28.64,28.43,100548.91,263103.81,11.06,11.81,11.91,11.96,77.3,87.82,88.24,88.28,88.29,0.48,
[2026-05-06 15:02:34.221] ,427,28.66,28.45,100549.99,261091.28,10.73,11.47,11.56,11.62,74.98,85.19,85.6,85.63,85.64,0.49,
[2026-05-06 15:02:39.235] ,427,28.66,28.46,100549.11,262496.78,10.77,11.51,11.62,11.68,75.22,85.48,85.91,85.94,85.95,0.5,
[2026-05-06 15:02:44.251] ,427,28.67,28.48,100546.58,262295.09,10.75,11.5,11.61,11.67,75.08,85.33,85.76,85.79,85.8,0.49,
[2026-05-06 15:02:49.265] ,427,28.69,28.49,100547.84,262295.09,10.55,11.29,11.4,11.45,73.7,83.76,84.18,84.21,84.22,0.49,
[2026-05-06 15:02:54.283] ,427,28.68,28.51,100548.09,261291.14,10.11,10.81,10.92,10.97,70.6,80.23,80.63,80.67,80.68,0.49,
[2026-05-06 15:02:59.296] ,428,28.69,28.52,100546.66,260096.52,10.28,11,11.11,11.16,71.85,81.65,82.06,82.09,82.1,0.48,
[2026-05-06 15:03:04.306] ,428,28.71,28.51,100546.16,259898.48,10.78,11.54,11.65,11.71,75.33,85.61,86.04,86.07,86.08,0.49,
[2026-05-06 15:03:09.320] ,429,28.67,28.49,100546.06,263713.62,11.12,11.91,12.04,12.1,77.66,88.27,88.73,88.77,88.78,0.5,
[2026-05-06 15:03:14.335] ,428,28.62,28.64,100546.88,262496.78,11.52,12.35,12.49,12.56,80.39,91.41,91.89,91.93,91.94,0.49,
[2026-05-06 15:03:19.349] ,430,28.63,28.84,100546.35,260891.72,11.64,12.48,12.63,12.7,81.28,92.42,92.9,92.95,92.96,0.49,
[2026-05-06 15:03:24.357] ,431,28.64,28.96,100546.54,259700.73,11.54,12.36,12.5,12.57,80.54,91.56,92.04,92.08,92.09,0.49,
[2026-05-06 15:03:29.375] ,430,28.65,28.95,100546.07,258520.58,11.55,12.38,12.52,12.59,80.62,91.67,92.15,92.19,92.2,0.5,
[2026-05-06 15:03:34.383] ,429,28.65,28.8,100547.05,259898.48,11.5,12.34,12.48,12.56,80.26,91.26,91.75,91.79,91.8,0.5,
[2026-05-06 15:03:39.403] ,429,28.67,28.68,100546.38,261691.8,12.33,13.24,13.4,13.49,86.02,97.83,98.36,98.41,98.42,0.5,
[2026-05-06 15:03:44.415] ,427,28.67,28.6,100545.47,262698.81,13.31,14.3,14.49,14.58,92.81,105.58,106.16,106.22,106.23,0.5,
[2026-05-06 15:03:49.425] ,428,28.68,28.6,100546.13,262093.67,13.89,14.92,15.12,15.23,96.84,110.17,110.78,110.84,110.85,0.5,
[2026-05-06 15:03:54.443] ,428,28.7,28.66,100544.42,260096.52,14.05,15.1,15.3,15.4,98.01,111.5,112.11,112.17,112.19,0.49,
[2026-05-06 15:03:59.451] ,425,28.7,28.69,100543.62,260692.47,14.01,15.05,15.24,15.35,97.69,111.13,111.74,111.8,111.81,0.48,
[2026-05-06 15:04:04.466] ,425,28.7,28.7,100545.12,260891.72,13.85,14.89,15.09,15.2,96.55,109.85,110.47,110.52,110.54,0.49,
[2026-05-06 15:04:09.473] ,427,28.7,28.73,100547.2,260692.47,13.25,14.27,14.48,14.59,92.36,105.12,105.72,105.78,105.79,0.5,
[2026-05-06 15:04:14.495] ,427,28.69,28.74,100546.62,261491.31,13.14,14.16,14.37,14.48,91.57,104.23,104.83,104.89,104.91,0.5,
[2026-05-06 15:04:19.505] ,429,28.7,28.72,100547.38,261892.58,13.47,14.51,14.72,14.84,93.85,106.82,107.44,107.5,107.52,0.49,
[2026-05-06 15:04:24.515] ,429,28.68,28.81,100547.69,260692.47,13.99,15.06,15.28,15.39,97.52,110.98,111.61,111.67,111.69,0.49,
[2026-05-06 15:04:29.535] ,430,28.69,28.95,100545.35,260294.86,14.62,15.73,15.95,16.06,101.96,116.02,116.67,116.73,116.75,0.49,
[2026-05-06 15:04:34.545] ,431,28.7,28.93,100546.73,260294.86,14.99,16.11,16.32,16.43,104.57,118.96,119.61,119.67,119.69,0.48,
[2026-05-06 15:04:39.565] ,431,28.72,28.94,100546.94,259898.48,15.39,16.51,16.7,16.8,107.39,122.11,122.76,122.82,122.84,0.47,
[2026-05-06 15:04:44.575] ,432,28.73,28.98,100546.44,257545.27,15.09,16.16,16.33,16.42,105.4,119.81,120.42,120.48,120.49,0.47,
[2026-05-06 15:04:49.590] ,434,28.73,29.01,100547.29,258716.53,14.13,15.12,15.26,15.33,98.72,112.19,112.75,112.79,112.81,0.48,
[2026-05-06 15:04:54.606] ,435,28.74,29.03,100547.23,259109.31,13.83,14.79,14.93,15,96.62,109.8,110.34,110.39,110.4,0.47,
[2026-05-06 15:04:59.616] ,436,28.73,29.12,100547.82,258716.53,13.6,14.54,14.66,14.73,95.02,107.97,108.5,108.54,108.56,0.48,
[2026-05-06 15:05:04.635] ,437,28.73,29.31,100547.38,258324.92,13.59,14.53,14.66,14.73,95,107.94,108.47,108.51,108.53,0.47,
[2026-05-06 15:05:09.639] ,436,28.71,29.59,100548.81,257545.27,13.2,14.12,14.25,14.31,92.25,104.83,105.34,105.39,105.4,0.48,
[2026-05-06 15:05:14.655] ,437,28.69,29.84,100548.34,258520.58,13.16,14.07,14.2,14.27,91.92,104.46,104.97,105.01,105.03,0.48,
[2026-05-06 15:05:19.671] ,437,28.67,29.89,100548.88,259109.31,13.12,14.04,14.17,14.24,91.63,104.14,104.66,104.71,104.72,0.48,
[2026-05-06 15:05:24.680] ,438,28.66,30,100549.28,258520.58,12.92,13.84,14,14.07,90.2,102.54,103.08,103.12,103.14,0.5,
[2026-05-06 15:05:29.694] ,438,28.66,29.96,100549.55,257351.09,13.03,14.01,14.2,14.3,90.9,103.41,103.99,104.04,104.06,0.52,
[2026-05-06 15:05:34.714] ,442,28.68,29.82,100549.36,257157.2,13.16,14.19,14.42,14.53,91.68,104.37,104.99,105.05,105.06,0.52,
[2026-05-06 15:05:39.727] ,444,28.69,29.63,100548.41,258324.92,13.67,14.77,15.03,15.17,95.16,108.39,109.07,109.13,109.15,0.52,
[2026-05-06 15:05:44.732] ,446,28.7,29.27,100548.89,258716.53,14.2,15.36,15.64,15.79,98.82,112.58,113.29,113.36,113.37,0.51,
[2026-05-06 15:05:49.752] ,444,28.72,29.4,100548.88,257934.52,14.55,15.72,16,16.15,101.24,115.32,116.04,116.11,116.13,0.49,
[2026-05-06 15:05:54.768] ,446,28.73,29.34,100549.28,258324.92,14.95,16.13,16.39,16.53,104.11,118.54,119.25,119.32,119.34,0.49,
[2026-05-06 15:05:59.783] ,447,28.72,29.03,100549.19,258129.56,14.93,16.08,16.32,16.45,104.06,118.44,119.12,119.19,119.21,0.48,
[2026-05-06 15:06:04.798] ,447,28.76,28.93,100547.29,260096.52,15.09,16.23,16.45,16.57,105.19,119.69,120.36,120.43,120.44,0.49,
[2026-05-06 15:06:09.804] ,448,28.78,28.88,100546.59,258520.58,15.26,16.4,16.62,16.74,106.45,121.1,121.77,121.83,121.85,0.49,
[2026-05-06 15:06:14.825] ,447,28.79,28.94,100547.64,259700.73,15.65,16.81,17.02,17.13,109.14,124.15,124.83,124.89,124.9,0.49,
[2026-05-06 15:06:19.840] ,449,28.79,28.76,100546.45,259898.48,15.84,17.02,17.24,17.35,110.52,125.72,126.41,126.47,126.49,0.49,
[2026-05-06 15:06:24.848] ,450,28.8,28.43,100547.81,259898.48,15.51,16.65,16.85,16.96,108.2,123.06,123.72,123.78,123.8,0.48,
[2026-05-06 15:06:29.869] ,449,28.8,28.08,100548.01,262093.67,15.52,16.65,16.85,16.95,108.28,123.14,123.79,123.85,123.87,0.49,
[2026-05-06 15:06:34.877] ,451,28.81,27.9,100549.88,262496.78,14.83,15.91,16.1,16.19,103.47,117.67,118.29,118.35,118.37,0.49,
[2026-05-06 15:06:39.896] ,451,28.81,27.9,100548.05,258912.77,15.31,16.43,16.63,16.74,106.8,121.46,122.12,122.17,122.19,0.49,
[2026-05-06 15:06:44.905] ,449,28.8,28.06,100548.8,260692.47,15.91,17.09,17.32,17.44,110.94,126.2,126.9,126.96,126.98,0.5,
[2026-05-06 15:06:49.917] ,449,28.81,28.17,100548.32,260096.52,15.75,16.95,17.18,17.31,109.82,124.96,125.67,125.74,125.75,0.51,
[2026-05-06 15:06:54.929] ,451,28.82,28.24,100546.75,261091.28,15.62,16.83,17.09,17.22,108.88,123.93,124.65,124.72,124.74,0.51,
[2026-05-06 15:06:59.952] ,453,28.83,28.19,100548.48,262496.78,15.75,17.02,17.32,17.47,109.62,124.85,125.63,125.7,125.72,0.53,Cooking started
[2026-05-06 15:07:04.966] ,453,28.83,28.06,100548.78,262901.16,15.9,17.25,17.61,17.8,110.49,125.97,126.82,126.9,126.92,0.53,
[2026-05-06 15:07:09.976] ,453,28.84,28.02,100549.09,262295.09,16.56,17.99,18.39,18.6,115.01,131.16,132.07,132.17,132.19,0.52,
[2026-05-06 15:07:14.990] ,453,28.84,28.23,100548.89,261091.28,17.89,19.45,19.89,20.12,124.26,141.73,142.71,142.82,142.84,0.52,
[2026-05-06 15:07:20.004] ,452,28.82,28.3,100548.55,259306.16,19.56,21.28,21.77,22.03,135.77,154.89,155.98,156.1,156.12,0.52,
[2026-05-06 15:07:25.015] ,451,28.84,28.35,100549.08,258520.58,21.4,23.28,23.81,24.08,148.63,169.54,170.72,170.85,170.88,0.51,
[2026-05-06 15:07:30.038] ,451,28.85,28.46,100549.25,258520.58,22.35,24.27,24.8,25.07,155.3,177.09,178.3,178.43,178.46,0.5,
[2026-05-06 15:07:35.045] ,452,28.85,28.53,100548.62,257351.09,21.89,23.71,24.17,24.41,152.21,173.47,174.59,174.71,174.74,0.49,
[2026-05-06 15:07:40.061] ,452,28.86,28.48,100547.27,258912.77,21.04,22.73,23.13,23.34,146.47,166.83,167.86,167.96,167.98,0.48,
[2026-05-06 15:07:45.072] ,452,28.86,28.36,100546.24,260891.72,20.06,21.63,21.98,22.16,139.73,159.08,160.03,160.12,160.15,0.49,
[2026-05-06 15:07:50.090] ,453,28.87,28.2,100548.82,259503.3,18.93,20.39,20.7,20.86,131.92,150.15,151.02,151.1,151.13,0.49,
[2026-05-06 15:07:55.106] ,453,28.87,27.96,100545.2,260493.52,51.37,55.29,56.09,56.51,358.1,407.52,409.85,410.07,410.13,0.49,
[2026-05-06 15:08:00.119] ,451,28.86,27.75,100546.7,260692.47,38.44,41.36,41.95,42.25,268.02,304.98,306.71,306.87,306.92,0.49,
[2026-05-06 15:08:05.136] ,453,28.87,27.62,100548.77,260493.52,21.55,23.16,23.47,23.63,150.29,170.98,171.93,172.02,172.04,0.49,
[2026-05-06 15:08:10.141] ,452,28.88,27.51,100545.88,259700.73,18.78,20.18,20.44,20.58,131.02,149.04,149.85,149.93,149.95,0.49,
[2026-05-06 15:08:15.158] ,452,28.87,27.48,100545.91,260294.86,20.43,21.95,22.23,22.38,142.49,162.09,162.98,163.07,163.09,0.49,
[2026-05-06 15:08:20.176] ,452,28.88,27.43,100545.95,261291.14,20.07,21.55,21.82,21.96,140.03,159.27,160.13,160.21,160.23,0.48,
[2026-05-06 15:08:25.192] ,449,28.87,27.49,100546.79,260891.72,19.77,21.21,21.46,21.59,138.01,156.93,157.76,157.84,157.86,0.47,
[2026-05-06 15:08:30.202] ,447,28.86,27.4,100546.94,260891.72,19.16,20.54,20.76,20.88,133.8,152.11,152.9,152.97,152.99,0.47,
[2026-05-06 15:08:35.217] ,446,28.87,27.32,100548.59,262295.09,17.6,18.85,19.04,19.15,122.87,139.68,140.39,140.45,140.47,0.47,
[2026-05-06 15:08:40.225] ,444,28.88,27.26,100548.05,261691.8,15.99,17.12,17.3,17.4,111.64,126.91,127.56,127.61,127.63,0.48,
[2026-05-06 15:08:45.241] ,443,28.88,27.22,100549.69,262093.67,14.73,15.79,15.96,16.05,102.8,116.88,117.49,117.54,117.56,0.49,
[2026-05-06 15:08:50.259] ,443,28.88,27.21,100548.71,263306.75,14.21,15.25,15.45,15.54,99.11,112.72,113.34,113.39,113.41,0.5,
[2026-05-06 15:08:55.269] ,443,28.89,27.22,100547.72,262093.67,14,15.06,15.28,15.39,97.56,111.03,111.66,111.72,111.74,0.51,
[2026-05-06 15:09:00.276] ,441,28.89,27.25,100547.28,260493.52,13.21,14.24,14.47,14.59,91.99,104.74,105.36,105.42,105.44,0.51,
[2026-05-06 15:09:05.298] ,440,28.87,27.24,100549.03,263510.03,11.84,12.79,13.02,13.13,82.44,93.9,94.48,94.53,94.55,0.51,
[2026-05-06 15:09:10.311] ,438,28.86,27.21,100547.91,261691.8,11.41,12.35,12.57,12.69,79.42,90.48,91.05,91.11,91.12,0.5,
[2026-05-06 15:09:15.325] ,438,28.85,27.19,100549.67,262698.81,11.49,12.44,12.68,12.8,79.92,91.07,91.66,91.72,91.73,0.5,
[2026-05-06 15:09:20.338] ,438,28.86,27.2,100549.77,261691.8,11.87,12.87,13.12,13.26,82.55,94.09,94.71,94.77,94.78,0.5,
[2026-05-06 15:09:25.345] ,437,28.87,27.3,100549.49,259503.3,12.65,13.71,13.99,14.14,87.91,100.21,100.87,100.94,100.96,0.5,
[2026-05-06 15:09:30.365] ,436,28.87,28.11,100548.98,258716.53,33.81,36.65,37.4,37.79,235.05,267.93,269.7,269.88,269.92,0.51,
[2026-05-06 15:09:35.371] ,434,28.87,28.19,100548.89,260294.86,35.94,38.96,39.75,40.16,249.84,284.78,286.66,286.86,286.9,0.51,
[2026-05-06 15:09:40.390] ,432,28.87,28.1,100549.84,260692.47,30.43,33.03,33.73,34.1,211.43,241.07,242.7,242.87,242.91,0.51,
[2026-05-06 15:09:45.398] ,430,28.85,28.3,100547.81,260493.52,31.64,34.37,35.11,35.5,219.84,250.69,252.41,252.59,252.63,0.52,
[2026-05-06 15:09:50.416] ,431,28.86,28.62,100549.28,258520.58,33.48,36.35,37.13,37.54,232.63,265.26,267.06,267.25,267.29,0.52,
[2026-05-06 15:09:55.428] ,432,28.86,28.7,100550.4,259503.3,34.44,37.39,38.19,38.6,239.27,272.83,274.68,274.88,274.92,0.5,
[2026-05-06 15:10:00.439] ,431,28.86,28.42,100548.03,261892.58,33.94,36.76,37.48,37.86,236.05,269.01,270.76,270.93,270.97,0.49,
[2026-05-06 15:10:05.455] ,430,28.86,28.14,100549.66,260096.52,37.02,39.95,40.62,40.96,257.79,293.55,295.32,295.5,295.54,0.46,
[2026-05-06 15:10:10.470] ,430,28.87,27.94,100549.41,261091.28,34.41,37.05,37.59,37.88,239.82,272.94,274.51,274.66,274.7,0.47,
[2026-05-06 15:10:15.483] ,428,28.87,27.75,100549.25,259306.16,32.59,35.01,35.47,35.71,227.33,258.6,260.02,260.15,260.19,0.48,
[2026-05-06 15:10:20.493] ,430,28.89,27.64,100548.5,259898.48,30.55,32.78,33.16,33.37,213.21,242.46,243.75,243.86,243.89,0.47,
[2026-05-06 15:10:25.509] ,430,28.89,27.61,100550.43,259700.73,28.35,30.4,30.75,30.93,197.88,225,226.18,226.29,226.32,0.49,
[2026-05-06 15:10:30.526] ,431,28.89,27.59,100550.06,260891.72,27.23,29.21,29.56,29.74,190.02,216.09,217.24,217.34,217.37,0.49,
[2026-05-06 15:10:35.542] ,430,28.9,27.53,100549.92,259898.48,25.52,27.37,27.69,27.86,178.13,202.55,203.62,203.72,203.74,0.49,
[2026-05-06 15:10:40.553] ,429,28.9,27.49,100550.55,259700.73,42.27,45.27,45.75,46,295.13,335.5,337.22,337.37,337.41,0.47,
[2026-05-06 15:10:45.564] ,430,28.89,27.49,100550.58,262496.78,42.07,45.02,45.46,45.69,293.89,334.01,335.68,335.83,335.87,0.48,
[2026-05-06 15:10:50.575] ,430,28.86,27.66,100550.24,259306.16,40.13,42.9,43.28,43.48,280.44,318.65,320.2,320.33,320.37,0.47,
[2026-05-06 15:10:55.593] ,432,28.87,27.73,100550.36,260692.47,41.38,44.21,44.59,44.79,289.2,328.57,330.16,330.29,330.33,0.48,
[2026-05-06 15:11:00.602] ,432,28.87,27.61,100549.91,261892.58,30.94,33.06,33.35,33.49,216.25,245.7,246.88,246.98,247.01,0.49,
[2026-05-06 15:11:05.616] ,432,28.85,27.48,100549.88,262496.78,22.08,23.59,23.79,23.89,154.34,175.34,176.18,176.25,176.27,0.47,
[2026-05-06 15:11:10.631] ,431,28.87,27.44,100549.85,261892.58,30.63,32.71,32.98,33.13,214.08,243.21,244.37,244.47,244.5,0.49,
[2026-05-06 15:11:15.645] ,431,28.89,27.58,100549.27,257934.52,178.72,191.02,192.69,193.57,1248.96,1419.09,1425.99,1426.56,1426.73,0.49,
[2026-05-06 15:11:20.665] ,429,28.9,27.79,100549.81,254094.3,107,114.49,115.59,116.17,747.47,849.49,853.74,854.1,854.2,0.49,
[2026-05-06 15:11:25.675] ,434,28.85,29.48,100547.1,256963.61,63.15,67.7,68.47,68.86,440.82,501.21,503.84,504.07,504.14,0.5,
[2026-05-06 15:11:30.692] ,434,28.83,29.66,100548.14,253152.05,65.32,70.1,70.95,71.4,455.81,518.38,521.16,521.41,521.48,0.51,
[2026-05-06 15:11:35.705] ,432,28.84,29.86,100548.62,253716.55,75.55,81.2,82.28,82.84,526.89,599.41,602.73,603.04,603.12,0.51,
[2026-05-06 15:11:40.720] ,433,28.77,29.49,100549.01,258716.53,73.99,79.66,80.83,81.45,515.69,586.9,590.28,590.6,590.68,0.51,
[2026-05-06 15:11:45.735] ,433,28.74,29.27,100549.9,257545.27,70.54,76.07,77.28,77.91,491.39,559.43,562.76,563.08,563.16,0.52,
[2026-05-06 15:11:50.745] ,433,28.72,29.48,100553.88,254853.16,69.49,74.91,76.09,76.71,484.06,551.07,554.33,554.65,554.73,0.5,
[2026-05-06 15:11:55.756] ,433,28.73,29.76,100552.1,251473.48,215.67,232.66,236.45,238.43,1502.07,1710.25,1720.51,1721.51,1721.76,0.49,
[2026-05-06 15:12:00.770] ,435,28.74,30.82,100552.2,244624.94,297.79,321.46,326.89,329.71,2073.5,2361.24,2375.61,2377.01,2377.36,0.48,
[2026-05-06 15:12:05.787] ,435,28.74,31.29,100552.91,243925.67,387.88,418.73,425.81,429.5,2700.71,3075.52,3094.25,3096.09,3096.54,0.49,
[2026-05-06 15:12:10.807] ,435,28.73,31.09,100551.53,247104.25,214.75,232.13,236.3,238.47,1494.5,1702.42,1713.06,1714.12,1714.38,0.48,
[2026-05-06 15:12:15.825] ,437,28.75,30.43,100552.24,252403.25,108.38,117.17,119.3,120.41,754.17,859.13,864.53,865.07,865.2,0.48,
[2026-05-06 15:12:20.840] ,437,28.77,29.73,100552.7,254853.16,83.66,90.43,92.06,92.9,582.26,663.26,667.4,667.82,667.92,0.47,
[2026-05-06 15:12:25.855] ,440,28.74,29.25,100554.13,256963.61,85.25,92.03,93.58,94.39,593.58,675.95,680.06,680.46,680.56,0.45,
[2026-05-06 15:12:30.871] ,442,28.71,29.24,100552.88,253905.28,173.43,186.97,189.92,191.46,1208.2,1375.44,1383.59,1384.37,1384.57,0.45,
[2026-05-06 15:12:35.878] ,441,28.71,29.49,100551.44,253152.05,218.5,235.61,239.38,241.34,1521.98,1732.75,1743.06,1744.06,1744.31,0.47,
[2026-05-06 15:12:40.895] ,441,28.69,29.86,100551.38,249269.72,252.15,271.47,275.45,277.53,1757.48,2000.14,2011.64,2012.73,2013.01,0.46,
[2026-05-06 15:12:45.915] ,442,28.7,30.4,100550.51,246925.48,347.95,374.8,380.46,383.42,2424.68,2759.8,2775.85,2777.39,2777.78,0.46,
[2026-05-06 15:12:50.925] ,442,28.72,31.12,100552.22,246925.48,394.4,426.39,434.09,438.1,2744.69,3126.62,3146.22,3148.17,3148.65,0.52,
[2026-05-06 15:12:55.947] ,443,28.72,30.62,100551.55,247283.27,330.64,358.92,366.58,370.58,2297.45,2619.59,2637.35,2639.19,2639.62,0.49,
[2026-05-06 15:13:00.958] ,443,28.69,30.62,100553.83,244449.75,262.74,285.13,291.16,294.31,1825.79,2081.67,2095.71,2097.17,2097.51,0.5,
[2026-05-06 15:13:05.974] ,443,28.72,30.79,100553.8,248362.84,258.56,281.21,287.65,291.01,1795.29,2047.92,2062.29,2063.81,2064.15,0.51,
[2026-05-06 15:13:10.995] ,444,28.74,30.22,100552.71,251103.48,216.75,235.22,240.19,242.79,1506.24,1717.33,1728.91,1730.11,1730.39,0.49,
[2026-05-06 15:13:16.010] ,445,28.76,29.68,100553.72,253339.94,150.4,163.08,166.41,168.15,1045.48,1191.76,1199.67,1200.49,1200.68,0.49,
[2026-05-06 15:13:21.019] ,447,28.77,29.31,100554.3,252030.52,140.81,152.79,156,157.68,978.56,1115.66,1123.17,1123.95,1124.13,0.49,
[2026-05-06 15:13:26.035] ,448,28.79,29.1,100552.63,255043.59,138,149.62,152.67,154.26,959.31,1093.52,1100.76,1101.5,1101.68,0.46,
[2026-05-06 15:13:31.052] ,448,28.79,29.08,100555.09,252590.03,136.05,147.28,150.09,151.56,946.34,1078.34,1085.28,1085.98,1086.15,0.47,
[2026-05-06 15:13:36.065] ,448,28.82,29.05,100551.89,252030.52,138.1,149.51,152.38,153.87,960.55,1094.56,1101.61,1102.33,1102.5,0.47,
[2026-05-06 15:13:41.080] ,448,28.8,29.07,100553.21,252403.25,250.46,271.07,276.21,278.9,1742.24,1985.18,1997.91,1999.19,1999.5,0.46,
[2026-05-06 15:13:46.099] ,449,28.78,29.19,100554.26,250550.53,262.93,284.71,290.22,293.1,1828.65,2083.88,2097.36,2098.73,2099.06,0.46,
[2026-05-06 15:13:51.110] ,450,28.78,29.13,100554.65,252964.42,227.05,245.45,249.88,252.19,1580.05,1799.9,1811.18,1812.31,1812.58,0.46,
[2026-05-06 15:13:56.130] ,450,28.78,28.92,100553.73,255234.3,140.74,151.94,154.51,155.86,979.9,1115.9,1122.71,1123.38,1123.54,0.49,
[2026-05-06 15:14:01.139] ,450,28.79,28.86,100554.66,254283.58,114.81,123.76,125.71,126.73,799.79,910.49,915.87,916.39,916.52,0.48,
[2026-05-06 15:14:06.155] ,449,28.84,28.81,100552.8,253339.94,101.13,108.88,110.47,111.3,704.9,802.22,806.83,807.27,807.38,0.49,
[2026-05-06 15:14:11.170] ,448,28.87,28.69,100552.77,253152.05,93.81,100.83,102.18,102.89,654.22,744.28,748.41,748.79,748.89,0.48,
[2026-05-06 15:14:16.187] ,448,28.89,28.54,100553.01,251658.89,91.09,97.92,99.24,99.93,635.24,722.71,726.73,727.1,727.2,0.49,
[2026-05-06 15:14:21.195] ,448,28.91,28.46,100552.96,253339.94,90.13,96.98,98.36,99.08,628.36,715.03,719.09,719.47,719.57,0.47,
[2026-05-06 15:14:26.216] ,448,28.89,28.36,100552.46,256192.14,98.79,106.31,107.84,108.63,688.65,783.66,788.13,788.55,788.66,0.5,
[2026-05-06 15:14:31.227] ,448,28.91,28.32,100552.01,254663.02,123.5,132.94,134.87,135.88,860.86,979.68,985.29,985.82,985.96,0.49,
[2026-05-06 15:14:36.241] ,447,28.92,28.3,100551.38,255234.3,130.57,141.04,143.49,144.77,908.95,1035.23,1041.61,1042.24,1042.4,0.51,
[2026-05-06 15:14:41.251] ,449,28.9,28.28,100550.37,253716.55,125.83,136.66,139.63,141.19,874.14,996.82,1003.64,1004.36,1004.52,0.51,
[2026-05-06 15:14:46.265] ,449,28.91,28.29,100550.12,256000,124.39,135.39,138.58,140.24,863.43,985.11,992.12,992.87,993.04,0.51,
[2026-05-06 15:14:51.280] ,449,28.93,28.26,100549.36,255808.14,111.52,121.49,124.43,125.97,773.89,883.13,889.5,890.19,890.34,0.51,
[2026-05-06 15:14:56.289] ,451,28.96,28.25,100552,254853.16,99.78,108.92,111.73,113.19,691.88,789.9,795.8,796.44,796.58,0.53,
[2026-05-06 15:15:01.305] ,450,28.97,28.25,100551.66,253528.09,94.84,103.51,106.18,107.57,657.61,750.77,756.37,756.98,757.11,0.49,
[2026-05-06 15:15:06.322] ,450,28.97,28.22,100550.66,253716.55,93.31,101.88,104.53,105.92,646.9,738.6,744.15,744.75,744.88,0.5,
[2026-05-06 15:15:11.338] ,451,28.97,28.13,100550.95,253528.09,92.8,101.51,104.3,105.76,642.93,734.39,740.07,740.7,740.84,0.5,
[2026-05-06 15:15:16.344] ,450,28.99,28.12,100551.37,250000,93.21,101.87,104.61,106.03,645.99,737.73,743.36,743.98,744.11,0.5,
[2026-05-06 15:15:21.362] ,449,28.93,28.63,100549.23,249451.89,239.76,261.82,268.66,272.23,1662.21,1897.89,1912.17,1913.73,1914.07,0.51,
[2026-05-06 15:15:26.374] ,450,28.95,28.86,100550.11,250918.89,205.07,224.55,230.91,234.23,1420.23,1622.63,1635.4,1636.82,1637.12,0.51,
[2026-05-06 15:15:31.390] ,450,28.96,28.96,100552.73,247821.88,234.01,256.77,264.47,268.48,1619.42,1851.09,1866.15,1867.84,1868.19,0.5,
[2026-05-06 15:15:36.408] ,450,28.95,29.07,100552.04,249634.33,242.31,265.37,272.92,276.86,1678.1,1917.31,1932.44,1934.12,1934.48,0.5,
[2026-05-06 15:15:41.418] ,450,28.92,29.26,100550.98,246746.98,243.78,266.62,273.93,277.74,1689.06,1929.25,1944.15,1945.79,1946.14,0.5,
[2026-05-06 15:15:46.431] ,449,28.88,29.22,100550.35,249087.81,242.91,265.35,272.36,276.02,1683.83,1922.72,1937.28,1938.87,1939.21,0.51,
[2026-05-06 15:15:51.446] ,449,28.85,29.36,100550.25,247642.08,241.26,263.64,270.68,274.35,1672.19,1909.59,1924.13,1925.72,1926.07,0.51,
[2026-05-06 15:15:56.465] ,447,28.82,29.38,100550.67,250183.23,241.53,264.09,271.27,275.02,1673.64,1911.52,1926.22,1927.84,1928.19,0.52,
[2026-05-06 15:16:01.477] ,446,28.82,29.6,100549.6,247642.08,241.65,264.41,271.74,275.57,1674.08,1912.32,1927.19,1928.83,1929.19,0.49,
[2026-05-06 15:16:06.490] ,448,28.83,29.99,100549.02,246568.75,242.39,264.96,272.11,275.84,1679.78,1918.41,1933.1,1934.71,1935.06,0.5,
[2026-05-06 15:16:11.499] ,448,28.85,30.29,100550.1,244100.12,235.61,257.57,264.52,268.15,1632.81,1864.78,1879.07,1880.63,1880.97,0.49,
[2026-05-06 15:16:16.514] ,448,28.86,30.42,100549.79,246213.03,216.03,236.17,242.57,245.9,1497.03,1709.74,1722.86,1724.3,1724.61,0.48,
[2026-05-06 15:16:21.535] ,446,28.89,30.39,100550.24,245328.22,210.59,230.28,236.56,239.84,1459.21,1666.64,1679.48,1680.89,1681.19,0.5,
[2026-05-06 15:16:26.547] ,446,28.9,29.98,100550.65,248001.94,211.63,231.77,238.37,241.81,1465.59,1674.51,1687.73,1689.2,1689.51,0.51,
[2026-05-06 15:16:31.561] ,446,28.92,29.61,100550.51,246213.03,219.3,239.53,245.82,249.11,1520.31,1735.94,1749.04,1750.47,1750.78,0.49,
[2026-05-06 15:16:36.573] ,447,28.94,29.47,100553.01,246568.75,226.65,247.03,253.1,256.27,1572.51,1794.66,1807.73,1809.14,1809.45,0.47,
[2026-05-06 15:16:41.586] ,449,28.81,29.66,100552.02,243925.67,247.66,269.62,276.01,279.34,1719.01,1961.35,1975.36,1976.85,1977.18,0.49,
[2026-05-06 15:16:46.606] ,450,28.85,29.87,100551.23,242884.25,309.81,337.06,344.87,348.94,2150.88,2453.73,2471.05,2472.89,2473.3,0.49,
[2026-05-06 15:16:51.620] ,451,28.87,29.84,100551,242366.86,306.83,334.77,343.3,347.74,2127.91,2429.13,2447.15,2449.1,2449.53,0.51,
[2026-05-06 15:16:56.629] ,453,28.87,29.62,100549.77,244274.81,305.28,334.71,344.53,349.65,2113.25,2415.12,2434.52,2436.69,2437.15,0.53,
[2026-05-06 15:17:01.645] ,454,28.88,29.83,100550.6,244100.12,301.72,331,340.87,346.01,2088.17,2386.79,2406.14,2408.31,2408.77,0.49,
[2026-05-06 15:17:06.665] ,452,28.91,30.03,100550.56,239140.59,299.62,328.6,338.32,343.39,2073.84,2370.25,2389.38,2391.52,2391.97,0.49,
[2026-05-06 15:17:11.675] ,453,28.93,30.06,100551.69,242023.16,298.54,326.34,335.13,339.72,2068.9,2362.8,2380.89,2382.87,2383.3,0.48,
[2026-05-06 15:17:16.695] ,453,28.94,30.03,100552.42,239812.64,298.57,326.15,334.76,339.26,2069.65,2363.29,2381.17,2383.13,2383.55,0.48,
[2026-05-06 15:17:21.705] ,451,28.95,29.9,100550.6,240658.05,297.8,325.81,334.82,339.52,2063.15,2356.7,2375,2377.01,2377.45,0.48,
[2026-05-06 15:17:26.719] ,451,28.96,29.85,100550.91,240997.88,296.45,324.43,333.48,338.2,2053.57,2345.92,2364.21,2366.24,2366.67,0.48,
[2026-05-06 15:17:31.737] ,451,28.93,29.78,100549.95,243403.84,294.29,321.89,330.72,335.33,2039.06,2329.04,2347.04,2349.03,2349.45,0.51,
[2026-05-06 15:17:36.751] ,452,28.89,29.63,100550.24,243751.48,293.98,321.15,329.65,334.08,2037.81,2326.95,2344.57,2346.5,2346.92,0.5,
[2026-05-06 15:17:41.762] ,451,28.9,29.63,100548.79,242366.86,294.43,321.91,330.65,335.2,2040.3,2330.24,2348.14,2350.11,2350.53,0.51,
[2026-05-06 15:17:46.778] ,453,28.9,29.77,100549.75,242366.86,299.08,326.83,335.56,340.11,2072.91,2367.21,2385.23,2387.21,2387.64,0.47,
[2026-05-06 15:17:51.794] ,453,28.91,29.94,100550.28,242194.89,306.46,333.59,341.46,345.56,2127.19,2427.01,2444.3,2446.14,2446.55,0.47,
[2026-05-06 15:17:56.805] ,452,28.94,30.13,100550.82,239644.28,325.07,353.4,361.39,365.55,2257.41,2574.84,2592.79,2594.68,2595.1,0.48,
[2026-05-06 15:18:01.821] ,452,28.95,30.2,100550.24,239308.25,342.46,372.31,380.72,385.11,2378.17,2712.58,2731.49,2733.48,2733.93,0.5,
[2026-05-06 15:18:06.835] ,450,28.97,29.95,100550.49,239812.64,342.72,372.9,381.57,386.09,2379.25,2714.32,2733.52,2735.55,2736.01,0.48,
[2026-05-06 15:18:11.855] ,452,28.98,29.74,100549.52,239476.14,336.1,365.89,374.56,379.07,2332.85,2661.72,2680.72,2682.74,2683.2,0.48,
[2026-05-06 15:18:16.869] ,451,28.97,29.69,100550.41,240827.84,330.08,360.21,369.42,374.23,2289.01,2613.14,2632.58,2634.69,2635.15,0.48,
[2026-05-06 15:18:21.883] ,450,28.97,29.95,100550.36,238472.28,329.97,360.38,369.83,374.77,2287.53,2611.94,2631.64,2633.79,2634.26,0.51,
[2026-05-06 15:18:26.895] ,451,28.99,30.58,100551.66,236653.58,333.32,364.37,374.21,379.35,2309.89,2638.06,2658.27,2660.49,2660.97,0.49,
[2026-05-06 15:18:31.913] ,452,29,30.94,100552.39,234378.58,336.16,367.07,376.64,381.64,2330.62,2661.03,2681.03,2683.21,2683.69,0.49,
[2026-05-06 15:18:36.929] ,455,29,31.21,100553.8,233576.64,341.49,373.15,383.11,388.3,2366.9,2702.91,2723.47,2725.72,2726.21,0.5,
[2026-05-06 15:18:41.946] ,454,29.01,31.36,100552.47,234862.39,346.53,378.64,388.73,393.99,2401.86,2742.8,2763.66,2765.94,2766.43,0.48,
[2026-05-06 15:18:46.956] ,457,29.03,31.14,100553.11,235348.2,353.09,385.5,395.52,400.74,2448.12,2795.09,2816.06,2818.34,2818.84,0.48,
[2026-05-06 15:18:51.976] ,458,29.04,30.81,100552.28,236489.61,355.68,388.61,398.93,404.32,2465.38,2815.28,2836.66,2838.99,2839.5,0.5,
[2026-05-06 15:18:56.985] ,458,29.02,30.45,100552.1,239644.28,353.78,386.53,396.79,402.14,2452.27,2800.29,2821.55,2823.87,2824.37,0.48,
[2026-05-06 15:19:02.005] ,457,29,30.27,100550.74,238973.16,351.72,384.18,394.3,399.58,2438.2,2784.07,2805.11,2807.41,2807.91,0.49,
[2026-05-06 15:19:07.014] ,458,28.99,30.18,100552.02,239308.25,345.97,378.86,389.62,395.23,2395.98,2737.48,2759.05,2761.45,2761.96,0.52,
[2026-05-06 15:19:12.031] ,455,28.99,30.17,100552.18,239644.28,341.1,374.17,385.3,391.11,2360.77,2698.32,2720.17,2722.62,2723.14,0.5,
[2026-05-06 15:19:17.039] ,456,29,30.2,100550.68,238139.53,338.54,370.81,381.4,386.93,2344.37,2678.65,2699.84,2702.19,2702.69,0.49,
[2026-05-06 15:19:22.055] ,458,29.01,30.22,100550.3,238973.16,338.92,370.32,380.18,385.32,2349.16,2682.61,2703,2705.23,2705.71,0.48,
[2026-05-06 15:19:27.075] ,457,29,30.18,100550.94,241680.44,337.6,367.78,376.69,381.33,2342.62,2673.29,2692.61,2694.67,2695.13,0.48,
[2026-05-06 15:19:32.085] ,459,28.98,30.11,100551.61,241509.44,336.21,366.14,374.92,379.49,2333.26,2662.41,2681.54,2683.58,2684.03,0.49,
[2026-05-06 15:19:37.105] ,460,28.97,30.1,100549.86,240997.88,334.32,363.68,372.06,376.44,2321.15,2647.91,2666.56,2668.53,2668.97,0.49,
[2026-05-06 15:19:42.115] ,461,28.97,30.06,100550.73,241680.44,335.55,365.01,373.42,377.8,2329.7,2657.64,2676.35,2678.33,2678.78,0.5,
[2026-05-06 15:19:47.131] ,461,28.99,30.05,100551.86,242194.89,337.44,367.61,376.53,381.17,2341.53,2672.06,2691.37,2693.44,2693.9,0.5,
[2026-05-06 15:19:52.149] ,461,29.03,30.04,100551.88,240319.17,341.11,372.06,381.44,386.34,2365.87,2700.6,2720.53,2722.69,2723.16,0.5,
[2026-05-06 15:19:57.163] ,461,29.05,30.02,100554.2,239812.64,343.52,374.15,383.15,387.85,2383.92,2720.29,2739.87,2741.96,2742.43,0.47,
[2026-05-06 15:20:02.182] ,460,29.05,29.93,100555.36,240658.05,343.99,374.75,383.83,388.57,2386.93,2723.88,2743.57,2745.67,2746.14,0.51,
[2026-05-06 15:20:07.191] ,460,29.05,29.82,100555.41,240658.05,342.46,372.6,381.24,385.75,2377.49,2712.29,2731.45,2733.48,2733.94,0.47,
[2026-05-06 15:20:12.206] ,460,29.02,29.79,100552.7,240150.09,337.72,367.34,375.79,380.19,2344.84,2674.87,2693.68,2695.67,2696.12,0.48,
[2026-05-06 15:20:17.225] ,460,28.99,29.81,100551.18,242539.08,336.06,366.3,375.34,380.05,2331.45,2660.89,2680.3,2682.38,2682.85,0.49,
[2026-05-06 15:20:22.244] ,460,28.96,29.82,100551.78,240827.84,334.67,364.47,373.2,377.76,2322.58,2650.23,2669.27,2671.3,2671.75,0.49,
[2026-05-06 15:20:27.258] ,460,28.93,29.86,100550.2,242711.55,332.23,361.98,370.79,375.38,2305.3,2630.78,2649.83,2651.87,2652.32,0.49,
[2026-05-06 15:20:32.269] ,460,28.93,29.94,100550.59,241168.16,331.67,361.93,371.18,376.01,2300.04,2625.72,2645.24,2647.36,2647.82,0.49,
[2026-05-06 15:20:37.285] ,458,28.94,30.04,100551.4,241509.44,332.46,361.96,370.54,375.02,2307.57,2632.9,2651.72,2653.72,2654.17,0.47,
[2026-05-06 15:20:42.302] ,458,28.94,30.09,100551.38,239812.64,333.51,362.2,370.07,374.18,2316.95,2642.11,2660.18,2662.06,2662.49,0.48,
[2026-05-06 15:20:47.316] ,457,28.97,30.12,100551.15,240150.09,329.47,358.34,366.55,370.83,2287.66,2609.59,2627.9,2629.84,2630.28,0.5,
[2026-05-06 15:20:52.329] ,458,29,30.01,100551.46,240997.88,327.6,356.02,363.96,368.1,2275.33,2595.05,2613.02,2614.9,2615.33,0.5,
[2026-05-06 15:20:57.343] ,458,29.02,29.86,100551.25,240658.05,328.69,356.94,364.68,368.72,2283.56,2604,2621.78,2623.63,2624.05,0.48,
[2026-05-06 15:21:02.362] ,458,28.99,29.73,100550.4,242711.55,331.21,359.64,367.41,371.46,2301.17,2624.01,2641.89,2643.75,2644.18,0.49,
[2026-05-06 15:21:07.376] ,457,28.97,29.64,100552.21,241680.44,333.27,362.29,370.45,374.71,2314.41,2639.81,2658.19,2660.12,2660.56,0.51,
[2026-05-06 15:21:12.385] ,457,28.94,29.65,100549.2,244100.12,337.26,367.21,375.94,380.49,2340.78,2670.85,2689.96,2691.99,2692.45,0.51,
[2026-05-06 15:21:17.404] ,457,28.92,29.68,100549.49,242366.86,340.02,371.34,381.07,386.15,2357.24,2691.51,2711.8,2714.01,2714.49,0.51,
[2026-05-06 15:21:22.422] ,456,28.95,29.68,100549.49,241338.67,343.73,375.98,386.32,391.71,2381.49,2720.21,2741.26,2743.58,2744.08,0.5,
[2026-05-06 15:21:27.434] ,458,28.97,29.67,100549.63,240997.88,341.75,373.2,382.95,388.04,2369.34,2705.28,2725.64,2727.85,2728.34,0.48,
[2026-05-06 15:21:32.444] ,460,28.99,29.72,100550.01,241509.44,340.85,371.45,380.56,385.31,2364.91,2698.94,2718.56,2720.67,2721.14,0.49,
[2026-05-06 15:21:37.463] ,459,29,29.66,100551.62,240319.17,341.25,371.06,379.5,383.9,2369.66,2702.98,2721.88,2723.87,2724.32,0.49,
[2026-05-06 15:21:42.481] ,459,28.99,29.52,100549.41,242539.08,344.83,374.87,383.32,387.73,2394.72,2731.43,2750.45,2752.45,2752.9,0.49,
[2026-05-06 15:21:47.492] ,460,28.95,29.43,100549.3,243751.48,353.17,383.38,391.57,395.84,2453.99,2798.08,2817.05,2819.02,2819.48,0.49,
[2026-05-06 15:21:52.507] ,460,28.93,29.41,100547.95,243751.48,358.66,389.52,398,402.42,2491.64,2841.34,2860.78,2862.8,2863.27,0.47,
[2026-05-06 15:21:57.518] ,460,28.92,29.5,100548.58,242884.25,357.97,388.58,396.87,401.2,2487.38,2836.14,2855.35,2857.35,2857.81,0.47,
[2026-05-06 15:22:02.533] ,458,28.94,29.62,100548.2,240319.17,346.55,376.3,384.43,388.67,2407.75,2745.54,2764.25,2766.2,2766.65,0.48,
[2026-05-06 15:22:07.553] ,458,28.97,29.69,100548.94,238305.8,340.21,369.56,377.67,381.9,2363.29,2695.1,2713.61,2715.54,2715.98,0.5,
[2026-05-06 15:22:12.571] ,457,28.98,29.77,100547.5,238472.28,341,370.54,378.75,383.04,2368.56,2701.3,2719.94,2721.9,2722.35,0.45,
[2026-05-06 15:22:17.585] ,459,28.99,29.79,100549.66,239812.64,343.83,372.84,380.49,384.48,2390.01,2724.48,2742.59,2744.45,2744.89,0.47,Cooking stopped
[2026-05-06 15:22:22.599] ,458,28.99,29.77,100550.9,239644.28,347.05,375.98,383.4,387.27,2413.3,2750.42,2768.38,2770.21,2770.64,0.5,
[2026-05-06 15:22:27.615] ,458,28.97,29.74,100550.7,239981.25,348.98,378.91,387.07,391.33,2424.67,2764.79,2783.61,2785.56,2786.02,0.5,
[2026-05-06 15:22:32.629] ,457,28.96,29.75,100552.55,240658.05,347.1,377.31,385.8,390.23,2410.52,2749.41,2768.53,2770.54,2771,0.49,
[2026-05-06 15:22:37.649] ,459,28.96,29.78,100550.42,240488.5,343.71,373.55,381.89,386.25,2387.14,2722.61,2741.48,2743.46,2743.91,0.5,
[2026-05-06 15:22:42.660] ,459,28.94,29.75,100549.88,238973.16,343.41,373.22,381.55,385.9,2385.06,2720.24,2739.09,2741.06,2741.52,0.5,
[2026-05-06 15:22:47.671] ,460,28.92,29.75,100548.91,239140.59,344.74,376.47,386.32,391.46,2390.04,2728.93,2749.48,2751.72,2752.2,0.49,
[2026-05-06 15:22:52.687] ,461,28.91,29.76,100548.12,240658.05,344.62,376.61,386.68,391.94,2388.56,2727.69,2748.47,2750.75,2751.24,0.48,
[2026-05-06 15:22:57.707] ,461,28.9,29.85,100548.66,238805.97,344.45,375.63,385.05,389.96,2389.24,2727.15,2747.21,2749.38,2749.85,0.48,
[2026-05-06 15:23:02.726] ,462,28.88,29.92,100548.28,238805.97,345.23,376.6,386.14,391.11,2394.34,2733.17,2753.39,2755.58,2756.06,0.47,
[2026-05-06 15:23:07.734] ,462,28.87,30.08,100549.05,237311.7,345.59,376.46,385.57,390.31,2398.18,2736.65,2756.4,2758.52,2758.99,0.48,
[2026-05-06 15:23:12.749] ,462,28.89,30.14,100550.26,237973.5,346.83,377.46,386.31,390.93,2407.58,2746.8,2766.31,2768.38,2768.84,0.49,
[2026-05-06 15:23:17.765] ,460,28.88,30.1,100547.99,237807.7,346.55,377.61,386.82,391.63,2404.55,2744.1,2764,2766.14,2766.61,0.5,
[2026-05-06 15:23:22.781] ,459,28.86,29.95,100546.88,241680.44,344.3,375.12,384.24,389,2389.05,2726.34,2746.08,2748.19,2748.66,0.48,
[2026-05-06 15:23:27.797] ,460,28.84,29.82,100548.23,243751.48,341.88,373.64,383.66,388.88,2369.43,2705.9,2726.55,2728.81,2729.3,0.49,
[2026-05-06 15:23:32.812] ,458,28.83,29.83,100548.36,244100.12,342.18,374.5,384.96,390.42,2370.29,2707.77,2728.91,2731.25,2731.75,0.51,
[2026-05-06 15:23:37.827] ,458,28.84,29.92,100548.39,240319.17,340.81,373.09,383.59,389.06,2360.58,2696.83,2717.97,2720.31,2720.81,0.48,
[2026-05-06 15:23:42.844] ,459,28.84,30.04,100546.94,237973.5,338.71,370.74,381.13,386.54,2346.18,2680.29,2701.25,2703.57,2704.07,0.5,
[2026-05-06 15:23:47.865] ,458,28.85,30.16,100547.99,237642.14,336.88,369.5,380.46,386.18,2331.63,2664.95,2686.49,2688.91,2689.42,0.5,
[2026-05-06 15:23:52.874] ,458,28.85,30.28,100546.99,238139.53,336.99,368.83,379.14,384.52,2334.34,2666.71,2687.55,2689.85,2690.34,0.5,
[2026-05-06 15:23:57.888] ,457,28.85,30.19,100548.45,240488.5,336.37,367.64,377.5,382.65,2331.23,2662.31,2682.63,2684.86,2685.34,0.48,
[2026-05-06 15:24:02.910] ,456,28.87,30.03,100549.02,241168.16,327.92,357.89,367.09,371.88,2273.88,2595.96,2615.31,2617.41,2617.87,0.48,
[2026-05-06 15:24:07.922] ,457,28.9,29.92,100550.12,241509.44,319.91,348.94,357.73,362.32,2218.87,2532.79,2551.48,2553.5,2553.94,0.5,
[2026-05-06 15:24:12.935] ,457,28.92,29.8,100547.45,242711.55,316.55,345.63,354.62,359.31,2194.75,2505.85,2524.66,2526.71,2527.15,0.48,
[2026-05-06 15:24:17.955] ,458,28.95,29.66,100548.85,243577.55,316.15,345.35,354.46,359.22,2191.6,2502.51,2521.44,2523.51,2523.96,0.5,
[2026-05-06 15:24:22.965] ,457,28.96,29.51,100548.93,244274.81,314.92,344.04,353.15,357.91,2182.92,2492.68,2511.57,2513.64,2514.09,0.49,
[2026-05-06 15:24:27.973] ,456,28.98,29.4,100550.14,245328.22,314.49,342.81,351.28,355.7,2181.83,2490.14,2508.32,2510.28,2510.71,0.5,
[2026-05-06 15:24:32.994] ,456,28.95,29.32,100550.53,243577.55,312.66,342.05,351.5,356.43,2166.1,2474.28,2493.48,2495.6,2496.05,0.52,
[2026-05-06 15:24:38.009] ,458,28.96,29.31,100550.07,245681.38,304.55,333.28,342.56,347.4,2109.73,2410.05,2428.83,2430.9,2431.35,0.52,
[2026-05-06 15:24:43.024] ,458,28.99,29.25,100550.38,246568.75,289.58,316.34,324.7,329.07,2007.31,2292.12,2309.47,2311.37,2311.78,0.48,
[2026-05-06 15:24:48.041] ,456,29.01,29.21,100550.73,244274.81,281.02,305.91,313.12,316.89,1950.62,2225.56,2241.42,2243.11,2243.49,0.48,
[2026-05-06 15:24:53.055] ,454,29.03,29.15,100551.03,246746.98,277.65,301.62,308.24,311.7,1928.65,2199.47,2214.58,2216.16,2216.53,0.48,
[2026-05-06 15:24:58.074] ,453,29.05,29.08,100552.36,246568.75,276.85,300.13,306.23,309.41,1924.6,2193.8,2208.32,2209.81,2210.16,0.46,
[2026-05-06 15:25:03.079] ,452,29.01,29.04,100547.91,245328.22,280.15,303.29,309.1,312.14,1948.61,2220.46,2234.76,2236.21,2236.55,0.47,
[2026-05-06 15:25:08.096] ,451,29.03,29.02,100550.1,243230.41,286.32,310.1,316.16,319.32,1991.19,2269.21,2283.95,2285.45,2285.8,0.49,
[2026-05-06 15:25:13.115] ,450,29.02,29.01,100548.53,243230.41,292.92,317.09,323.16,326.32,2037.44,2321.66,2336.6,2338.11,2338.47,0.5,
[2026-05-06 15:25:18.130] ,448,29.01,29.1,100546.62,242539.08,304.03,329.37,335.87,339.26,2114.09,2409.42,2425.15,2426.75,2427.13,0.48,
[2026-05-06 15:25:23.138] ,448,29.02,29.13,100547.38,240150.09,308.01,334.07,340.97,344.58,2140.88,2440.59,2456.88,2458.56,2458.95,0.49,
[2026-05-06 15:25:28.159] ,446,29.01,29.16,100547.85,238973.16,309.96,335.89,342.6,346.1,2155.16,2456.38,2472.5,2474.15,2474.54,0.48,
[2026-05-06 15:25:33.178] ,445,29.04,29.14,100548.82,240319.17,305.92,331.58,338.25,341.73,2126.92,2424.3,2440.27,2441.9,2442.29,0.48,
[2026-05-06 15:25:38.186] ,447,29.06,29.1,100548.28,241338.67,299.51,324.27,330.5,333.75,2083.21,2373.87,2389.18,2390.73,2391.1,0.47,
[2026-05-06 15:25:43.205] ,447,29.08,29.06,100548.78,241338.67,293.78,317.69,323.49,326.52,2044.24,2328.84,2343.52,2344.99,2345.34,0.47,
[2026-05-06 15:25:48.224] ,447,29.1,29.06,100548.47,239476.14,290.11,314.6,321.05,324.42,2016.62,2298.84,2314.13,2315.7,2316.07,0.52,
[2026-05-06 15:25:53.235] ,446,29.07,29.05,100548.68,239476.14,291.1,316.42,323.51,327.22,2021.7,2305.88,2321.89,2323.58,2323.96,0.48,
[2026-05-06 15:25:58.245] ,446,29.07,29.04,100548.62,242711.55,290.63,316.61,324.27,328.27,2016.77,2301.43,2318.05,2319.83,2320.22,0.48,
[2026-05-06 15:26:03.265] ,443,29.06,29.01,100547.33,244800.38,290.61,316.79,324.63,328.71,2016.13,2301.05,2317.86,2319.67,2320.07,0.5,
[2026-05-06 15:26:08.280] ,443,29.05,28.97,100547.47,245152.02,288.07,314.89,323.37,327.79,1996.44,2280.03,2297.47,2299.38,2299.79,0.52,
[2026-05-06 15:26:13.297] ,444,29.03,28.97,100548.44,239140.59,277.47,303.8,312.38,316.86,1921.72,2195.54,2212.79,2214.71,2215.11,0.5,
[2026-05-06 15:26:18.314] ,443,29.04,28.98,100548.04,239140.59,258.74,282.65,290.13,294.02,1793.55,2048.03,2063.54,2065.24,2065.6,0.5,
[2026-05-06 15:26:23.326] ,443,29.07,29.02,100548.64,231989.12,252.75,276.13,283.45,287.26,1752.02,2000.64,2015.8,2017.46,2017.82,0.5,
[2026-05-06 15:26:28.336] ,443,29.09,29.11,100549.52,229339.31,253.83,277.3,284.64,288.47,1759.45,2009.12,2024.35,2026.01,2026.37,0.49,
[2026-05-06 15:26:33.355] ,442,29.09,29.16,100549.23,227051,244.81,266.86,273.45,276.89,1698.4,1938.41,1952.56,1954.08,1954.41,0.51,
[2026-05-06 15:26:38.366] ,442,29.1,29.15,100547.86,231046.94,241.17,262.46,268.61,271.81,1674.16,1910.03,1923.58,1925.02,1925.35,0.47,
[2026-05-06 15:26:43.386] ,441,29.1,29.08,100548.84,238639.02,248.31,269.26,274.77,277.65,1726.05,1967.59,1980.67,1982.01,1982.32,0.46,
[2026-05-06 15:26:48.392] ,439,29.11,29,100549.58,242366.86,253.67,274.79,280.19,283.02,1763.96,2010.34,2023.44,2024.78,2025.09,0.48,
[2026-05-06 15:26:53.414] ,440,29.08,28.99,100549.62,241168.16,256.49,278.11,283.8,286.77,1782.93,2032.41,2045.9,2047.29,2047.61,0.49,
[2026-05-06 15:26:58.429] ,440,29.06,29.02,100549.05,239476.14,257.22,279.41,285.53,288.72,1786.84,2037.7,2051.69,2053.15,2053.48,0.5,
[2026-05-06 15:27:03.449] ,438,29.05,29.1,100548.77,239308.25,260.2,284.37,291.99,295.97,1803.39,2059.48,2075.19,2076.91,2077.28,0.52,
[2026-05-06 15:27:08.462] ,438,29.06,29.16,100547.52,239812.64,267.93,293.06,301.11,305.31,1856.36,2120.37,2136.77,2138.58,2138.97,0.5,
[2026-05-06 15:27:13.482] ,438,29.05,29.21,100549.02,241338.67,276.58,302.69,311.13,315.53,1915.92,2188.67,2205.74,2207.63,2208.03,0.48,
[2026-05-06 15:27:18.497] ,439,29.01,29.16,100547.78,240997.88,279.86,305.78,313.91,318.15,1939.85,2215.18,2232,2233.84,2234.24,0.48,
[2026-05-06 15:27:23.510] ,440,28.99,29.14,100547.23,243057.2,278.07,303.39,311.11,315.14,1928.42,2201.41,2217.74,2219.51,2219.89,0.51,
[2026-05-06 15:27:28.529] ,439,28.97,29.14,100547.38,242023.16,276.34,300.93,308.14,311.89,1917.81,2188.34,2204.05,2205.72,2206.1,0.49,
[2026-05-06 15:27:33.547] ,440,28.96,29.14,100547.72,245504.67,277,301.13,307.92,311.46,1923.64,2194.11,2209.38,2210.99,2211.36,0.47,
[2026-05-06 15:27:38.565] ,439,29.01,29.11,100548.69,246035.56,279.11,303.87,311.09,314.85,1937.2,2210.34,2226.14,2227.82,2228.2,0.51,
[2026-05-06 15:27:43.576] ,441,29.04,29.1,100548.65,241338.67,278.65,303.96,311.64,315.65,1932.62,2206.08,2222.38,2224.15,2224.53,0.51,
[2026-05-06 15:27:48.595] ,444,29.06,29.13,100550.07,240658.05,275.28,300.2,307.72,311.65,1909.43,2179.48,2195.51,2197.24,2197.63,0.47,
[2026-05-06 15:27:53.609] ,443,29.05,29.05,100549.41,242023.16,270.43,294.84,302.16,305.98,1875.99,2141.18,2156.86,2158.55,2158.93,0.49,
[2026-05-06 15:27:58.625] ,443,29.03,29.02,100550.23,241680.44,266.25,290.02,297.01,300.66,1847.61,2108.35,2123.55,2125.18,2125.54,0.5,
[2026-05-06 15:28:03.635] ,444,29.01,29.01,100547.77,241851.67,260.99,285.05,292.54,296.44,1809.33,2065.94,2081.53,2083.23,2083.6,0.5,
[2026-05-06 15:28:08.656] ,445,28.98,29,100548.64,242194.89,260.5,284.64,292.22,296.17,1805.6,2061.9,2077.57,2079.29,2079.66,0.46,
[2026-05-06 15:28:13.673] ,445,28.96,28.99,100548.66,244274.81,263.59,287.62,294.96,298.79,1827.97,2086.78,2102.28,2103.96,2104.32,0.48,
[2026-05-06 15:28:18.685] ,442,28.94,29,100547.76,243230.41,268.71,293.63,301.47,305.55,1862.48,2126.88,2143.07,2144.84,2145.23,0.51,
[2026-05-06 15:28:23.707] ,442,28.95,29.03,100548.62,238973.16,271.36,297.42,306.06,310.57,1878.73,2146.92,2164.07,2165.99,2166.39,0.51,
[2026-05-06 15:28:28.725] ,442,28.96,29.08,100547.72,238639.02,274.02,300.24,308.9,313.41,1897.31,2168.02,2185.26,2187.18,2187.59,0.51,
[2026-05-06 15:28:33.735] ,440,28.94,29.09,100549.27,233257.41,276.09,302.19,310.65,315.06,1912.45,2184.78,2201.85,2203.74,2204.15,0.49,
[2026-05-06 15:28:38.753] ,440,28.93,29.06,100548.08,234378.58,274.32,300.5,309.11,313.6,1899.58,2170.49,2187.68,2189.6,2190,0.5,
[2026-05-06 15:28:43.773] ,439,28.93,29.04,100547.18,237807.7,269.51,295.45,304.08,308.59,1865.74,2132.19,2149.28,2151.19,2151.59,0.49,
[2026-05-06 15:28:48.781] ,439,28.95,28.97,100546.63,245681.38,264.43,289.13,296.98,301.08,1832.38,2092.8,2108.89,2110.66,2111.04,0.47,
[2026-05-06 15:28:53.799] ,443,28.96,28.96,100546.55,236489.61,256.3,279.96,287.33,291.18,1776.76,2028.79,2044.13,2045.8,2046.16,0.49,
[2026-05-06 15:28:58.812] ,445,28.97,29,100547.27,238805.97,240.61,262.59,269.34,272.86,1668.47,1904.78,1918.97,1920.51,1920.85,0.49,
[2026-05-06 15:29:03.829] ,447,28.98,28.99,100546.2,238305.8,236.57,258.07,264.61,268.02,1640.78,1872.97,1886.83,1888.32,1888.65,0.49,
[2026-05-06 15:29:08.846] ,446,29.01,28.97,100546.5,239140.59,234.87,255.99,262.28,265.57,1629.54,1859.75,1873.29,1874.75,1875.07,0.47,
[2026-05-06 15:29:13.871] ,446,29.03,28.89,100547.19,243230.41,231.92,252.85,259.14,262.42,1608.86,1836.29,1849.74,1851.18,1851.5,0.49,
[2026-05-06 15:29:18.885] ,444,29.05,28.82,100548.52,245504.67,228.7,249.16,255.21,258.36,1586.96,1810.99,1824.09,1825.49,1825.8,0.5,
[2026-05-06 15:29:23.895] ,443,29.02,28.78,100549.06,242711.55,226.2,246.75,252.99,256.24,1568.89,1790.89,1804.12,1805.55,1805.87,0.51,
[2026-05-06 15:29:28.912] ,444,29.01,28.78,100548.16,246213.03,225.57,246.14,252.42,255.7,1564.32,1785.81,1799.07,1800.51,1800.83,0.47,
[2026-05-06 15:29:33.936] ,444,29.01,28.86,100549.02,240997.88,228.22,249.28,255.85,259.28,1582.05,1806.48,1820.13,1821.62,1821.95,0.48,
[2026-05-06 15:29:38.945] ,442,29.01,29.03,100547.94,241509.44,233.24,254.44,260.87,264.23,1617.69,1846.6,1860.25,1861.73,1862.05,0.47,
[2026-05-06 15:29:43.960] ,444,29.01,29.18,100547.3,241509.44,241.66,263.85,270.72,274.3,1675.48,1912.98,1927.34,1928.9,1929.24,0.49,
[2026-05-06 15:29:48.983] ,443,29.01,29.32,100547.12,242366.86,247.41,270.18,277.24,280.92,1715.26,1958.46,1973.2,1974.81,1975.16,0.48,
[2026-05-06 15:29:53.999] ,443,29.01,29.33,100546.27,241168.16,245.63,268.08,274.97,278.57,1703.24,1944.49,1958.99,1960.56,1960.91,0.49,
[2026-05-06 15:29:59.016] ,442,29.04,29.25,100548.41,242884.25,243.58,265.96,272.89,276.5,1688.76,1928.15,1942.63,1944.21,1944.55,0.47,
[2026-05-06 15:30:04.030] ,442,29.06,29.09,100549.45,243230.41,245.32,267.74,274.62,278.2,1701.11,1942.05,1956.53,1958.1,1958.44,0.48,
[2026-05-06 15:30:09.043] ,438,29.06,29.01,100548.89,240827.84,247.81,269.7,276.03,279.33,1720.19,1962.57,1976.51,1977.99,1978.33,0.47,
[2026-05-06 15:30:14.055] ,437,29.05,28.93,100549.05,244449.75,249.21,271.14,277.42,280.7,1730.17,1973.79,1987.73,1989.2,1989.54,0.49,
[2026-05-06 15:30:19.077] ,438,29.05,28.86,100550.1,246925.48,241.04,262.07,268,271.09,1673.89,1909.29,1922.61,1924.01,1924.33,0.48,
[2026-05-06 15:30:24.096] ,438,29.08,28.82,100550.16,244274.81,237.81,258.75,264.75,267.89,1651,1883.5,1896.81,1898.22,1898.54,0.5,
[2026-05-06 15:30:29.111] ,440,29.1,28.84,100549.26,239308.25,234.15,254.36,259.94,262.85,1626.55,1854.93,1867.67,1869.01,1869.31,0.49,
[2026-05-06 15:30:34.122] ,437,29.09,28.9,100549.82,240319.17,230.88,250.72,256.16,258.99,1604,1829.08,1841.57,1842.87,1843.17,0.5,
[2026-05-06 15:30:39.134] ,436,29.08,29.02,100548.42,239140.59,228.01,248.12,253.92,256.94,1582.85,1805.82,1818.62,1819.98,1820.28,0.49,
[2026-05-06 15:30:44.160] ,437,29.07,29.12,100550.21,239308.25,228.58,248.98,254.98,258.11,1586.24,1810.08,1823.12,1824.51,1824.83,0.5,
[2026-05-06 15:30:49.172] ,438,29.04,29.12,100549.3,241168.16,226.43,246.6,252.51,255.6,1571.38,1793.07,1805.96,1807.33,1807.64,0.48,
[2026-05-06 15:30:54.185] ,438,29.02,29.13,100548.84,240319.17,224.15,243.85,249.49,252.42,1556.22,1775.32,1787.83,1789.16,1789.46,0.49,
[2026-05-06 15:30:59.205] ,438,29.02,29.15,100548.73,240827.84,221.67,241.16,246.74,249.65,1538.99,1755.68,1768.06,1769.37,1769.67,0.52,
[2026-05-06 15:31:04.215] ,439,29.01,29.22,100547.49,243403.84,218.42,237.61,243.09,245.95,1516.44,1729.93,1742.12,1743.41,1743.7,0.5,
[2026-05-06 15:31:09.230] ,440,29.04,29.22,100547.54,237476.81,215.61,235.2,241.15,244.26,1495.36,1706.97,1719.59,1720.95,1721.25,0.52,
[2026-05-06 15:31:14.244] ,440,29.06,29.21,100547.24,235024.09,214.92,234.61,240.68,243.84,1490.19,1701.34,1714.07,1715.46,1715.76,0.48,
[2026-05-06 15:31:19.265] ,438,29.09,29.19,100547.93,235348.2,214.05,233.37,239.17,242.19,1484.86,1694.76,1707.17,1708.51,1708.81,0.47,
[2026-05-06 15:31:24.275] ,437,29.1,29.17,100547.08,234539.62,212.96,231.9,237.45,240.34,1478.01,1686.47,1698.57,1699.86,1700.15,0.48,
[2026-05-06 15:31:29.292] ,434,29.09,29.16,100546.85,235673.19,212.92,231.74,237.19,240.03,1477.95,1686.22,1698.21,1699.49,1699.77,0.49,
[2026-05-06 15:31:34.308] ,434,29.07,29.19,100547.37,237642.14,213.72,232.52,237.91,240.72,1483.75,1692.68,1704.63,1705.9,1706.18,0.49,
[2026-05-06 15:31:39.325] ,434,29.03,29.24,100546,238973.16,215.49,234.5,239.98,242.83,1495.89,1706.62,1718.72,1720,1720.29,0.48,
[2026-05-06 15:31:44.336] ,432,29.06,29.26,100547.84,236325.88,219.54,238.63,243.98,246.77,1524.72,1739.04,1751.11,1752.38,1752.67,0.48,
[2026-05-06 15:31:49.347] ,433,29.08,29.25,100548.51,238305.8,220.82,239.66,244.74,247.4,1534.49,1749.58,1761.4,1762.62,1762.91,0.48,
[2026-05-06 15:31:54.366] ,433,29.1,29.24,100546.44,240319.17,221.02,239.93,245.06,247.74,1535.75,1751.1,1762.97,1764.21,1764.49,0.48,
[2026-05-06 15:31:59.385] ,433,29.12,29.21,100546.61,236325.88,219.14,238,243.18,245.88,1522.42,1736.09,1747.96,1749.2,1749.48,0.48,
[2026-05-06 15:32:04.393] ,431,29.12,29.15,100545.39,230734.56,217.36,236.4,241.81,244.63,1509.23,1721.61,1733.69,1734.96,1735.25,0.48,
[2026-05-06 15:32:09.409] ,432,29.12,29.06,100545.49,229493.5,215.1,234.3,239.95,242.9,1492.68,1703.32,1715.6,1716.92,1717.21,0.48,
[2026-05-06 15:32:14.432] ,431,29.09,29,100543.61,229339.31,212.42,231.27,236.76,239.63,1474.33,1682.2,1694.23,1695.52,1695.8,0.49,
[2026-05-06 15:32:19.446] ,431,29.07,29,100543.86,229647.91,211.12,229.59,234.83,237.56,1465.92,1672.17,1683.88,1685.12,1685.4,0.49,
[2026-05-06 15:32:24.461] ,433,29.04,29.08,100544.8,238139.53,210.1,228.09,232.98,235.53,1459.77,1664.5,1675.81,1676.98,1677.26,0.5,
[2026-05-06 15:32:29.470] ,434,29.03,29.23,100543.18,239644.28,208.41,226.74,232,234.73,1446.91,1650.65,1662.3,1663.54,1663.81,0.5,
[2026-05-06 15:32:34.495] ,433,29.02,29.31,100543.17,248001.94,209.85,228.33,233.64,236.41,1456.83,1662.01,1673.76,1675.01,1675.29,0.48,
[2026-05-06 15:32:39.508] ,433,29.01,29.3,100543.62,245681.38,209.71,228.31,233.73,236.55,1455.55,1660.77,1672.63,1673.9,1674.18,0.51,
[2026-05-06 15:32:44.524] ,433,28.97,29.11,100543.66,244624.94,210.27,228.92,234.34,237.17,1459.44,1665.2,1677.09,1678.36,1678.64,0.48,
[2026-05-06 15:32:49.536] ,433,28.94,29.01,100541.35,243925.67,212.35,230.82,236.01,238.72,1474.7,1682.02,1693.71,1694.94,1695.22,0.48,
[2026-05-06 15:32:54.554] ,433,28.92,29.1,100541.48,239140.59,211.75,229.84,234.73,237.28,1471.35,1677.63,1688.98,1690.16,1690.43,0.48,
[2026-05-06 15:32:59.572] ,432,28.91,29.21,100542.66,245504.67,207.91,225.42,230.01,232.41,1445.27,1647.47,1658.4,1659.52,1659.78,0.49,
[2026-05-06 15:33:04.588] ,432,28.91,29.37,100543.95,248182.27,209.03,226.63,231.24,233.65,1453.12,1656.41,1667.38,1668.5,1668.77,0.51,
[2026-05-06 15:33:09.602] ,433,28.93,29.44,100543.45,247462.55,212.72,230.87,235.78,238.33,1478.13,1685.33,1696.72,1697.91,1698.18,0.49,
[2026-05-06 15:33:14.620] ,432,28.93,29.46,100542.96,248906.17,215.27,233.3,237.98,240.41,1496.7,1705.93,1717.15,1718.29,1718.56,0.47,
[2026-05-06 15:33:19.634] ,433,28.93,29.5,100543.94,249451.89,215.73,233.59,238.11,240.47,1500.38,1709.78,1720.84,1721.96,1722.23,0.47,
[2026-05-06 15:33:24.643] ,433,28.92,29.49,100544.33,241168.16,215.33,233.32,237.96,240.39,1497.2,1706.43,1717.61,1718.75,1719.02,0.49,
[2026-05-06 15:33:29.658] ,434,28.91,29.37,100544.7,236489.61,214.64,232.64,237.33,239.77,1492.29,1700.94,1712.14,1713.29,1713.56,0.48,
[2026-05-06 15:33:34.675] ,434,28.89,29.25,100544.34,237476.81,210.73,229.24,234.53,237.29,1463.1,1669.07,1680.83,1682.07,1682.35,0.51,
[2026-05-06 15:33:39.694] ,436,28.88,29.24,100543.3,236653.58,205.84,224.25,229.69,232.53,1428.34,1629.97,1641.76,1643.02,1643.3,0.49,
[2026-05-06 15:33:44.711] ,438,28.89,29.26,100543.59,242023.16,201.23,219.21,224.52,227.29,1396.35,1593.44,1604.96,1606.19,1606.46,0.51,
[2026-05-06 15:33:49.725] ,436,28.89,29.31,100543.22,242711.55,200.97,218.81,224.01,226.73,1394.83,1591.51,1602.9,1604.11,1604.38,0.47,
[2026-05-06 15:33:54.745] ,436,28.9,29.29,100543.81,237311.7,199.89,217.79,223.09,225.85,1387,1582.83,1594.29,1595.51,1595.79,0.5,
[2026-05-06 15:33:59.755] ,432,28.94,29.19,100544.34,236653.58,194.78,212.59,218.05,220.9,1350.7,1542.01,1553.51,1554.76,1555.03,0.51,
[2026-05-06 15:34:04.774] ,433,28.96,29.09,100544.47,240150.09,189.84,207.68,213.4,216.38,1315.27,1502.38,1514.02,1515.3,1515.58,0.49,
[2026-05-06 15:34:09.785] ,432,28.95,29.01,100542.94,239140.59,188.22,206.02,211.8,214.81,1303.7,1489.37,1501.02,1502.31,1502.59,0.48,
[2026-05-06 15:34:14.807] ,432,28.94,28.99,100543.8,239476.14,186.92,204.03,209.29,212.03,1296.14,1479.76,1490.81,1492.01,1492.28,0.47,
[2026-05-06 15:34:19.818] ,430,28.92,28.9,100543.61,240997.88,189.58,206.82,212.06,214.8,1314.84,1500.93,1512.03,1513.24,1513.5,0.5,
[2026-05-06 15:34:24.830] ,431,28.9,28.95,100541.96,239140.59,193.28,210.57,215.68,218.34,1341.19,1530.52,1541.59,1542.77,1543.04,0.49,
[2026-05-06 15:34:29.853] ,430,28.89,28.97,100543.78,238639.02,195.32,212.62,217.64,220.26,1355.75,1546.85,1557.87,1559.05,1559.31,0.47,
[2026-05-06 15:34:34.868] ,429,28.89,29.07,100543.16,243751.48,196.85,214.21,219.21,221.81,1366.52,1559.02,1570.06,1571.23,1571.5,0.48,
[2026-05-06 15:34:39.885] ,429,28.9,29.2,100543.4,248543.69,193.67,210.96,216.06,218.72,1343.96,1533.63,1544.69,1545.87,1546.14,0.48,
[2026-05-06 15:34:44.895] ,427,28.89,29.26,100542.64,248543.69,190.81,208.16,213.44,216.19,1323.32,1510.61,1521.79,1523,1523.27,0.49,
[2026-05-06 15:34:49.915] ,427,28.88,29.28,100543.08,249451.89,192.43,210,215.38,218.18,1334.42,1523.39,1534.73,1535.96,1536.23,0.48,
[2026-05-06 15:34:54.936] ,428,28.87,29.23,100542.8,252964.42,192.95,210.68,216.18,219.04,1337.72,1527.36,1538.84,1540.09,1540.36,0.49,
[2026-05-06 15:34:59.953] ,429,28.86,29.09,100544.64,250366.75,188.42,206.25,212.04,215.06,1305.12,1491,1502.68,1503.97,1504.24,0.5,
[2026-05-06 15:35:04.965] ,434,28.85,29.03,100543.64,248362.84,184.96,202.77,208.71,211.8,1280.44,1463.31,1475.05,1476.36,1476.64,0.51,
[2026-05-06 15:35:09.978] ,434,28.85,29.06,100544.06,247462.55,181.6,199.56,205.77,209.01,1256.01,1436.19,1448.14,1449.49,1449.77,0.53,
[2026-05-06 15:35:14.995] ,438,28.86,29.11,100543.12,248362.84,177.24,195.53,202.24,205.73,1223.99,1400.87,1413.23,1414.66,1414.95,0.54,
[2026-05-06 15:35:20.015] ,440,28.88,29.11,100543.93,249817.03,170.88,188.67,195.27,198.7,1179.68,1350.42,1362.48,1363.88,1364.16,0.51,
[2026-05-06 15:35:25.029] ,436,28.92,29.06,100545.4,248543.69,165.76,182.71,188.85,192.05,1145.08,1310.29,1321.71,1323.02,1323.29,0.49,
[2026-05-06 15:35:30.045] ,435,28.95,29.05,100546.12,245858.34,162.51,178.5,184,186.86,1124.2,1285.33,1295.95,1297.15,1297.4,0.49,
[2026-05-06 15:35:35.067] ,436,28.97,29.06,100545.88,239140.59,161.3,177.01,182.33,185.11,1116.18,1275.9,1286.3,1287.47,1287.71,0.5,
[2026-05-06 15:35:40.084] ,434,28.98,29.02,100545.55,242884.25,160.61,175.84,180.8,183.38,1112.4,1270.88,1280.86,1281.96,1282.2,0.49,
[2026-05-06 15:35:45.091] ,434,28.99,28.9,100546.45,253528.09,160.01,174.76,179.36,181.76,1109.24,1266.57,1276.14,1277.18,1277.41,0.5,
[2026-05-06 15:35:50.116] ,433,28.96,28.75,100546.59,253905.28,161.3,176.32,181.07,183.55,1117.85,1276.64,1286.41,1287.49,1287.72,0.52,
[2026-05-06 15:35:55.125] ,433,28.93,28.65,100544.55,257545.27,165.52,180.96,185.85,188.41,1147.03,1310.01,1320.06,1321.16,1321.4,0.48,
[2026-05-06 15:36:00.144] ,432,28.9,28.65,100543.58,252590.03,169.48,185.27,190.27,192.88,1174.48,1341.34,1351.61,1352.74,1352.98,0.5,
[2026-05-06 15:36:05.159] ,430,28.88,28.72,100543.27,252590.03,165.68,180.85,185.51,187.94,1148.84,1311.59,1321.39,1322.46,1322.69,0.48,
[2026-05-06 15:36:10.171] ,431,28.87,28.8,100543.7,253152.05,160.65,174.92,179.08,181.25,1114.96,1272.19,1281.3,1282.27,1282.49,0.48,
[2026-05-06 15:36:15.188] ,430,28.86,28.94,100545.38,249817.03,157.96,171.81,175.75,177.8,1096.81,1251.16,1259.94,1260.87,1261.08,0.46,
[2026-05-06 15:36:20.205] ,429,28.86,29.05,100544.62,247821.88,155.11,168.54,172.28,174.23,1077.38,1228.73,1237.21,1238.1,1238.3,0.48,
[2026-05-06 15:36:25.225] ,427,28.87,29.1,100542.91,246390.77,151.47,165,169,171.08,1051.06,1199.42,1208.08,1209.01,1209.21,0.52,
[2026-05-06 15:36:30.238] ,427,28.89,29.13,100542.69,248001.94,150.04,163.54,167.56,169.66,1040.99,1188.06,1196.72,1197.65,1197.85,0.48,
[2026-05-06 15:36:35.258] ,428,28.91,29.2,100543.03,245504.67,150.5,163.8,167.65,169.66,1044.68,1191.89,1200.36,1201.26,1201.46,0.49,
[2026-05-06 15:36:40.275] ,426,28.92,29.18,100543.23,244624.94,149.6,162.86,166.72,168.73,1038.38,1184.76,1193.22,1194.12,1194.32,0.5,
[2026-05-06 15:36:45.292] ,427,28.91,29.01,100543.14,248906.17,147.72,160.74,164.48,166.43,1025.49,1169.92,1178.21,1179.08,1179.28,0.49,
[2026-05-06 15:36:50.304] ,429,28.87,28.92,100543.52,250183.23,149.27,162.27,165.92,167.83,1036.66,1182.41,1190.64,1191.5,1191.7,0.49,
[2026-05-06 15:36:55.320] ,429,28.86,28.98,100543.41,251658.89,151.06,164.32,168.11,170.08,1048.77,1196.41,1204.83,1205.72,1205.92,0.51,
[2026-05-06 15:37:00.335] ,430,28.84,29.11,100543.3,247462.55,152.28,165.98,170.08,172.21,1056.48,1205.75,1214.55,1215.49,1215.7,0.51,
[2026-05-06 15:37:05.357] ,430,28.83,29.16,100543.91,249269.72,155.54,170.14,174.82,177.26,1077.65,1230.93,1240.46,1241.51,1241.74,0.5,
[2026-05-06 15:37:10.370] ,430,28.82,29.13,100543,254663.02,155.87,171.02,176.14,178.8,1078.73,1233.03,1243.04,1244.16,1244.4,0.51,
[2026-05-06 15:37:15.391] ,430,28.81,29.08,100542.89,250918.89,155.99,171.1,176.17,178.82,1079.67,1234.01,1243.99,1245.1,1245.34,0.49,
[2026-05-06 15:37:20.402] ,428,28.83,29.04,100542.89,245681.38,154.55,169.11,173.81,176.26,1070.63,1223.01,1232.53,1233.58,1233.8,0.48,
[2026-05-06 15:37:25.423] ,428,28.83,29.13,100544.12,243057.2,152.44,166.41,170.72,172.97,1056.95,1206.72,1215.76,1216.74,1216.96,0.49,
[2026-05-06 15:37:30.435] ,427,28.81,29.17,100543.29,245858.34,150.97,164.37,168.26,170.3,1047.88,1195.62,1204.16,1205.07,1205.28,0.47,
[2026-05-06 15:37:35.456] ,427,28.84,29.14,100542.42,245328.22,149.5,162.55,166.23,168.15,1038.19,1184.2,1192.47,1193.34,1193.53,0.46,
[2026-05-06 15:37:40.478] ,427,28.84,29.1,100542.98,238973.16,148.94,161.73,165.23,167.06,1034.75,1179.93,1187.98,1188.82,1189.01,0.47,
[2026-05-06 15:37:45.495] ,428,28.84,29.08,100543.17,239140.59,149.78,162.55,165.99,167.78,1040.88,1186.75,1194.76,1195.58,1195.78,0.48,
[2026-05-06 15:37:50.510] ,429,28.86,29.07,100542.22,244274.81,151.24,164.11,167.56,169.36,1051.05,1198.32,1206.38,1207.21,1207.41,0.47,
[2026-05-06 15:37:55.529] ,429,28.88,29.06,100542.23,252403.25,147.77,160.25,163.55,165.27,1027.18,1170.95,1178.74,1179.54,1179.73,0.49,
[2026-05-06 15:38:00.544] ,427,28.89,29.05,100543.7,250550.53,146.74,158.96,162.1,163.73,1020.38,1162.92,1170.5,1171.28,1171.46,0.48,
[2026-05-06 15:38:05.558] ,427,28.87,28.99,100544.13,248182.27,146.33,158.71,161.99,163.7,1017.12,1159.51,1167.24,1168.04,1168.23,0.5,
[2026-05-06 15:38:10.569] ,425,28.87,28.85,100542.59,252030.52,146.35,159.18,162.83,164.73,1016.15,1159.16,1167.3,1168.16,1168.35,0.5,
[2026-05-06 15:38:15.596] ,424,28.87,28.78,100543.7,248906.17,146.35,158.93,162.38,164.18,1016.79,1159.46,1167.38,1168.2,1168.39,0.48,
[2026-05-06 15:38:20.611] ,426,28.9,28.73,100543.96,249634.33,146.04,158.7,162.22,164.06,1014.37,1156.88,1164.88,1165.71,1165.91,0.48,
[2026-05-06 15:38:25.625] ,423,28.94,28.68,100543.89,247283.27,145.75,158.5,162.12,164,1012.08,1154.47,1162.55,1163.4,1163.6,0.5,
[2026-05-06 15:38:30.647] ,424,28.94,28.66,100545.9,239981.25,147.03,160.02,163.77,165.72,1020.63,1164.43,1172.7,1173.58,1173.78,0.49,
[2026-05-06 15:38:35.656] ,423,28.94,28.7,100545.78,235999.08,147.5,160.75,164.71,166.77,1023.35,1167.91,1176.42,1177.33,1177.53,0.49,
[2026-05-06 15:38:40.672] ,425,28.95,28.73,100544.58,242539.08,148.66,162.72,167.28,169.65,1029.75,1176.39,1185.59,1186.61,1186.83,0.51,
[2026-05-06 15:38:45.687] ,425,28.95,28.71,100545.37,241338.67,150.08,164.41,169.12,171.58,1039.28,1187.5,1196.91,1197.96,1198.18,0.49,
[2026-05-06 15:38:50.705] ,428,28.94,28.7,100544.89,237311.7,152.31,166.41,170.83,173.14,1055.73,1205.57,1214.72,1215.72,1215.94,0.49,
[2026-05-06 15:38:55.721] ,425,28.93,28.69,100544.88,238973.16,154.21,168.5,172.98,175.31,1068.91,1220.62,1229.9,1230.91,1231.13,0.48,
[2026-05-06 15:39:00.742] ,424,28.92,28.72,100543.77,240319.17,156.38,171.13,175.89,178.37,1083.33,1237.53,1247.17,1248.23,1248.46,0.51,
[2026-05-06 15:39:05.755] ,426,28.9,28.74,100544.62,243925.67,155.46,170.29,175.15,177.69,1076.55,1230.06,1239.79,1240.88,1241.11,0.49,
[2026-05-06 15:39:10.768] ,427,28.87,28.64,100544.04,252403.25,153.1,167.67,172.44,174.93,1060.3,1211.44,1221,1222.06,1222.29,0.47,
[2026-05-06 15:39:15.781] ,425,28.84,28.58,100543.42,252590.03,148.86,162.61,166.91,169.15,1031.86,1178.26,1187.18,1188.15,1188.36,0.48,
[2026-05-06 15:39:20.805] ,427,28.87,28.64,100543.7,252590.03,145.96,159.4,163.58,165.75,1011.92,1155.41,1164.12,1165.07,1165.27,0.51,
[2026-05-06 15:39:25.815] ,426,28.9,28.7,100543.76,254094.3,143.27,156.6,160.82,163.02,992.9,1133.93,1142.6,1143.55,1143.76,0.5,
[2026-05-06 15:39:30.835] ,425,28.89,28.73,100543.7,253905.28,141.14,154.22,158.32,160.46,978.31,1117.17,1125.66,1126.59,1126.79,0.48,
[2026-05-06 15:39:35.847] ,425,28.9,28.71,100543.5,250918.89,141.14,154.03,157.98,160.03,978.76,1117.36,1125.68,1126.58,1126.78,0.48,
[2026-05-06 15:39:40.864] ,424,28.89,28.65,100546.21,255425.3,140.63,153.54,157.54,159.62,975.04,1113.25,1121.6,1122.51,1122.71,0.5,
[2026-05-06 15:39:45.884] ,423,28.87,28.58,100544.66,259306.16,139.22,151.82,155.63,157.61,965.73,1102.3,1110.4,1111.28,1111.47,0.48,
[2026-05-06 15:39:50.895] ,423,28.85,28.58,100544.73,260891.72,135.16,147.45,151.19,153.14,937.36,1070.02,1077.94,1078.8,1078.99,0.49,
[2026-05-06 15:39:55.913] ,423,28.89,28.63,100544.48,257351.09,130.81,142.47,145.9,147.69,907.75,1035.84,1043.29,1044.09,1044.27,0.48,
[2026-05-06 15:40:00.934] ,423,28.91,28.69,100544.87,260096.52,131.54,143.08,146.36,148.07,913.34,1041.88,1049.2,1049.98,1050.15,0.47,
[2026-05-06 15:40:05.951] ,422,28.91,28.72,100544.18,262093.67,133.65,144.98,147.99,149.56,928.93,1059.01,1066.09,1066.82,1066.99,0.46,
[2026-05-06 15:40:10.965] ,422,28.89,28.66,100542.99,260096.52,132.71,143.87,146.79,148.31,922.62,1051.67,1058.62,1059.33,1059.5,0.48,
[2026-05-06 15:40:15.975] ,421,28.87,28.61,100542.49,261291.14,128.81,139.68,142.55,144.04,895.4,1020.71,1027.49,1028.19,1028.35,0.48,
[2026-05-06 15:40:20.998] ,423,28.87,28.59,100543.33,261691.8,123.99,134.56,137.41,138.9,861.59,982.35,988.98,989.67,989.82,0.47,
[2026-05-06 15:40:26.009] ,421,28.87,28.58,100544.17,260891.72,118.93,129.19,132.03,133.51,826.15,942.15,948.62,949.3,949.45,0.48,
[2026-05-06 15:40:31.020] ,420,28.87,28.58,100543.05,263510.03,117.37,127.83,130.9,132.5,814.55,929.47,936.15,936.87,937.03,0.49,
[2026-05-06 15:40:36.037] ,418,28.84,28.54,100545.15,263510.03,115.38,126.31,129.86,131.71,799.14,912.97,920.13,920.92,921.09,0.51,
[2026-05-06 15:40:41.055] ,419,28.82,28.48,100543.94,261491.31,113.21,124.33,128.15,130.14,783.13,895.36,902.75,903.58,903.76,0.51,
[2026-05-06 15:40:46.063] ,418,28.82,28.51,100543.34,263713.62,111.72,122.67,126.43,128.38,772.87,883.6,890.87,891.69,891.86,0.48,
[2026-05-06 15:40:51.087] ,416,28.82,28.57,100543.09,263917.53,111.81,122.61,126.23,128.12,773.92,884.52,891.64,892.44,892.61,0.49,
[2026-05-06 15:40:56.094] ,417,28.82,28.62,100545.32,264531.12,114.83,125.77,129.35,131.22,795.25,908.62,915.8,916.59,916.76,0.5,
[2026-05-06 15:41:01.116] ,417,28.82,28.66,100545.24,263306.75,125.83,137.32,140.83,142.67,872.61,996.18,1003.59,1004.39,1004.57,0.46,
[2026-05-06 15:41:06.132] ,419,28.8,28.6,100545.68,261691.8,126.77,138.16,141.55,143.31,879.56,1003.8,1011.1,1011.89,1012.06,0.5,
[2026-05-06 15:41:11.139] ,416,28.78,28.55,100543.88,256577.3,126.03,137.01,140.09,141.71,875.2,998.26,1005.21,1005.94,1006.11,0.49,
[2026-05-06 15:41:16.158] ,416,28.78,28.58,100544.28,255616.58,126.23,137.03,139.96,141.49,877.08,1000.07,1006.86,1007.56,1007.73,0.5,
[2026-05-06 15:41:21.180] ,417,28.76,28.61,100545.01,259306.16,127.12,137.99,140.93,142.47,883.31,1007.16,1013.98,1014.69,1014.86,0.49,
[2026-05-06 15:41:26.194] ,415,28.77,28.62,100545.02,259700.73,125.74,136.46,139.35,140.86,873.8,996.27,1002.99,1003.69,1003.85,0.49,
[2026-05-06 15:41:31.205] ,416,28.77,28.67,100545.77,263917.53,124.81,135.28,138,139.42,867.77,989.09,995.61,996.27,996.43,0.48,
[2026-05-06 15:41:36.225] ,417,28.77,28.65,100546.34,264121.75,126.02,136.58,139.32,140.75,876.17,998.66,1005.23,1005.9,1006.06,0.47,
[2026-05-06 15:41:41.232] ,418,28.77,28.71,100545.64,267642.44,126.52,136.96,139.58,140.94,880.03,1002.78,1009.23,1009.89,1010.04,0.48,
[2026-05-06 15:41:46.255] ,418,28.77,28.73,100544.34,254473.16,125.42,135.73,138.3,139.64,872.43,994.07,1000.44,1001.08,1001.23,0.49,
[2026-05-06 15:41:51.267] ,418,28.78,28.72,100546.15,254663.02,123.62,133.98,136.68,138.08,859.47,979.63,986.08,986.74,986.89,0.52,
[2026-05-06 15:41:56.285] ,418,28.79,28.73,100546.12,252403.25,120.64,130.96,133.75,135.21,838.26,955.79,962.27,962.94,963.1,0.51,
[2026-05-06 15:42:01.295] ,419,28.81,28.73,100545.22,250183.23,117.78,128.08,130.99,132.51,817.86,932.91,939.44,940.13,940.28,0.48,
[2026-05-06 15:42:06.312] ,419,28.81,28.72,100544.4,252777.09,117.48,127.84,130.82,132.38,815.59,930.47,937.06,937.76,937.91,0.48,
[2026-05-06 15:42:11.327] ,421,28.82,28.67,100544.98,252590.03,116.68,127.21,130.36,132.01,809.42,923.84,930.6,931.33,931.49,0.51,
[2026-05-06 15:42:16.346] ,420,28.82,28.58,100546.38,256963.61,113.23,123.57,126.73,128.38,785.19,896.38,903.06,903.78,903.94,0.49,
[2026-05-06 15:42:21.355] ,421,28.8,28.55,100546.38,251473.48,112.32,122.72,125.98,127.68,778.51,889.01,895.76,896.5,896.66,0.49,
[2026-05-06 15:42:26.373] ,422,28.78,28.61,100547.71,249634.33,114.15,125.04,128.61,130.48,790.48,903.2,910.35,911.14,911.31,0.51,
[2026-05-06 15:42:31.384] ,420,28.78,28.72,100547.95,250918.89,115.08,126.01,129.57,131.43,797.03,910.61,917.77,918.56,918.73,0.49,
[2026-05-06 15:42:36.395] ,420,28.77,28.77,100546.27,256384.58,113.46,124.08,127.48,129.25,786.15,897.93,904.85,905.62,905.78,0.48,
[2026-05-06 15:42:41.412] ,419,28.77,28.73,100549.3,258520.58,112.51,123.14,126.59,128.39,779.32,890.29,897.25,898.02,898.19,0.51,
[2026-05-06 15:42:46.427] ,417,28.79,28.64,100547.3,259898.48,113.9,124.87,128.52,130.42,788.52,901.13,908.35,909.16,909.33,0.48,
[2026-05-06 15:42:51.445] ,417,28.8,28.57,100546.38,259700.73,113.03,124.09,127.86,129.82,782.08,894.06,901.39,902.22,902.39,0.48,
[2026-05-06 15:42:56.457] ,418,28.78,28.59,100546.44,256770.31,111.84,122.69,126.35,128.26,774.06,884.75,891.92,892.72,892.89,0.48,
[2026-05-06 15:43:01.469] ,419,28.77,28.65,100547.37,255234.3,111.62,122.3,125.82,127.66,772.91,883.17,890.19,890.97,891.13,0.5,
[2026-05-06 15:43:06.486] ,419,28.76,28.68,100548.23,257545.27,111.85,123,126.9,128.94,773.42,884.52,891.96,892.8,892.98,0.53,
[2026-05-06 15:43:11.500] ,419,28.76,28.69,100548.12,259700.73,113.34,124.53,128.39,130.41,783.96,896.39,903.83,904.67,904.85,0.5,
[2026-05-06 15:43:16.521] ,419,28.75,28.68,100546.16,260692.47,115.07,126.17,129.89,131.83,796.48,910.29,917.61,918.43,918.61,0.48,
[2026-05-06 15:43:21.533] ,418,28.73,28.61,100547.2,262901.16,115.97,127.34,131.22,133.25,802.29,917.22,924.76,925.61,925.79,0.48,
[2026-05-06 15:43:26.539] ,417,28.71,28.46,100548.09,264326.28,114.02,125.04,128.74,130.66,789.22,902.01,909.28,910.1,910.27,0.5,
[2026-05-06 15:43:31.563] ,417,28.7,28.4,100549.09,259898.48,112.28,122.96,126.46,128.28,777.59,888.43,895.43,896.21,896.38,0.48,
[2026-05-06 15:43:36.578] ,418,28.69,28.51,100548.19,249634.33,111.5,122.09,125.55,127.35,772.24,882.28,889.22,889.99,890.16,0.5,
[2026-05-06 15:43:41.588] ,418,28.72,28.65,100547.67,257934.52,110.81,121.49,125.06,126.92,767.1,876.67,883.71,884.5,884.67,0.5,
[2026-05-06 15:43:46.606] ,417,28.74,28.73,100547.84,263103.81,110.98,121.86,125.58,127.52,767.81,877.8,885.01,885.83,886,0.51,
[2026-05-06 15:43:51.615] ,417,28.77,28.73,100546.79,262093.67,112.59,123.7,127.53,129.53,778.79,890.46,897.84,898.68,898.85,0.5,
[2026-05-06 15:43:56.638] ,417,28.81,28.67,100546.54,259306.16,114.12,125.11,128.77,130.69,789.99,902.83,910.07,910.88,911.05,0.49,
[2026-05-06 15:44:01.651] ,417,28.8,28.53,100547,261691.8,110.93,121.32,124.65,126.38,768.59,877.88,884.66,885.41,885.57,0.49,
[2026-05-06 15:44:06.667] ,417,28.79,28.45,100547.44,252777.09,109.62,119.65,122.73,124.34,760.12,867.8,874.28,874.98,875.13,0.48,
[2026-05-06 15:44:11.679] ,417,28.77,28.5,100547.02,248001.94,109.95,119.78,122.68,124.19,762.96,870.65,876.94,877.61,877.76,0.48,
[2026-05-06 15:44:16.690] ,417,28.77,28.49,100547.55,260692.47,110.23,120.14,123.1,124.64,764.75,872.8,879.16,879.84,879.99,0.49,
[2026-05-06 15:44:21.712] ,418,28.78,28.48,100547.45,263103.81,109.89,120.14,123.39,125.09,761.51,869.72,876.39,877.12,877.28,0.5,
[2026-05-06 15:44:26.725] ,418,28.8,28.47,100546.09,263306.75,109.63,119.77,122.95,124.6,759.92,867.76,874.34,875.06,875.22,0.48,
[2026-05-06 15:44:31.731] ,417,28.81,28.47,100546.98,263917.53,108.32,118.21,121.24,122.82,751.14,857.51,863.9,864.59,864.74,0.49,
[2026-05-06 15:44:36.750] ,415,28.8,28.51,100547.16,256577.3,107.57,117.77,121.09,122.82,745.01,851.15,857.83,858.57,858.73,0.5,
[2026-05-06 15:44:41.769] ,417,28.77,28.4,100547.49,263306.75,107.5,117.85,121.29,123.09,744.16,850.45,857.26,858.03,858.19,0.51,
[2026-05-06 15:44:46.777] ,418,28.75,28.27,100547.96,265353.72,107.28,117.65,121.13,122.95,742.51,848.64,855.49,856.25,856.41,0.51,
[2026-05-06 15:44:51.795] ,417,28.76,28.27,100548.09,264941.78,106.82,117.09,120.5,122.29,739.48,845.07,851.84,852.59,852.75,0.5,
[2026-05-06 15:44:56.810] ,415,28.77,28.39,100546.91,265766.94,107.45,117.74,121.14,122.91,743.96,850.11,856.88,857.63,857.79,0.49,
[2026-05-06 15:45:01.826] ,415,28.77,28.49,100546.63,266597.25,107.58,117.81,121.16,122.91,745.01,851.21,857.92,858.67,858.83,0.51,
[2026-05-06 15:45:06.845] ,416,28.77,28.58,100546.18,266181.44,109.09,119.26,122.49,124.17,756,863.42,870.04,870.76,870.92,0.5,
[2026-05-06 15:45:11.857] ,416,28.76,28.61,100546.7,268062.81,111.74,121.97,125.11,126.76,774.81,884.57,891.18,891.9,892.06,0.49,
[2026-05-06 15:45:16.871] ,415,28.75,28.58,100548.07,267642.44,111.89,122.08,125.19,126.81,775.97,885.81,892.38,893.09,893.25,0.51,
[2026-05-06 15:45:21.885] ,415,28.74,28.5,100546.98,267014.34,111.59,121.69,124.74,126.33,774,883.46,889.96,890.67,890.82,0.5,
[2026-05-06 15:45:26.900] ,415,28.73,28.36,100545.88,268273.5,110.45,120.08,122.79,124.2,767.01,874.86,880.96,881.6,881.75,0.48,
[2026-05-06 15:45:31.910] ,414,28.74,28.39,100547.19,268695.88,110.58,119.96,122.45,123.75,768.58,876.21,882.08,882.68,882.82,0.47,
[2026-05-06 15:45:36.933] ,414,28.74,28.41,100546,267852.47,109.71,118.85,121.19,122.41,762.86,869.42,875.1,875.67,875.81,0.48,
[2026-05-06 15:45:41.940] ,412,28.74,28.43,100546.85,267642.44,108.62,118.13,120.84,122.25,754.17,860.3,866.34,866.98,867.12,0.51,
[2026-05-06 15:45:46.955] ,412,28.75,28.51,100545.64,267642.44,108.11,117.82,120.71,122.21,750.09,856.04,862.26,862.93,863.08,0.48,
[2026-05-06 15:45:51.975] ,412,28.78,28.56,100543.98,267432.75,109.07,118.77,121.61,123.09,756.95,863.72,869.92,870.58,870.73,0.49,
[2026-05-06 15:45:56.989] ,412,28.76,28.5,100543.34,267852.47,108.6,118.14,120.87,122.29,753.98,860.12,866.18,866.83,866.97,0.48,
[2026-05-06 15:46:02.004] ,412,28.74,28.4,100544.8,269544.62,102.12,111.06,113.6,114.93,709.09,808.87,814.54,815.14,815.27,0.5,
[2026-05-06 15:46:07.016] ,411,28.73,28.32,100543.66,268695.88,97.54,106.28,108.87,110.22,676.79,772.36,777.96,778.56,778.69,0.5,
[2026-05-06 15:46:12.032] ,412,28.74,28.38,100545.6,271258.28,94.29,102.76,105.27,106.59,654.21,746.61,752.04,752.62,752.75,0.5,
[2026-05-06 15:46:17.046] ,412,28.74,28.45,100545.71,269971,95.59,104.25,106.86,108.22,663.09,756.86,762.43,763.03,763.16,0.5,
[2026-05-06 15:46:22.059] ,412,28.75,28.48,100545.52,269119.59,99,107.97,110.68,112.09,686.7,783.83,789.6,790.23,790.36,0.5,
[2026-05-06 15:46:27.075] ,414,28.73,28.42,100545.27,270398.72,101.39,110.55,113.29,114.73,703.37,802.8,808.68,809.31,809.45,0.46,
[2026-05-06 15:46:32.087] ,415,28.72,28.42,100545.38,270398.72,102.61,111.91,114.72,116.19,711.74,812.41,818.4,819.04,819.19,0.49,
[2026-05-06 15:46:37.104] ,416,28.71,28.47,100544.7,272123.31,102.85,112.14,114.93,116.39,713.45,814.32,820.29,820.93,821.08,0.49,
[2026-05-06 15:46:42.122] ,419,28.71,28.51,100543.5,270184.69,102.48,111.66,114.37,115.79,711.09,811.48,817.36,817.99,818.13,0.48,
[2026-05-06 15:46:47.134] ,418,28.71,28.54,100544.89,268907.56,102.32,111.35,113.95,115.31,710.27,810.33,816.08,816.69,816.83,0.48,
[2026-05-06 15:46:52.145] ,417,28.71,28.53,100544.63,269971,101.42,110.26,112.75,114.05,704.28,803.31,808.91,809.5,809.64,0.49,
[2026-05-06 15:46:57.165] ,417,28.71,28.5,100546.02,270184.69,100.95,109.78,112.28,113.59,700.96,799.58,805.18,805.77,805.91,0.51,
[2026-05-06 15:47:02.175] ,416,28.7,28.43,100544.29,269971,102.48,111.54,114.15,115.51,711.41,811.64,817.41,818.02,818.16,0.5,
[2026-05-06 15:47:07.197] ,417,28.69,28.46,100545.18,270613.09,103,111.93,114.42,115.72,715.41,815.92,821.56,822.15,822.29,0.48,
[2026-05-06 15:47:12.205] ,419,28.68,28.58,100544.35,272123.31,101.15,109.8,112.14,113.36,702.86,801.4,806.83,807.39,807.52,0.48,
[2026-05-06 15:47:17.218] ,419,28.68,28.6,100544.87,269971,99.83,108.44,110.81,112.04,693.51,790.86,796.29,796.85,796.98,0.48,
[2026-05-06 15:47:22.239] ,416,28.68,28.58,100545.35,271042.88,99.24,107.78,110.13,111.36,689.43,786.2,791.58,792.14,792.27,0.49,
[2026-05-06 15:47:27.257] ,416,28.68,28.57,100544.7,271258.28,98.67,107.02,109.22,110.38,685.85,781.86,787.07,787.61,787.73,0.48,
[2026-05-06 15:47:32.272] ,416,28.67,28.56,100544.9,271690.09,97.56,105.84,108.06,109.21,678.02,772.99,778.18,778.72,778.84,0.5,
[2026-05-06 15:47:37.280] ,416,28.68,28.64,100545.41,269971,97.11,105.69,108.16,109.46,674.14,769.12,774.58,775.16,775.29,0.51,
[2026-05-06 15:47:42.299] ,416,28.68,28.67,100545.31,270827.81,96.64,105.72,108.63,110.14,669.57,764.81,770.73,771.39,771.53,0.52,
[2026-05-06 15:47:47.314] ,420,28.67,28.65,100544.41,270184.69,96.26,105.88,109.25,111.01,665.57,761.21,767.63,768.36,768.51,0.52,
[2026-05-06 15:47:52.323] ,419,28.66,28.6,100544.7,270827.81,96.51,106.31,109.83,111.67,666.89,762.99,769.57,770.33,770.48,0.53,
[2026-05-06 15:47:57.334] ,420,28.65,28.64,100544.43,271906.53,97.31,107.17,110.7,112.54,672.44,769.3,775.92,776.68,776.84,0.49,
[2026-05-06 15:48:02.356] ,421,28.65,28.71,100543.97,272123.31,96.58,105.78,108.79,110.36,668.86,764.21,770.24,770.91,771.06,0.45,
[2026-05-06 15:48:07.364] ,421,28.64,28.71,100543.71,272775.72,95.14,103.76,106.36,107.72,659.9,753.24,758.78,759.38,759.51,0.47,
[2026-05-06 15:48:12.382] ,420,28.64,28.7,100544.76,271690.09,93.93,102.3,104.76,106.04,651.88,743.84,749.19,749.76,749.89,0.49,
[2026-05-06 15:48:17.397] ,420,28.64,28.7,100542.91,272123.31,93.31,101.48,103.8,105.01,647.91,739.07,744.26,744.8,744.93,0.48,
[2026-05-06 15:48:22.410] ,420,28.64,28.74,100544.53,272340.44,92.66,100.56,102.69,103.8,643.91,734.16,739.11,739.63,739.75,0.49,
[2026-05-06 15:48:27.419] ,420,28.64,28.77,100543.94,273431.25,93.78,101.58,103.58,104.63,652.12,743.2,748.04,748.54,748.65,0.48,
[2026-05-06 15:48:32.441] ,420,28.64,28.79,100544.41,271690.09,94.67,102.36,104.23,105.2,658.77,750.47,755.19,755.66,755.78,0.47,
[2026-05-06 15:48:37.456] ,420,28.63,28.73,100543.59,271690.09,95.4,102.99,104.74,105.66,664.21,756.4,761.02,761.47,761.58,0.47,
[2026-05-06 15:48:42.473] ,422,28.63,28.73,100543.34,271906.53,95.45,103.07,104.83,105.75,664.58,756.84,761.48,761.93,762.04,0.48,
[2026-05-06 15:48:47.486] ,421,28.64,28.82,100545.45,271690.09,95.75,103.18,104.77,105.6,667.13,759.4,763.86,764.29,764.4,0.45,
[2026-05-06 15:48:52.499] ,420,28.68,28.83,100544.7,272123.31,96.16,103.7,105.35,106.22,669.85,762.62,767.16,767.59,767.7,0.47,
[2026-05-06 15:48:57.516] ,421,28.69,28.84,100544.2,271474.03,94.97,102.59,104.38,105.31,661.07,752.92,757.57,758.03,758.15,0.48,
[2026-05-06 15:49:02.531] ,421,28.7,28.86,100544.39,269757.62,94.19,101.87,103.75,104.73,655.36,746.63,751.35,751.82,751.94,0.48,
[2026-05-06 15:49:07.542] ,420,28.7,28.81,100542.89,271258.28,94.07,101.59,103.34,104.25,654.87,745.82,750.4,750.85,750.96,0.46,
[2026-05-06 15:49:12.567] ,421,28.69,28.77,100543.55,271258.28,93.56,100.95,102.62,103.48,651.6,741.94,746.41,746.85,746.96,0.48,
[2026-05-06 15:49:17.577] ,422,28.68,28.77,100544.48,271906.53,92.96,100.3,101.95,102.81,647.39,737.14,741.58,742.02,742.13,0.49,
[2026-05-06 15:49:22.587] ,419,28.68,28.77,100543.83,271690.09,92.21,99.85,101.78,102.78,641.31,730.81,735.54,736.02,736.13,0.52,
[2026-05-06 15:49:27.603] ,419,28.69,28.74,100543.7,272123.31,91.89,99.86,102.08,103.25,638.18,727.86,732.9,733.43,733.55,0.51,
[2026-05-06 15:49:32.616] ,419,28.71,28.72,100544.47,271258.28,90.69,98.66,100.94,102.13,629.66,718.31,723.37,723.91,724.03,0.47,
[2026-05-06 15:49:37.636] ,419,28.71,28.66,100543,271906.53,89.68,97.73,100.11,101.36,622.27,710.15,715.3,715.85,715.98,0.49,
[2026-05-06 15:49:42.655] ,419,28.71,28.6,100543.49,271906.53,89.99,98.17,100.65,101.94,624.18,712.5,717.76,718.33,718.46,0.49,
[2026-05-06 15:49:47.665] ,421,28.69,28.58,100545.37,270613.09,90.27,98.63,101.25,102.62,625.71,714.51,719.94,720.53,720.66,0.53,
[2026-05-06 15:49:52.683] ,420,28.69,28.62,100544.48,271258.28,89.71,98.27,101.07,102.54,621.26,709.85,715.46,716.09,716.22,0.52,
[2026-05-06 15:49:57.692] ,419,28.68,28.63,100545.73,273212.38,88.43,96.67,99.29,100.65,612.82,699.89,705.25,705.84,705.97,0.5,
[2026-05-06 15:50:02.709] ,418,28.68,28.66,100544.75,271906.53,86.97,94.84,97.22,98.46,603.24,688.56,693.63,694.18,694.3,0.49,
[2026-05-06 15:50:07.726] ,417,28.68,28.65,100544.56,272993.88,87.45,95.26,97.56,98.76,606.85,692.5,697.5,698.03,698.15,0.49,
[2026-05-06 15:50:12.739] ,419,28.67,28.65,100543.05,272557.91,87.53,95.31,97.58,98.77,607.45,693.12,698.09,698.62,698.74,0.5,
[2026-05-06 15:50:17.755] ,417,28.68,28.66,100543.5,271042.88,86.32,93.84,95.95,97.05,599.46,683.74,688.5,689,689.11,0.48,
[2026-05-06 15:50:22.770] ,416,28.66,28.68,100543.52,272557.91,85.23,92.72,94.85,95.97,591.76,675.07,679.82,680.32,680.44,0.49,
[2026-05-06 15:50:27.785] ,416,28.65,28.68,100544.66,274310.22,84.49,91.81,93.84,94.91,586.84,669.28,673.91,674.39,674.5,0.48,
[2026-05-06 15:50:32.802] ,413,28.63,28.66,100543.15,274751.81,84.67,91.92,93.9,94.92,588.31,670.82,675.38,675.85,675.96,0.49,
[2026-05-06 15:50:37.817] ,414,28.63,28.69,100542.76,272993.88,84.87,92.18,94.19,95.24,589.6,672.36,676.96,677.45,677.56,0.52,
[2026-05-06 15:50:42.835] ,414,28.64,28.75,100544.5,272557.91,84.01,91.32,93.37,94.44,583.46,665.48,670.1,670.58,670.69,0.5,
[2026-05-06 15:50:47.845] ,414,28.67,28.8,100543.27,272775.72,83.53,90.75,92.75,93.79,580.22,661.71,666.27,666.74,666.85,0.49,
[2026-05-06 15:50:52.867] ,413,28.69,28.77,100545.11,272123.31,83.13,90.16,92.01,92.98,577.87,658.75,663.13,663.59,663.69,0.48,
[2026-05-06 15:50:57.877] ,413,28.69,28.72,100543,272123.31,82.17,89.03,90.79,91.71,571.32,651.15,655.41,655.85,655.95,0.49,
[2026-05-06 15:51:02.892] ,413,28.68,28.64,100543.23,272557.91,82.57,89.59,91.47,92.45,573.87,654.26,658.66,659.11,659.22,0.49,
[2026-05-06 15:51:07.905] ,413,28.67,28.58,100544.54,271906.53,83.74,90.87,92.78,93.78,581.98,663.52,667.98,668.44,668.55,0.49,
[2026-05-06 15:51:12.918] ,413,28.66,28.57,100544.34,272123.31,82.93,90.01,91.91,92.9,576.32,657.09,661.53,661.99,662.09,0.48,
[2026-05-06 15:51:17.940] ,413,28.63,28.63,100544.47,275194.84,82.24,89.47,91.53,92.6,571.02,651.4,655.98,656.47,656.58,0.52,
[2026-05-06 15:51:22.952] ,412,28.63,28.65,100543.77,274089.94,82.63,89.91,92,93.1,573.61,654.4,659.03,659.52,659.63,0.49,
[2026-05-06 15:51:27.971] ,412,28.62,28.57,100544.08,271042.88,83.38,90.57,92.54,93.57,579.27,660.57,665.1,665.57,665.68,0.49,
[2026-05-06 15:51:32.979] ,414,28.62,28.61,100544.6,272123.31,83.7,90.98,93.02,94.08,581.34,663.04,667.64,668.13,668.24,0.5,
[2026-05-06 15:51:37.995] ,413,28.62,28.68,100544.23,273650.47,83.45,90.62,92.59,93.61,579.76,661.11,665.63,666.1,666.21,0.49,
[2026-05-06 15:51:43.010] ,413,28.62,28.73,100543.38,273212.38,82.27,89.38,91.35,92.37,571.48,651.73,656.22,656.69,656.79,0.5,
[2026-05-06 15:51:48.025] ,413,28.62,28.73,100543.4,271690.09,81.69,88.58,90.4,91.34,567.87,647.34,651.64,652.08,652.18,0.49,
[2026-05-06 15:51:53.040] ,411,28.61,28.68,100544.56,273431.25,81.34,88.15,89.91,90.83,565.53,644.58,648.81,649.24,649.35,0.5,
[2026-05-06 15:51:58.058] ,413,28.61,28.58,100544.99,272557.91,80.35,87.03,88.73,89.61,558.79,636.81,640.95,641.37,641.47,0.49,
[2026-05-06 15:52:03.073] ,414,28.61,28.56,100543.23,275416.91,79.64,86.11,87.68,88.5,554.17,631.31,635.28,635.67,635.77,0.5,
[2026-05-06 15:52:08.084] ,414,28.62,28.56,100544.59,274530.84,80.04,86.46,87.97,88.76,557.17,634.59,638.51,638.9,638.99,0.49,
[2026-05-06 15:52:13.096] ,415,28.63,28.58,100544.2,273650.47,80.07,86.54,88.07,88.88,557.32,634.82,638.77,639.16,639.26,0.5,
[2026-05-06 15:52:18.119] ,414,28.62,28.61,100544.69,272340.44,79.7,86.34,88.04,88.93,554.19,631.6,635.72,636.14,636.24,0.53,
[2026-05-06 15:52:23.133] ,416,28.61,28.65,100545.33,273650.47,77.87,84.89,87,88.09,540.2,616.55,621.06,621.54,621.65,0.55,
[2026-05-06 15:52:28.143] ,417,28.6,28.65,100546.55,273650.47,77.44,84.99,87.54,88.88,535.91,612.59,617.58,618.15,618.26,0.53,
[2026-05-06 15:52:33.155] ,417,28.61,28.7,100545.28,272993.88,76.49,84.29,87.11,88.58,528.44,604.65,609.9,610.51,610.63,0.52,
[2026-05-06 15:52:38.175] ,417,28.62,28.75,100545.89,273431.25,77.21,85.16,88.06,89.58,533.28,610.3,615.67,616.29,616.41,0.49,
[2026-05-06 15:52:43.192] ,417,28.66,28.77,100544.8,272557.91,77.8,85.69,88.52,89.99,537.66,615.12,620.41,621.02,621.14,0.51,
[2026-05-06 15:52:48.209] ,418,28.68,28.79,100545.68,272557.91,77,84.66,87.34,88.73,532.49,608.95,614.06,614.64,614.76,0.51,
[2026-05-06 15:52:53.215] ,420,28.71,28.79,100544.95,271258.28,75.78,83.15,85.64,86.94,524.4,599.42,604.3,604.84,604.96,0.5,
[2026-05-06 15:52:58.232] ,419,28.7,28.73,100545.2,271906.53,76.01,83.23,85.58,86.81,526.42,601.43,606.17,606.69,606.8,0.49,
[2026-05-06 15:53:03.248] ,419,28.68,28.64,100545.5,272123.31,76.43,83.46,85.64,86.77,529.9,605.02,609.57,610.06,610.17,0.49,
[2026-05-06 15:53:08.263] ,419,28.67,28.55,100545.71,273870.03,76.52,83.25,85.18,86.18,531.22,606.03,610.31,610.76,610.86,0.47,
[2026-05-06 15:53:13.283] ,419,28.65,28.49,100545.34,275194.84,75.92,82.5,84.33,85.29,527.28,601.36,605.52,605.96,606.06,0.5,
[2026-05-06 15:53:18.295] ,422,28.66,28.49,100546.06,273650.47,75.27,81.77,83.57,84.51,522.82,596.24,600.34,600.77,600.87,0.5,
[2026-05-06 15:53:23.315] ,423,28.66,28.47,100545.08,272993.88,74.44,80.9,82.7,83.64,517.05,589.7,593.78,594.21,594.31,0.51,
[2026-05-06 15:53:28.332] ,421,28.66,28.5,100545.9,273431.25,74.19,80.78,82.7,83.71,514.88,587.49,591.7,592.15,592.25,0.49,
[2026-05-06 15:53:33.345] ,420,28.65,28.57,100546.9,273870.03,74.86,81.48,83.39,84.39,519.61,592.83,597.05,597.5,597.6,0.47,
[2026-05-06 15:53:38.357] ,420,28.64,28.67,100546.19,272993.88,76.93,83.67,85.59,86.6,534.11,609.28,613.56,614.02,614.12,0.47,
[2026-05-06 15:53:43.372] ,418,28.63,28.75,100545.68,272557.91,76.84,83.48,85.32,86.27,533.78,608.74,612.92,613.36,613.46,0.48,
[2026-05-06 15:53:48.388] ,419,28.64,28.77,100546.23,276085.19,75.27,81.64,83.34,84.22,523.15,596.4,600.39,600.8,600.89,0.48,
[2026-05-06 15:53:53.409] ,418,28.65,28.77,100546.45,273431.25,73.66,79.77,81.32,82.13,512.24,583.75,587.54,587.93,588.02,0.48,
[2026-05-06 15:53:58.418] ,419,28.66,28.78,100545.91,272557.91,72.96,78.87,80.28,81.02,507.77,578.41,582.03,582.39,582.48,0.46,
[2026-05-06 15:54:03.441] ,419,28.66,28.75,100545.73,273650.47,72.44,78.11,79.35,80,504.62,574.5,577.91,578.24,578.32,0.46,
[2026-05-06 15:54:08.451] ,418,28.64,28.69,100546.02,271906.53,73.06,78.66,79.81,80.41,509.23,579.54,582.87,583.18,583.26,0.45,
[2026-05-06 15:54:13.466] ,422,28.66,28.71,100545.05,272123.31,73.03,78.49,79.53,80.07,509.32,579.42,582.63,582.92,583,0.46,
[2026-05-06 15:54:18.485] ,420,28.67,28.75,100545.24,271690.09,72.7,78.07,79.06,79.57,507.17,576.87,580.01,580.29,580.37,0.47,
[2026-05-06 15:54:23.495] ,420,28.65,28.72,100544.63,274310.22,72.95,78.35,79.34,79.86,508.93,578.88,582.04,582.33,582.4,0.48,
[2026-05-06 15:54:28.518] ,418,28.65,28.7,100545.41,272993.88,73.85,79.41,80.49,81.06,514.96,585.9,589.18,589.48,589.56,0.48,
[2026-05-06 15:54:33.524] ,417,28.66,28.72,100545.52,272557.91,72.95,78.52,79.67,80.26,508.47,578.66,581.98,582.29,582.37,0.47,
[2026-05-06 15:54:38.545] ,417,28.67,28.74,100545.18,271690.09,71.73,77.2,78.32,78.91,499.96,568.96,572.22,572.53,572.6,0.47,
[2026-05-06 15:54:43.558] ,416,28.68,28.73,100544.59,272340.44,71.32,76.72,77.79,78.36,497.2,565.75,568.95,569.25,569.33,0.46,
[2026-05-06 15:54:48.576] ,415,28.67,28.72,100545.03,272993.88,70.7,76.02,77.05,77.59,493.05,560.95,564.08,564.38,564.45,0.47,
[2026-05-06 15:54:53.590] ,414,28.67,28.72,100544,273431.25,69.35,74.6,75.65,76.2,483.49,550.16,553.27,553.56,553.64,0.46,
[2026-05-06 15:54:58.597] ,414,28.66,28.71,100544.33,273431.25,67.95,73.09,74.12,74.65,473.72,539.03,542.07,542.36,542.43,0.47,
[2026-05-06 15:55:03.616] ,412,28.64,28.73,100546.26,272775.72,67.34,72.46,73.5,74.04,469.48,534.23,537.27,537.56,537.63,0.47,
[2026-05-06 15:55:08.626] ,413,28.62,28.7,100546.15,275194.84,67.24,72.48,73.62,74.22,468.45,533.28,536.44,536.74,536.82,0.47,
[2026-05-06 15:55:13.646] ,413,28.61,28.69,100546.95,273650.47,67.48,72.93,74.23,74.91,469.64,534.95,538.29,538.62,538.7,0.47,
[2026-05-06 15:55:18.654] ,414,28.61,28.69,100546.17,274089.94,67.24,72.84,74.27,75.01,467.61,532.92,536.39,536.74,536.82,0.48,
[2026-05-06 15:55:23.669] ,414,28.6,28.69,100545.64,275416.91,67.39,73.07,74.55,75.33,468.49,534.03,537.57,537.93,538.02,0.5,
[2026-05-06 15:55:28.683] ,412,28.59,28.73,100545.09,275639.31,67.44,73.16,74.68,75.47,468.71,534.34,537.92,538.29,538.38,0.5,
[2026-05-06 15:55:33.703] ,411,28.58,28.75,100545.41,275194.84,66.76,72.63,74.31,75.19,463.53,528.79,532.52,532.92,533,0.52,
[2026-05-06 15:55:38.711] ,412,28.57,28.78,100545.77,274310.22,65.88,71.97,73.87,74.86,456.67,521.46,525.41,525.84,525.94,0.53,
[2026-05-06 15:55:43.725] ,413,28.59,28.79,100545.12,275416.91,66.17,72.58,74.73,75.85,457.99,523.46,527.69,528.16,528.26,0.53,
[2026-05-06 15:55:48.739] ,411,28.61,28.81,100545.42,273870.03,66.65,73.14,75.33,76.48,461.26,527.25,531.54,532.03,532.13,0.51,
[2026-05-06 15:55:53.762] ,410,28.6,28.67,100543.88,272993.88,67.52,74.02,76.18,77.31,467.42,534.17,538.45,538.93,539.03,0.51,
[2026-05-06 15:55:58.776] ,412,28.59,28.54,100546.25,274751.81,67.01,73.34,75.39,76.45,464.14,530.23,534.37,534.83,534.93,0.5,
[2026-05-06 15:56:03.785] ,410,28.58,28.58,100545.64,275639.31,65.78,71.81,73.67,74.64,456.13,520.76,524.65,525.08,525.17,0.48,
[2026-05-06 15:56:08.801] ,409,28.59,28.65,100546.2,274751.81,65.44,71.24,72.93,73.81,454.24,518.28,521.97,522.37,522.46,0.47,
[2026-05-06 15:56:13.815] ,409,28.62,28.68,100545.84,274310.22,65.09,70.68,72.22,73.02,452.16,515.62,519.14,519.51,519.6,0.48,
[2026-05-06 15:56:18.835] ,409,28.65,28.68,100543.55,273431.25,65.1,70.66,72.16,72.95,452.38,515.8,519.29,519.65,519.73,0.49,
[2026-05-06 15:56:23.842] ,410,28.64,28.61,100542.47,275416.91,65.69,71.34,72.88,73.68,456.42,520.46,524.01,524.38,524.46,0.49,
[2026-05-06 15:56:28.856] ,412,28.63,28.47,100544.17,273431.25,65.66,71.26,72.77,73.56,456.24,520.19,523.71,524.07,524.16,0.49,
[2026-05-06 15:56:33.875] ,411,28.61,28.38,100544.45,275194.84,65.5,71.09,72.61,73.4,455.12,518.93,522.44,522.8,522.89,0.49,
[2026-05-06 15:56:38.892] ,409,28.58,28.53,100543.89,275862.06,65.24,70.74,72.18,72.93,453.52,516.97,520.4,520.75,520.83,0.5,
[2026-05-06 15:56:43.905] ,412,28.59,28.66,100543.9,273212.38,64.4,69.83,71.26,72,447.65,510.29,513.68,514.02,514.11,0.49,
[2026-05-06 15:56:48.915] ,411,28.58,28.7,100543.43,273431.25,63.91,69.35,70.82,71.58,444.11,506.35,509.76,510.12,510.2,0.5,
[2026-05-06 15:56:53.935] ,412,28.57,28.72,100543.53,275639.31,63.65,69.2,70.76,71.57,442.06,504.21,507.72,508.09,508.18,0.51,
[2026-05-06 15:56:58.945] ,411,28.56,28.74,100545.46,275194.84,63.95,69.55,71.13,71.96,444.03,506.51,510.06,510.44,510.52,0.49,
[2026-05-06 15:57:03.962] ,412,28.54,28.74,100544.09,276981.34,63.84,69.38,70.92,71.72,443.41,505.71,509.21,509.58,509.66,0.48,
[2026-05-06 15:57:08.971] ,412,28.53,28.77,100542.77,275416.91,63.57,69.09,70.64,71.44,441.54,503.59,507.08,507.45,507.53,0.48,
[2026-05-06 15:57:13.985] ,412,28.53,28.76,100543.46,276756.75,63.1,68.55,70.06,70.85,438.3,499.85,503.29,503.65,503.73,0.47,
[2026-05-06 15:57:19.005] ,410,28.53,28.76,100543.32,275862.06,61.57,66.9,68.39,69.16,427.62,487.7,491.07,491.42,491.5,0.47,
[2026-05-06 15:57:24.015] ,411,28.54,28.79,100542.33,276532.53,60.79,65.95,67.33,68.05,422.47,481.65,484.88,485.21,485.29,0.47,
[2026-05-06 15:57:29.029] ,411,28.54,28.77,100542.66,276085.19,60.5,65.45,66.67,67.3,420.95,479.59,482.64,482.94,483.02,0.46,
[2026-05-06 15:57:34.041] ,411,28.53,28.82,100542.66,276756.75,60.78,65.64,66.78,67.37,423.14,481.91,484.87,485.16,485.23,0.48,
[2026-05-06 15:57:39.056] ,411,28.53,28.86,100543.24,274973.16,61.24,66.06,67.14,67.7,426.5,485.61,488.52,488.8,488.87,0.48,
[2026-05-06 15:57:44.076] ,410,28.56,28.88,100543.1,276532.53,61.72,66.55,67.61,68.16,429.94,489.47,492.38,492.66,492.73,0.47,
[2026-05-06 15:57:49.091] ,412,28.57,28.89,100544.04,274973.16,62.26,67.14,68.22,68.78,433.64,493.71,496.65,496.93,497.01,0.48,
[2026-05-06 15:57:54.099] ,412,28.57,28.88,100544.99,275862.06,61.89,66.76,67.85,68.42,431.05,490.79,493.73,494.02,494.09,0.48,
[2026-05-06 15:57:59.116] ,412,28.56,28.87,100543.96,275639.31,61.11,66.03,67.2,67.8,425.38,484.51,487.51,487.81,487.88,0.49,
[2026-05-06 15:58:04.132] ,410,28.59,28.88,100544.37,274089.94,60.87,65.75,66.9,67.49,423.74,482.62,485.59,485.89,485.96,0.48,
[2026-05-06 15:58:09.141] ,412,28.59,28.87,100543.82,273870.03,61.57,66.53,67.7,68.31,428.59,488.17,491.19,491.49,491.56,0.49,
[2026-05-06 15:58:14.157] ,412,28.61,28.79,100544.95,275862.06,61.42,66.41,67.61,68.24,427.42,486.9,489.96,490.26,490.34,0.49,
[2026-05-06 15:58:19.175] ,416,28.62,28.74,100543.52,274310.22,61.22,66.17,67.34,67.96,426.09,485.35,488.37,488.67,488.75,0.49,
[2026-05-06 15:58:24.188] ,416,28.63,28.73,100544.91,276085.19,60.88,65.78,66.93,67.53,423.79,482.69,485.68,485.97,486.05,0.49,
[2026-05-06 15:58:29.205] ,414,28.61,28.7,100543.13,273870.03,60.3,65.16,66.32,66.92,419.66,478.01,480.99,481.28,481.35,0.49,
[2026-05-06 15:58:34.215] ,414,28.6,28.7,100543.66,274310.22,60.04,64.98,66.21,66.85,417.62,475.85,478.9,479.21,479.28,0.52,
[2026-05-06 15:58:39.222] ,413,28.59,28.72,100544.16,273870.03,59.94,65.17,66.65,67.42,416.2,474.74,478.06,478.41,478.49,0.52,
[2026-05-06 15:58:44.244] ,414,28.58,28.66,100544.65,276085.19,58.99,64.37,66.02,66.87,409.11,467.03,470.5,470.88,470.96,0.52,
[2026-05-06 15:58:49.257] ,414,28.55,28.67,100544.05,274751.81,59.13,64.65,66.41,67.33,409.72,467.96,471.56,471.95,472.04,0.52,
[2026-05-06 15:58:54.269] ,416,28.55,28.72,100545.38,275194.84,59.52,65.06,66.82,67.74,412.44,471.04,474.65,475.05,475.14,0.5,
[2026-05-06 15:58:59.284] ,413,28.55,28.78,100544.98,273212.38,59.69,65.27,67.04,67.96,413.61,472.39,476.03,476.42,476.51,0.51,
[2026-05-06 15:59:04.301] ,415,28.56,28.81,100545.15,273870.03,58.82,64.28,66,66.9,407.71,465.6,469.14,469.53,469.62,0.5,
[2026-05-06 15:59:09.314] ,415,28.55,28.85,100545.63,273650.47,56.91,62.06,63.61,64.42,394.73,450.55,453.86,454.22,454.3,0.5,
[2026-05-06 15:59:14.322] ,413,28.56,28.89,100544.05,273650.47,56.7,61.62,62.99,63.71,393.79,449.12,452.23,452.56,452.63,0.48,
[2026-05-06 15:59:19.342] ,413,28.57,28.93,100543.49,272340.44,57.14,62.01,63.32,64,397.07,452.72,455.77,456.09,456.16,0.49,
[2026-05-06 15:59:24.355] ,410,28.57,28.91,100544.48,273650.47,57.33,62.2,63.5,64.18,398.42,454.23,457.28,457.59,457.67,0.49,
[2026-05-06 15:59:29.375] ,411,28.6,28.9,100544.77,271258.28,57.52,62.45,63.79,64.5,399.62,455.68,458.78,459.1,459.18,0.49,
[2026-05-06 15:59:34.386] ,409,28.62,28.86,100546.34,271690.09,56.98,61.88,63.22,63.92,395.83,451.38,454.46,454.78,454.86,0.5,
[2026-05-06 15:59:39.397] ,410,28.62,28.79,100546.23,271690.09,56.37,61.17,62.45,63.12,391.78,446.67,449.67,449.98,450.05,0.47,
[2026-05-06 15:59:44.415] ,411,28.59,28.72,100544.7,274089.94,56.38,61.02,62.18,62.79,392.17,446.86,449.73,450.02,450.09,0.46,
[2026-05-06 15:59:49.430] ,409,28.57,28.69,100545.02,272993.88,56.08,60.61,61.68,62.25,390.32,444.6,447.37,447.64,447.71,0.47,
[2026-05-06 15:59:54.448] ,411,28.57,28.65,100542.64,273650.47,54.99,59.36,60.35,60.87,382.92,436.05,438.69,438.95,439.02,0.48,
[2026-05-06 15:59:59.456] ,413,28.58,28.67,100545.59,272993.88,54.48,58.72,59.63,60.11,379.56,432.07,434.62,434.86,434.92,0.46,
[2026-05-06 16:00:04.471] ,413,28.57,28.67,100543.87,274310.22,54.66,58.87,59.76,60.22,380.9,433.53,436.05,436.29,436.35,0.46,
[2026-05-06 16:00:09.493] ,412,28.56,28.69,100543.43,275194.84,54.79,59,59.87,60.33,381.89,434.63,437.14,437.38,437.44,0.47,
[2026-05-06 16:00:14.506] ,412,28.57,28.7,100543.27,273650.47,55.06,59.3,60.2,60.66,383.67,436.69,439.23,439.47,439.53,0.5,
[2026-05-06 16:00:19.520] ,413,28.6,28.7,100543.84,273212.38,54.75,59.16,60.2,60.74,381.05,434.03,436.72,436.99,437.05,0.5,
[2026-05-06 16:00:24.533] ,412,28.6,28.7,100544.65,273650.47,54.23,58.69,59.79,60.37,377.24,429.83,432.58,432.86,432.92,0.51,
[2026-05-06 16:00:29.554] ,412,28.61,28.67,100544.95,273870.03,53.87,58.29,59.39,59.97,374.74,426.98,429.71,429.98,430.05,0.49,
[2026-05-06 16:00:34.561] ,411,28.6,28.64,100543.99,274751.81,53.48,57.84,58.9,59.45,372.14,423.95,426.63,426.89,426.96,0.49,
[2026-05-06 16:00:39.580] ,410,28.6,28.6,100544.52,273650.47,53.99,58.36,59.4,59.94,375.77,428.03,430.7,430.97,431.03,0.5,
[2026-05-06 16:00:44.595] ,412,28.58,28.58,100544.59,273870.03,53.51,57.88,58.95,59.51,372.29,424.15,426.84,427.11,427.17,0.5,
[2026-05-06 16:00:49.613] ,412,28.57,28.62,100545.26,276085.19,52.97,57.34,58.44,59.01,368.41,419.8,422.5,422.78,422.84,0.51,
[2026-05-06 16:00:54.619] ,414,28.56,28.67,100544.85,274751.81,53.18,57.63,58.78,59.38,369.74,421.41,424.18,424.46,424.53,0.51,
[2026-05-06 16:00:59.641] ,413,28.56,28.73,100544.31,275639.31,53.96,58.6,59.88,60.54,374.87,427.48,430.41,430.71,430.78,0.51,
[2026-05-06 16:01:04.655] ,413,28.56,28.76,100544.36,273870.03,54.1,58.8,60.12,60.8,375.72,428.53,431.5,431.82,431.89,0.51,
[2026-05-06 16:01:09.665] ,415,28.54,28.63,100544.27,274310.22,53.55,58.24,59.56,60.25,371.85,424.17,427.14,427.45,427.52,0.51,
[2026-05-06 16:01:14.681] ,414,28.53,28.51,100543.79,275639.31,52.24,56.75,58,58.65,362.9,413.86,416.7,417,417.07,0.49,
[2026-05-06 16:01:19.695] ,414,28.52,28.56,100544.2,277206.28,50.54,54.88,56.07,56.69,351.14,400.41,403.14,403.42,403.49,0.49,
[2026-05-06 16:01:24.715] ,415,28.53,28.63,100544.45,276756.75,49.22,53.42,54.56,55.15,342.04,389.98,392.62,392.89,392.95,0.5,
[2026-05-06 16:01:29.729] ,417,28.54,28.69,100543.87,275416.91,49.5,53.72,54.85,55.44,344.01,392.22,394.86,395.13,395.2,0.5,
[2026-05-06 16:01:34.735] ,417,28.58,28.71,100543.8,276981.34,49.92,54.13,55.24,55.82,346.98,395.54,398.17,398.44,398.5,0.5,
[2026-05-06 16:01:39.749] ,416,28.6,28.72,100542.73,274973.16,50.49,54.8,55.96,56.57,350.83,400,402.71,402.99,403.05,0.5,
[2026-05-06 16:01:44.765] ,416,28.61,28.68,100544.48,275194.84,50.97,55.31,56.48,57.09,354.17,403.81,406.53,406.81,406.88,0.48,
[2026-05-06 16:01:49.785] ,414,28.58,28.62,100543.52,276981.34,50.74,55.03,56.16,56.76,352.65,402.01,404.69,404.97,405.04,0.49,
[2026-05-06 16:01:54.798] ,413,28.56,28.62,100542.61,276981.34,49.43,53.61,54.71,55.29,343.62,391.71,394.32,394.59,394.65,0.49,
[2026-05-06 16:01:59.811] ,413,28.54,28.55,100543.62,278791.19,49.25,53.37,54.43,54.99,342.43,390.29,392.85,393.11,393.17,0.48,
[2026-05-06 16:02:04.825] ,412,28.53,28.49,100543.81,274751.81,49.29,53.37,54.4,54.94,342.77,390.61,393.14,393.4,393.46,0.49,
[2026-05-06 16:02:09.840] ,414,28.51,28.41,100543.62,277206.28,48.91,52.92,53.92,54.44,340.22,387.64,390.12,390.37,390.43,0.49,
[2026-05-06 16:02:14.850] ,415,28.5,28.43,100543.64,277883.31,48.41,52.39,53.37,53.89,336.77,383.72,386.17,386.42,386.48,0.49,
[2026-05-06 16:02:19.865] ,414,28.49,28.49,100544.81,279019.06,47.24,51.15,52.14,52.65,328.56,374.42,376.83,377.08,377.14,0.5,
[2026-05-06 16:02:24.879] ,414,28.49,28.53,100543.95,277657.28,45.92,49.73,50.7,51.21,319.34,363.92,366.28,366.52,366.58,0.51,
[2026-05-06 16:02:29.895] ,414,28.5,28.56,100544.12,276532.53,46.41,50.32,51.34,51.88,322.62,367.75,370.19,370.44,370.5,0.51,
[2026-05-06 16:02:34.904] ,414,28.49,28.57,100545.34,278563.66,46.96,50.92,51.96,52.51,326.39,372.07,374.54,374.8,374.86,0.49,
[2026-05-06 16:02:39.922] ,414,28.48,28.56,100544.05,278336.5,47.71,51.74,52.8,53.35,331.66,378.07,380.58,380.84,380.9,0.5,
[2026-05-06 16:02:44.934] ,414,28.47,28.58,100544.03,279019.06,47.66,51.79,52.94,53.54,331.06,377.57,380.18,380.45,380.51,0.52,
[2026-05-06 16:02:49.949] ,413,28.46,28.59,100544.88,276981.34,47.69,52,53.3,53.98,330.83,377.6,380.37,380.67,380.74,0.51,
[2026-05-06 16:02:54.965] ,414,28.46,28.62,100544.65,277431.59,47.44,51.78,53.11,53.8,328.98,375.58,378.37,378.68,378.74,0.51,
[2026-05-06 16:02:59.983] ,413,28.47,28.66,100546.23,276981.34,47.42,51.71,53,53.68,328.94,375.45,378.21,378.51,378.57,0.5,
[2026-05-06 16:03:05.002] ,413,28.47,28.7,100546.23,278336.5,47.07,51.29,52.53,53.18,326.64,372.75,375.45,375.74,375.8,0.5,
[2026-05-06 16:03:10.009] ,413,28.46,28.69,100545.27,276756.75,47.14,51.29,52.48,53.1,327.3,373.39,376.02,376.3,376.37,0.5,
[2026-05-06 16:03:15.031] ,412,28.46,28.65,100545.11,279019.06,47.92,52.06,53.2,53.8,332.88,379.62,382.23,382.5,382.57,0.48,
[2026-05-06 16:03:20.044] ,412,28.46,28.58,100546.09,277657.28,48.88,53.07,54.21,54.8,339.58,387.22,389.85,390.13,390.19,0.49,
[2026-05-06 16:03:25.055] ,413,28.45,28.48,100545.91,277883.31,49.53,53.74,54.86,55.45,344.21,392.43,395.07,395.34,395.4,0.48,
[2026-05-06 16:03:30.065] ,414,28.44,28.36,100545.94,279247.34,49.11,53.3,54.42,55.01,341.29,389.12,391.75,392.02,392.08,0.5,
[2026-05-06 16:03:35.088] ,412,28.43,28.39,100545.37,277206.28,47.88,51.97,53.08,53.65,332.69,379.33,381.9,382.16,382.23,0.5,
[2026-05-06 16:03:40.100] ,412,28.43,28.5,100545.75,278791.19,47.13,51.18,52.3,52.88,327.38,373.33,375.89,376.15,376.21,0.52,
[2026-05-06 16:03:45.115] ,410,28.45,28.58,100545.88,278791.19,46.52,50.61,51.78,52.39,322.99,368.46,371.06,371.34,371.4,0.52,
[2026-05-06 16:03:50.122] ,410,28.48,28.63,100546.97,277883.31,45.59,49.65,50.84,51.46,316.4,361.03,363.63,363.91,363.97,0.52,
[2026-05-06 16:03:55.145] ,409,28.49,28.63,100544.76,278336.5,45.54,49.67,50.92,51.57,315.89,360.58,363.23,363.52,363.58,0.52,
[2026-05-06 16:04:00.151] ,409,28.49,28.61,100544.83,277883.31,45.83,50.17,51.59,52.32,317.43,362.65,365.5,365.81,365.88,0.53,
[2026-05-06 16:04:05.166] ,408,28.47,28.56,100545.34,279705,46.06,50.46,51.9,52.66,318.92,364.41,367.3,367.62,367.69,0.52,
[2026-05-06 16:04:10.188] ,406,28.48,28.55,100545.62,278563.66,46.13,50.53,51.97,52.73,319.47,365.02,367.91,368.23,368.3,0.53,
[2026-05-06 16:04:15.198] ,408,28.49,28.58,100545.12,276308.69,45.89,50.28,51.72,52.47,317.78,363.11,365.99,366.31,366.38,0.52,
[2026-05-06 16:04:20.210] ,407,28.5,28.63,100544.7,277883.31,45.21,49.51,50.91,51.65,313.08,357.71,360.53,360.84,360.91,0.51,
[2026-05-06 16:04:25.229] ,407,28.52,28.65,100545.84,276756.75,44.12,48.25,49.56,50.24,305.75,349.2,351.89,352.18,352.25,0.49,
[2026-05-06 16:04:30.245] ,406,28.5,28.6,100545.36,278791.19,43.17,47.12,48.34,48.97,299.32,341.73,344.29,344.56,344.62,0.5,
[2026-05-06 16:04:35.252] ,406,28.47,28.59,100545.55,279475.97,43.33,47.22,48.37,48.97,300.62,343.07,345.57,345.83,345.89,0.49,
[2026-05-06 16:04:40.271] ,406,28.45,28.62,100546.15,278791.19,42.97,46.78,47.88,48.45,298.3,340.34,342.76,343.02,343.08,0.49,
[2026-05-06 16:04:45.278] ,407,28.44,28.64,100545.62,278791.19,42.43,46.15,47.2,47.75,294.6,336.06,338.42,338.67,338.72,0.48,
[2026-05-06 16:04:50.293] ,408,28.44,28.66,100545.91,279934.38,42.49,46.21,47.26,47.81,295.05,336.56,338.91,339.16,339.22,0.49,
[2026-05-06 16:04:55.313] ,407,28.44,28.68,100545.35,278563.66,42.32,46.08,47.18,47.75,293.74,335.17,337.56,337.82,337.88,0.51,
[2026-05-06 16:05:00.325] ,407,28.44,28.7,100545.88,278791.19,41.84,45.6,46.72,47.31,290.26,331.27,333.69,333.95,334.01,0.51,
[2026-05-06 16:05:05.344] ,409,28.44,28.71,100547.09,278109.72,41.46,45.19,46.3,46.88,287.66,328.3,330.7,330.95,331.01,0.51,
[2026-05-06 16:05:10.356] ,409,28.45,28.71,100546.18,278109.72,42.13,45.92,47.05,47.63,292.33,333.62,336.05,336.31,336.37,0.48,
[2026-05-06 16:05:15.365] ,411,28.44,28.64,100546.34,279475.97,42.2,45.9,46.96,47.52,292.97,334.22,336.57,336.82,336.88,0.49,
[2026-05-06 16:05:20.380] ,411,28.43,28.51,100544.55,279475.97,42.57,46.24,47.25,47.78,295.68,337.2,339.51,339.75,339.81,0.48,
[2026-05-06 16:05:25.397] ,412,28.43,28.57,100545.18,278109.72,43.51,47.13,48.06,48.55,302.54,344.8,347.05,347.28,347.33,0.48,
[2026-05-06 16:05:30.408] ,410,28.44,28.6,100546.25,278336.5,42.91,46.42,47.28,47.73,298.58,340.17,342.33,342.55,342.6,0.48,
[2026-05-06 16:05:35.428] ,408,28.42,28.64,100545.86,278336.5,42.49,45.95,46.79,47.23,295.66,336.82,338.95,339.16,339.21,0.48,
[2026-05-06 16:05:40.446] ,409,28.41,28.67,100545.46,279934.38,42.15,45.61,46.47,46.92,293.23,334.11,336.24,336.45,336.5,0.49,
[2026-05-06 16:05:45.455] ,410,28.41,28.7,100546.34,279934.38,42.19,45.63,46.47,46.91,293.56,334.45,336.56,336.77,336.82,0.49,
[2026-05-06 16:05:50.471] ,411,28.41,28.68,100546.43,281087.03,41.37,44.75,45.58,46.01,287.87,327.96,330.04,330.25,330.3,0.49,
[2026-05-06 16:05:55.482] ,409,28.4,28.67,100544.7,280164.16,40.46,43.73,44.51,44.92,281.59,320.76,322.76,322.96,323,0.48,
[2026-05-06 16:06:00.496] ,408,28.39,28.66,100545.14,279247.34,39.58,42.72,43.44,43.82,275.62,313.86,315.76,315.95,316,0.47,
[2026-05-06 16:06:05.508] ,409,28.4,28.67,100545.27,280624.84,39.97,43.11,43.8,44.16,278.41,316.98,318.87,319.05,319.1,0.47,
[2026-05-06 16:06:10.525] ,409,28.41,28.67,100546.18,280394.31,40.04,43.19,43.88,44.24,278.91,317.54,319.44,319.62,319.67,0.49,
[2026-05-06 16:06:15.535] ,410,28.41,28.68,100545.79,278791.19,40.28,43.48,44.22,44.6,280.43,319.35,321.3,321.49,321.54,0.5,
[2026-05-06 16:06:20.556] ,408,28.4,28.6,100545.52,279019.06,40.74,43.99,44.73,45.12,283.67,323.04,325.01,325.2,325.25,0.49,
[2026-05-06 16:06:25.565] ,408,28.38,28.57,100545.16,279247.34,40.18,43.39,44.13,44.51,279.75,318.59,320.54,320.73,320.77,0.49,
[2026-05-06 16:06:30.585] ,409,28.36,28.6,100544.92,279705,39.83,43.06,43.85,44.26,277.15,315.72,317.71,317.91,317.96,0.5,
[2026-05-06 16:06:35.596] ,408,28.35,28.65,100544.22,280164.16,40.56,43.9,44.74,45.18,282.11,321.46,323.53,323.74,323.79,0.49,
[2026-05-06 16:06:40.616] ,407,28.36,28.68,100544.36,281087.03,41.03,44.43,45.3,45.75,285.36,325.19,327.3,327.52,327.57,0.49,
[2026-05-06 16:06:45.624] ,407,28.36,28.71,100544.57,280394.31,40.78,44.12,44.94,45.37,283.71,323.25,325.3,325.51,325.56,0.48,
[2026-05-06 16:06:50.645] ,409,28.36,28.72,100544.6,279475.97,40.37,43.66,44.46,44.88,280.91,320.03,322.05,322.25,322.3,0.49,
[2026-05-06 16:06:55.652] ,409,28.38,28.72,100545.25,278791.19,39.48,42.67,43.43,43.82,274.82,313.03,314.98,315.17,315.22,0.49,
[2026-05-06 16:07:00.669] ,408,28.38,28.66,100542.91,281318.69,38.57,41.67,42.4,42.79,268.5,305.82,307.71,307.9,307.94,0.49,
[2026-05-06 16:07:05.685] ,407,28.37,28.62,100543.91,281783.16,38.22,41.26,41.96,42.32,266.15,303.08,304.93,305.11,305.15,0.48,
[2026-05-06 16:07:10.695] ,407,28.37,28.64,100542.87,281550.72,38.57,41.57,42.23,42.57,268.67,305.85,307.66,307.83,307.88,0.48,
[2026-05-06 16:07:15.710] ,409,28.36,28.66,100544.77,280624.84,38.23,41.17,41.79,42.11,266.39,303.2,304.96,305.12,305.17,0.48,
[2026-05-06 16:07:20.725] ,410,28.35,28.65,100544.38,280394.31,37.83,40.78,41.42,41.75,263.58,300.05,301.83,302,302.04,0.48,
[2026-05-06 16:07:25.737] ,410,28.34,28.65,100543.48,281087.03,37.75,40.72,41.38,41.73,262.92,299.35,301.15,301.32,301.37,0.47,
[2026-05-06 16:07:30.760] ,410,28.34,28.68,100543.89,279934.38,37.86,40.81,41.45,41.79,263.74,300.24,302.02,302.19,302.23,0.47,
[2026-05-06 16:07:35.773] ,409,28.36,28.68,100543.41,279475.97,38.62,41.62,42.27,42.6,269.11,306.33,308.13,308.3,308.34,0.49,
[2026-05-06 16:07:40.781] ,408,28.37,28.67,100543.81,279934.38,39.18,42.27,42.96,43.32,272.87,310.69,312.56,312.74,312.78,0.51,
[2026-05-06 16:07:45.801] ,410,28.36,28.63,100542.9,279705,39.03,42.2,42.96,43.36,271.65,309.45,311.38,311.58,311.62,0.5,
[2026-05-06 16:07:50.807] ,409,28.37,28.6,100542.99,280394.31,38.7,41.91,42.73,43.15,269.1,306.68,308.67,308.87,308.92,0.5,
[2026-05-06 16:07:55.825] ,410,28.37,28.53,100541.34,278336.5,39.2,42.53,43.43,43.89,272.45,310.62,312.7,312.92,312.97,0.51,
[2026-05-06 16:08:00.842] ,408,28.37,28.59,100541.77,279247.34,39.2,42.57,43.49,43.97,272.38,310.59,312.71,312.93,312.98,0.49,
[2026-05-06 16:08:05.856] ,408,28.38,28.66,100542.83,280164.16,38.94,42.28,43.19,43.66,270.58,308.53,310.63,310.85,310.9,0.5,
[2026-05-06 16:08:10.870] ,408,28.41,28.69,100543.32,277883.31,39.26,42.68,43.64,44.14,272.61,310.94,313.11,313.33,313.39,0.51,
[2026-05-06 16:08:15.883] ,408,28.43,28.72,100544.58,278336.5,38.94,42.36,43.34,43.85,270.31,308.37,310.55,310.78,310.83,0.49,
[2026-05-06 16:08:20.893] ,408,28.41,28.73,100544.39,281087.03,39.53,43.02,44.02,44.55,274.41,313.07,315.29,315.52,315.57,0.49,
[2026-05-06 16:08:25.915] ,408,28.41,28.74,100543.49,280624.84,39.66,43.22,44.28,44.83,275.19,314.05,316.34,316.58,316.64,0.52,
[2026-05-06 16:08:30.925] ,409,28.4,28.67,100542.82,278791.19,38.49,42.03,43.13,43.7,266.82,304.66,306.95,307.2,307.25,0.51,
[2026-05-06 16:08:35.946] ,409,28.4,28.61,100543.12,277657.28,37.68,41.12,42.18,42.73,261.28,298.29,300.51,300.75,300.8,0.49,
[2026-05-06 16:08:40.954] ,409,28.4,28.61,100542.46,278791.19,37.22,40.62,41.66,42.2,258.14,294.69,296.89,297.12,297.18,0.5,
[2026-05-06 16:08:45.975] ,409,28.38,28.57,100542.37,279247.34,36.79,40.13,41.14,41.67,255.15,291.25,293.4,293.63,293.68,0.49,
[2026-05-06 16:08:50.983] ,411,28.38,28.57,100542.28,278791.19,37.05,40.38,41.38,41.9,257.04,293.36,295.5,295.73,295.78,0.5,
[2026-05-06 16:08:55.995] ,412,28.37,28.56,100542.2,280164.16,36.95,40.28,41.28,41.79,256.38,292.6,294.74,294.97,295.02,0.5,
[2026-05-06 16:09:01.010] ,412,28.36,28.63,100541.13,280164.16,37.34,40.69,41.68,42.2,259.05,295.64,297.78,298.01,298.07,0.49,
[2026-05-06 16:09:06.030] ,413,28.37,28.68,100540.89,280394.31,36.93,40.2,41.15,41.65,256.36,292.49,294.58,294.8,294.85,0.5,
[2026-05-06 16:09:11.035] ,414,28.36,28.71,100541.47,280394.31,35.95,39.09,39.98,40.44,249.63,284.75,286.74,286.95,286.99,0.49,
[2026-05-06 16:09:16.050] ,412,28.36,28.73,100539.89,280855.72,35.36,38.36,39.15,39.57,245.8,280.22,282.09,282.28,282.33,0.47,
[2026-05-06 16:09:21.066] ,411,28.36,28.71,100540.73,281087.03,35.32,38.21,38.92,39.29,245.77,280,281.78,281.96,282,0.48,
[2026-05-06 16:09:26.079] ,411,28.35,28.68,100540.88,281087.03,35.04,37.85,38.51,38.85,243.94,277.84,279.55,279.72,279.76,0.49,
[2026-05-06 16:09:31.094] ,412,28.33,28.69,100538.83,282015.97,34.61,37.35,37.96,38.28,241.06,274.48,276.14,276.3,276.34,0.48,
[2026-05-06 16:09:36.110] ,411,28.34,28.68,100541.8,281318.69,34.59,37.27,37.85,38.15,240.98,274.31,275.92,276.07,276.11,0.48,
[2026-05-06 16:09:41.125] ,413,28.35,28.67,100540.65,282482.75,34.16,36.74,37.25,37.52,238.21,271.04,272.56,272.7,272.74,0.47,
[2026-05-06 16:09:46.145] ,413,28.38,28.67,100540.82,280394.31,33.61,36.1,36.57,36.81,234.42,266.66,268.12,268.26,268.29,0.47,
[2026-05-06 16:09:51.160] ,414,28.38,28.64,100541.69,279705,33.7,36.18,36.63,36.86,235.11,267.4,268.85,268.98,269.02,0.47,
[2026-05-06 16:09:56.165] ,414,28.42,28.59,100541.66,279247.34,33.01,35.44,35.88,36.12,230.31,261.95,263.37,263.5,263.53,0.48,
[2026-05-06 16:10:01.183] ,415,28.42,28.51,100540.48,282015.97,32.73,35.15,35.59,35.83,228.35,259.73,261.14,261.27,261.31,0.48,
[2026-05-06 16:10:06.196] ,417,28.43,28.42,100541.25,278563.66,32.54,34.95,35.4,35.63,226.96,258.16,259.57,259.7,259.74,0.49,
[2026-05-06 16:10:11.215] ,416,28.4,28.32,100539.79,282482.75,32.15,34.56,35.02,35.27,224.22,255.09,256.51,256.64,256.67,0.48,
[2026-05-06 16:10:16.226] ,418,28.39,28.34,100540.3,280164.16,31.43,33.84,34.34,34.6,219.04,249.29,250.73,250.86,250.9,0.49,
[2026-05-06 16:10:21.245] ,419,28.38,28.34,100539.49,282716.72,31.43,33.85,34.36,34.63,219.01,249.28,250.73,250.86,250.9,0.48,
[2026-05-06 16:10:26.257] ,418,28.38,28.37,100540.45,282015.97,31.12,33.54,34.05,34.32,216.85,246.84,248.29,248.43,248.47,0.49,
[2026-05-06 16:10:31.277] ,417,28.37,28.37,100538.9,281087.03,32.05,34.58,35.15,35.45,223.21,254.15,255.69,255.83,255.87,0.49,
[2026-05-06 16:10:36.286] ,417,28.36,28.29,100537.97,281550.72,32.51,35.11,35.72,36.03,226.33,257.76,259.34,259.5,259.54,0.49,
[2026-05-06 16:10:41.302] ,418,28.34,28.25,100539.3,283185.84,33.19,35.92,36.6,36.96,230.9,263.09,264.78,264.95,264.99,0.5,
[2026-05-06 16:10:46.319] ,416,28.33,28.2,100539.42,282482.75,33.45,36.25,36.98,37.36,232.58,265.09,266.84,267.01,267.06,0.49,
[2026-05-06 16:10:51.336] ,415,28.33,28.19,100539.51,282951.09,33.46,36.26,36.99,37.37,232.63,265.15,266.89,267.07,267.11,0.49,
[2026-05-06 16:10:56.348] ,413,28.32,28.17,100539.7,283420.97,33.65,36.49,37.24,37.63,233.88,266.61,268.38,268.56,268.61,0.5,
[2026-05-06 16:11:01.363] ,413,28.32,28.16,100540.11,284840.06,34.11,36.99,37.75,38.14,237.08,270.26,272.06,272.24,272.28,0.49,
[2026-05-06 16:11:06.379] ,413,28.33,28.16,100539.51,282015.97,33.72,36.56,37.31,37.69,234.38,267.17,268.95,269.13,269.17,0.49,
[2026-05-06 16:11:11.395] ,416,28.33,28.15,100538.83,281783.16,33.87,36.71,37.45,37.84,235.5,268.43,270.2,270.38,270.42,0.49,
[2026-05-06 16:11:16.406] ,418,28.33,28.15,100540.4,282015.97,33.97,36.85,37.61,38.01,236.1,269.16,270.96,271.14,271.19,0.5,
[2026-05-06 16:11:21.421] ,416,28.34,28.15,100539.89,283420.97,33.86,36.73,37.48,37.88,235.36,268.31,270.1,270.28,270.32,0.5,
[2026-05-06 16:11:26.431] ,415,28.34,28.08,100539.17,280624.84,34.19,37.17,38.01,38.44,237.47,270.86,272.74,272.94,272.98,0.51,
[2026-05-06 16:11:31.446] ,417,28.33,27.98,100539.91,281318.69,33.34,36.27,37.1,37.54,231.49,264.07,265.93,266.13,266.17,0.5,
[2026-05-06 16:11:36.466] ,415,28.32,27.98,100538.43,282482.75,32.71,35.56,36.37,36.79,227.12,259.07,260.88,261.07,261.11,0.5,
[2026-05-06 16:11:41.476] ,415,28.32,28.06,100538.75,281318.69,32.78,35.66,36.48,36.91,227.63,259.67,261.5,261.69,261.73,0.5,
[2026-05-06 16:11:46.496] ,415,28.34,28.13,100539.49,281783.16,32.34,35.17,35.98,36.4,224.57,256.17,257.96,258.15,258.2,0.49,
[2026-05-06 16:11:51.501] ,414,28.34,28.14,100539.12,281087.03,33.37,36.23,37.01,37.42,231.85,264.37,266.17,266.36,266.4,0.48,
[2026-05-06 16:11:56.516] ,412,28.34,28.15,100539.05,281087.03,34.4,37.35,38.15,38.57,239,272.52,274.38,274.57,274.61,0.5,
[2026-05-06 16:12:01.539] ,411,28.34,28.11,100539.56,281318.69,35.03,38.02,38.82,39.24,243.47,277.59,279.46,279.65,279.69,0.49,
[2026-05-06 16:12:06.550] ,410,28.35,28.15,100538.73,280164.16,35.34,38.39,39.23,39.66,245.49,279.96,281.88,282.08,282.13,0.49,
[2026-05-06 16:12:11.566] ,410,28.34,28.15,100539.17,280855.72,34.8,37.85,38.71,39.16,241.64,275.64,277.57,277.78,277.83,0.49,
[2026-05-06 16:12:16.574] ,409,28.32,28.16,100539.59,281550.72,33.58,36.54,37.4,37.84,233.14,265.98,267.86,268.06,268.11,0.5,
[2026-05-06 16:12:21.595] ,409,28.32,28.12,100540.24,282015.97,32.93,35.92,36.84,37.31,228.36,260.68,262.61,262.82,262.87,0.5,
[2026-05-06 16:12:26.605] ,408,28.32,28.12,100538.29,281550.72,32.4,35.34,36.24,36.71,224.67,256.47,258.37,258.58,258.63,0.51,
[2026-05-06 16:12:31.618] ,410,28.33,28.12,100538.26,282951.09,32.37,35.36,36.3,36.79,224.37,256.2,258.15,258.36,258.4,0.52,
[2026-05-06 16:12:36.630] ,412,28.34,28.09,100539.03,281783.16,32.86,35.91,36.87,37.37,227.77,260.1,262.08,262.3,262.34,0.51,
[2026-05-06 16:12:41.645] ,414,28.35,28.06,100539.68,282482.75,32.75,35.8,36.77,37.28,226.93,259.17,261.16,261.38,261.43,0.5,
[2026-05-06 16:12:46.665] ,413,28.35,28.03,100539.59,283892.44,32.77,35.87,36.88,37.4,227.01,259.34,261.37,261.6,261.64,0.5,
[2026-05-06 16:12:51.677] ,413,28.36,28.05,100539.98,282015.97,32.21,35.25,36.23,36.74,223.16,254.92,256.91,257.13,257.17,0.5,
[2026-05-06 16:12:56.695] ,412,28.37,28.05,100539.27,281550.72,31.67,34.59,35.49,35.97,219.56,250.7,252.59,252.79,252.84,0.49,
[2026-05-06 16:13:01.704] ,413,28.37,28.04,100540.09,282015.97,31.31,34.19,35.08,35.55,217.1,247.87,249.74,249.94,249.98,0.51,
[2026-05-06 16:13:06.720] ,414,28.36,27.99,100539.85,283892.44,31.21,34.15,35.1,35.59,216.24,247.01,248.93,249.15,249.19,0.51,
[2026-05-06 16:13:11.738] ,414,28.36,27.98,100539.29,281550.72,30.95,33.95,34.95,35.48,214.22,244.84,246.82,247.04,247.09,0.53,
[2026-05-06 16:13:16.751] ,414,28.37,28,100538.68,282716.72,30.74,33.75,34.78,35.32,212.69,243.15,245.15,245.37,245.42,0.51,
[2026-05-06 16:13:21.768] ,414,28.37,28,100538.51,282015.97,30.59,33.57,34.58,35.11,211.71,242,243.97,244.19,244.24,0.51,
[2026-05-06 16:13:26.781] ,413,28.36,27.93,100539.99,281783.16,30.84,33.81,34.81,35.32,213.48,243.98,245.94,246.16,246.2,0.5,
[2026-05-06 16:13:31.793] ,410,28.36,27.96,100540.07,282015.97,30.34,33.21,34.14,34.63,210.16,240.09,241.97,242.18,242.22,0.48,
[2026-05-06 16:13:36.815] ,408,28.36,27.97,100539.45,284128.75,29.51,32.24,33.09,33.54,204.59,233.62,235.38,235.58,235.62,0.49,
[2026-05-06 16:13:41.828] ,407,28.36,28,100539.57,283892.44,29.42,32.2,33.1,33.58,203.75,232.77,234.59,234.79,234.84,0.5,
[2026-05-06 16:13:46.841] ,407,28.36,28.02,100539.49,284128.75,29.61,32.47,33.43,33.93,204.93,234.22,236.11,236.32,236.37,0.49,
[2026-05-06 16:13:51.854] ,409,28.36,28.05,100539.81,282951.09,30.18,33.06,34.02,34.51,208.95,238.76,240.65,240.87,240.91,0.48,
[2026-05-06 16:13:56.865] ,408,28.36,28.05,100540.26,282716.72,30.65,33.5,34.4,34.87,212.42,242.6,244.45,244.65,244.7,0.47,
[2026-05-06 16:14:01.885] ,408,28.35,28.03,100540.14,283656.5,30.4,33.19,34.05,34.49,210.77,240.64,242.44,242.64,242.68,0.49,
[2026-05-06 16:14:06.900] ,407,28.34,28.03,100539.88,284840.06,29.65,32.34,33.15,33.57,205.66,234.76,236.49,236.67,236.71,0.49,
[2026-05-06 16:14:11.905] ,406,28.35,28.05,100539.34,285077.94,29.36,31.99,32.76,33.17,203.69,232.45,234.14,234.32,234.36,0.5,
[2026-05-06 16:14:16.925] ,406,28.36,28.07,100539.34,281783.16,29.21,31.81,32.57,32.96,202.76,231.35,233.01,233.19,233.23,0.5,
[2026-05-06 16:14:21.942] ,405,28.37,28.08,100540.31,282015.97,28.76,31.29,32.01,32.38,199.67,227.78,229.38,229.55,229.59,0.5,
[2026-05-06 16:14:26.955] ,407,28.37,28.07,100540.19,282482.75,28.07,30.5,31.17,31.52,194.95,222.33,223.87,224.03,224.06,0.5,
[2026-05-06 16:14:31.968] ,407,28.37,28.07,100541.38,282015.97,27.56,29.94,30.6,30.94,191.4,218.28,219.79,219.94,219.98,0.5,
[2026-05-06 16:14:36.978] ,408,28.37,28.05,100540.12,283892.44,27.06,29.39,30.03,30.37,187.99,214.38,215.85,216,216.04,0.49,
[2026-05-06 16:14:41.989] ,409,28.36,28.05,100539.05,284128.75,26.78,29.09,29.73,30.06,186,212.11,213.57,213.72,213.76,0.49,
[2026-05-06 16:14:47.006] ,410,28.36,28.08,100540.24,281087.03,27.2,29.53,30.17,30.5,189.02,215.53,216.99,217.15,217.18,0.49,
[2026-05-06 16:14:52.025] ,410,28.36,28.12,100539.02,282951.09,28.07,30.49,31.15,31.49,195.04,222.41,223.93,224.09,224.12,0.49,
[2026-05-06 16:14:57.042] ,408,28.37,28.13,100538.69,282249.19,28.05,30.44,31.08,31.41,194.93,222.24,223.74,223.89,223.93,0.48,
[2026-05-06 16:15:02.055] ,407,28.37,28.1,100541.06,282951.09,28.04,30.36,30.94,31.25,195.03,222.24,223.67,223.82,223.85,0.47,
[2026-05-06 16:15:07.067] ,407,28.37,28.06,100539.99,282482.75,28.27,30.57,31.12,31.41,196.75,224.13,225.54,225.68,225.71,0.48,
[2026-05-06 16:15:12.078] ,408,28.37,27.98,100540.05,282716.72,27.97,30.23,30.76,31.04,194.71,221.78,223.15,223.29,223.32,0.49,
[2026-05-06 16:15:17.101] ,408,28.38,27.97,100539.94,283656.5,27.41,29.58,30.07,30.33,190.86,217.34,218.65,218.78,218.81,0.47,
[2026-05-06 16:15:22.117] ,410,28.38,27.99,100538.77,281550.72,26.75,28.84,29.3,29.54,186.37,212.17,213.43,213.55,213.58,0.47,
[2026-05-06 16:15:27.122] ,410,28.39,28.01,100539.99,282015.97,27.78,29.93,30.39,30.62,193.56,220.32,221.61,221.73,221.76,0.49,
[2026-05-06 16:15:32.137] ,412,28.4,28.04,100539.99,281087.03,28.5,30.71,31.18,31.43,198.61,226.07,227.39,227.52,227.55,0.48,
[2026-05-06 16:15:37.155] ,412,28.4,28.01,100540.16,283185.84,29.03,31.25,31.71,31.94,202.32,230.26,231.58,231.7,231.74,0.48,
[2026-05-06 16:15:42.173] ,410,28.39,27.98,100539.12,284128.75,29.5,31.73,32.18,32.41,205.66,234.01,235.34,235.46,235.49,0.48,
[2026-05-06 16:15:47.187] ,410,28.38,27.97,100540.82,283185.84,29.18,31.37,31.8,32.02,203.5,231.53,232.82,232.94,232.97,0.47,
[2026-05-06 16:15:52.202] ,409,28.38,27.96,100538.41,282951.09,28.83,30.99,31.41,31.63,201.06,228.75,230.02,230.14,230.17,0.48,
[2026-05-06 16:15:57.216] ,410,28.4,27.96,100539.12,282482.75,28.46,30.6,31.01,31.23,198.47,225.8,227.06,227.18,227.21,0.48,
[2026-05-06 16:16:02.222] ,412,28.4,27.94,100539.72,282716.72,27.89,29.96,30.35,30.55,194.58,221.33,222.54,222.65,222.68,0.47,
[2026-05-06 16:16:07.236] ,413,28.4,27.96,100539.26,282015.97,27.28,29.28,29.63,29.82,190.39,216.51,217.67,217.78,217.81,0.47,
[2026-05-06 16:16:12.255] ,412,28.39,28,100538.65,282482.75,26.51,28.43,28.76,28.93,185,210.37,211.48,211.58,211.6,0.48,
[2026-05-06 16:16:17.270] ,408,28.38,27.99,100538.14,284602.56,26.61,28.55,28.89,29.07,185.73,211.21,212.33,212.43,212.46,0.48,
[2026-05-06 16:16:22.285] ,406,28.36,28.01,100538.95,284602.56,26.76,28.72,29.06,29.24,186.76,212.39,213.52,213.63,213.65,0.49,
[2026-05-06 16:16:27.305] ,408,28.37,28.01,100539.81,283185.84,26.85,28.81,29.15,29.33,187.4,213.11,214.25,214.35,214.38,0.48,
[2026-05-06 16:16:32.315] ,406,28.37,28,100538.87,283420.97,26.53,28.45,28.78,28.95,185.2,210.59,211.7,211.8,211.82,0.48,
[2026-05-06 16:16:37.326] ,406,28.36,28.01,100538.18,285554.94,26.3,28.19,28.5,28.66,183.59,208.73,209.82,209.92,209.94,0.49,
[2026-05-06 16:16:42.340] ,406,28.37,27.99,100537.98,285316.25,26.45,28.37,28.7,28.88,184.62,209.93,211.05,211.15,211.17,0.49,
[2026-05-06 16:16:47.362] ,405,28.37,27.99,100538.29,283185.84,26.68,28.65,29.01,29.2,186.17,211.75,212.9,213,213.03,0.5,
[2026-05-06 16:16:52.376] ,405,28.36,27.98,100538.01,285554.94,26.44,28.4,28.77,28.95,184.46,209.82,210.96,211.07,211.1,0.49,
[2026-05-06 16:16:57.390] ,407,28.36,27.98,100538.03,284365.47,26.27,28.23,28.6,28.79,183.22,208.43,209.58,209.68,209.71,0.49,
[2026-05-06 16:17:02.395] ,409,28.38,27.99,100537.85,285794.03,25.71,27.65,28.03,28.23,179.23,203.93,205.08,205.18,205.21,0.49,
[2026-05-06 16:17:07.411] ,408,28.37,27.99,100539.09,285077.94,25.32,27.23,27.6,27.8,176.54,200.86,201.99,202.09,202.12,0.48,
[2026-05-06 16:17:12.426] ,408,28.39,27.99,100538.95,283185.84,24.98,26.86,27.22,27.42,174.18,198.18,199.28,199.39,199.41,0.48,
[2026-05-06 16:17:17.445] ,409,28.4,27.97,100539.53,283656.5,24.33,26.14,26.48,26.66,169.66,193,194.07,194.17,194.19,0.49,
[2026-05-06 16:17:22.463] ,409,28.4,27.96,100538.91,283656.5,24.81,26.65,27,27.18,173.03,196.83,197.91,198.01,198.04,0.5,
[2026-05-06 16:17:27.480] ,407,28.41,27.93,100539.41,283420.97,24.94,26.8,27.15,27.33,173.94,197.87,198.96,199.06,199.09,0.49,
[2026-05-06 16:17:32.490] ,407,28.4,27.94,100539.54,284365.47,25.29,27.18,27.54,27.72,176.39,200.67,201.78,201.88,201.91,0.5,
[2026-05-06 16:17:37.506] ,406,28.39,27.95,100537.85,282951.09,25.54,27.44,27.81,28,178.1,202.61,203.73,203.84,203.86,0.5,
[2026-05-06 16:17:42.521] ,405,28.38,27.97,100538.48,284840.06,25.83,27.77,28.15,28.35,180.08,204.89,206.03,206.14,206.17,0.49,
[2026-05-06 16:17:47.533] ,404,28.38,27.98,100539.07,285316.25,25.57,27.52,27.92,28.13,178.24,202.84,204,204.11,204.14,0.49,
[2026-05-06 16:17:52.545] ,404,28.38,27.97,100538.09,283656.5,25.49,27.45,27.85,28.06,177.65,202.19,203.35,203.46,203.49,0.49,
[2026-05-06 16:17:57.565] ,401,28.38,27.98,100539.36,283420.97,25.53,27.47,27.86,28.06,178.02,202.56,203.71,203.82,203.84,0.48,
[2026-05-06 16:18:02.575] ,401,28.38,27.97,100539.34,284365.47,25.4,27.29,27.64,27.83,177.2,201.56,202.67,202.77,202.8,0.47,
[2026-05-06 16:18:07.588] ,403,28.39,27.94,100538.55,284840.06,24.91,26.72,27.04,27.21,173.82,197.67,198.72,198.82,198.84,0.47,
[2026-05-06 16:18:12.605] ,403,28.39,27.96,100539.41,284128.75,24.7,26.46,26.75,26.9,172.44,196.04,197.05,197.14,197.17,0.47,
[2026-05-06 16:18:17.620] ,404,28.36,27.95,100538.73,285316.25,24.24,25.95,26.21,26.35,169.29,192.42,193.4,193.48,193.51,0.48,
[2026-05-06 16:18:22.629] ,402,28.35,27.95,100538.06,286754.41,24.14,25.83,26.08,26.22,168.62,191.64,192.6,192.68,192.7,0.48,
[2026-05-06 16:18:27.645] ,403,28.36,27.98,100537.99,285316.25,24.39,26.09,26.34,26.47,170.41,193.66,194.62,194.7,194.72,0.48,
[2026-05-06 16:18:32.658] ,403,28.35,27.96,100538.41,286513.72,23.95,25.6,25.83,25.95,167.35,190.15,191.08,191.16,191.18,0.48,
[2026-05-06 16:18:37.676] ,406,28.35,27.94,100537.3,285794.03,23.32,24.93,25.16,25.28,162.91,185.12,186.03,186.11,186.13,0.48,
[2026-05-06 16:18:42.695] ,405,28.35,27.94,100536.8,285316.25,22.73,24.3,24.52,24.63,158.83,180.48,181.36,181.44,181.46,0.48,
[2026-05-06 16:18:47.706] ,405,28.35,27.95,100538.23,285794.03,22.44,24,24.23,24.35,156.75,178.14,179.02,179.1,179.12,0.48,
[2026-05-06 16:18:52.718] ,405,28.35,27.98,100536.23,285794.03,22.72,24.31,24.54,24.66,158.7,180.36,181.26,181.34,181.36,0.48,
[2026-05-06 16:18:57.735] ,403,28.35,27.98,100536.21,284602.56,23.1,24.71,24.95,25.08,161.37,183.4,184.31,184.39,184.41,0.48,
[2026-05-06 16:19:02.751] ,402,28.35,28,100536.52,285077.94,23.45,25.1,25.35,25.48,163.78,186.15,187.09,187.17,187.19,0.48,
[2026-05-06 16:19:07.766] ,402,28.34,27.99,100536.35,285316.25,23.3,24.96,25.22,25.35,162.72,184.97,185.92,186,186.02,0.48,
[2026-05-06 16:19:12.783] ,400,28.34,28.02,100537.87,284602.56,22.84,24.48,24.76,24.9,159.46,181.3,182.24,182.33,182.35,0.48,
[2026-05-06 16:19:17.800] ,402,28.34,28.01,100536.35,285554.94,23.18,24.85,25.13,25.28,161.83,184,184.96,185.04,185.07,0.46,
[2026-05-06 16:19:22.815] ,403,28.35,28,100536.83,285077.94,22.97,24.63,24.9,25.04,160.38,182.35,183.3,183.38,183.41,0.46,
[2026-05-06 16:19:27.825] ,403,28.34,28,100537.33,285554.94,22.84,24.5,24.78,24.93,159.41,181.26,182.22,182.31,182.33,0.48,
[2026-05-06 16:19:32.846] ,403,28.31,27.99,100536.19,286995.53,23.24,24.96,25.28,25.45,162.15,184.44,185.44,185.53,185.56,0.48,
[2026-05-06 16:19:37.855] ,403,28.31,27.99,100537.59,285077.94,22.86,24.56,24.89,25.06,159.41,181.35,182.35,182.44,182.47,0.47,
[2026-05-06 16:19:42.875] ,402,28.31,28,100538.05,286513.72,22.33,24.01,24.34,24.51,155.72,177.17,178.16,178.25,178.28,0.49,
[2026-05-06 16:19:47.882] ,402,28.31,28.01,100536.77,285794.03,22.17,23.85,24.19,24.37,154.57,175.89,176.88,176.98,177,0.49,
[2026-05-06 16:19:52.896] ,402,28.32,28.01,100537.09,285316.25,22.07,23.75,24.1,24.28,153.81,175.04,176.04,176.14,176.16,0.49,
[2026-05-06 16:19:57.911] ,402,28.33,28.01,100538.08,286273.41,22.22,23.93,24.28,24.47,154.87,176.26,177.28,177.37,177.4,0.49,
[2026-05-06 16:20:02.925] ,401,28.34,28.01,100537.58,287478.94,22.57,24.31,24.68,24.88,157.23,178.97,180.02,180.12,180.15,0.5,
[2026-05-06 16:20:07.940] ,399,28.32,27.99,100537.62,285794.03,22.75,24.5,24.87,25.06,158.56,180.47,181.51,181.61,181.64,0.49,
[2026-05-06 16:20:12.955] ,401,28.32,27.99,100537.25,287721.28,22.8,24.56,24.92,25.11,158.93,180.89,181.93,182.03,182.06,0.5,
[2026-05-06 16:20:17.972] ,399,28.33,28.02,100536.72,284602.56,22.95,24.73,25.11,25.31,159.9,182.01,183.08,183.18,183.21,0.5,
[2026-05-06 16:20:22.985] ,400,28.33,28.03,100537.19,287478.94,23.25,25.07,25.46,25.67,162,184.42,185.51,185.62,185.65,0.5,
[2026-05-06 16:20:27.995] ,399,28.35,28.01,100536.87,285554.94,23.41,25.22,25.6,25.8,163.12,185.67,186.75,186.85,186.88,0.48,
[2026-05-06 16:20:33.006] ,399,28.35,27.95,100536.02,286273.41,22.6,24.31,24.66,24.84,157.53,179.25,180.27,180.37,180.39,0.49,
[2026-05-06 16:20:38.020] ,400,28.35,27.93,100538.23,284840.06,21.72,23.35,23.67,23.83,151.5,172.36,173.32,173.41,173.43,0.48,
[2026-05-06 16:20:43.039] ,401,28.35,27.93,100537.78,284365.47,21,22.56,22.85,23,146.47,166.61,167.53,167.61,167.63,0.48,
[2026-05-06 16:20:48.057] ,402,28.35,27.95,100539.12,284365.47,21.24,22.81,23.1,23.25,148.18,168.54,169.46,169.55,169.57,0.48,
[2026-05-06 16:20:53.072] ,402,28.34,27.96,100537.6,284365.47,21.37,22.95,23.24,23.39,149.07,169.56,170.48,170.56,170.59,0.49,
[2026-05-06 16:20:58.079] ,400,28.34,28.04,100538.06,285316.25,20.9,22.46,22.75,22.9,145.77,165.82,166.74,166.82,166.84,0.5,
[2026-05-06 16:21:03.092] ,401,28.34,28,100538.23,286033.53,20.53,22.11,22.43,22.6,143.11,162.87,163.8,163.89,163.91,0.52,
[2026-05-06 16:21:08.113] ,398,28.34,27.97,100539.38,286033.53,20.62,22.27,22.66,22.86,143.58,163.51,164.52,164.62,164.64,0.53,
[2026-05-06 16:21:13.121] ,400,28.34,27.96,100538.14,285316.25,21.12,22.87,23.31,23.54,146.87,167.37,168.46,168.57,168.59,0.52,
[2026-05-06 16:21:18.133] ,400,28.34,27.93,100537.3,286995.53,21.06,22.84,23.3,23.55,146.38,166.86,167.97,168.09,168.11,0.51,
[2026-05-06 16:21:23.149] ,400,28.34,27.92,100537.55,286513.72,20.66,22.4,22.86,23.1,143.6,163.7,164.78,164.9,164.92,0.51,
[2026-05-06 16:21:28.166] ,402,28.34,27.92,100537.8,286033.53,20.21,21.91,22.36,22.59,140.47,160.12,161.18,161.29,161.32,0.5,
[2026-05-06 16:21:33.184] ,399,28.35,27.92,100537.94,284840.06,20.1,21.77,22.2,22.42,139.75,159.27,160.31,160.41,160.44,0.49,
[2026-05-06 16:21:38.194] ,400,28.36,27.91,100538.19,285794.03,20.17,21.83,22.24,22.46,140.34,159.91,160.93,161.03,161.06,0.49,
[2026-05-06 16:21:43.215] ,399,28.35,27.9,100537.23,286033.53,20.13,21.75,22.13,22.33,140.1,159.58,160.57,160.67,160.69,0.47,
[2026-05-06 16:21:48.222] ,400,28.35,27.88,100537.84,285794.03,19.66,21.2,21.55,21.73,136.9,155.87,156.8,156.89,156.91,0.47,
[2026-05-06 16:21:53.237] ,401,28.33,27.89,100538.4,286033.53,19.05,20.51,20.81,20.97,132.81,151.14,152.01,152.09,152.11,0.47,
[2026-05-06 16:21:58.256] ,400,28.34,27.91,100538.63,286754.41,18.51,19.9,20.16,20.3,129.11,146.88,147.69,147.77,147.79,0.47,
[2026-05-06 16:22:03.275] ,398,28.35,27.9,100537.84,285316.25,18.37,19.73,19.99,20.12,128.1,145.72,146.52,146.6,146.62,0.47,
[2026-05-06 16:22:08.290] ,395,28.35,27.87,100538.32,286754.41,18.74,20.13,20.39,20.52,130.73,148.7,149.51,149.59,149.61,0.47,
[2026-05-06 16:22:13.300] ,399,28.35,27.89,100538.13,285077.94,19.35,20.8,21.07,21.22,134.98,153.56,154.4,154.48,154.5,0.48,
[2026-05-06 16:22:18.316] ,400,28.35,27.93,100537.06,286033.53,19.6,21.07,21.36,21.51,136.65,155.47,156.35,156.43,156.45,0.47,
[2026-05-06 16:22:23.327] ,401,28.36,27.93,100537.37,285077.94,19.79,21.27,21.56,21.71,137.98,156.98,157.85,157.93,157.96,0.46,
[2026-05-06 16:22:28.340] ,402,28.36,27.86,100535.66,285554.94,19.5,20.96,21.23,21.38,136.04,154.75,155.61,155.69,155.71,0.46,
[2026-05-06 16:22:33.359] ,401,28.37,27.8,100535.98,287964,18.62,20.01,20.28,20.41,129.89,147.76,148.57,148.65,148.67,0.47,
[2026-05-06 16:22:38.377] ,402,28.36,27.77,100535.96,284840.06,18.2,19.56,19.82,19.96,126.9,144.37,145.17,145.25,145.27,0.47,
[2026-05-06 16:22:43.385] ,402,28.36,27.74,100538.27,284128.75,18.12,19.47,19.73,19.86,126.36,143.75,144.55,144.62,144.64,0.46,
[2026-05-06 16:22:48.403] ,401,28.35,27.75,100538.23,286273.41,18.49,19.86,20.13,20.26,128.93,146.67,147.48,147.55,147.57,0.47,
[2026-05-06 16:22:53.415] ,401,28.36,27.81,100537.38,284840.06,19.32,20.76,21.03,21.17,134.78,153.32,154.16,154.24,154.26,0.46,
[2026-05-06 16:22:58.435] ,401,28.36,27.86,100537.75,285554.94,19.39,20.83,21.1,21.24,135.27,153.86,154.71,154.79,154.81,0.46,
[2026-05-06 16:23:03.442] ,401,28.35,27.91,100537.53,285554.94,19.81,21.27,21.54,21.68,138.21,157.2,158.06,158.13,158.15,0.46,
[2026-05-06 16:23:08.465] ,402,28.35,27.93,100538.67,285077.94,20.29,21.8,22.09,22.24,141.53,161,161.89,161.97,162,0.47,
[2026-05-06 16:23:13.472] ,401,28.35,27.86,100538.23,286995.53,20.31,21.85,22.16,22.33,141.61,161.14,162.05,162.14,162.16,0.48,
[2026-05-06 16:23:18.488] ,403,28.36,27.86,100537.19,285316.25,20,21.53,21.84,22.01,139.39,158.63,159.54,159.63,159.65,0.48,
[2026-05-06 16:23:23.503] ,401,28.36,27.85,100538.7,285077.94,19.48,20.98,21.29,21.45,135.8,154.55,155.44,155.53,155.55,0.48,
[2026-05-06 16:23:28.523] ,399,28.37,27.86,100537.19,285554.94,19.11,20.59,20.91,21.07,133.15,151.56,152.45,152.54,152.56,0.48,
[2026-05-06 16:23:33.529] ,399,28.36,27.84,100538.88,285077.94,18.86,20.34,20.68,20.85,131.32,149.53,150.43,150.51,150.53,0.49,
[2026-05-06 16:23:38.545] ,399,28.37,27.84,100538.29,287237.03,18.46,19.92,20.26,20.43,128.53,146.36,147.25,147.34,147.36,0.48,
[2026-05-06 16:23:43.562] ,401,28.38,27.86,100537.06,285077.94,18.49,19.97,20.32,20.5,128.68,146.57,147.47,147.56,147.58,0.49,
[2026-05-06 16:23:48.577] ,402,28.38,27.87,100536.77,285554.94,18.07,19.55,19.91,20.09,125.74,143.25,144.16,144.25,144.27,0.49,
[2026-05-06 16:23:53.594] ,402,28.38,27.87,100537.12,286033.53,18.15,19.65,20.02,20.22,126.2,143.82,144.74,144.84,144.86,0.5,
[2026-05-06 16:23:58.603] ,403,28.38,27.86,100536.26,285794.03,18.89,20.5,20.93,21.15,131.3,149.69,150.7,150.8,150.83,0.51,
[2026-05-06 16:24:03.615] ,403,28.39,27.86,100537.02,286033.53,19.22,20.9,21.37,21.61,133.5,152.27,153.33,153.44,153.47,0.51,
[2026-05-06 16:24:08.632] ,403,28.38,27.83,100534.62,286033.53,19.4,21.15,21.67,21.94,134.56,153.58,154.7,154.82,154.85,0.52,
[2026-05-06 16:24:13.650] ,405,28.37,27.83,100536.66,285554.94,19.58,21.4,21.98,22.28,135.71,154.99,156.17,156.3,156.33,0.51,
[2026-05-06 16:24:18.658] ,403,28.35,27.86,100537.72,286513.72,19.46,21.31,21.91,22.23,134.76,153.97,155.18,155.31,155.34,0.51,
[2026-05-06 16:24:23.675] ,406,28.36,27.87,100538.44,286033.53,19.12,20.98,21.61,21.93,132.35,151.28,152.51,152.64,152.67,0.52,
[2026-05-06 16:24:28.688] ,405,28.35,27.86,100536.17,286033.53,19.3,21.18,21.82,22.15,133.53,152.65,153.89,154.03,154.06,0.52,
[2026-05-06 16:24:33.704] ,405,28.35,27.86,100535.44,285794.03,19.38,21.23,21.84,22.16,134.2,153.34,154.56,154.7,154.72,0.51,
[2026-05-06 16:24:38.723] ,404,28.35,27.84,100536.98,286273.41,19.23,21.02,21.59,21.89,133.25,152.18,153.35,153.48,153.51,0.49,
[2026-05-06 16:24:43.736] ,403,28.36,27.84,100535.9,287721.28,19.18,20.92,21.45,21.73,133.05,151.88,153,153.12,153.14,0.49,
[2026-05-06 16:24:48.744] ,405,28.37,27.86,100536.97,286754.41,19.4,21.14,21.66,21.92,134.62,153.63,154.74,154.86,154.89,0.49,
[2026-05-06 16:24:53.762] ,404,28.39,27.87,100535.99,286273.41,19.34,21.06,21.57,21.83,134.23,153.17,154.27,154.39,154.41,0.5,
[2026-05-06 16:24:58.775] ,405,28.39,27.86,100536.67,285554.94,18.98,20.66,21.14,21.39,131.79,150.35,151.42,151.53,151.55,0.5,
[2026-05-06 16:25:03.795] ,406,28.39,27.86,100536.89,284840.06,18.77,20.39,20.83,21.07,130.37,148.67,149.69,149.8,149.82,0.49,
[2026-05-06 16:25:08.809] ,406,28.38,27.82,100534.87,285077.94,18.53,20.07,20.47,20.67,128.86,146.86,147.81,147.91,147.93,0.48,
[2026-05-06 16:25:13.820] ,405,28.39,27.8,100536.16,285077.94,18.42,19.92,20.28,20.47,128.18,146.02,146.93,147.03,147.05,0.49,
[2026-05-06 16:25:18.835] ,404,28.41,27.79,100537.16,284840.06,18.26,19.72,20.06,20.23,127.14,144.79,145.68,145.77,145.79,0.49,
[2026-05-06 16:25:23.846] ,404,28.39,27.79,100536.76,284602.56,17.88,19.29,19.6,19.76,124.55,141.8,142.65,142.73,142.75,0.49,
[2026-05-06 16:25:28.860] ,404,28.39,27.82,100536.05,284365.47,17.67,19.03,19.33,19.48,123.08,140.11,140.93,141.01,141.03,0.49,
[2026-05-06 16:25:33.878] ,403,28.38,27.83,100535.49,285316.25,17.81,19.17,19.46,19.6,124.12,141.26,142.07,142.15,142.17,0.49,
[2026-05-06 16:25:38.896] ,404,28.38,27.82,100535.79,285554.94,18.04,19.39,19.66,19.8,125.78,143.1,143.9,143.97,143.99,0.48,
[2026-05-06 16:25:43.905] ,404,28.37,27.82,100535.77,286033.53,17.81,19.12,19.36,19.48,124.28,141.35,142.12,142.19,142.21,0.48,
[2026-05-06 16:25:48.924] ,403,28.38,27.85,100535.79,286273.41,17.3,18.55,18.76,18.87,120.75,137.3,138.02,138.09,138.11,0.48,
[2026-05-06 16:25:53.942] ,403,28.39,27.85,100536.09,284840.06,16.97,18.18,18.38,18.48,118.52,134.73,135.43,135.49,135.51,0.47,
[2026-05-06 16:25:58.955] ,401,28.39,27.85,100537.05,284840.06,18.24,19.52,19.71,19.81,127.39,144.78,145.51,145.57,145.59,0.47,
[2026-05-06 16:26:03.965] ,400,28.38,27.83,100537.24,285316.25,18.7,20,20.2,20.3,130.63,148.45,149.19,149.25,149.27,0.48,
[2026-05-06 16:26:08.985] ,400,28.37,27.83,100535.54,285794.03,19.02,20.37,20.58,20.69,132.87,151.03,151.79,151.86,151.88,0.49,
[2026-05-06 16:26:13.994] ,399,28.36,27.85,100536.09,287237.03,19.02,20.37,20.58,20.7,132.8,150.96,151.74,151.8,151.82,0.48,
[2026-05-06 16:26:19.014] ,398,28.37,27.88,100535.16,285794.03,18.62,19.95,20.17,20.28,130.04,147.83,148.59,148.66,148.68,0.48,
[2026-05-06 16:26:24.027] ,399,28.36,27.86,100535.58,285554.94,18.41,19.72,19.94,20.05,128.52,146.11,146.86,146.93,146.95,0.48,
[2026-05-06 16:26:29.036] ,400,28.36,27.83,100536.45,284840.06,18.12,19.41,19.62,19.73,126.5,143.81,144.56,144.62,144.64,0.48,
[2026-05-06 16:26:34.052] ,399,28.35,27.84,100536.12,286754.41,18.01,19.28,19.48,19.59,125.76,142.95,143.68,143.75,143.76,0.47,
[2026-05-06 16:26:39.067] ,400,28.36,27.83,100536.04,285794.03,17.63,18.88,19.06,19.16,123.17,140,140.7,140.76,140.78,0.48,
[2026-05-06 16:26:44.074] ,400,28.39,27.83,100536.77,284840.06,17.42,18.67,18.87,18.98,121.65,138.3,139.02,139.08,139.1,0.49,
[2026-05-06 16:26:49.089] ,399,28.41,27.84,100537.04,283420.97,17.48,18.76,18.98,19.1,121.96,138.7,139.45,139.51,139.53,0.49,
[2026-05-06 16:26:54.110] ,399,28.42,27.81,100536.84,286513.72,17.08,18.37,18.63,18.76,119.09,135.5,136.27,136.34,136.36,0.5,
[2026-05-06 16:26:59.117] ,401,28.43,27.73,100537.01,284128.75,16.85,18.16,18.44,18.59,117.39,133.63,134.41,134.49,134.51,0.5,
[2026-05-06 16:27:04.140] ,400,28.43,27.7,100536.45,286513.72,16.47,17.79,18.1,18.26,114.66,130.59,131.39,131.47,131.49,0.51,
[2026-05-06 16:27:09.145] ,400,28.43,27.68,100536.68,285077.94,16,17.31,17.63,17.8,111.29,126.81,127.61,127.69,127.71,0.5,
[2026-05-06 16:27:14.164] ,399,28.42,27.66,100536.98,285316.25,15.33,16.6,16.91,17.08,106.67,121.55,122.32,122.4,122.42,0.49,
[2026-05-06 16:27:19.176] ,397,28.43,27.65,100536.12,284840.06,14.76,15.96,16.25,16.41,102.67,116.97,117.71,117.78,117.8,0.48,
[2026-05-06 16:27:24.196] ,397,28.43,27.69,100536.74,286273.41,14.63,15.81,16.09,16.23,101.81,115.97,116.69,116.76,116.78,0.49,
[2026-05-06 16:27:29.203] ,398,28.45,27.73,100534.6,283420.97,14.72,15.88,16.15,16.29,102.47,116.68,117.39,117.46,117.48,0.49,
[2026-05-06 16:27:34.223] ,396,28.46,27.74,100534.97,286273.41,14.74,15.89,16.14,16.27,102.67,116.88,117.58,117.64,117.66,0.49,
[2026-05-06 16:27:39.237] ,397,28.48,27.74,100534.84,283420.97,14.86,16,16.23,16.36,103.58,117.89,118.56,118.63,118.64,0.49,
[2026-05-06 16:27:44.248] ,398,28.49,27.67,100534.41,282951.09,14.97,16.1,16.33,16.44,104.39,118.78,119.45,119.51,119.53,0.49,
[2026-05-06 16:27:49.261] ,397,28.49,27.68,100533.78,286033.53,14.63,15.72,15.93,16.04,102.06,116.1,116.74,116.8,116.81,0.49,
[2026-05-06 16:27:54.276] ,398,28.5,27.69,100534.13,285077.94,14.28,15.34,15.54,15.65,99.61,113.31,113.93,113.99,114,0.49,
[2026-05-06 16:27:59.293] ,397,28.51,27.66,100534.54,284840.06,14.61,15.7,15.92,16.03,101.88,115.91,116.55,116.61,116.63,0.49,
[2026-05-06 16:28:04.305] ,399,28.53,27.67,100532.75,284602.56,14.97,16.1,16.32,16.44,104.36,118.74,119.41,119.47,119.49,0.49,
[2026-05-06 16:28:09.324] ,400,28.54,27.7,100533.94,282951.09,15.65,16.86,17.12,17.25,109.07,124.15,124.88,124.94,124.96,0.49,
[2026-05-06 16:28:14.335] ,402,28.56,27.69,100532.99,284128.75,16.08,17.33,17.6,17.74,112.01,127.51,128.26,128.33,128.35,0.49,
[2026-05-06 16:28:19.353] ,405,28.59,27.6,100534.33,283892.44,15.77,16.99,17.26,17.39,109.86,125.06,125.8,125.87,125.89,0.48,
[2026-05-06 16:28:24.364] ,405,28.59,27.54,100533.7,283892.44,15.75,16.99,17.27,17.41,109.71,124.91,125.66,125.73,125.75,0.5,
[2026-05-06 16:28:29.372] ,404,28.59,27.53,100535.31,283420.97,15.42,16.65,16.93,17.07,107.39,122.29,123.03,123.1,123.12,0.5,
[2026-05-06 16:28:34.396] ,404,28.58,27.54,100534.01,285794.03,15.14,16.35,16.62,16.77,105.45,120.08,120.81,120.88,120.9,0.49,
[2026-05-06 16:28:39.406] ,404,28.57,27.52,100535.45,284365.47,15.13,16.34,16.62,16.76,105.38,120,120.74,120.81,120.83,0.5,
[2026-05-06 16:28:44.413] ,406,28.59,27.5,100535.48,282716.72,15.27,16.48,16.75,16.89,106.37,121.12,121.85,121.92,121.94,0.48,
[2026-05-06 16:28:49.431] ,405,28.61,27.49,100535.29,278336.5,14.95,16.11,16.36,16.5,104.15,118.56,119.26,119.33,119.34,0.47,
[2026-05-06 16:28:54.445] ,406,28.65,27.46,100535.99,276981.34,15,16.15,16.39,16.51,104.5,118.94,119.63,119.69,119.71,0.48,
[2026-05-06 16:28:59.455] ,406,28.67,27.39,100534.72,277883.31,15.14,16.31,16.55,16.68,105.54,120.12,120.81,120.88,120.9,0.48,
[2026-05-06 16:29:04.472] ,408,28.63,27.38,100534.99,281783.16,15.25,16.43,16.67,16.8,106.29,120.98,121.68,121.74,121.76,0.49,
[2026-05-06 16:29:09.485] ,408,28.62,27.44,100533.05,284365.47,15.4,16.6,16.86,16.99,107.26,122.11,122.83,122.9,122.92,0.49,
[2026-05-06 16:29:14.505] ,408,28.62,27.51,100534.78,282482.75,15.54,16.78,17.06,17.21,108.22,123.23,123.98,124.06,124.08,0.49,
[2026-05-06 16:29:19.515] ,407,28.64,27.52,100533.36,283420.97,15.93,17.22,17.53,17.7,110.86,126.29,127.08,127.16,127.18,0.48,
[2026-05-06 16:29:24.526] ,407,28.63,27.45,100534.06,284602.56,15.96,17.26,17.58,17.75,111.05,126.52,127.32,127.4,127.42,0.48,
[2026-05-06 16:29:29.547] ,406,28.64,27.39,100534.06,284365.47,15.91,17.22,17.55,17.72,110.64,126.07,126.88,126.96,126.98,0.49,
[2026-05-06 16:29:34.559] ,405,28.67,27.41,100533.09,282015.97,16.21,17.56,17.9,18.08,112.74,128.48,129.32,129.4,129.42,0.49,
[2026-05-06 16:29:39.568] ,407,28.68,27.43,100531.55,282951.09,18.4,19.94,20.33,20.53,127.98,145.86,146.81,146.91,146.93,0.49,
[2026-05-06 16:29:44.582] ,406,28.71,27.42,100533.7,281087.03,33.65,36.49,37.24,37.64,233.86,266.6,268.37,268.56,268.6,0.51,
[2026-05-06 16:29:49.595] ,406,28.69,27.41,100532.57,280855.72,38.42,41.68,42.54,43,267.06,304.45,306.49,306.7,306.75,0.51,
[2026-05-06 16:29:54.615] ,408,28.67,27.4,100533.71,281783.16,39.58,42.96,43.87,44.34,275.06,313.61,315.73,315.95,316,0.51,
[2026-05-06 16:29:59.627] ,409,28.68,27.41,100533.48,278791.19,66.86,72.57,74.12,74.93,464.56,529.69,533.28,533.66,533.74,0.51,
[2026-05-06 16:30:04.639] ,410,28.68,27.43,100533.23,279247.34,55.25,59.9,61.11,61.75,384.08,437.81,440.7,441,441.07,0.48,
[2026-05-06 16:30:09.653] ,411,28.68,27.44,100532.75,279705,126.56,136.82,139.29,140.58,880.73,1003.28,1009.57,1010.2,1010.35,0.48,
[2026-05-06 16:30:14.665] ,411,28.69,27.49,100533.14,278109.72,206.16,222.24,225.73,227.55,1436.23,1635.01,1644.68,1645.61,1645.84,0.47,
[2026-05-06 16:30:19.680] ,412,28.67,27.51,100533.52,275862.06,135.54,145.71,147.68,148.7,945.19,1075.34,1081.34,1081.89,1082.04,0.46,
[2026-05-06 16:30:24.690] ,414,28.67,27.44,100532.97,277206.28,87.59,94,95.14,95.74,611.23,695.13,698.86,699.19,699.28,0.46,
[2026-05-06 16:30:29.711] ,416,28.64,27.35,100533.6,278791.19,73.89,79.22,80.12,80.59,515.75,586.42,589.5,589.77,589.85,0.48,
[2026-05-06 16:30:34.726] ,415,28.63,27.35,100534.59,278336.5,59.24,63.55,64.29,64.68,413.47,470.17,472.66,472.89,472.95,0.48,
[2026-05-06 16:30:39.736] ,414,28.64,27.35,100533.41,280164.16,41.87,44.91,45.43,45.71,292.2,332.27,334.03,334.19,334.23,0.48,
[2026-05-06 16:30:44.750] ,414,28.64,27.3,100533.8,279019.06,39.48,42.33,42.82,43.07,275.57,313.34,314.99,315.13,315.18,0.48,
[2026-05-06 16:30:49.765] ,413,28.64,27.27,100534.46,278563.66,38.47,41.26,41.73,41.98,268.52,305.33,306.94,307.08,307.12,0.47,
[2026-05-06 16:30:54.770] ,413,28.65,27.32,100535.34,278336.5,34.19,36.66,37.08,37.3,238.64,271.34,272.77,272.9,272.93,0.48,
[2026-05-06 16:30:59.790] ,412,28.66,27.37,100533.08,277431.59,65.04,69.79,70.62,71.05,453.89,516.16,518.91,519.16,519.23,0.49,
[2026-05-06 16:31:04.803] ,409,28.66,27.45,100534.03,276308.69,133.48,143.21,144.92,145.81,931.53,1059.33,1064.97,1065.48,1065.62,0.48,
[2026-05-06 16:31:09.817] ,409,28.66,27.43,100534.14,276981.34,187.97,201.36,203.49,204.6,1312.57,1492.1,1499.76,1500.43,1500.62,0.47,
[2026-05-06 16:31:14.829] ,410,28.67,27.37,100531.07,275416.91,188.06,201.05,202.85,203.79,1314.15,1493.23,1500.53,1501.15,1501.33,0.47,
[2026-05-06 16:31:19.846] ,412,28.68,27.34,100531.4,275639.31,181.35,193.68,195.26,196.08,1267.74,1440.17,1447.03,1447.6,1447.77,0.46,
[2026-05-06 16:31:24.858] ,412,28.7,27.33,100531.14,276532.53,176.95,188.82,190.23,190.96,1237.33,1405.37,1411.92,1412.45,1412.61,0.46,
[2026-05-06 16:31:29.869] ,411,28.73,27.34,100533.13,275416.91,184.77,196.89,198.13,198.77,1292.69,1467.78,1474.37,1474.88,1475.05,0.46,
[2026-05-06 16:31:34.883] ,414,28.72,27.42,100533.07,276085.19,206.49,219.87,221.13,221.78,1445.03,1640.49,1647.71,1648.26,1648.44,0.47,
[2026-05-06 16:31:39.900] ,416,28.71,27.4,100533.09,276308.69,86.64,92.22,92.71,92.97,606.42,688.38,691.37,691.6,691.67,0.46,
[2026-05-06 16:31:44.913] ,415,28.71,27.44,100533.09,276756.75,71.57,76.15,76.54,76.74,500.98,568.64,571.1,571.28,571.34,0.47,
[2026-05-06 16:31:49.931] ,417,28.72,27.44,100532.21,276085.19,72.63,77.29,77.7,77.91,508.42,577.11,579.61,579.79,579.86,0.48,
[2026-05-06 16:31:54.942] ,416,28.75,27.36,100532.87,275862.06,63.03,67.14,67.55,67.76,440.99,500.69,502.92,503.09,503.15,0.48,
[2026-05-06 16:31:59.955] ,415,28.77,27.2,100533.15,276532.53,36.01,38.37,38.62,38.75,251.93,286.06,287.34,287.44,287.48,0.48,
[2026-05-06 16:32:04.966] ,416,28.81,27.1,100532.67,275194.84,55.48,59.16,59.57,59.78,388.06,440.69,442.71,442.87,442.92,0.48,
[2026-05-06 16:32:09.979] ,415,28.8,27.02,100532.13,279475.97,105.73,112.68,113.41,113.79,739.65,839.86,843.65,843.95,844.05,0.46,
[2026-05-06 16:32:14.995] ,416,28.8,26.92,100532.92,277883.31,115.95,123.55,124.32,124.73,811.21,921.08,925.21,925.53,925.64,0.48,
[2026-05-06 16:32:20.014] ,417,28.78,26.99,100533.62,278336.5,52.04,55.49,55.87,56.07,364.03,413.39,415.28,415.43,415.48,0.48,
[2026-05-06 16:32:25.027] ,419,28.78,27.1,100532.93,279705,39.1,41.67,41.93,42.07,273.53,310.59,311.99,312.1,312.13,0.46,
[2026-05-06 16:32:30.035] ,415,28.77,27.17,100533.12,275862.06,34.28,36.53,36.76,36.89,239.82,272.31,273.53,273.63,273.66,0.47,
[2026-05-06 16:32:35.056] ,415,28.79,27.15,100532.05,277657.28,77.83,82.94,83.47,83.74,544.52,618.28,621.06,621.28,621.35,0.46,
[2026-05-06 16:32:40.066] ,416,28.82,27.04,100533.43,276532.53,36.57,38.94,39.17,39.29,255.87,290.49,291.78,291.88,291.91,0.44,
[2026-05-06 16:32:45.081] ,413,28.82,26.97,100532.09,277206.28,31.13,33.14,33.33,33.42,217.89,247.35,248.44,248.52,248.55,0.44,
[2026-05-06 16:32:50.095] ,410,28.81,26.96,100532.71,279475.97,30.54,32.5,32.66,32.75,213.8,242.68,243.72,243.8,243.83,0.44,
[2026-05-06 16:32:55.106] ,409,28.78,27.02,100533.27,279705,95.65,101.7,102.16,102.4,669.74,760.08,763.29,763.52,763.61,0.46,
[2026-05-06 16:33:00.114] ,411,28.79,27.21,100533.17,278563.66,119.28,126.77,127.29,127.56,835.35,947.93,951.88,952.17,952.27,0.46,
[2026-05-06 16:33:05.131] ,412,28.77,27.29,100532.47,277206.28,118.69,126.14,126.66,126.93,831.18,943.21,947.14,947.42,947.52,0.46,
[2026-05-06 16:33:10.150] ,410,28.8,27.19,100533.42,277431.59,107.19,113.7,113.99,114.14,751.17,852.04,855.4,855.62,855.71,0.43,
[2026-05-06 16:33:15.162] ,407,28.82,27.06,100533.31,276756.75,96.82,102.6,102.77,102.86,678.77,769.75,772.69,772.87,772.95,0.46,
[2026-05-06 16:33:20.177] ,408,28.77,27.08,100531.75,280394.31,100.96,107.05,107.28,107.4,707.67,802.62,805.73,805.94,806.02,0.47,
[2026-05-06 16:33:25.194] ,409,28.76,27.13,100533.27,276085.19,74.54,79.09,79.3,79.41,522.36,592.54,594.89,595.04,595.1,0.47,
[2026-05-06 16:33:30.206] ,410,28.79,27.22,100532.8,276756.75,65.77,69.84,70.07,70.2,460.73,522.73,524.85,525,525.05,0.47,
[2026-05-06 16:33:35.219] ,410,28.79,27.29,100533.68,278336.5,66.86,71.05,71.34,71.48,468.28,531.38,533.58,533.74,533.8,0.48,
[2026-05-06 16:33:40.228] ,409,28.79,27.3,100534.28,280855.72,64.91,69.02,69.33,69.49,454.47,515.78,517.96,518.12,518.18,0.48,
[2026-05-06 16:33:45.250] ,409,28.78,27.31,100533.51,278791.19,64.96,69.12,69.48,69.67,454.69,516.12,518.35,518.52,518.58,0.48,
[2026-05-06 16:33:50.264] ,412,28.77,27.33,100534.48,278109.72,68.37,72.71,73.05,73.23,478.66,543.25,545.56,545.73,545.79,0.45,
[2026-05-06 16:33:55.271] ,413,28.77,27.34,100533.55,277657.28,64.89,68.88,69.09,69.21,454.63,515.76,517.84,517.98,518.03,0.44,
[2026-05-06 16:34:00.288] ,413,28.72,27.3,100535.26,279705,62.11,65.89,66.06,66.15,435.24,493.7,495.65,495.78,495.83,0.45,
[2026-05-06 16:34:05.301] ,412,28.72,27.24,100534.6,278563.66,58.34,61.87,62.01,62.08,408.89,463.77,465.58,465.7,465.74,0.46,
[2026-05-06 16:34:10.312] ,412,28.7,27.26,100532.71,279247.34,61.49,65.25,65.43,65.53,430.89,488.8,490.74,490.87,490.92,0.47,
[2026-05-06 16:34:15.330] ,412,28.72,27.32,100532.91,279475.97,71.12,75.46,75.67,75.79,498.32,565.28,567.53,567.68,567.74,0.46,
[2026-05-06 16:34:20.345] ,412,28.73,27.37,100534.3,280624.84,74.06,78.61,78.85,78.98,518.88,588.64,591.01,591.17,591.23,0.48,
[2026-05-06 16:34:25.355] ,412,28.75,27.42,100533.2,277657.28,74.18,78.82,79.13,79.3,519.48,589.48,591.92,592.1,592.16,0.48,
[2026-05-06 16:34:30.370] ,413,28.74,27.39,100533.77,278563.66,74.27,78.96,79.31,79.5,520.02,590.16,592.65,592.84,592.9,0.48,
[2026-05-06 16:34:35.385] ,413,28.71,27.42,100532.2,282015.97,73.79,78.57,79.02,79.26,516.37,586.22,588.8,589,589.06,0.49,
[2026-05-06 16:34:40.398] ,411,28.64,27.45,100533.33,280164.16,71.96,76.68,77.17,77.42,503.49,571.68,574.25,574.45,574.51,0.47,
[2026-05-06 16:34:45.413] ,412,28.67,27.53,100533.27,281783.16,69.42,73.99,74.48,74.73,485.65,551.46,553.96,554.15,554.21,0.48,
[2026-05-06 16:34:50.434] ,412,28.67,27.5,100534.38,281087.03,66.28,70.66,71.13,71.37,463.66,526.51,528.9,529.09,529.15,0.48,
[2026-05-06 16:34:55.446] ,410,28.67,27.42,100534,282716.72,63.83,68,68.42,68.64,446.58,507.05,509.32,509.49,509.55,0.46,
[2026-05-06 16:35:00.454] ,412,28.66,27.39,100536.17,282015.97,61.71,65.72,66.1,66.3,431.84,490.27,492.44,492.6,492.66,0.48,
[2026-05-06 16:35:05.469] ,413,28.67,27.39,100534.19,281087.03,59.95,63.78,64.11,64.28,419.62,476.31,478.36,478.51,478.57,0.46,
[2026-05-06 16:35:10.485] ,412,28.68,27.41,100533.66,283185.84,58.31,62,62.29,62.43,408.25,463.33,465.29,465.44,465.49,0.46,
[2026-05-06 16:35:15.495] ,414,28.68,27.48,100533.1,283185.84,58.38,62.09,62.37,62.52,408.75,463.9,465.87,466.02,466.07,0.47,
[2026-05-06 16:35:20.514] ,413,28.67,27.58,100534.57,281550.72,58.48,62.26,62.6,62.77,409.33,464.66,466.69,466.85,466.9,0.49,
[2026-05-06 16:35:25.530] ,414,28.66,27.64,100534.32,281318.69,59.29,63.24,63.69,63.92,414.68,470.94,473.11,473.29,473.34,0.51,
[2026-05-06 16:35:30.535] ,413,28.68,27.7,100532.87,280624.84,60.6,64.84,65.46,65.78,423.34,481.12,483.51,483.72,483.78,0.5,
[2026-05-06 16:35:35.550] ,411,28.68,27.76,100534.8,279934.38,61.51,65.81,66.44,66.77,429.69,488.33,490.76,490.97,491.03,0.48,
[2026-05-06 16:35:40.565] ,412,28.7,27.82,100533.11,281087.03,66.12,70.66,71.27,71.59,462.12,525.05,527.59,527.8,527.86,0.47,
[2026-05-06 16:35:45.576] ,415,28.67,27.85,100533.7,279934.38,69.13,73.79,74.35,74.65,483.37,549.04,551.62,551.83,551.89,0.47,
[2026-05-06 16:35:50.597] ,415,28.64,28.09,100534.2,276756.75,69.38,74.01,74.54,74.81,485.23,551.08,553.62,553.82,553.89,0.47,
[2026-05-06 16:35:55.607] ,416,28.63,28.23,100534.7,277431.59,68.85,73.38,73.86,74.1,481.67,546.93,549.4,549.59,549.66,0.47,
[2026-05-06 16:36:00.626] ,417,28.56,28.28,100536.31,278336.5,69.18,73.66,74.09,74.31,484.1,549.59,552.01,552.2,552.26,0.44,
[2026-05-06 16:36:05.639] ,418,28.61,28.28,100534.91,277883.31,68.67,72.86,73.06,73.16,481.16,545.8,547.97,548.12,548.17,0.44,
[2026-05-06 16:36:10.645] ,418,28.68,28.23,100532.16,276532.53,67.78,71.87,72.04,72.13,475.01,538.77,540.87,541.01,541.07,0.45,
[2026-05-06 16:36:15.667] ,419,28.7,28.2,100532.14,276981.34,66.81,70.74,70.82,70.86,468.47,531.18,533.16,533.28,533.33,0.43,
[2026-05-06 16:36:20.675] ,422,28.68,28.21,100531.81,276981.34,66.51,70.4,70.45,70.48,466.5,528.89,530.83,530.95,531,0.44,
[2026-05-06 16:36:25.695] ,424,28.66,28.2,100535.3,280164.16,65.84,69.69,69.75,69.77,461.74,523.51,525.43,525.55,525.6,0.45,
[2026-05-06 16:36:30.705] ,427,28.66,28.21,100533.81,278791.19,65.91,69.8,69.88,69.93,462.14,524.02,525.98,526.1,526.15,0.46,
[2026-05-06 16:36:35.724] ,427,28.68,28.2,100533.48,279019.06,66.9,70.9,71.04,71.11,468.94,531.82,533.86,533.99,534.05,0.46,
[2026-05-06 16:36:40.735] ,428,28.68,28.2,100531.92,279475.97,66.96,71,71.17,71.25,469.28,532.26,534.34,534.48,534.53,0.46,
[2026-05-06 16:36:45.747] ,428,28.7,28.2,100531.33,277883.31,67.05,71.1,71.25,71.34,469.95,533.01,535.08,535.22,535.27,0.44,
[2026-05-06 16:36:50.765] ,434,28.69,28.18,100531.16,279475.97,67.23,71.28,71.44,71.52,471.23,534.46,536.54,536.67,536.73,0.45,
[2026-05-06 16:36:55.769] ,435,28.64,28.15,100533.54,279247.34,67.15,71.21,71.37,71.46,470.66,533.83,535.91,536.05,536.1,0.46,
[2026-05-06 16:37:00.784] ,437,28.61,28.21,100532.87,277657.28,66.99,71.06,71.24,71.34,469.48,532.53,534.62,534.76,534.82,0.47,
[2026-05-06 16:37:05.804] ,440,28.63,28.18,100532.66,279019.06,66.61,70.73,70.97,71.09,466.61,529.39,531.54,531.69,531.75,0.47,
[2026-05-06 16:37:10.815] ,439,28.67,28.15,100531.64,278791.19,66.09,70.16,70.39,70.51,463.04,525.31,527.43,527.58,527.63,0.45,
[2026-05-06 16:37:15.826] ,441,28.7,28.06,100530.91,276756.75,65.84,69.88,70.08,70.19,461.34,523.35,525.44,525.58,525.63,0.46,
[2026-05-06 16:37:20.835] ,444,28.74,28.06,100531.55,275194.84,65.81,69.83,70.02,70.12,461.18,523.14,525.22,525.36,525.41,0.46,
[2026-05-06 16:37:25.852] ,447,28.73,28.08,100531.93,277206.28,65.67,69.71,69.94,70.06,460.08,521.95,524.06,524.2,524.26,0.47,
[2026-05-06 16:37:30.869] ,447,28.7,28.2,100531.92,277657.28,65.22,69.26,69.51,69.64,456.83,518.33,520.44,520.59,520.64,0.48,
[2026-05-06 16:37:35.878] ,448,28.69,28.3,100532.49,278563.66,64.55,68.58,68.84,68.98,452.12,513.02,515.13,515.28,515.34,0.48,
[2026-05-06 16:37:40.891] ,450,28.67,28.44,100530.86,277883.31,64.74,68.81,69.1,69.25,453.32,514.43,516.59,516.74,516.8,0.47,
[2026-05-06 16:37:45.899] ,451,28.66,28.37,100531.91,275639.31,62.69,66.62,66.89,67.04,439.02,498.18,500.26,500.41,500.46,0.45,
[2026-05-06 16:37:50.915] ,450,28.65,28.18,100530.47,277431.59,60.5,64.29,64.54,64.68,423.75,480.84,482.83,482.97,483.02,0.45,
[2026-05-06 16:37:55.932] ,452,28.6,28.08,100531.89,278791.19,58.57,62.22,62.46,62.58,410.26,465.5,467.42,467.55,467.6,0.46,
[2026-05-06 16:38:00.937] ,453,28.62,28.35,100533.02,277206.28,58.23,61.83,62.04,62.15,407.92,462.81,464.68,464.81,464.86,0.46,
[2026-05-06 16:38:05.956] ,454,28.56,28.58,100533.67,275639.31,59.03,62.68,62.9,63.01,413.51,469.15,471.06,471.19,471.24,0.47,
[2026-05-06 16:38:10.965] ,460,28.51,28.74,100532.58,276981.34,59.09,62.72,62.91,63.01,414,469.66,471.55,471.68,471.73,0.46,
[2026-05-06 16:38:15.982] ,461,28.52,28.77,100533.02,277657.28,59.01,62.6,62.76,62.85,413.56,469.1,470.95,471.08,471.12,0.44,
[2026-05-06 16:38:20.992] ,459,28.53,28.74,100532.88,278563.66,57.78,61.26,61.4,61.47,404.95,459.3,461.08,461.2,461.24,0.45,
[2026-05-06 16:38:26.006] ,462,28.52,28.71,100534.81,279247.34,56.47,59.91,60.07,60.15,395.71,448.87,450.65,450.77,450.81,0.48,
[2026-05-06 16:38:31.023] ,463,28.53,28.66,100534.37,279247.34,55.51,58.97,59.21,59.33,388.75,441.11,442.94,443.07,443.12,0.47,
[2026-05-06 16:38:36.030] ,465,28.57,28.61,100532.17,278336.5,54.62,58.05,58.28,58.4,382.55,434.1,435.9,436.03,436.08,0.47,
[2026-05-06 16:38:41.047] ,467,28.59,28.61,100531.57,278563.66,54.23,57.61,57.84,57.96,379.78,430.94,432.72,432.85,432.89,0.47,
[2026-05-06 16:38:46.065] ,468,28.61,28.74,100532.12,277431.59,54.89,58.37,58.65,58.79,384.28,436.14,437.99,438.13,438.18,0.48,
[2026-05-06 16:38:51.072] ,468,28.64,28.87,100530.36,277431.59,55.62,59.16,59.44,59.58,389.44,442,443.88,444.02,444.07,0.47,
[2026-05-06 16:38:56.091] ,469,28.68,28.99,100529.7,274751.81,56.81,60.44,60.73,60.89,397.69,451.39,453.33,453.47,453.52,0.48,
[2026-05-06 16:39:01.097] ,470,28.72,29.01,100529.79,273212.38,56.94,60.56,60.85,61,398.68,452.48,454.41,454.55,454.6,0.46,
[2026-05-06 16:39:06.118] ,470,28.73,28.9,100530.6,274530.84,57.91,61.57,61.85,61.99,405.45,460.14,462.08,462.22,462.27,0.45,
[2026-05-06 16:39:11.128] ,474,28.74,28.65,100531.29,273431.25,58.45,62.13,62.4,62.54,409.32,464.51,466.45,466.59,466.64,0.44,
[2026-05-06 16:39:16.137] ,476,28.75,28.57,100530.68,276981.34,58.64,62.35,62.63,62.78,410.61,466,467.97,468.11,468.16,0.46,
[2026-05-06 16:39:21.155] ,479,28.76,28.7,100531.41,275194.84,58.35,62.1,62.42,62.59,408.46,463.64,465.64,465.79,465.85,0.47,
[2026-05-06 16:39:26.166] ,483,28.77,29.05,100532.1,272557.91,58.1,61.83,62.16,62.33,406.65,461.61,463.61,463.76,463.81,0.47,
[2026-05-06 16:39:31.179] ,486,28.79,29.27,100532.2,274530.84,58.19,61.94,62.27,62.45,407.28,462.33,464.34,464.5,464.55,0.46,
[2026-05-06 16:39:36.200] ,488,28.77,29.44,100532.23,271906.53,58.4,62.13,62.44,62.6,408.79,463.99,465.99,466.13,466.19,0.47,
[2026-05-06 16:39:41.212] ,490,28.76,29.61,100531.05,274973.16,57.75,61.41,61.69,61.84,404.34,458.89,460.84,460.98,461.03,0.46,
[2026-05-06 16:39:46.226] ,493,28.74,29.62,100531.29,273870.03,57.82,61.44,61.69,61.82,404.9,459.46,461.37,461.51,461.56,0.45,
[2026-05-06 16:39:51.245] ,493,28.74,29.61,100531.72,273212.38,57.1,60.67,60.9,61.03,399.95,453.82,455.7,455.83,455.88,0.45,
[2026-05-06 16:39:56.255] ,494,28.74,29.61,100532.39,274089.94,57.23,60.77,60.98,61.09,400.9,454.85,456.7,456.83,456.88,0.46,
[2026-05-06 16:40:01.260] ,494,28.7,30,100532.32,263713.62,56.68,60.17,60.36,60.46,397.06,450.46,452.28,452.4,452.45,0.46,
[2026-05-06 16:40:06.283] ,496,28.72,30.63,100533.84,265974.03,56.81,60.28,60.45,60.53,398.05,451.54,453.33,453.45,453.5,0.45,
[2026-05-06 16:40:11.295] ,500,28.75,30.17,100531.05,269544.62,57.01,60.49,60.65,60.74,399.5,453.17,454.97,455.09,455.14,0.45,
[2026-05-06 16:40:16.306] ,504,28.78,29.74,100533.27,269331.94,56.88,60.38,60.57,60.67,398.53,452.12,453.94,454.07,454.11,0.46,
[2026-05-06 16:40:21.325] ,507,28.8,29.51,100532.57,270613.09,56.61,60.1,60.3,60.4,396.58,449.92,451.74,451.87,451.91,0.46,
[2026-05-06 16:40:26.328] ,510,28.79,29.4,100533.24,272993.88,56.26,59.74,59.94,60.05,394.12,447.15,448.96,449.09,449.14,0.45,
[2026-05-06 16:40:31.349] ,513,28.79,29.52,100533.13,272340.44,56.19,59.63,59.8,59.89,393.71,446.62,448.4,448.52,448.57,0.45,
[2026-05-06 16:40:36.367] ,517,28.78,29.71,100533.21,271258.28,55.39,58.75,58.9,58.97,388.19,440.31,442.04,442.15,442.2,0.44,
[2026-05-06 16:40:41.378] ,519,28.78,29.95,100533.32,272557.91,54.5,57.81,57.95,58.03,381.95,433.24,434.94,435.06,435.1,0.47,
[2026-05-06 16:40:46.391] ,523,28.77,30.24,100534.16,271690.09,53.28,56.55,56.73,56.82,373.27,423.47,425.17,425.29,425.33,0.48,
[2026-05-06 16:40:51.407] ,523,28.78,30.44,100533.57,269544.62,52.58,55.9,56.14,56.27,368.17,417.82,419.58,419.71,419.75,0.49,
[2026-05-06 16:40:56.426] ,525,28.77,30.52,100533.94,269544.62,52.17,55.54,55.85,56.01,365.08,414.45,416.26,416.4,416.45,0.5,
[2026-05-06 16:41:01.435] ,527,28.76,30.54,100533.7,271042.88,52.4,55.89,56.28,56.48,366.48,416.2,418.11,418.27,418.31,0.51,
[2026-05-06 16:41:06.445] ,529,28.76,30.61,100534.45,269331.94,53.53,57.16,57.61,57.85,374.23,425.12,427.13,427.29,427.34,0.49,
[2026-05-06 16:41:11.461] ,533,28.77,30.56,100532.24,269757.62,53.67,57.32,57.78,58.02,375.21,426.23,428.26,428.43,428.48,0.48,
[2026-05-06 16:41:16.481] ,535,28.75,30.1,100532.98,270613.09,53.28,56.86,57.29,57.51,372.54,423.14,425.12,425.28,425.33,0.47,
[2026-05-06 16:41:21.481] ,535,28.78,29.71,100532.65,271474.03,52.73,56.25,56.66,56.88,368.74,418.79,420.74,420.89,420.94,0.48,
