timestamp,co2,temp,humidity,pressure,gas_resistance,pm1_0,pm2_5,pm4_0,pm10_0,pnc_0_5,pnc_1_0,pnc_2_5,pnc_4_0,pnc_10_0,tps,label
2026-05-11 07:55:15,455,26.97,33.08,100213.01,140427.86,0.72,1.18,1.54,1.72,4.01,5.26,5.66,5.72,5.73,0.76,normal
2026-05-11 07:55:20,455,27.03,32.68,100216.7,146957.52,0.71,1.16,1.5,1.67,4,5.22,5.6,5.66,5.67,0.75,normal
2026-05-11 07:55:25,451,27.11,32.34,100217.97,152608.05,0.66,1.07,1.38,1.54,3.76,4.88,5.24,5.29,5.3,0.75,normal
2026-05-11 07:55:30,450,27.17,32.33,100213.01,158563.02,0.59,0.95,1.23,1.37,3.32,4.32,4.64,4.68,4.69,0.75,normal
2026-05-11 07:55:35,451,27.22,32.36,100212.88,164683.17,0.56,0.88,1.12,1.25,3.21,4.12,4.41,4.45,4.45,0.73,normal
2026-05-11 07:55:40,451,27.26,32.32,100212.95,169088.5,0.6,0.99,1.27,1.43,3.39,4.42,4.75,4.8,4.81,0.75,normal
2026-05-11 07:55:45,451,27.31,32.28,100213.24,175342.47,0.57,0.94,1.21,1.36,3.23,4.21,4.52,4.57,4.58,0.75,normal
2026-05-11 07:55:50,451,27.34,32.01,100214.03,179586.11,0.49,0.79,1.02,1.14,2.75,3.57,3.83,3.87,3.88,0.74,normal
2026-05-11 07:55:55,454,27.39,31.77,100213.55,186249.55,0.46,0.74,0.95,1.06,2.59,3.36,3.6,3.64,3.64,0.74,normal
2026-05-11 07:56:00,455,27.43,31.68,100216.88,194012.89,0.52,0.85,1.1,1.23,2.91,3.8,4.09,4.13,4.14,0.75,normal
2026-05-11 07:56:05,454,27.45,31.44,100216.35,199454.61,0.64,1.04,1.35,1.51,3.6,4.69,5.04,5.1,5.1,0.74,normal
2026-05-11 07:56:10,455,27.48,31.28,100213.56,204106.05,0.75,1.2,1.54,1.72,4.29,5.54,5.93,5.99,6,0.74,normal
2026-05-11 07:56:15,454,27.5,31.13,100212.19,208724.02,0.72,1.16,1.48,1.65,4.15,5.35,5.72,5.78,5.79,0.75,normal
2026-05-11 07:56:20,455,27.52,31.04,100210.52,212624.58,0.67,1.07,1.36,1.52,3.84,4.94,5.29,5.34,5.34,0.75,normal
2026-05-11 07:56:25,455,27.54,30.94,100212.37,216673.72,0.59,0.94,1.21,1.34,3.37,4.35,4.65,4.7,4.71,0.75,normal
2026-05-11 07:56:30,456,27.55,30.87,100212.69,218756.67,0.56,0.9,1.15,1.27,3.23,4.16,4.45,4.49,4.49,0.75,normal
2026-05-11 07:56:35,454,27.59,30.92,100214.33,222899.44,0.53,0.86,1.1,1.22,3.05,3.94,4.22,4.26,4.27,0.76,normal
2026-05-11 07:56:40,456,27.59,30.87,100216.16,227505,0.49,0.78,1,1.11,2.79,3.6,3.85,3.89,3.9,0.76,normal
2026-05-11 07:56:45,453,27.59,30.9,100216.62,229339.31,0.44,0.71,0.91,1.01,2.54,3.28,3.51,3.55,3.55,0.76,normal
2026-05-11 07:56:50,454,27.62,30.91,100215.84,232939.03,0.41,0.66,0.84,0.93,2.37,3.05,3.26,3.29,3.3,0.76,normal
2026-05-11 07:56:55,454,27.61,30.64,100214.88,238305.8,0.4,0.64,0.82,0.91,2.29,2.96,3.17,3.2,3.2,0.76,normal
2026-05-11 07:57:00,455,27.63,30.52,100214.02,241338.67,0.47,0.76,0.98,1.09,2.68,3.47,3.72,3.76,3.77,0.76,normal
2026-05-11 07:57:05,456,27.64,30.42,100210.66,244624.94,0.51,0.82,1.05,1.17,2.92,3.78,4.04,4.08,4.09,0.76,normal
2026-05-11 07:57:10,456,27.64,30.35,100206.6,246925.48,0.52,0.84,1.07,1.2,3,3.87,4.14,4.18,4.19,0.76,normal
2026-05-11 07:57:16,456,27.67,30.37,100208.68,249634.33,0.62,1,1.29,1.44,3.5,4.55,4.88,4.93,4.94,0.77,normal
2026-05-11 07:57:21,459,27.7,30.44,100210.57,249269.72,0.76,1.21,1.55,1.73,4.32,5.58,5.97,6.03,6.04,0.77,normal
2026-05-11 07:57:26,461,27.72,30.61,100209.16,251288.34,0.78,1.26,1.61,1.8,4.44,5.75,6.16,6.22,6.23,0.77,normal
2026-05-11 07:57:31,463,27.75,30.58,100207.14,254283.58,0.71,1.14,1.46,1.62,4.04,5.23,5.6,5.65,5.66,0.77,normal
2026-05-11 07:57:36,463,27.77,30.58,100210.45,256963.61,0.66,1.06,1.36,1.52,3.75,4.85,5.2,5.25,5.26,0.77,normal
2026-05-11 07:57:41,462,27.78,30.57,100210.62,259306.16,0.62,1.01,1.29,1.44,3.53,4.58,4.91,4.96,4.97,0.78,normal
2026-05-11 07:57:46,461,27.81,30.48,100212.43,262496.78,0.57,0.91,1.17,1.3,3.22,4.17,4.47,4.51,4.52,0.77,normal
2026-05-11 07:57:51,463,27.83,30.33,100211.14,264941.78,0.51,0.8,1.03,1.14,2.9,3.73,3.99,4.03,4.04,0.76,normal
2026-05-11 07:57:56,464,27.84,30.27,100211.81,266805.62,0.57,0.9,1.15,1.28,3.26,4.19,4.48,4.52,4.53,0.76,normal
2026-05-11 07:58:01,461,27.84,30.23,100209.98,266805.62,0.59,0.93,1.18,1.31,3.38,4.34,4.64,4.68,4.69,0.76,normal
2026-05-11 07:58:06,462,27.86,30.27,100211.14,269971,0.51,0.81,1.03,1.14,2.94,3.77,4.03,4.07,4.07,0.76,normal
2026-05-11 07:58:11,461,27.87,30.26,100210.32,271258.28,0.41,0.66,0.84,0.93,2.38,3.07,3.28,3.31,3.31,0.76,normal
2026-05-11 07:58:16,459,27.9,30.26,100212.27,272557.91,0.32,0.51,0.65,0.72,1.83,2.36,2.52,2.54,2.55,0.76,normal
2026-05-11 07:58:21,458,27.9,30.33,100211.64,273212.38,0.3,0.48,0.61,0.68,1.73,2.23,2.39,2.41,2.41,0.77,normal
2026-05-11 07:58:26,455,27.9,30.46,100211.68,271690.09,0.34,0.54,0.68,0.76,1.96,2.52,2.69,2.71,2.72,0.76,normal
2026-05-11 07:58:31,456,27.89,30.6,100213.15,274310.22,0.42,0.66,0.83,0.93,2.42,3.1,3.31,3.34,3.34,0.76,normal
2026-05-11 07:58:36,457,27.9,30.69,100213.46,275639.31,0.46,0.72,0.91,1.01,2.64,3.38,3.61,3.64,3.65,0.76,normal
2026-05-11 07:58:41,458,27.9,30.7,100212.42,279247.34,0.46,0.71,0.9,0.99,2.65,3.38,3.6,3.63,3.63,0.75,normal
2026-05-11 07:58:46,460,27.92,30.63,100212.1,280624.84,0.47,0.74,0.93,1.04,2.7,3.46,3.69,3.73,3.73,0.76,normal
2026-05-11 07:58:51,459,27.91,30.51,100211.88,283185.84,0.54,0.84,1.07,1.18,3.16,4.03,4.29,4.33,4.34,0.75,normal
2026-05-11 07:58:56,461,27.91,30.39,100210.6,283420.97,0.59,0.91,1.14,1.26,3.45,4.38,4.65,4.69,4.7,0.75,normal
2026-05-11 07:59:01,462,27.92,30.31,100212.84,286995.53,0.62,0.96,1.21,1.34,3.65,4.64,4.93,4.97,4.98,0.75,normal
2026-05-11 07:59:06,461,27.9,30.16,100213.41,288939.06,0.71,1.09,1.37,1.52,4.16,5.29,5.62,5.66,5.67,0.75,normal
2026-05-11 07:59:11,463,27.89,30.18,100215.42,290167.19,0.76,1.16,1.45,1.61,4.47,5.66,6,6.05,6.06,0.74,normal
2026-05-11 07:59:16,461,27.88,30.29,100215.94,290661.38,0.74,1.13,1.42,1.57,4.37,5.53,5.87,5.92,5.92,0.74,normal
2026-05-11 07:59:21,461,27.87,30.39,100215.11,291405.81,0.68,1.03,1.29,1.43,3.98,5.04,5.34,5.39,5.39,0.75,normal
2026-05-11 07:59:26,463,27.89,30.27,100215.45,295185.94,0.64,0.97,1.22,1.34,3.8,4.8,5.08,5.12,5.13,0.74,normal
2026-05-11 07:59:31,464,27.88,30.03,100216.45,295953.75,0.56,0.85,1.06,1.17,3.31,4.18,4.43,4.46,4.47,0.74,normal
2026-05-11 07:59:36,461,27.88,29.87,100214.92,300910.97,0.5,0.76,0.96,1.06,2.96,3.74,3.97,4,4,0.74,normal
2026-05-11 07:59:41,460,27.88,29.78,100214.34,298542.28,0.44,0.67,0.83,0.92,2.59,3.27,3.47,3.5,3.5,0.74,normal
2026-05-11 07:59:46,459,27.92,29.83,100215.37,300910.97,0.44,0.66,0.83,0.92,2.57,3.25,3.44,3.47,3.48,0.74,normal
2026-05-11 07:59:51,460,27.91,29.94,100214.93,298542.28,0.45,0.67,0.84,0.93,2.65,3.34,3.54,3.57,3.57,0.74,normal
2026-05-11 07:59:56,458,27.93,30.17,100215.59,296725.59,0.46,0.7,0.87,0.96,2.73,3.44,3.65,3.68,3.68,0.74,normal
2026-05-11 08:00:01,460,27.95,30.26,100214.85,298542.28,0.55,0.83,1.04,1.15,3.22,4.08,4.32,4.36,4.37,0.74,normal
2026-05-11 08:00:06,461,27.96,30.11,100214.91,302243.22,0.58,0.87,1.09,1.2,3.4,4.3,4.55,4.59,4.59,0.74,normal
2026-05-11 08:00:11,461,27.96,30.03,100214.67,301975.81,0.61,0.93,1.16,1.28,3.59,4.53,4.81,4.85,4.86,0.74,normal
2026-05-11 08:00:16,463,27.96,30.1,100216.74,302243.22,0.62,0.94,1.18,1.3,3.68,4.64,4.92,4.96,4.96,0.74,normal
2026-05-11 08:00:21,462,27.96,30.01,100214.83,304399.53,0.58,0.87,1.09,1.2,3.41,4.3,4.56,4.6,4.6,0.74,normal
2026-05-11 08:00:26,460,27.96,30.05,100214.86,304399.53,0.58,0.88,1.09,1.21,3.45,4.34,4.59,4.63,4.64,0.73,normal
2026-05-11 08:00:31,463,27.97,29.88,100214.38,306586.81,0.64,0.98,1.23,1.36,3.78,4.78,5.07,5.12,5.12,0.74,normal
2026-05-11 08:00:36,464,27.96,29.97,100216.7,304399.53,0.71,1.08,1.35,1.5,4.19,5.3,5.62,5.67,5.67,0.74,normal
2026-05-11 08:00:41,465,27.96,30.12,100216.35,304943.41,0.75,1.15,1.43,1.58,4.46,5.63,5.96,6.01,6.02,0.74,normal
2026-05-11 08:00:46,466,27.95,30.23,100216.98,305489.25,0.76,1.16,1.45,1.6,4.5,5.69,6.03,6.08,6.08,0.74,normal
2026-05-11 08:00:51,466,27.97,30.3,100220.19,306862.44,0.8,1.22,1.52,1.68,4.76,6.01,6.36,6.42,6.43,0.74,normal
2026-05-11 08:00:56,468,27.96,30.06,100218.23,312195.12,0.78,1.17,1.46,1.61,4.6,5.8,6.14,6.19,6.19,0.74,normal
2026-05-11 08:01:01,468,27.96,29.82,100216.5,313054.12,0.71,1.06,1.32,1.46,4.2,5.28,5.58,5.63,5.63,0.73,normal
2026-05-11 08:01:06,466,27.94,29.68,100216.77,314206.81,0.57,0.86,1.07,1.18,3.41,4.29,4.54,4.58,4.58,0.73,normal
2026-05-11 08:01:11,465,27.94,29.72,100217.28,315076.94,0.6,0.9,1.12,1.24,3.57,4.49,4.75,4.79,4.8,0.73,normal
2026-05-11 08:01:16,465,27.95,29.78,100216.03,313054.12,0.59,0.88,1.1,1.21,3.49,4.39,4.64,4.68,4.68,0.73,normal
2026-05-11 08:01:21,465,27.96,29.97,100216.25,311625.06,0.52,0.79,0.98,1.08,3.12,3.93,4.15,4.19,4.19,0.73,normal
2026-05-11 08:01:26,465,27.94,30.16,100216.09,311909.84,0.56,0.85,1.06,1.16,3.33,4.2,4.44,4.48,4.48,0.74,normal
2026-05-11 08:01:31,467,27.96,30.21,100216.41,313629.41,0.52,0.79,0.98,1.08,3.1,3.9,4.13,4.16,4.17,0.74,normal
2026-05-11 08:01:36,469,27.96,30.1,100214.99,316537.88,0.48,0.73,0.91,1,2.88,3.62,3.83,3.86,3.87,0.74,normal
2026-05-11 08:01:41,471,27.95,29.93,100214.12,318308.97,0.42,0.63,0.79,0.87,2.51,3.16,3.34,3.37,3.37,0.74,normal
2026-05-11 08:01:46,471,27.94,29.76,100215.09,320400.5,0.44,0.65,0.81,0.89,2.62,3.28,3.47,3.49,3.5,0.73,normal
2026-05-11 08:01:51,472,27.96,29.72,100215.37,318903.78,0.5,0.74,0.92,1.01,3,3.76,3.96,4,4,0.73,normal
2026-05-11 08:01:56,472,27.97,29.81,100217.01,318308.97,0.5,0.74,0.92,1.01,2.97,3.73,3.93,3.97,3.97,0.73,normal
2026-05-11 08:02:01,472,27.97,29.79,100217.33,321305.31,0.46,0.68,0.84,0.93,2.74,3.43,3.63,3.65,3.66,0.73,normal
2026-05-11 08:02:06,471,27.96,29.63,100217.6,323743.28,0.45,0.66,0.82,0.9,2.66,3.34,3.52,3.55,3.56,0.73,normal
2026-05-11 08:02:11,474,27.93,29.54,100217.66,324358.56,0.43,0.64,0.79,0.87,2.56,3.21,3.39,3.41,3.42,0.73,normal
2026-05-11 08:02:16,473,27.91,29.42,100218.88,325285.91,0.45,0.67,0.83,0.92,2.71,3.39,3.58,3.61,3.61,0.73,normal
2026-05-11 08:02:21,472,27.92,29.39,100218.48,324358.56,0.48,0.71,0.87,0.96,2.87,3.58,3.78,3.81,3.81,0.72,normal
2026-05-11 08:02:26,470,27.93,29.54,100219.33,321911.34,0.52,0.76,0.94,1.04,3.11,3.88,4.09,4.13,4.13,0.72,normal
2026-05-11 08:02:31,469,27.93,29.68,100218.98,320100.03,0.53,0.78,0.97,1.06,3.2,3.99,4.21,4.24,4.24,0.72,normal
2026-05-11 08:02:36,469,27.94,29.93,100219.09,319800.12,0.5,0.73,0.9,0.99,3,3.74,3.94,3.97,3.97,0.72,normal
2026-05-11 08:02:41,469,27.94,29.8,100219.76,326218.53,0.54,0.78,0.96,1.06,3.24,4.04,4.25,4.28,4.28,0.71,normal
2026-05-11 08:02:46,470,27.93,29.61,100217.94,326218.53,0.6,0.88,1.08,1.19,3.6,4.49,4.73,4.77,4.77,0.72,normal
2026-05-11 08:02:51,469,27.96,29.59,100216.05,324050.62,0.71,1.04,1.28,1.41,4.28,5.34,5.62,5.66,5.67,0.72,normal
2026-05-11 08:02:56,468,27.98,29.69,100216.8,323743.28,0.79,1.16,1.42,1.56,4.75,5.92,6.23,6.28,6.29,0.72,normal
2026-05-11 08:03:01,468,27.98,29.65,100218.44,323743.28,0.79,1.16,1.43,1.56,4.76,5.94,6.25,6.3,6.3,0.72,normal
2026-05-11 08:03:06,467,27.98,29.63,100219.8,323743.28,0.8,1.18,1.45,1.6,4.79,5.99,6.31,6.36,6.37,0.72,normal
2026-05-11 08:03:12,467,27.98,29.76,100219.65,323130.31,0.81,1.2,1.49,1.63,4.88,6.1,6.43,6.48,6.49,0.72,normal
2026-05-11 08:03:17,466,27.94,29.91,100219.73,324667.09,0.9,1.34,1.66,1.83,5.36,6.73,7.1,7.16,7.17,0.73,normal
2026-05-11 08:03:22,467,27.95,29.96,100218.02,324667.09,0.99,1.47,1.83,2.01,5.89,7.39,7.8,7.86,7.87,0.73,normal
2026-05-11 08:03:27,469,27.96,29.93,100218.31,327156.56,0.98,1.47,1.83,2.01,5.87,7.37,7.79,7.85,7.86,0.73,normal
2026-05-11 08:03:32,469,27.97,29.75,100219.59,327470.41,0.83,1.24,1.54,1.7,4.94,6.21,6.56,6.61,6.62,0.73,normal
2026-05-11 08:03:37,469,27.97,29.79,100219.34,326530.62,0.7,1.04,1.29,1.43,4.15,5.22,5.51,5.56,5.56,0.72,normal
2026-05-11 08:03:42,468,27.97,29.76,100222.56,328731.94,0.75,1.13,1.4,1.54,4.5,5.65,5.97,6.02,6.02,0.73,normal
2026-05-11 08:03:47,468,27.96,29.77,100220.31,327470.41,0.9,1.34,1.67,1.84,5.36,6.72,7.1,7.16,7.17,0.73,normal
2026-05-11 08:03:52,469,27.97,29.7,100219.8,329684.47,0.81,1.21,1.5,1.65,4.81,6.04,6.38,6.43,6.44,0.73,normal
2026-05-11 08:03:57,470,27.99,29.66,100216.72,328099.97,0.7,1.04,1.3,1.43,4.16,5.22,5.52,5.56,5.57,0.73,normal
2026-05-11 08:04:02,470,27.99,29.84,100215.66,325907.06,0.68,1.02,1.27,1.4,4.06,5.1,5.39,5.43,5.44,0.73,normal
2026-05-11 08:04:07,469,27.98,29.99,100214.97,325907.06,0.7,1.05,1.3,1.43,4.15,5.21,5.51,5.56,5.56,0.74,normal
2026-05-11 08:04:12,470,27.98,30.09,100214.99,326843.28,0.75,1.12,1.4,1.54,4.46,5.6,5.92,5.97,5.98,0.73,normal
2026-05-11 08:04:17,470,27.96,30.13,100215.72,326843.28,0.72,1.09,1.35,1.49,4.32,5.42,5.73,5.78,5.78,0.73,normal
2026-05-11 08:04:22,470,27.98,30.12,100217.58,327470.41,0.68,1.02,1.27,1.39,4.07,5.11,5.4,5.44,5.45,0.73,normal
2026-05-11 08:04:27,470,27.97,30.07,100217.05,330963.16,0.64,0.96,1.19,1.31,3.83,4.8,5.07,5.11,5.12,0.73,normal
2026-05-11 08:04:32,468,27.96,29.84,100215.83,335188.22,0.52,0.78,0.97,1.06,3.12,3.92,4.14,4.17,4.17,0.73,normal
2026-05-11 08:04:37,467,27.93,29.61,100219.72,333876.75,0.49,0.74,0.91,1,2.96,3.71,3.91,3.94,3.95,0.73,normal
2026-05-11 08:04:42,466,27.93,29.67,100216.01,333876.75,0.48,0.72,0.89,0.98,2.89,3.61,3.81,3.84,3.85,0.72,normal
2026-05-11 08:04:47,467,27.94,29.69,100217.04,333876.75,0.5,0.74,0.92,1.01,3,3.75,3.96,3.99,4,0.73,normal
2026-05-11 08:04:52,468,27.95,29.65,100217.47,334203.66,0.53,0.79,0.98,1.08,3.19,4,4.22,4.25,4.26,0.73,normal
2026-05-11 08:04:57,467,27.96,29.62,100216.74,333224.88,0.61,0.9,1.12,1.23,3.64,4.56,4.82,4.86,4.86,0.73,normal
2026-05-11 08:05:02,468,27.98,29.61,100217.44,333224.88,0.93,1.38,1.71,1.88,5.56,6.97,7.35,7.41,7.42,0.73,normal
2026-05-11 08:05:07,468,27.99,29.69,100217.73,332899.88,1.12,1.66,2.06,2.27,6.7,8.39,8.86,8.93,8.94,0.73,normal
2026-05-11 08:05:12,468,28,29.78,100215.48,330963.16,1.05,1.56,1.93,2.13,6.28,7.86,8.3,8.37,8.38,0.73,normal
2026-05-11 08:05:17,468,28,29.93,100217.67,328731.94,1.05,1.57,1.95,2.15,6.28,7.88,8.33,8.4,8.41,0.73,normal
2026-05-11 08:05:22,468,27.99,30.04,100218.05,330963.16,1.02,1.53,1.9,2.09,6.07,7.63,8.06,8.13,8.14,0.73,normal
2026-05-11 08:05:27,469,27.99,30.08,100215.32,330642.56,1.01,1.51,1.88,2.08,6.01,7.55,7.98,8.05,8.06,0.73,normal
2026-05-11 08:05:32,469,28,30.01,100210.92,333224.88,0.98,1.47,1.83,2.01,5.82,7.32,7.74,7.8,7.81,0.73,normal
2026-05-11 08:05:37,467,28.01,29.93,100213.11,334531.19,0.92,1.39,1.73,1.9,5.5,6.92,7.31,7.37,7.38,0.74,normal
2026-05-11 08:05:42,470,27.99,29.77,100214.62,335847.81,0.83,1.25,1.56,1.72,4.96,6.24,6.6,6.65,6.66,0.74,normal
2026-05-11 08:05:47,470,27.99,29.77,100216.28,333224.88,0.76,1.14,1.42,1.57,4.48,5.64,5.97,6.02,6.03,0.74,normal
2026-05-11 08:05:52,470,27.99,29.81,100215.16,334859.38,0.75,1.13,1.41,1.56,4.44,5.6,5.93,5.98,5.98,0.74,normal
2026-05-11 08:05:57,469,27.99,29.83,100214.2,333876.75,0.72,1.09,1.36,1.5,4.28,5.4,5.71,5.76,5.77,0.74,normal
2026-05-11 08:06:02,467,27.98,29.84,100214.36,334203.66,0.7,1.06,1.33,1.47,4.16,5.25,5.56,5.6,5.61,0.74,normal
2026-05-11 08:06:07,467,27.98,29.82,100214.05,338512.41,0.73,1.1,1.37,1.52,4.29,5.42,5.74,5.79,5.8,0.74,normal
2026-05-11 08:06:12,468,27.99,29.6,100214.36,340538.75,0.76,1.16,1.45,1.6,4.52,5.7,6.04,6.09,6.1,0.74,normal
2026-05-11 08:06:17,467,27.99,29.43,100214.3,337842.28,0.77,1.18,1.47,1.62,4.58,5.78,6.12,6.17,6.18,0.74,normal
2026-05-11 08:06:22,465,28.01,29.5,100215.16,336842.09,0.72,1.1,1.37,1.51,4.27,5.39,5.71,5.76,5.77,0.74,normal
2026-05-11 08:06:27,464,28,29.65,100216.23,335847.81,0.73,1.11,1.38,1.53,4.31,5.44,5.76,5.81,5.82,0.74,normal
2026-05-11 08:06:32,464,28,29.78,100217.38,334859.38,0.7,1.06,1.32,1.46,4.11,5.19,5.5,5.55,5.56,0.74,normal
2026-05-11 08:06:37,463,28.01,29.81,100217.28,335847.81,0.63,0.96,1.21,1.33,3.74,4.73,5.01,5.05,5.06,0.74,normal
2026-05-11 08:06:42,462,28.02,29.76,100216.13,337174.84,0.55,0.84,1.05,1.16,3.26,4.12,4.37,4.41,4.41,0.74,normal
2026-05-11 08:06:47,460,28.02,29.76,100214.64,336178.59,0.57,0.86,1.08,1.19,3.34,4.23,4.48,4.52,4.52,0.74,normal
2026-05-11 08:06:52,461,28.02,29.85,100214.62,334203.66,0.57,0.87,1.08,1.2,3.37,4.26,4.52,4.55,4.56,0.74,normal
2026-05-11 08:06:57,460,28.03,29.95,100214.55,334203.66,0.55,0.84,1.05,1.16,3.27,4.13,4.38,4.41,4.42,0.74,normal
2026-05-11 08:07:02,461,28.04,29.94,100213.79,335847.81,0.49,0.74,0.93,1.02,2.9,3.66,3.88,3.91,3.91,0.74,normal
2026-05-11 08:07:07,462,28.05,29.86,100212.4,336178.59,0.43,0.65,0.81,0.89,2.53,3.19,3.38,3.4,3.41,0.74,normal
2026-05-11 08:07:12,461,28.05,29.74,100214.05,337842.28,0.58,0.88,1.1,1.21,3.43,4.33,4.59,4.63,4.63,0.74,normal
2026-05-11 08:07:17,462,28.04,29.66,100212.88,339185.16,0.69,1.05,1.31,1.45,4.07,5.14,5.45,5.49,5.5,0.74,normal
2026-05-11 08:07:22,463,28.01,29.45,100212.25,342246,0.72,1.09,1.37,1.51,4.22,5.34,5.67,5.72,5.72,0.74,normal
2026-05-11 08:07:27,463,27.98,29.52,100211.96,340878.84,0.72,1.1,1.38,1.53,4.24,5.37,5.7,5.75,5.75,0.74,normal
2026-05-11 08:07:32,464,27.99,29.58,100210.79,340199.34,0.72,1.1,1.38,1.53,4.25,5.38,5.71,5.76,5.77,0.74,normal
2026-05-11 08:07:37,465,27.99,29.56,100209.95,339185.16,0.64,0.97,1.22,1.35,3.76,4.76,5.05,5.09,5.1,0.74,normal
2026-05-11 08:07:42,466,28,29.66,100208.24,337174.84,0.62,0.95,1.18,1.31,3.66,4.62,4.9,4.95,4.95,0.74,normal
2026-05-11 08:07:47,464,28,29.79,100209.73,337174.84,0.63,0.96,1.21,1.33,3.74,4.73,5.01,5.05,5.06,0.74,normal
2026-05-11 08:07:52,464,27.99,29.79,100210.45,340538.75,0.63,0.96,1.2,1.32,3.73,4.71,4.99,5.03,5.04,0.74,normal
2026-05-11 08:07:57,463,27.96,29.57,100212.09,345712.34,0.56,0.85,1.07,1.18,3.33,4.2,4.45,4.49,4.49,0.74,normal
2026-05-11 08:08:02,464,27.94,29.59,100210,340538.75,0.46,0.7,0.87,0.97,2.73,3.45,3.65,3.68,3.69,0.74,normal
2026-05-11 08:08:07,463,27.94,29.61,100211.73,343278.59,0.4,0.6,0.75,0.83,2.34,2.95,3.13,3.16,3.16,0.74,normal
2026-05-11 08:08:12,462,27.92,29.56,100211.45,344665.09,0.38,0.58,0.73,0.8,2.26,2.86,3.03,3.05,3.06,0.74,normal
2026-05-11 08:08:17,460,27.93,29.51,100210.16,342589.5,0.4,0.61,0.76,0.84,2.36,2.98,3.16,3.19,3.19,0.74,normal
2026-05-11 08:08:22,458,27.94,29.53,100210.53,342589.5,0.41,0.63,0.78,0.87,2.44,3.08,3.26,3.29,3.29,0.74,normal
2026-05-11 08:08:27,460,27.93,29.57,100210.24,341219.59,0.43,0.66,0.82,0.91,2.55,3.22,3.41,3.44,3.45,0.73,normal
2026-05-11 08:08:32,461,27.94,29.6,100211.19,340878.84,0.44,0.67,0.84,0.93,2.61,3.3,3.5,3.53,3.53,0.74,normal
2026-05-11 08:08:37,463,27.95,29.61,100210.48,339522.53,0.64,0.97,1.21,1.34,3.76,4.75,5.04,5.08,5.09,0.74,normal
2026-05-11 08:08:42,464,27.94,29.77,100209.36,339185.16,0.66,1,1.25,1.38,3.89,4.91,5.2,5.25,5.25,0.73,normal
2026-05-11 08:08:47,463,27.94,29.88,100209.44,338512.41,0.65,0.98,1.23,1.36,3.84,4.85,5.13,5.18,5.18,0.74,normal
2026-05-11 08:08:52,463,27.95,29.89,100209.12,339860.59,0.63,0.95,1.19,1.32,3.72,4.69,4.97,5.01,5.02,0.74,normal
2026-05-11 08:08:57,465,27.96,29.92,100210.52,339522.53,0.66,0.99,1.24,1.37,3.88,4.9,5.19,5.23,5.24,0.73,normal
2026-05-11 08:09:03,464,27.97,29.91,100209.18,338512.41,0.67,1.02,1.27,1.4,3.98,5.02,5.31,5.36,5.37,0.73,normal
2026-05-11 08:09:08,465,27.98,29.97,100209.41,337508.25,0.64,0.96,1.2,1.32,3.79,4.77,5.05,5.09,5.1,0.73,normal
2026-05-11 08:09:13,467,27.99,29.87,100208.44,341561.03,0.6,0.9,1.12,1.23,3.55,4.47,4.73,4.77,4.77,0.73,normal
2026-05-11 08:09:18,468,27.99,29.81,100209.95,340538.75,0.59,0.88,1.09,1.21,3.5,4.4,4.65,4.68,4.69,0.72,normal
2026-05-11 08:09:23,468,27.98,29.71,100209.06,344665.09,0.56,0.83,1.03,1.14,3.32,4.16,4.4,4.43,4.44,0.72,normal
2026-05-11 08:09:28,468,27.98,29.79,100210.64,339860.59,0.56,0.84,1.04,1.14,3.36,4.21,4.45,4.48,4.49,0.72,normal
2026-05-11 08:09:33,468,27.99,29.68,100210.23,344317.41,0.69,1.03,1.27,1.4,4.14,5.19,5.47,5.52,5.52,0.72,normal
2026-05-11 08:09:38,468,27.99,29.65,100209,342933.69,0.67,0.98,1.22,1.34,4,5,5.27,5.31,5.32,0.71,normal
2026-05-11 08:09:43,469,27.98,29.57,100209.09,347118.66,0.67,0.99,1.22,1.35,4.04,5.05,5.32,5.36,5.37,0.71,normal
2026-05-11 08:09:48,468,27.97,29.58,100210.41,343278.59,0.66,0.98,1.21,1.33,3.99,4.98,5.25,5.29,5.3,0.72,normal
2026-05-11 08:09:53,468,27.98,29.75,100210.59,340538.75,0.59,0.87,1.08,1.19,3.56,4.44,4.68,4.72,4.72,0.72,normal
2026-05-11 08:09:58,468,27.98,29.86,100209.48,339860.59,0.62,0.91,1.12,1.23,3.71,4.64,4.89,4.93,4.93,0.71,normal
2026-05-11 08:10:03,467,27.98,29.89,100209.8,339860.59,0.64,0.95,1.17,1.28,3.88,4.85,5.1,5.14,5.15,0.71,normal
2026-05-11 08:10:08,469,27.98,29.95,100210.42,339860.59,0.68,1,1.23,1.35,4.14,5.15,5.42,5.46,5.47,0.7,normal
2026-05-11 08:10:13,471,27.97,30.03,100210.25,339185.16,0.69,1.01,1.24,1.36,4.16,5.18,5.45,5.49,5.5,0.71,normal
2026-05-11 08:10:18,472,27.97,30.06,100204.88,340199.34,0.65,0.94,1.16,1.27,3.91,4.86,5.11,5.15,5.16,0.7,normal
2026-05-11 08:10:23,472,27.97,30.04,100204.83,340878.84,0.58,0.85,1.04,1.14,3.52,4.38,4.61,4.64,4.64,0.71,normal
2026-05-11 08:10:28,472,27.98,29.93,100206.28,343278.59,0.56,0.81,0.99,1.09,3.36,4.18,4.4,4.43,4.44,0.71,normal
2026-05-11 08:10:33,473,27.99,29.81,100206.84,346062.84,0.6,0.88,1.08,1.18,3.67,4.55,4.79,4.82,4.83,0.7,normal
2026-05-11 08:10:38,473,27.98,29.78,100210.06,344665.09,0.58,0.84,1.03,1.13,3.53,4.38,4.6,4.63,4.64,0.7,normal
2026-05-11 08:10:43,474,27.96,29.75,100207.18,347826.09,0.52,0.76,0.93,1.02,3.18,3.95,4.15,4.18,4.19,0.7,normal
2026-05-11 08:10:48,474,27.96,29.78,100206.64,344665.09,0.94,1.36,1.66,1.82,5.7,7.07,7.42,7.48,7.48,0.7,normal
2026-05-11 08:10:53,473,27.94,29.87,100208.1,342589.5,0.99,1.43,1.75,1.92,6,7.45,7.83,7.88,7.89,0.7,normal
2026-05-11 08:10:58,473,27.95,29.96,100209.7,340538.75,0.94,1.36,1.66,1.82,5.7,7.07,7.43,7.48,7.49,0.7,normal
2026-05-11 08:11:03,472,27.95,30.03,100209.25,340878.84,0.97,1.41,1.72,1.88,5.92,7.34,7.71,7.76,7.77,0.7,normal
2026-05-11 08:11:08,468,27.97,30.06,100207.27,339860.59,0.91,1.31,1.6,1.76,5.52,6.84,7.19,7.24,7.24,0.7,normal
2026-05-11 08:11:13,467,27.98,29.91,100206.24,343970.44,0.85,1.23,1.5,1.64,5.16,6.39,6.72,6.77,6.77,0.7,normal
2026-05-11 08:11:18,469,27.96,29.71,100205.8,347472,0.81,1.17,1.43,1.57,4.9,6.08,6.39,6.44,6.45,0.7,normal
2026-05-11 08:11:23,470,27.94,29.53,100207.07,347118.66,0.78,1.13,1.39,1.52,4.74,5.89,6.19,6.23,6.24,0.7,normal
2026-05-11 08:11:28,469,27.93,29.34,100206.67,348536.41,0.86,1.25,1.53,1.67,5.21,6.46,6.79,6.84,6.85,0.7,normal
2026-05-11 08:11:33,468,27.93,29.31,100206.67,346766,0.93,1.36,1.67,1.82,5.67,7.04,7.4,7.46,7.47,0.7,normal
2026-05-11 08:11:38,468,27.92,29.44,100207.05,344665.09,0.91,1.32,1.62,1.78,5.52,6.86,7.21,7.26,7.27,0.7,normal
2026-05-11 08:11:43,468,27.94,29.65,100207.63,343278.59,0.79,1.15,1.41,1.54,4.76,5.92,6.23,6.27,6.28,0.7,normal
2026-05-11 08:11:48,469,27.93,29.66,100208.41,345712.34,0.65,0.95,1.17,1.28,3.96,4.92,5.17,5.21,5.22,0.7,normal
2026-05-11 08:11:53,471,27.88,29.73,100207.22,343970.44,0.58,0.85,1.04,1.14,3.52,4.38,4.6,4.64,4.64,0.7,normal
2026-05-11 08:11:58,471,27.89,29.8,100207.31,345013.47,0.5,0.73,0.9,0.98,3.04,3.78,3.98,4.01,4.01,0.7,normal
2026-05-11 08:12:03,471,27.87,29.67,100209.77,348180.91,0.48,0.7,0.86,0.94,2.93,3.64,3.82,3.85,3.86,0.7,normal
2026-05-11 08:12:08,471,27.86,29.47,100208.63,347826.09,0.48,0.7,0.86,0.94,2.94,3.64,3.83,3.86,3.86,0.7,normal
2026-05-11 08:12:13,471,27.87,29.58,100210.26,345712.34,0.55,0.79,0.97,1.07,3.31,4.11,4.32,4.35,4.36,0.7,normal
2026-05-11 08:12:18,471,27.87,29.54,100210.3,348180.91,0.62,0.91,1.12,1.22,3.78,4.7,4.94,4.98,4.98,0.7,normal
2026-05-11 08:12:23,471,27.86,29.4,100211.28,348536.41,0.81,1.17,1.44,1.58,4.9,6.09,6.4,6.45,6.45,0.7,normal
2026-05-11 08:12:28,469,27.87,29.4,100210.31,347826.09,0.82,1.19,1.45,1.59,4.97,6.16,6.48,6.52,6.53,0.7,normal
2026-05-11 08:12:33,467,27.89,29.36,100209.86,347118.66,0.78,1.13,1.39,1.52,4.77,5.92,6.21,6.26,6.26,0.69,normal
2026-05-11 08:12:38,467,27.9,29.33,100211.35,345712.34,0.69,0.99,1.21,1.32,4.18,5.17,5.43,5.47,5.47,0.69,normal
2026-05-11 08:12:43,468,27.91,29.55,100210.42,343278.59,0.6,0.86,1.05,1.15,3.66,4.52,4.75,4.78,4.78,0.69,normal
2026-05-11 08:12:48,466,27.93,29.63,100207.77,344317.41,0.65,0.92,1.12,1.23,3.95,4.88,5.11,5.15,5.15,0.69,normal
2026-05-11 08:12:53,464,27.94,29.65,100206.96,342589.5,0.61,0.87,1.05,1.15,3.71,4.58,4.8,4.83,4.84,0.69,normal
2026-05-11 08:12:58,464,27.96,29.64,100208.73,343278.59,0.61,0.87,1.06,1.15,3.73,4.61,4.83,4.86,4.87,0.69,normal
2026-05-11 08:13:03,466,27.97,29.65,100203.09,342933.69,0.64,0.91,1.1,1.2,3.9,4.81,5.03,5.07,5.07,0.68,normal
2026-05-11 08:13:08,466,27.99,29.65,100206.66,343278.59,0.61,0.87,1.06,1.15,3.76,4.63,4.85,4.88,4.89,0.68,normal
2026-05-11 08:13:13,467,27.98,29.57,100212.01,346062.84,0.6,0.86,1.04,1.13,3.7,4.56,4.78,4.81,4.81,0.68,normal
2026-05-11 08:13:18,466,27.97,29.49,100212.23,346766,0.57,0.81,0.98,1.07,3.51,4.32,4.52,4.55,4.56,0.68,normal
2026-05-11 08:13:23,465,27.97,29.56,100209.09,344665.09,0.48,0.68,0.82,0.89,2.94,3.61,3.78,3.81,3.81,0.68,normal
2026-05-11 08:13:28,465,27.96,29.5,100206.91,346766,0.42,0.59,0.71,0.78,2.56,3.15,3.3,3.32,3.32,0.68,normal
2026-05-11 08:13:33,465,27.97,29.4,100207.24,345362.56,0.49,0.7,0.85,0.92,3.04,3.74,3.92,3.94,3.95,0.68,normal
2026-05-11 08:13:38,465,27.97,29.28,100208.2,347118.66,0.48,0.68,0.83,0.9,2.96,3.65,3.82,3.84,3.85,0.68,normal
2026-05-11 08:13:43,462,27.97,29.25,100206.95,346766,0.51,0.72,0.87,0.94,3.11,3.83,4.01,4.03,4.04,0.68,normal
2026-05-11 08:13:48,466,27.96,29.27,100207.18,345013.47,0.48,0.68,0.82,0.9,2.94,3.62,3.79,3.82,3.82,0.69,normal
2026-05-11 08:13:53,466,27.95,29.32,100209.3,345013.47,0.42,0.6,0.72,0.79,2.59,3.18,3.33,3.35,3.36,0.69,normal
2026-05-11 08:13:58,466,27.93,29.41,100209.31,346062.84,0.36,0.51,0.62,0.68,2.23,2.75,2.87,2.89,2.9,0.69,normal
2026-05-11 08:14:03,467,27.92,29.42,100209.4,345013.47,0.45,0.64,0.78,0.85,2.78,3.42,3.58,3.61,3.61,0.68,normal
2026-05-11 08:14:08,468,27.91,29.26,100208.13,346766,0.53,0.75,0.91,0.99,3.25,4,4.19,4.22,4.22,0.68,normal
2026-05-11 08:14:13,468,27.92,29.26,100211.28,343278.59,0.52,0.73,0.89,0.97,3.18,3.92,4.1,4.13,4.13,0.68,normal
2026-05-11 08:14:18,469,27.95,29.39,100213.25,343278.59,0.46,0.65,0.78,0.86,2.82,3.47,3.63,3.65,3.66,0.68,normal
2026-05-11 08:14:23,468,27.95,29.45,100212.33,344317.41,0.47,0.66,0.8,0.87,2.87,3.53,3.7,3.72,3.72,0.68,normal
2026-05-11 08:14:28,470,27.95,29.53,100213.38,344665.09,0.57,0.81,0.98,1.06,3.51,4.32,4.52,4.55,4.56,0.68,normal
2026-05-11 08:14:33,468,27.98,29.54,100213.23,347826.09,0.62,0.87,1.05,1.15,3.8,4.67,4.89,4.92,4.92,0.68,normal
2026-05-11 08:14:38,468,27.98,29.54,100214.7,346062.84,0.65,0.92,1.11,1.2,4,4.92,5.14,5.18,5.18,0.68,normal
2026-05-11 08:14:43,469,27.96,29.52,100214.68,345362.56,0.62,0.88,1.06,1.15,3.84,4.72,4.94,4.97,4.97,0.68,normal
2026-05-11 08:14:48,468,27.97,29.45,100213.78,346414.06,0.55,0.77,0.93,1.02,3.39,4.17,4.36,4.38,4.39,0.68,normal
2026-05-11 08:14:54,465,27.97,29.53,100213.2,343970.44,0.46,0.64,0.78,0.85,2.82,3.47,3.62,3.65,3.65,0.68,normal
2026-05-11 08:14:59,465,27.98,29.49,100210.64,345362.56,0.39,0.55,0.66,0.72,2.4,2.94,3.07,3.09,3.1,0.68,normal
2026-05-11 08:15:04,466,27.99,29.53,100210.61,343624.16,0.43,0.61,0.73,0.8,2.66,3.26,3.41,3.44,3.44,0.68,normal
2026-05-11 08:15:09,466,28,29.63,100212.39,343970.44,0.51,0.72,0.86,0.94,3.13,3.84,4.02,4.04,4.05,0.68,normal
2026-05-11 08:15:14,468,28.02,29.71,100211.93,342246,0.58,0.82,0.99,1.07,3.56,4.37,4.58,4.61,4.61,0.68,normal
2026-05-11 08:15:19,470,28.03,29.73,100212.7,343970.44,0.62,0.88,1.06,1.15,3.82,4.7,4.92,4.95,4.96,0.68,normal
2026-05-11 08:15:24,468,28.02,29.64,100211.01,345362.56,0.62,0.87,1.05,1.15,3.81,4.68,4.89,4.93,4.93,0.68,normal
2026-05-11 08:15:29,470,27.99,29.59,100209.61,345712.34,0.53,0.74,0.9,0.98,3.26,4,4.18,4.21,4.21,0.68,normal
2026-05-11 08:15:34,469,27.96,29.5,100208.26,346062.84,0.58,0.83,1,1.09,3.61,4.43,4.64,4.67,4.67,0.68,normal
2026-05-11 08:15:39,471,27.94,29.43,100209.82,346062.84,0.59,0.84,1.01,1.1,3.65,4.48,4.69,4.72,4.73,0.68,normal
2026-05-11 08:15:44,473,27.96,29.42,100211.54,344665.09,0.54,0.77,0.93,1.01,3.34,4.1,4.29,4.32,4.33,0.68,normal
2026-05-11 08:15:49,471,27.98,29.52,100211.4,345712.34,0.56,0.78,0.95,1.03,3.42,4.21,4.4,4.43,4.43,0.68,normal
2026-05-11 08:15:54,470,27.98,29.48,100210.39,344665.09,0.61,0.86,1.04,1.13,3.74,4.6,4.81,4.84,4.85,0.68,normal
2026-05-11 08:15:59,469,28,29.48,100211.29,345712.34,0.63,0.9,1.08,1.18,3.9,4.8,5.02,5.05,5.06,0.68,normal
2026-05-11 08:16:04,467,28,29.44,100210.7,344665.09,0.61,0.87,1.05,1.14,3.77,4.64,4.85,4.88,4.89,0.68,normal
2026-05-11 08:16:09,467,27.99,29.42,100210.24,347118.66,0.57,0.81,0.97,1.06,3.51,4.31,4.51,4.54,4.54,0.68,normal
2026-05-11 08:16:14,466,27.97,29.32,100212.2,347118.66,0.73,1.04,1.25,1.37,4.53,5.57,5.82,5.86,5.87,0.68,normal
2026-05-11 08:16:19,466,27.97,29.36,100211.3,345013.47,0.79,1.11,1.34,1.46,4.86,5.97,6.24,6.28,6.29,0.68,normal
2026-05-11 08:16:24,466,27.96,29.49,100208.83,345013.47,0.73,1.02,1.23,1.34,4.49,5.51,5.76,5.8,5.8,0.68,normal
2026-05-11 08:16:29,464,27.97,29.62,100210.8,345362.56,0.75,1.06,1.27,1.39,4.66,5.71,5.97,6.01,6.01,0.67,normal
2026-05-11 08:16:34,464,28,29.71,100208.65,342933.69,0.81,1.14,1.37,1.5,5.04,6.18,6.46,6.5,6.51,0.68,normal
2026-05-11 08:16:39,465,28.02,29.77,100209.52,342933.69,0.83,1.16,1.4,1.52,5.12,6.28,6.56,6.6,6.61,0.68,normal
2026-05-11 08:16:44,463,28.01,29.8,100209.97,345013.47,0.79,1.11,1.34,1.45,4.89,6,6.27,6.31,6.31,0.67,normal
2026-05-11 08:16:49,465,28.03,29.75,100208.67,345712.34,0.74,1.03,1.24,1.35,4.55,5.58,5.83,5.87,5.87,0.67,normal
2026-05-11 08:16:54,464,28.03,29.7,100208.4,347118.66,0.7,0.98,1.18,1.28,4.33,5.31,5.55,5.58,5.59,0.67,normal
2026-05-11 08:16:59,468,28.02,29.59,100210.52,346414.06,0.83,1.16,1.39,1.52,5.12,6.27,6.56,6.6,6.6,0.67,normal
2026-05-11 08:17:04,467,28.02,29.6,100211.89,345362.56,0.92,1.29,1.55,1.68,5.72,7,7.31,7.36,7.36,0.66,normal
2026-05-11 08:17:09,467,28.01,29.65,100213.02,349607.38,0.86,1.2,1.43,1.56,5.32,6.51,6.8,6.84,6.85,0.66,normal
2026-05-11 08:17:14,468,27.99,29.68,100212.77,345013.47,0.73,1.02,1.22,1.33,4.57,5.58,5.83,5.86,5.87,0.66,normal
2026-05-11 08:17:19,467,27.99,29.69,100209.12,345013.47,0.65,0.9,1.07,1.16,4.01,4.9,5.11,5.15,5.15,0.66,normal
2026-05-11 08:17:24,464,27.99,29.66,100207.04,351045.59,0.67,0.93,1.11,1.21,4.17,5.09,5.31,5.34,5.35,0.67,normal
2026-05-11 08:17:29,466,28,29.56,100209.81,348892.69,0.84,1.17,1.39,1.51,5.25,6.41,6.68,6.72,6.73,0.66,normal
2026-05-11 08:17:34,466,28,29.57,100212.51,347826.09,0.8,1.11,1.32,1.43,4.98,6.07,6.33,6.37,6.38,0.66,normal
2026-05-11 08:17:39,467,28.01,29.59,100211.91,347826.09,0.66,0.92,1.1,1.19,4.13,5.04,5.26,5.29,5.29,0.66,normal
2026-05-11 08:17:44,467,28.02,29.57,100209.18,347472,0.68,0.94,1.12,1.22,4.23,5.16,5.38,5.41,5.42,0.66,normal
2026-05-11 08:17:49,468,28.01,29.58,100212.44,348536.41,0.65,0.9,1.08,1.17,4.05,4.95,5.16,5.19,5.19,0.66,normal
2026-05-11 08:17:54,470,27.99,29.51,100211.17,349249.66,0.63,0.87,1.04,1.13,3.92,4.78,4.99,5.02,5.02,0.66,normal
2026-05-11 08:17:59,470,27.96,29.53,100209.05,347118.66,0.61,0.85,1.02,1.1,3.8,4.64,4.85,4.88,4.88,0.67,normal
2026-05-11 08:18:04,469,27.95,29.68,100210.94,345712.34,0.61,0.85,1.02,1.11,3.82,4.67,4.87,4.9,4.9,0.66,normal
2026-05-11 08:18:09,470,27.98,29.76,100209.82,345013.47,0.57,0.79,0.95,1.03,3.55,4.34,4.53,4.56,4.56,0.66,normal
2026-05-11 08:18:14,470,27.97,29.79,100210.51,345362.56,0.68,0.94,1.13,1.23,4.22,5.16,5.38,5.42,5.42,0.66,normal
2026-05-11 08:18:19,471,27.99,29.76,100209.49,346766,0.74,1.03,1.23,1.34,4.58,5.6,5.85,5.88,5.89,0.67,normal
2026-05-11 08:18:24,472,27.97,29.53,100210.65,350684.94,0.67,0.93,1.11,1.21,4.14,5.06,5.28,5.31,5.32,0.67,normal
2026-05-11 08:18:29,473,27.95,29.49,100212.45,348892.69,0.59,0.82,0.98,1.07,3.65,4.46,4.66,4.69,4.69,0.67,normal
2026-05-11 08:18:34,472,27.93,29.61,100212.2,347118.66,0.53,0.73,0.88,0.95,3.26,3.99,4.16,4.19,4.19,0.67,normal
2026-05-11 08:18:39,472,27.94,29.72,100214.71,347118.66,0.6,0.84,1.01,1.09,3.74,4.57,4.77,4.8,4.81,0.67,normal
2026-05-11 08:18:44,471,27.93,29.63,100215.19,350325,0.65,0.91,1.09,1.19,4.05,4.96,5.18,5.21,5.22,0.67,normal
2026-05-11 08:18:49,469,27.93,29.52,100213.14,348536.41,0.62,0.86,1.04,1.13,3.83,4.69,4.9,4.93,4.93,0.67,normal
2026-05-11 08:18:54,467,27.92,29.54,100214.09,347472,0.59,0.82,0.99,1.07,3.64,4.45,4.65,4.68,4.68,0.67,normal
2026-05-11 08:18:59,465,27.92,29.66,100212.96,346766,0.56,0.79,0.94,1.03,3.48,4.27,4.46,4.48,4.49,0.67,normal
2026-05-11 08:19:04,466,27.94,29.6,100213.02,348892.69,0.63,0.88,1.06,1.15,3.93,4.8,5.02,5.05,5.05,0.67,normal
2026-05-11 08:19:09,465,27.97,29.49,100211.99,347118.66,0.69,0.97,1.16,1.26,4.3,5.27,5.5,5.53,5.54,0.66,normal
2026-05-11 08:19:14,465,27.98,29.45,100210.77,348180.91,0.78,1.09,1.31,1.42,4.83,5.91,6.18,6.22,6.22,0.67,normal
2026-05-11 08:19:19,464,27.99,29.38,100211.48,349249.66,0.84,1.18,1.41,1.54,5.19,6.36,6.65,6.69,6.7,0.67,normal
2026-05-11 08:19:24,464,27.99,29.33,100213.15,348892.69,0.87,1.23,1.48,1.61,5.39,6.61,6.91,6.96,6.96,0.67,normal
2026-05-11 08:19:29,465,28.01,29.43,100213.69,345362.56,0.86,1.22,1.47,1.6,5.33,6.54,6.84,6.89,6.89,0.67,normal
2026-05-11 08:19:34,464,28.01,29.46,100213.3,347472,0.87,1.22,1.47,1.6,5.34,6.56,6.86,6.9,6.91,0.67,normal
2026-05-11 08:19:39,464,28.03,29.49,100213,345712.34,0.95,1.33,1.61,1.75,5.83,7.17,7.5,7.54,7.55,0.67,normal
2026-05-11 08:19:44,466,28.04,29.54,100211.73,345712.34,1.08,1.53,1.85,2.01,6.65,8.17,8.55,8.61,8.62,0.67,normal
2026-05-11 08:19:49,464,28.04,29.42,100213.8,348892.69,1.06,1.51,1.82,1.99,6.54,8.05,8.42,8.48,8.49,0.67,normal
2026-05-11 08:19:54,466,28.03,29.26,100211.87,350325,0.95,1.34,1.62,1.77,5.83,7.18,7.51,7.56,7.57,0.68,normal
2026-05-11 08:19:59,466,28.02,29.24,100212.36,349607.38,0.86,1.22,1.48,1.62,5.31,6.53,6.84,6.89,6.89,0.68,normal
2026-05-11 08:20:04,468,28.03,29.29,100212.08,347118.66,0.84,1.19,1.44,1.57,5.17,6.36,6.66,6.7,6.71,0.67,normal
2026-05-11 08:20:09,468,28.04,29.25,100212.15,346766,0.76,1.08,1.3,1.42,4.7,5.78,6.04,6.08,6.09,0.67,normal
2026-05-11 08:20:14,469,28.03,29.39,100212.38,345712.34,0.68,0.96,1.16,1.26,4.18,5.14,5.38,5.42,5.42,0.67,normal
2026-05-11 08:20:19,467,28.04,29.47,100213.05,345362.56,0.65,0.92,1.11,1.21,4.01,4.93,5.16,5.2,5.2,0.67,normal
2026-05-11 08:20:24,468,28.05,29.55,100214.74,343970.44,0.66,0.93,1.12,1.22,4.04,4.97,5.2,5.24,5.24,0.67,normal
2026-05-11 08:20:29,469,28.07,29.55,100216.73,343278.59,0.72,1.02,1.23,1.34,4.45,5.47,5.73,5.77,5.77,0.67,normal
2026-05-11 08:20:35,471,28.08,29.56,100219.26,344665.09,0.68,0.97,1.17,1.27,4.22,5.19,5.42,5.46,5.47,0.67,normal
2026-05-11 08:20:40,472,28.06,29.36,100218.29,349249.66,0.69,0.98,1.18,1.28,4.27,5.25,5.49,5.53,5.53,0.67,normal
2026-05-11 08:20:45,472,28.03,29.19,100218.21,351045.59,0.72,1.02,1.23,1.34,4.46,5.47,5.72,5.76,5.76,0.67,normal
2026-05-11 08:20:50,470,28.01,29.13,100218.02,350684.94,0.81,1.14,1.37,1.49,5,6.14,6.42,6.46,6.46,0.67,normal
2026-05-11 08:20:55,469,27.98,29.21,100217.11,349607.38,0.74,1.03,1.24,1.36,4.55,5.58,5.83,5.87,5.87,0.67,normal
2026-05-11 08:21:00,468,27.96,29.26,100215.51,348536.41,0.63,0.88,1.06,1.15,3.88,4.76,4.97,5,5.01,0.67,normal
2026-05-11 08:21:05,468,27.95,29.27,100214.72,352495.69,0.52,0.73,0.88,0.96,3.23,3.96,4.14,4.16,4.17,0.67,normal
2026-05-11 08:21:10,469,27.94,29.18,100214.49,350684.94,0.51,0.72,0.86,0.94,3.16,3.88,4.05,4.08,4.08,0.67,normal
2026-05-11 08:21:15,468,27.91,29.16,100215.91,350684.94,0.58,0.81,0.97,1.06,3.56,4.36,4.56,4.59,4.59,0.67,normal
2026-05-11 08:21:20,467,27.9,29.31,100218.74,347826.09,0.58,0.81,0.98,1.07,3.59,4.4,4.6,4.63,4.63,0.67,normal
2026-05-11 08:21:25,468,27.91,29.41,100219.22,349607.38,0.56,0.79,0.95,1.03,3.46,4.25,4.44,4.47,4.48,0.67,normal
2026-05-11 08:21:30,467,27.91,29.44,100212.79,349607.38,0.52,0.73,0.88,0.96,3.2,3.92,4.1,4.13,4.13,0.67,normal
2026-05-11 08:21:35,467,27.9,29.51,100214.21,348892.69,0.58,0.81,0.98,1.07,3.58,4.4,4.59,4.62,4.63,0.67,normal
2026-05-11 08:21:40,469,27.91,29.47,100210.15,349607.38,0.54,0.76,0.91,0.99,3.34,4.09,4.28,4.3,4.31,0.67,normal
2026-05-11 08:21:45,470,27.91,29.45,100210.64,349249.66,0.47,0.66,0.8,0.87,2.93,3.59,3.75,3.77,3.78,0.67,normal
2026-05-11 08:21:50,470,27.94,29.41,100209.85,348892.69,0.4,0.55,0.67,0.72,2.45,3,3.14,3.16,3.16,0.67,normal
2026-05-11 08:21:55,468,27.96,29.42,100209.33,347826.09,0.42,0.58,0.7,0.76,2.58,3.16,3.3,3.32,3.32,0.67,normal
2026-05-11 08:22:00,468,27.97,29.53,100212.58,346062.84,0.37,0.51,0.61,0.67,2.27,2.78,2.9,2.92,2.92,0.66,normal
2026-05-11 08:22:05,470,27.97,29.52,100212.05,348180.91,0.38,0.52,0.63,0.68,2.33,2.85,2.98,3,3,0.66,normal
2026-05-11 08:22:10,468,27.96,29.5,100212.82,346766,0.38,0.53,0.63,0.69,2.35,2.87,3,3.01,3.02,0.66,normal
2026-05-11 08:22:15,466,27.96,29.41,100213,349249.66,0.38,0.52,0.63,0.68,2.33,2.85,2.97,2.99,2.99,0.66,normal
2026-05-11 08:22:20,465,27.95,29.47,100213.49,346414.06,0.41,0.57,0.68,0.74,2.56,3.12,3.26,3.28,3.28,0.66,normal
2026-05-11 08:22:25,466,27.96,29.53,100213.62,347118.66,0.43,0.6,0.72,0.78,2.69,3.28,3.42,3.44,3.45,0.66,normal
2026-05-11 08:22:30,465,27.96,29.47,100213.6,348892.69,0.41,0.57,0.68,0.74,2.55,3.12,3.25,3.27,3.28,0.66,normal
2026-05-11 08:22:35,466,27.98,29.41,100212.48,346766,0.46,0.63,0.76,0.82,2.85,3.48,3.63,3.65,3.65,0.66,normal
2026-05-11 08:22:40,465,27.97,29.27,100213.48,348536.41,0.44,0.61,0.73,0.8,2.76,3.36,3.51,3.53,3.53,0.66,normal
2026-05-11 08:22:45,463,27.97,29.33,100213.97,346062.84,0.4,0.55,0.65,0.71,2.46,3,3.13,3.15,3.15,0.66,normal
2026-05-11 08:22:50,461,27.96,29.39,100215.14,346062.84,0.4,0.55,0.66,0.72,2.49,3.04,3.17,3.19,3.2,0.66,normal
2026-05-11 08:22:55,462,27.96,29.4,100214.09,347826.09,0.49,0.68,0.81,0.88,3.08,3.75,3.91,3.93,3.94,0.66,normal
2026-05-11 08:23:00,464,27.95,29.39,100214.81,348536.41,0.49,0.67,0.8,0.87,3.03,3.7,3.85,3.88,3.88,0.66,normal
2026-05-11 08:23:05,464,27.95,29.3,100218.13,348180.91,0.51,0.7,0.84,0.91,3.16,3.86,4.02,4.05,4.05,0.66,normal
2026-05-11 08:23:10,465,27.97,29.26,100214.46,347118.66,0.48,0.66,0.79,0.86,3,3.66,3.81,3.83,3.84,0.66,normal
2026-05-11 08:23:15,464,28,29.34,100217.35,343278.59,0.47,0.65,0.78,0.85,2.94,3.59,3.74,3.76,3.77,0.67,normal
2026-05-11 08:23:20,465,28.01,29.5,100220.28,342933.69,0.57,0.79,0.94,1.02,3.53,4.31,4.5,4.53,4.53,0.67,normal
2026-05-11 08:23:25,463,28.02,29.58,100210.12,343278.59,0.65,0.91,1.08,1.18,4.05,4.95,5.16,5.2,5.2,0.67,normal
2026-05-11 08:23:30,466,28.02,29.56,100213.63,345013.47,0.67,0.93,1.11,1.21,4.13,5.06,5.28,5.31,5.31,0.67,normal
2026-05-11 08:23:35,467,28.01,29.33,100209.85,349965.81,0.65,0.9,1.08,1.17,4.01,4.91,5.12,5.15,5.16,0.67,normal
2026-05-11 08:23:40,466,27.98,29.14,100212.88,350325,0.59,0.82,0.99,1.07,3.66,4.48,4.67,4.7,4.71,0.67,normal
2026-05-11 08:23:45,464,27.96,29.27,100212.34,347826.09,0.56,0.78,0.94,1.02,3.49,4.27,4.46,4.48,4.49,0.67,normal
2026-05-11 08:23:50,466,27.95,29.39,100208.41,347118.66,0.56,0.79,0.94,1.03,3.5,4.29,4.47,4.5,4.51,0.67,normal
2026-05-11 08:23:55,464,27.96,29.46,100209.88,347472,0.53,0.74,0.88,0.96,3.28,4.01,4.18,4.21,4.21,0.67,normal
2026-05-11 08:24:00,465,27.97,29.45,100210.91,347826.09,0.55,0.77,0.92,1,3.42,4.19,4.37,4.4,4.41,0.67,normal
2026-05-11 08:24:05,461,27.98,29.47,100212.48,346766,0.54,0.76,0.91,0.99,3.38,4.14,4.32,4.34,4.35,0.67,normal
2026-05-11 08:24:10,461,27.96,29.3,100211.38,349607.38,0.58,0.8,0.96,1.05,3.58,4.38,4.57,4.6,4.6,0.67,normal
2026-05-11 08:24:15,461,27.96,29.38,100211.37,348180.91,0.57,0.79,0.95,1.03,3.52,4.31,4.5,4.52,4.53,0.67,normal
2026-05-11 08:24:20,461,27.96,29.51,100210.84,347118.66,0.6,0.83,0.99,1.08,3.7,4.53,4.72,4.75,4.76,0.67,normal
2026-05-11 08:24:25,461,27.95,29.35,100210.52,350684.94,0.61,0.85,1.02,1.11,3.82,4.67,4.87,4.9,4.9,0.67,normal
2026-05-11 08:24:30,461,27.92,29.16,100210.59,351045.59,0.62,0.87,1.04,1.13,3.88,4.74,4.95,4.98,4.98,0.67,normal
2026-05-11 08:24:35,462,27.92,29.24,100214.53,351045.59,0.64,0.89,1.06,1.15,3.97,4.85,5.06,5.09,5.09,0.67,normal
2026-05-11 08:24:40,462,27.89,29.34,100214.3,349249.66,0.7,0.98,1.17,1.27,4.38,5.35,5.58,5.62,5.62,0.67,normal
2026-05-11 08:24:45,463,27.91,29.39,100207.72,349965.81,0.73,1.02,1.22,1.32,4.55,5.56,5.8,5.83,5.84,0.67,normal
2026-05-11 08:24:50,465,27.92,29.46,100207.48,349965.81,0.7,0.97,1.16,1.26,4.35,5.32,5.54,5.58,5.58,0.67,normal
2026-05-11 08:24:55,466,27.89,29.42,100211.7,350684.94,0.8,1.11,1.33,1.45,5,6.11,6.37,6.41,6.42,0.67,normal
2026-05-11 08:25:00,466,27.87,29.36,100214.84,351407,0.81,1.12,1.34,1.46,5.03,6.15,6.41,6.45,6.45,0.67,normal
2026-05-11 08:25:05,464,27.87,29.24,100215.45,352495.69,0.76,1.06,1.27,1.38,4.75,5.8,6.05,6.08,6.09,0.67,normal
2026-05-11 08:25:10,464,27.84,29.28,100205.99,348892.69,0.8,1.11,1.33,1.45,4.96,6.07,6.33,6.37,6.37,0.67,normal
2026-05-11 08:25:15,462,27.85,29.48,100204.35,349249.66,0.86,1.2,1.44,1.57,5.34,6.54,6.83,6.87,6.87,0.67,normal
2026-05-11 08:25:20,462,27.86,29.58,100208.51,348892.69,0.9,1.27,1.52,1.65,5.6,6.86,7.16,7.21,7.22,0.68,normal
2026-05-11 08:25:25,461,27.87,29.52,100214.03,351045.59,0.82,1.16,1.39,1.51,5.09,6.25,6.53,6.57,6.57,0.68,normal
2026-05-11 08:25:30,460,27.87,29.36,100219.8,352132.06,0.74,1.04,1.25,1.37,4.57,5.61,5.87,5.9,5.91,0.68,normal
2026-05-11 08:25:35,460,27.89,29.3,100220.45,349965.81,0.64,0.9,1.09,1.18,3.96,4.86,5.08,5.12,5.12,0.68,normal
2026-05-11 08:25:40,462,27.89,29.17,100216,351045.59,0.55,0.78,0.94,1.02,3.41,4.18,4.37,4.4,4.41,0.67,normal
2026-05-11 08:25:45,459,27.91,29.11,100216.96,349607.38,0.5,0.7,0.84,0.92,3.07,3.76,3.93,3.96,3.96,0.67,normal
2026-05-11 08:25:50,458,27.91,29.04,100215.52,349965.81,0.5,0.7,0.85,0.92,3.08,3.78,3.95,3.98,3.98,0.68,normal
2026-05-11 08:25:55,459,27.92,29.12,100213.78,348892.69,0.48,0.67,0.81,0.88,2.95,3.62,3.78,3.8,3.81,0.67,normal
2026-05-11 08:26:00,458,27.93,29.17,100212.61,348892.69,0.47,0.66,0.79,0.86,2.9,3.55,3.71,3.74,3.74,0.67,normal
2026-05-11 08:26:05,458,27.94,29.18,100212.62,349965.81,0.49,0.69,0.83,0.91,3.04,3.73,3.9,3.93,3.93,0.67,normal
2026-05-11 08:26:10,457,27.95,29.19,100212.48,349607.38,0.56,0.79,0.95,1.04,3.48,4.27,4.47,4.49,4.5,0.67,normal
2026-05-11 08:26:15,458,27.94,29.19,100214.22,348180.91,0.63,0.89,1.07,1.17,3.92,4.81,5.03,5.06,5.06,0.67,normal
2026-05-11 08:26:20,457,27.94,29.29,100214.64,348536.41,0.64,0.9,1.08,1.17,3.96,4.85,5.07,5.1,5.11,0.67,normal
2026-05-11 08:26:26,456,27.94,29.36,100214.37,348180.91,0.62,0.87,1.05,1.14,3.85,4.72,4.93,4.96,4.97,0.67,normal
2026-05-11 08:26:31,458,27.94,29.42,100211.43,347472,0.54,0.75,0.91,0.99,3.32,4.07,4.25,4.28,4.29,0.67,normal
2026-05-11 08:26:36,458,27.94,29.47,100216.95,348536.41,0.46,0.65,0.78,0.85,2.84,3.49,3.64,3.67,3.67,0.67,normal
2026-05-11 08:26:41,458,27.91,29.5,100218.73,349249.66,0.44,0.62,0.74,0.81,2.71,3.33,3.48,3.5,3.51,0.67,normal
2026-05-11 08:26:46,458,27.92,29.5,100219.8,350325,0.45,0.64,0.77,0.84,2.81,3.44,3.6,3.62,3.62,0.67,normal
2026-05-11 08:26:51,457,27.95,29.51,100220.48,349249.66,0.41,0.57,0.69,0.75,2.53,3.1,3.24,3.26,3.26,0.67,normal
2026-05-11 08:26:56,456,27.96,29.49,100216.87,347826.09,0.44,0.62,0.75,0.82,2.75,3.37,3.53,3.55,3.55,0.66,normal
2026-05-11 08:27:01,455,27.96,29.32,100216.84,349607.38,0.5,0.7,0.84,0.92,3.11,3.81,3.98,4.01,4.01,0.66,normal
2026-05-11 08:27:06,454,27.99,29.28,100212.77,350325,0.48,0.67,0.81,0.88,2.99,3.66,3.82,3.85,3.85,0.66,normal
2026-05-11 08:27:11,454,28.01,29.3,100215.89,349965.81,0.5,0.7,0.83,0.91,3.1,3.79,3.95,3.98,3.98,0.66,normal
2026-05-11 08:27:16,455,28.03,29.27,100217.69,349607.38,0.57,0.79,0.94,1.02,3.51,4.29,4.48,4.51,4.51,0.66,normal
2026-05-11 08:27:21,455,28.05,29.23,100216.83,348892.69,0.57,0.8,0.96,1.04,3.56,4.36,4.55,4.57,4.58,0.67,normal
2026-05-11 08:27:26,454,28.08,29.19,100217.81,347826.09,0.63,0.88,1.05,1.14,3.92,4.79,5,5.03,5.04,0.66,normal
2026-05-11 08:27:31,453,28.09,29.25,100220.3,347118.66,0.65,0.91,1.08,1.18,4.06,4.96,5.18,5.21,5.21,0.66,normal
2026-05-11 08:27:36,455,28.1,29.15,100220.56,347826.09,1.04,1.44,1.72,1.87,6.5,7.93,8.27,8.32,8.33,0.65,normal
2026-05-11 08:27:41,452,28.12,29.16,100214.8,348180.91,0.96,1.32,1.58,1.71,5.99,7.3,7.6,7.65,7.65,0.65,normal
2026-05-11 08:27:46,452,28.14,29.21,100217.16,346062.84,0.88,1.21,1.44,1.56,5.48,6.67,6.95,6.99,7,0.66,normal
2026-05-11 08:27:51,452,28.13,29.21,100219.75,346062.84,0.76,1.04,1.24,1.34,4.74,5.77,6.01,6.04,6.05,0.65,normal
2026-05-11 08:27:56,452,28.14,29.22,100221.29,345362.56,0.64,0.88,1.05,1.14,4.02,4.89,5.09,5.12,5.13,0.65,normal
2026-05-11 08:28:01,453,28.14,29.22,100222.02,345362.56,0.55,0.75,0.89,0.96,3.42,4.15,4.32,4.35,4.35,0.65,normal
2026-05-11 08:28:06,451,28.15,29.21,100223.86,343278.59,0.46,0.64,0.76,0.82,2.91,3.54,3.68,3.71,3.71,0.65,normal
2026-05-11 08:28:11,452,28.15,29.26,100222.08,339185.16,0.5,0.69,0.82,0.89,3.15,3.83,3.99,4.01,4.01,0.65,normal
2026-05-11 08:28:16,451,28.15,29.3,100223.5,335188.22,0.52,0.71,0.84,0.91,3.24,3.94,4.1,4.13,4.13,0.65,normal
2026-05-11 08:28:21,453,28.14,29.3,100220.86,343278.59,0.55,0.75,0.89,0.97,3.43,4.17,4.34,4.36,4.37,0.66,normal
2026-05-11 08:28:26,452,28.14,29.2,100223.43,346062.84,0.61,0.83,0.99,1.07,3.8,4.63,4.82,4.84,4.85,0.66,normal
2026-05-11 08:28:31,452,28.14,29.11,100221.66,346414.06,0.6,0.82,0.98,1.06,3.76,4.57,4.76,4.79,4.79,0.66,normal
2026-05-11 08:28:36,453,28.14,29.05,100224.32,346766,0.58,0.79,0.95,1.03,3.6,4.39,4.57,4.6,4.61,0.66,normal
2026-05-11 08:28:41,455,28.14,28.99,100220.23,345712.34,0.55,0.76,0.91,0.99,3.45,4.21,4.39,4.41,4.42,0.66,normal
2026-05-11 08:28:46,455,28.15,28.88,100216.15,347472,0.53,0.73,0.88,0.95,3.32,4.04,4.21,4.24,4.24,0.66,normal
2026-05-11 08:28:51,457,28.16,28.75,100216.55,345013.47,0.49,0.68,0.81,0.88,3.06,3.73,3.89,3.91,3.92,0.66,normal
2026-05-11 08:28:56,457,28.18,28.7,100218.23,344665.09,0.5,0.69,0.83,0.9,3.12,3.81,3.97,3.99,4,0.66,normal
2026-05-11 08:29:01,457,28.16,28.8,100216.69,340199.34,0.58,0.81,0.97,1.05,3.64,4.45,4.63,4.66,4.67,0.66,normal
2026-05-11 08:29:06,456,28.16,28.94,100218.44,336842.09,0.59,0.82,0.98,1.06,3.71,4.52,4.71,4.74,4.74,0.66,normal
2026-05-11 08:29:11,457,28.17,29.01,100215.21,337508.25,0.53,0.73,0.87,0.95,3.31,4.04,4.21,4.23,4.23,0.66,normal
2026-05-11 08:29:16,458,28.18,29.06,100222.8,333876.75,0.54,0.75,0.9,0.97,3.39,4.14,4.31,4.34,4.34,0.66,normal
2026-05-11 08:29:21,458,28.19,29.09,100228.17,331928.69,0.54,0.75,0.89,0.96,3.38,4.11,4.29,4.31,4.32,0.66,normal
2026-05-11 08:29:26,459,28.17,29.01,100227.61,338177,0.83,1.15,1.37,1.49,5.21,6.35,6.61,6.65,6.66,0.66,normal
2026-05-11 08:29:31,458,28.15,28.74,100214.91,339522.53,0.87,1.2,1.43,1.55,5.42,6.6,6.88,6.92,6.93,0.66,normal
2026-05-11 08:29:36,458,28.15,28.72,100218.84,338177,0.79,1.09,1.31,1.41,4.96,6.04,6.3,6.33,6.34,0.66,normal
2026-05-11 08:29:41,458,28.16,28.81,100219.26,334859.38,0.72,1,1.19,1.29,4.52,5.51,5.74,5.77,5.78,0.66,normal
2026-05-11 08:29:46,459,28.18,28.92,100220.53,334203.66,0.73,1,1.2,1.3,4.55,5.55,5.78,5.82,5.82,0.66,normal
2026-05-11 08:29:51,462,28.2,29.01,100224.53,333224.88,0.76,1.05,1.25,1.36,4.76,5.8,6.04,6.08,6.08,0.66,normal
2026-05-11 08:29:56,463,28.21,29.05,100222.64,333224.88,0.71,0.98,1.17,1.26,4.43,5.4,5.62,5.66,5.66,0.66,normal
2026-05-11 08:30:01,462,28.2,28.91,100222.24,338848.44,0.63,0.86,1.03,1.11,3.91,4.77,4.96,4.99,5,0.66,normal
2026-05-11 08:30:06,463,28.22,28.71,100222.52,336842.09,0.51,0.7,0.84,0.91,3.19,3.89,4.05,4.07,4.08,0.66,normal
2026-05-11 08:30:11,465,28.2,28.81,100220.39,335188.22,0.47,0.64,0.77,0.83,2.93,3.57,3.72,3.74,3.74,0.66,normal
2026-05-11 08:30:16,464,28.19,28.92,100221.73,334531.19,0.42,0.58,0.69,0.74,2.63,3.2,3.33,3.35,3.35,0.66,normal
2026-05-11 08:30:21,464,28.2,28.98,100220.6,334203.66,0.35,0.49,0.58,0.63,2.21,2.7,2.81,2.82,2.82,0.66,normal
2026-05-11 08:30:26,463,28.19,29.03,100222.1,332899.88,0.35,0.48,0.57,0.62,2.21,2.68,2.79,2.81,2.81,0.66,normal
2026-05-11 08:30:31,464,28.2,29.02,100223.34,333876.75,0.43,0.59,0.7,0.76,2.68,3.27,3.4,3.42,3.42,0.66,normal
2026-05-11 08:30:36,463,28.2,28.96,100220.9,331606.22,0.43,0.6,0.71,0.77,2.72,3.31,3.44,3.46,3.46,0.66,normal
2026-05-11 08:30:41,465,28.21,29.01,100219.49,331284.38,0.58,0.8,0.96,1.04,3.65,4.45,4.64,4.66,4.67,0.67,normal
2026-05-11 08:30:46,467,28.21,28.96,100221.22,332251.78,0.6,0.83,0.99,1.08,3.77,4.59,4.79,4.82,4.82,0.67,normal
2026-05-11 08:30:51,467,28.2,28.98,100220.31,331928.69,0.62,0.86,1.03,1.11,3.87,4.73,4.93,4.96,4.96,0.67,normal
2026-05-11 08:30:56,467,28.19,28.97,100215.76,331284.38,0.61,0.84,1,1.09,3.79,4.62,4.82,4.85,4.85,0.67,normal
2026-05-11 08:31:01,467,28.17,28.81,100219.33,332575.5,0.63,0.88,1.05,1.14,3.95,4.82,5.03,5.06,5.07,0.67,normal
2026-05-11 08:31:06,468,28.17,28.66,100223.31,333224.88,0.63,0.87,1.04,1.13,3.92,4.78,4.99,5.02,5.02,0.67,normal
2026-05-11 08:31:11,468,28.18,28.61,100224.7,332575.5,0.61,0.84,1.01,1.1,3.79,4.63,4.83,4.86,4.86,0.67,normal
2026-05-11 08:31:16,471,28.2,28.63,100227.4,330003.22,0.59,0.83,0.99,1.07,3.7,4.52,4.71,4.74,4.75,0.67,normal
2026-05-11 08:31:21,472,28.2,28.76,100223.62,329366.34,0.63,0.88,1.06,1.15,3.94,4.81,5.02,5.05,5.05,0.67,normal
2026-05-11 08:31:26,471,28.18,28.71,100224.1,322519.69,0.75,1.04,1.25,1.36,4.65,5.69,5.94,5.98,5.99,0.67,normal
2026-05-11 08:31:31,472,28.14,28.66,100222.95,324667.09,0.85,1.18,1.42,1.54,5.26,6.44,6.72,6.77,6.77,0.67,normal
2026-05-11 08:31:36,469,28.12,28.57,100225.69,323743.28,0.93,1.29,1.55,1.68,5.76,7.04,7.35,7.39,7.4,0.67,normal
2026-05-11 08:31:41,469,28.1,28.59,100223.64,324667.09,0.9,1.25,1.5,1.62,5.57,6.81,7.1,7.15,7.15,0.67,normal
2026-05-11 08:31:46,469,28.11,28.68,100222.45,325596.19,0.81,1.12,1.35,1.46,5.03,6.15,6.41,6.45,6.46,0.67,normal
2026-05-11 08:31:51,469,28.11,28.67,100224.31,325907.06,0.75,1.03,1.24,1.34,4.64,5.67,5.91,5.95,5.95,0.66,normal
2026-05-11 08:31:56,469,28.11,28.71,100224.97,328415.66,0.73,1,1.2,1.3,4.52,5.52,5.75,5.78,5.79,0.66,normal
2026-05-11 08:32:01,468,28.11,28.79,100225.59,328099.97,0.76,1.05,1.25,1.36,4.76,5.8,6.04,6.08,6.08,0.66,normal
2026-05-11 08:32:06,470,28.1,28.86,100225.99,327156.56,0.71,0.98,1.17,1.27,4.46,5.44,5.66,5.7,5.7,0.66,normal
2026-05-11 08:32:11,469,28.08,28.94,100226.92,327784.91,0.62,0.85,1.01,1.09,3.86,4.7,4.9,4.92,4.93,0.66,normal
2026-05-11 08:32:16,468,28.07,28.92,100225.76,327784.91,0.59,0.8,0.96,1.04,3.67,4.47,4.65,4.68,4.68,0.66,normal
2026-05-11 08:32:21,470,28.06,28.81,100226.85,327784.91,0.61,0.84,1,1.09,3.85,4.68,4.88,4.9,4.91,0.66,normal
2026-05-11 08:32:26,470,28.05,28.8,100227.05,330642.56,0.65,0.9,1.07,1.16,4.08,4.96,5.17,5.2,5.21,0.66,normal
2026-05-11 08:32:31,471,28.08,28.84,100231.65,331928.69,0.66,0.91,1.09,1.18,4.12,5.02,5.24,5.27,5.27,0.66,normal
2026-05-11 08:32:37,470,28.1,28.9,100230.76,331284.38,0.69,0.96,1.15,1.24,4.33,5.28,5.51,5.54,5.54,0.66,normal
2026-05-11 08:32:42,470,28.11,28.94,100230.52,330003.22,0.64,0.89,1.06,1.16,4.01,4.89,5.1,5.13,5.13,0.66,normal
2026-05-11 08:32:47,469,28.1,28.8,100228.64,327470.41,0.6,0.84,1,1.09,3.76,4.59,4.79,4.82,4.82,0.66,normal
2026-05-11 08:32:52,469,28.1,28.68,100225.88,329366.34,0.62,0.86,1.02,1.11,3.85,4.7,4.9,4.93,4.93,0.66,normal
2026-05-11 08:32:57,470,28.09,28.67,100225.31,330322.59,0.59,0.82,0.98,1.07,3.7,4.52,4.71,4.74,4.74,0.66,normal
2026-05-11 08:33:02,470,28.1,28.73,100226.07,328099.97,0.58,0.8,0.96,1.04,3.61,4.4,4.59,4.62,4.62,0.66,normal
2026-05-11 08:33:07,470,28.08,28.69,100226.21,329366.34,0.62,0.85,1.02,1.1,3.84,4.68,4.88,4.91,4.91,0.66,normal
2026-05-11 08:33:12,469,28.08,28.64,100226.09,328731.94,0.62,0.86,1.03,1.12,3.89,4.74,4.95,4.98,4.98,0.66,normal
2026-05-11 08:33:17,470,28.09,28.66,100225.12,330003.22,0.62,0.86,1.03,1.11,3.89,4.74,4.94,4.97,4.98,0.66,normal
2026-05-11 08:33:22,468,28.09,28.84,100225.72,331284.38,0.68,0.94,1.13,1.22,4.25,5.18,5.41,5.44,5.44,0.67,normal
2026-05-11 08:33:27,471,28.09,29.02,100226.27,331284.38,0.61,0.84,1.01,1.1,3.79,4.63,4.83,4.86,4.86,0.67,normal
2026-05-11 08:33:32,471,28.08,29.11,100227.09,330963.16,0.6,0.84,1,1.08,3.75,4.58,4.78,4.8,4.81,0.67,normal
2026-05-11 08:33:37,472,28.07,29.17,100229.84,332575.5,0.66,0.92,1.1,1.2,4.14,5.05,5.27,5.3,5.31,0.67,normal
2026-05-11 08:33:42,471,28.08,29.15,100227.98,333224.88,0.68,0.95,1.13,1.23,4.24,5.18,5.4,5.44,5.44,0.67,normal
2026-05-11 08:33:47,471,28.09,29.04,100229.96,332251.78,0.67,0.93,1.12,1.22,4.18,5.11,5.33,5.36,5.37,0.67,normal
2026-05-11 08:33:52,471,28.09,28.93,100234.83,333224.88,0.64,0.89,1.07,1.16,3.99,4.88,5.09,5.12,5.13,0.67,normal
2026-05-11 08:33:57,473,28.09,28.89,100233.07,330963.16,0.57,0.8,0.96,1.04,3.57,4.36,4.55,4.58,4.59,0.67,normal
2026-05-11 08:34:02,472,28.07,28.86,100227,331284.38,0.57,0.79,0.95,1.03,3.54,4.33,4.52,4.54,4.55,0.67,normal
2026-05-11 08:34:07,473,28.05,28.81,100223.48,330642.56,0.66,0.91,1.1,1.19,4.07,4.98,5.2,5.23,5.24,0.67,normal
2026-05-11 08:34:12,476,28.03,28.83,100224.27,330642.56,0.68,0.95,1.15,1.24,4.24,5.19,5.41,5.45,5.45,0.67,normal
2026-05-11 08:34:17,472,28.03,28.86,100222.86,331606.22,0.66,0.93,1.11,1.21,4.1,5.02,5.24,5.28,5.28,0.67,normal
2026-05-11 08:34:22,471,28.05,28.89,100224.85,331928.69,0.65,0.92,1.1,1.2,4.05,4.96,5.18,5.22,5.22,0.67,normal
2026-05-11 08:34:27,469,28.07,29.02,100226.37,331284.38,0.63,0.88,1.06,1.15,3.9,4.78,4.99,5.02,5.03,0.67,normal
2026-05-11 08:34:32,469,28.08,29.04,100225.31,331284.38,0.55,0.77,0.93,1.01,3.41,4.17,4.36,4.39,4.39,0.67,normal
2026-05-11 08:34:37,471,28.09,28.99,100223.89,332251.78,0.48,0.67,0.8,0.87,2.94,3.61,3.77,3.79,3.8,0.67,normal
2026-05-11 08:34:42,469,28.1,28.87,100224.26,332575.5,0.45,0.63,0.76,0.82,2.78,3.41,3.56,3.59,3.59,0.67,normal
2026-05-11 08:34:47,469,28.08,28.83,100229.98,331284.38,0.38,0.54,0.65,0.7,2.37,2.91,3.04,3.06,3.06,0.67,normal
2026-05-11 08:34:52,468,28.06,28.79,100230.84,333224.88,0.37,0.51,0.62,0.67,2.26,2.77,2.9,2.92,2.92,0.67,normal
2026-05-11 08:34:57,469,28.05,28.88,100225.96,333224.88,0.36,0.51,0.61,0.66,2.24,2.75,2.87,2.89,2.89,0.67,normal
2026-05-11 08:35:02,469,28.04,28.85,100224.95,332251.78,0.34,0.48,0.58,0.63,2.13,2.61,2.73,2.75,2.75,0.67,normal
2026-05-11 08:35:07,467,28.03,28.8,100220.97,333550.5,0.35,0.49,0.59,0.64,2.16,2.65,2.77,2.79,2.79,0.67,normal
2026-05-11 08:35:12,467,28.02,28.7,100221.48,332899.88,0.4,0.56,0.67,0.73,2.48,3.03,3.17,3.19,3.19,0.67,normal
2026-05-11 08:35:17,467,28.02,28.73,100227.42,332899.88,0.55,0.77,0.93,1.01,3.43,4.21,4.39,4.42,4.42,0.67,normal
2026-05-11 08:35:22,467,28.03,28.79,100229.55,332251.78,0.54,0.76,0.91,0.99,3.35,4.11,4.29,4.32,4.32,0.67,normal
2026-05-11 08:35:27,467,28.05,28.72,100227.72,332251.78,0.53,0.74,0.89,0.97,3.29,4.03,4.21,4.24,4.24,0.67,normal
2026-05-11 08:35:32,468,28.04,28.66,100226.68,332899.88,0.48,0.67,0.8,0.87,2.95,3.62,3.78,3.8,3.8,0.67,normal
2026-05-11 08:35:37,468,28.03,28.76,100224.88,333224.88,0.45,0.63,0.76,0.83,2.8,3.43,3.59,3.61,3.61,0.67,normal
2026-05-11 08:35:42,466,28.02,28.87,100227.42,333224.88,0.4,0.57,0.68,0.74,2.5,3.07,3.2,3.22,3.23,0.67,normal
2026-05-11 08:35:47,465,28.01,28.83,100228.98,333224.88,0.42,0.58,0.7,0.76,2.57,3.15,3.29,3.31,3.31,0.67,normal
2026-05-11 08:35:52,464,28.02,28.91,100226.12,331606.22,0.42,0.59,0.71,0.78,2.63,3.22,3.36,3.38,3.38,0.67,normal
2026-05-11 08:35:57,464,28.03,28.87,100228.8,331284.38,0.46,0.64,0.77,0.84,2.83,3.46,3.62,3.64,3.64,0.67,normal
2026-05-11 08:36:02,462,28.03,28.94,100227.95,330322.59,0.53,0.74,0.89,0.97,3.27,4.01,4.19,4.22,4.22,0.67,normal
2026-05-11 08:36:07,463,28.02,28.79,100227.76,332899.88,0.63,0.88,1.06,1.15,3.88,4.76,4.97,5,5.01,0.67,normal
2026-05-11 08:36:12,463,27.99,28.82,100229.37,333550.5,0.62,0.87,1.05,1.14,3.83,4.7,4.91,4.94,4.94,0.67,normal
2026-05-11 08:36:17,463,27.99,28.85,100232.98,333224.88,0.57,0.8,0.96,1.04,3.51,4.3,4.49,4.52,4.53,0.67,normal
2026-05-11 08:36:22,463,27.99,28.95,100232.49,331284.38,0.51,0.71,0.86,0.93,3.14,3.85,4.02,4.05,4.05,0.67,normal
2026-05-11 08:36:27,463,28.01,29.03,100228.21,330642.56,0.52,0.72,0.87,0.95,3.19,3.91,4.09,4.11,4.12,0.67,normal
2026-05-11 08:36:32,465,28.01,28.97,100231.32,332251.78,0.54,0.76,0.91,0.99,3.35,4.1,4.29,4.31,4.32,0.67,normal
2026-05-11 08:36:37,464,28.01,28.84,100229.81,331606.22,0.56,0.79,0.95,1.03,3.49,4.28,4.47,4.49,4.5,0.67,normal
2026-05-11 08:36:42,465,28,28.9,100227.97,329684.47,0.64,0.89,1.07,1.17,3.94,4.83,5.05,5.08,5.09,0.67,normal
2026-05-11 08:36:47,467,28,28.95,100228.82,330642.56,0.7,0.98,1.18,1.28,4.3,5.27,5.51,5.54,5.55,0.67,normal
2026-05-11 08:36:52,466,28.03,29.03,100230.6,328731.94,0.75,1.06,1.28,1.4,4.66,5.72,5.98,6.02,6.03,0.67,normal
2026-05-11 08:36:57,467,28.05,29.05,100229.2,329366.34,0.68,0.97,1.17,1.27,4.22,5.19,5.43,5.46,5.47,0.67,normal
2026-05-11 08:37:02,468,28.06,28.98,100229.7,330003.22,0.62,0.88,1.06,1.16,3.83,4.71,4.93,4.96,4.96,0.67,normal
2026-05-11 08:37:07,468,28.06,28.92,100230.86,330003.22,0.68,0.97,1.17,1.28,4.2,5.17,5.41,5.44,5.45,0.67,normal
2026-05-11 08:37:12,467,28.06,28.97,100230.84,329366.34,0.7,0.99,1.2,1.31,4.27,5.26,5.51,5.55,5.55,0.67,normal
2026-05-11 08:37:17,468,28.06,28.87,100230.8,331284.38,0.72,1.02,1.24,1.35,4.4,5.42,5.67,5.71,5.72,0.67,normal
2026-05-11 08:37:22,467,28.08,28.85,100229.95,330003.22,0.65,0.92,1.12,1.22,3.97,4.89,5.13,5.16,5.16,0.67,normal
2026-05-11 08:37:27,469,28.06,28.71,100228.71,334203.66,0.61,0.87,1.06,1.16,3.74,4.61,4.83,4.87,4.87,0.68,normal
2026-05-11 08:37:32,470,28.04,28.57,100230.35,333224.88,0.55,0.78,0.95,1.04,3.35,4.13,4.33,4.36,4.37,0.68,normal
2026-05-11 08:37:37,471,28.04,28.63,100232.66,330322.59,0.53,0.76,0.93,1.02,3.26,4.03,4.22,4.25,4.26,0.68,normal
2026-05-11 08:37:42,472,28.04,28.72,100232.08,331606.22,0.51,0.73,0.89,0.97,3.11,3.84,4.03,4.05,4.06,0.68,normal
2026-05-11 08:37:47,472,28.05,28.7,100231.48,332251.78,0.54,0.78,0.95,1.04,3.33,4.11,4.32,4.35,4.35,0.68,normal
2026-05-11 08:37:52,472,28.01,28.74,100232.51,333550.5,0.58,0.83,1.02,1.11,3.54,4.38,4.6,4.63,4.63,0.68,normal
2026-05-11 08:37:57,473,28,28.86,100228.67,333550.5,0.56,0.81,0.99,1.09,3.44,4.26,4.47,4.51,4.51,0.68,normal
2026-05-11 08:38:02,473,27.98,28.81,100228.28,335188.22,0.55,0.8,0.97,1.06,3.35,4.16,4.36,4.4,4.4,0.68,normal
2026-05-11 08:38:07,474,27.97,28.77,100234.4,333876.75,0.5,0.72,0.88,0.96,3.02,3.74,3.93,3.96,3.97,0.68,normal
2026-05-11 08:38:12,476,27.99,28.81,100234.09,332899.88,0.58,0.84,1.03,1.13,3.54,4.39,4.62,4.65,4.65,0.68,normal
2026-05-11 08:38:17,474,27.99,28.83,100233.25,330642.56,0.57,0.82,1.01,1.1,3.47,4.3,4.51,4.55,4.55,0.68,normal
2026-05-11 08:38:22,475,28,28.91,100234.23,328731.94,0.61,0.89,1.08,1.18,3.74,4.63,4.86,4.89,4.9,0.67,normal
2026-05-11 08:38:27,478,27.99,28.87,100231.48,332251.78,0.64,0.92,1.12,1.23,3.89,4.81,5.05,5.09,5.09,0.68,normal
2026-05-11 08:38:32,480,28.01,28.85,100232.2,330642.56,0.72,1.04,1.27,1.39,4.39,5.44,5.71,5.75,5.76,0.68,normal
2026-05-11 08:38:38,481,27.99,28.76,100232.15,333550.5,0.84,1.21,1.48,1.62,5.11,6.33,6.65,6.69,6.7,0.68,normal
2026-05-11 08:38:43,483,27.95,28.66,100230.19,332899.88,0.9,1.29,1.58,1.73,5.45,6.75,7.09,7.14,7.15,0.68,normal
2026-05-11 08:38:48,483,27.97,28.68,100229.27,333876.75,0.89,1.28,1.57,1.71,5.43,6.72,7.05,7.1,7.11,0.68,normal
2026-05-11 08:38:53,485,27.97,28.69,100228.91,332251.78,0.83,1.2,1.46,1.6,5.06,6.27,6.58,6.63,6.63,0.68,normal
2026-05-11 08:38:58,486,27.96,28.74,100230.77,333224.88,1.01,1.46,1.78,1.95,6.17,7.64,8.02,8.08,8.09,0.68,normal
2026-05-11 08:39:03,485,27.96,28.8,100229.15,334203.66,1.13,1.62,1.98,2.16,6.87,8.5,8.92,8.98,8.99,0.68,normal
2026-05-11 08:39:08,485,27.96,28.75,100228.79,333550.5,1,1.44,1.75,1.92,6.11,7.56,7.93,7.99,7.99,0.68,normal
2026-05-11 08:39:13,485,27.98,28.76,100229.77,328731.94,0.95,1.36,1.66,1.81,5.79,7.16,7.51,7.56,7.57,0.68,normal
2026-05-11 08:39:18,486,27.99,28.94,100228.21,325285.91,0.86,1.23,1.5,1.64,5.27,6.51,6.82,6.87,6.88,0.68,normal
2026-05-11 08:39:23,485,27.99,29.08,100225,321305.31,0.72,1.02,1.25,1.36,4.37,5.4,5.67,5.7,5.71,0.68,normal
2026-05-11 08:39:28,483,28,29.23,100226.06,320701.53,0.64,0.91,1.11,1.22,3.91,4.83,5.06,5.1,5.1,0.68,normal
2026-05-11 08:39:33,482,28.01,29.28,100225.42,320400.5,0.71,1.02,1.25,1.36,4.37,5.4,5.66,5.7,5.7,0.68,normal
2026-05-11 08:39:38,482,28.01,29.31,100224.13,320400.5,0.66,0.95,1.16,1.26,4.04,4.99,5.24,5.27,5.28,0.68,normal
2026-05-11 08:39:43,482,28.03,29.19,100224.12,324976.19,0.62,0.89,1.08,1.18,3.76,4.66,4.89,4.92,4.93,0.68,normal
2026-05-11 08:39:48,481,28.05,29.09,100225.53,323743.28,0.65,0.93,1.14,1.24,3.94,4.87,5.12,5.15,5.16,0.69,normal
2026-05-11 08:39:53,481,28.07,29.13,100228.62,323436.5,0.7,1.01,1.23,1.35,4.25,5.27,5.53,5.57,5.58,0.69,normal
2026-05-11 08:39:58,480,28.07,29.13,100227.67,324358.56,0.67,0.97,1.19,1.3,4.08,5.05,5.31,5.35,5.35,0.69,normal
2026-05-11 08:40:03,481,28.07,28.99,100227.67,326530.62,0.68,0.98,1.2,1.32,4.12,5.12,5.38,5.42,5.42,0.69,normal
2026-05-11 08:40:08,480,28.06,28.82,100227,328731.94,0.6,0.87,1.07,1.17,3.66,4.54,4.77,4.81,4.81,0.69,normal
2026-05-11 08:40:13,481,28.08,28.73,100224.34,324667.09,0.62,0.91,1.11,1.22,3.78,4.69,4.93,4.97,4.97,0.69,normal
2026-05-11 08:40:18,482,28.09,28.84,100226.19,323130.31,0.68,0.99,1.22,1.33,4.13,5.13,5.39,5.43,5.44,0.7,normal
2026-05-11 08:40:23,481,28.1,28.89,100227.57,321911.34,0.72,1.05,1.29,1.42,4.38,5.45,5.73,5.77,5.78,0.7,normal
2026-05-11 08:40:28,481,28.11,28.95,100227.1,321911.34,0.8,1.17,1.44,1.58,4.84,6.03,6.34,6.39,6.39,0.7,normal
2026-05-11 08:40:33,481,28.12,29.01,100227.04,321305.31,0.8,1.17,1.44,1.58,4.84,6.03,6.34,6.39,6.4,0.7,normal
2026-05-11 08:40:38,482,28.11,29.09,100226.36,319800.12,0.74,1.09,1.34,1.47,4.47,5.57,5.87,5.91,5.92,0.7,normal
2026-05-11 08:40:43,484,28.11,29.19,100227.48,321911.34,0.67,0.99,1.21,1.33,4.06,5.06,5.32,5.36,5.37,0.7,normal
2026-05-11 08:40:48,485,28.1,29.15,100227.78,324050.62,0.59,0.87,1.07,1.17,3.58,4.46,4.69,4.73,4.73,0.7,normal
2026-05-11 08:40:53,485,28.1,29.01,100228.7,327156.56,0.63,0.92,1.14,1.25,3.82,4.76,5.01,5.04,5.05,0.7,normal
2026-05-11 08:40:58,486,28.08,28.97,100227.35,324976.19,0.69,1.01,1.23,1.35,4.17,5.18,5.45,5.49,5.5,0.7,normal
2026-05-11 08:41:03,488,28.09,29.03,100229.44,324050.62,0.72,1.06,1.3,1.42,4.37,5.44,5.72,5.77,5.77,0.7,normal
2026-05-11 08:41:08,490,28.09,29.07,100230.5,321911.34,0.66,0.97,1.19,1.31,4.01,4.99,5.25,5.29,5.3,0.7,normal
2026-05-11 08:41:13,490,28.12,29.11,100229.57,321911.34,0.61,0.9,1.1,1.21,3.72,4.63,4.87,4.9,4.91,0.7,normal
2026-05-11 08:41:18,490,28.13,29.13,100232.55,321003.12,0.66,0.96,1.18,1.29,3.97,4.95,5.2,5.24,5.25,0.7,normal
2026-05-11 08:41:23,490,28.14,29.19,100233.3,320100.03,0.69,1.01,1.25,1.37,4.2,5.23,5.5,5.54,5.54,0.7,normal
2026-05-11 08:41:28,490,28.13,29.04,100229.99,324976.19,0.7,1.02,1.25,1.37,4.21,5.24,5.51,5.55,5.56,0.7,normal
2026-05-11 08:41:33,490,28.13,28.98,100232.34,323130.31,0.62,0.91,1.12,1.22,3.77,4.69,4.93,4.97,4.97,0.7,normal
2026-05-11 08:41:38,489,28.11,28.99,100231.45,322824.72,0.52,0.76,0.93,1.03,3.16,3.93,4.14,4.17,4.17,0.7,normal
2026-05-11 08:41:43,489,28.12,29.04,100232.09,322824.72,0.47,0.69,0.84,0.92,2.86,3.55,3.73,3.76,3.77,0.69,normal
2026-05-11 08:41:48,487,28.13,29.05,100229.48,323130.31,0.46,0.67,0.82,0.9,2.8,3.47,3.65,3.68,3.68,0.7,normal
2026-05-11 08:41:53,489,28.11,29.05,100230.99,321911.34,0.52,0.76,0.93,1.02,3.15,3.92,4.12,4.15,4.16,0.7,normal
2026-05-11 08:41:58,491,28.09,29.09,100231.39,320400.5,0.58,0.84,1.03,1.13,3.5,4.35,4.57,4.61,4.61,0.7,normal
2026-05-11 08:42:03,490,28.07,29.1,100231.74,323130.31,0.64,0.94,1.15,1.26,3.88,4.83,5.09,5.12,5.13,0.7,normal
2026-05-11 08:42:08,491,28.08,28.98,100231.19,322519.69,0.6,0.87,1.08,1.18,3.61,4.49,4.73,4.77,4.77,0.7,normal
2026-05-11 08:42:13,490,28.1,29.01,100228.67,321305.31,0.55,0.81,0.99,1.09,3.32,4.13,4.35,4.38,4.39,0.7,normal
2026-05-11 08:42:18,489,28.1,29.1,100226.92,319800.12,0.58,0.85,1.04,1.15,3.48,4.34,4.57,4.61,4.61,0.7,normal
2026-05-11 08:42:23,486,28.1,29.1,100230.28,322824.72,0.61,0.89,1.09,1.2,3.65,4.55,4.79,4.83,4.83,0.7,normal
2026-05-11 08:42:28,485,28.1,29.07,100231.69,323130.31,0.6,0.87,1.07,1.18,3.6,4.48,4.72,4.75,4.76,0.7,normal
2026-05-11 08:42:33,486,28.1,29.09,100231.88,319500.78,0.62,0.91,1.12,1.23,3.74,4.66,4.91,4.95,4.95,0.7,normal
2026-05-11 08:42:38,487,28.09,29.17,100230.49,319202,0.75,1.1,1.35,1.48,4.53,5.64,5.94,5.98,5.99,0.7,normal
2026-05-11 08:42:43,487,28.07,29.12,100231.37,324976.19,0.72,1.05,1.29,1.42,4.34,5.4,5.69,5.73,5.74,0.7,normal
2026-05-11 08:42:48,488,28.08,29.05,100230.62,324976.19,0.66,0.97,1.19,1.3,3.98,4.96,5.22,5.26,5.27,0.7,normal
2026-05-11 08:42:53,487,28.08,29.1,100228.91,322215.22,0.66,0.96,1.18,1.3,3.98,4.95,5.21,5.25,5.26,0.7,normal
2026-05-11 08:42:58,489,28.08,29.19,100227.73,321608.03,0.78,1.14,1.41,1.54,4.7,5.86,6.17,6.22,6.22,0.7,normal
2026-05-11 08:43:03,490,28.06,29.23,100225.62,319500.78,0.83,1.22,1.5,1.65,5,6.23,6.56,6.61,6.62,0.7,normal
2026-05-11 08:43:08,488,28.05,29.29,100226.04,319800.12,0.83,1.22,1.51,1.66,5.01,6.25,6.58,6.63,6.64,0.7,normal
2026-05-11 08:43:13,486,28.04,29.3,100226.48,320701.53,0.75,1.1,1.36,1.49,4.48,5.6,5.9,5.95,5.95,0.7,normal
2026-05-11 08:43:18,486,28.04,29.19,100225.7,321305.31,0.67,1,1.23,1.36,4.05,5.06,5.34,5.38,5.39,0.7,normal
2026-05-11 08:43:23,487,28.07,29.18,100227.76,318606.09,0.7,1.04,1.29,1.42,4.22,5.28,5.57,5.62,5.62,0.71,normal
2026-05-11 08:43:28,487,28.06,29.28,100227.04,318012.44,0.74,1.09,1.36,1.49,4.41,5.52,5.83,5.87,5.88,0.71,normal
2026-05-11 08:43:33,487,28.05,29.41,100224.83,318012.44,0.75,1.11,1.38,1.52,4.46,5.6,5.91,5.96,5.96,0.71,normal
2026-05-11 08:43:38,488,28.06,29.47,100223.48,319202,0.79,1.18,1.47,1.62,4.72,5.93,6.26,6.31,6.32,0.72,normal
2026-05-11 08:43:43,489,28.05,29.35,100221.59,325596.19,0.76,1.14,1.42,1.56,4.54,5.7,6.03,6.07,6.08,0.71,normal
2026-05-11 08:43:48,490,28.05,29.22,100223.59,326843.28,0.73,1.09,1.36,1.5,4.33,5.45,5.76,5.8,5.81,0.71,normal
2026-05-11 08:43:53,490,28.03,29.18,100224.21,324976.19,0.77,1.16,1.44,1.59,4.6,5.78,6.11,6.16,6.17,0.71,normal
2026-05-11 08:43:58,490,28.04,29.01,100228.19,329048.84,0.71,1.07,1.33,1.47,4.24,5.33,5.63,5.68,5.69,0.71,normal
2026-05-11 08:44:03,491,28.03,28.79,100228.69,327784.91,0.63,0.95,1.19,1.31,3.77,4.74,5.02,5.06,5.06,0.71,normal
2026-05-11 08:44:08,493,28.04,28.79,100227.64,324976.19,1.19,1.79,2.24,2.47,7.08,8.91,9.43,9.51,9.52,0.72,normal
2026-05-11 08:44:13,494,28.06,28.95,100225.72,320100.03,1.22,1.83,2.28,2.51,7.23,9.09,9.62,9.7,9.71,0.71,normal
2026-05-11 08:44:18,494,28.06,29.19,100225.9,318012.44,1.08,1.62,2.02,2.23,6.43,8.09,8.56,8.63,8.64,0.71,normal
2026-05-11 08:44:23,494,28.07,29.31,100226.86,323743.28,0.95,1.42,1.77,1.95,5.64,7.08,7.49,7.55,7.56,0.71,normal
2026-05-11 08:44:28,495,28.04,29.2,100225.64,324976.19,0.95,1.43,1.78,1.96,5.65,7.1,7.51,7.57,7.58,0.72,normal
2026-05-11 08:44:34,496,28.02,29.2,100228.43,325907.06,0.88,1.32,1.64,1.81,5.21,6.56,6.94,7,7,0.72,normal
2026-05-11 08:44:39,497,28.01,29.14,100229.15,324358.56,0.8,1.2,1.49,1.64,4.73,5.95,6.29,6.35,6.35,0.72,normal
2026-05-11 08:44:44,498,28.04,29.19,100226.01,321608.03,0.7,1.06,1.32,1.45,4.18,5.26,5.56,5.61,5.61,0.72,normal
2026-05-11 08:44:49,498,28.01,29.34,100226.91,318903.78,0.73,1.1,1.38,1.52,4.34,5.47,5.79,5.83,5.84,0.72,normal
2026-05-11 08:44:54,497,28.02,29.49,100228.68,319202,0.72,1.09,1.36,1.5,4.26,5.37,5.69,5.73,5.74,0.72,normal
2026-05-11 08:44:59,495,28.02,29.54,100233.98,318903.78,0.68,1.03,1.29,1.43,4.04,5.1,5.4,5.45,5.46,0.72,normal
2026-05-11 08:45:04,496,28.04,29.49,100236.35,321911.34,0.63,0.95,1.19,1.31,3.71,4.68,4.95,5,5,0.72,normal
2026-05-11 08:45:09,497,28.05,29.34,100228.48,321911.34,0.59,0.9,1.13,1.24,3.5,4.43,4.69,4.73,4.74,0.73,normal
2026-05-11 08:45:14,495,28.03,29.33,100233.9,322519.69,0.59,0.9,1.13,1.25,3.5,4.43,4.69,4.73,4.74,0.73,normal
2026-05-11 08:45:19,494,28.02,29.27,100224.99,325907.06,0.61,0.92,1.16,1.28,3.57,4.51,4.79,4.83,4.83,0.73,normal
2026-05-11 08:45:24,497,28.02,29.13,100226.55,326218.53,0.65,1,1.25,1.39,3.85,4.87,5.17,5.21,5.22,0.73,normal
2026-05-11 08:45:29,495,28.02,29.11,100224.27,323743.28,0.67,1.02,1.28,1.42,3.94,4.98,5.29,5.33,5.34,0.73,normal
2026-05-11 08:45:34,495,28.01,29.2,100223.27,323436.5,0.61,0.93,1.17,1.29,3.6,4.56,4.83,4.87,4.88,0.73,normal
2026-05-11 08:45:39,496,28.02,29.3,100226.93,320400.5,0.63,0.96,1.2,1.33,3.7,4.68,4.97,5.01,5.01,0.73,normal
2026-05-11 08:45:44,498,28.02,29.38,100225.59,321003.12,0.7,1.07,1.35,1.49,4.13,5.24,5.55,5.6,5.61,0.73,normal
2026-05-11 08:45:49,499,28.03,29.29,100231.91,322824.72,0.71,1.08,1.36,1.51,4.16,5.27,5.6,5.64,5.65,0.73,normal
2026-05-11 08:45:54,501,28.03,29.34,100232.13,321911.34,0.66,1.02,1.28,1.41,3.89,4.93,5.23,5.28,5.29,0.73,normal
2026-05-11 08:45:59,500,28.02,29.25,100229.48,326530.62,0.65,0.99,1.25,1.38,3.79,4.81,5.11,5.16,5.16,0.74,normal
2026-05-11 08:46:04,501,28,29.21,100227.66,325596.19,0.63,0.96,1.21,1.34,3.67,4.66,4.95,4.99,5,0.74,normal
2026-05-11 08:46:09,499,28,29.26,100226.52,322824.72,0.66,1.02,1.29,1.42,3.86,4.91,5.22,5.27,5.27,0.74,normal
2026-05-11 08:46:14,500,27.99,29.41,100230.94,322215.22,0.67,1.03,1.3,1.44,3.89,4.96,5.27,5.32,5.33,0.74,normal
2026-05-11 08:46:19,502,27.99,29.53,100230.4,323743.28,0.59,0.92,1.16,1.28,3.45,4.4,4.68,4.72,4.72,0.74,normal
2026-05-11 08:46:24,503,28.01,29.23,100223.46,325907.06,0.58,0.9,1.14,1.26,3.4,4.34,4.61,4.65,4.66,0.74,normal
2026-05-11 08:46:29,504,28.02,29.22,100227.14,321305.31,0.64,0.98,1.24,1.37,3.71,4.72,5.02,5.07,5.08,0.74,normal
2026-05-11 08:46:34,503,28.03,29.36,100232.95,319500.78,0.61,0.95,1.2,1.33,3.59,4.57,4.86,4.9,4.91,0.74,normal
2026-05-11 08:46:39,503,28.01,29.39,100230.75,321911.34,0.61,0.93,1.18,1.3,3.54,4.5,4.78,4.83,4.83,0.74,normal
2026-05-11 08:46:44,502,28.01,29.38,100226.82,321305.31,0.58,0.89,1.13,1.25,3.4,4.32,4.59,4.63,4.64,0.73,normal
2026-05-11 08:46:49,500,28.02,29.31,100225.06,323130.31,0.56,0.86,1.08,1.2,3.27,4.16,4.42,4.46,4.46,0.74,normal
2026-05-11 08:46:54,500,28.02,29.29,100227.37,325596.19,0.76,1.17,1.47,1.63,4.43,5.62,5.98,6.03,6.04,0.74,normal
2026-05-11 08:46:59,499,28.01,29.18,100233.05,326218.53,0.98,1.52,1.91,2.12,5.72,7.28,7.74,7.81,7.82,0.74,normal
2026-05-11 08:47:04,501,28,29.01,100233.46,327784.91,0.99,1.54,1.94,2.15,5.77,7.35,7.82,7.89,7.9,0.74,normal
2026-05-11 08:47:09,501,28.02,29.04,100228.37,326218.53,0.94,1.46,1.85,2.05,5.48,6.99,7.44,7.51,7.52,0.74,normal
2026-05-11 08:47:14,503,28.01,29.03,100230.41,327470.41,0.89,1.39,1.75,1.94,5.2,6.63,7.05,7.12,7.13,0.74,normal
2026-05-11 08:47:19,502,27.98,29.07,100232.79,325285.91,0.84,1.31,1.65,1.83,4.91,6.26,6.66,6.72,6.73,0.74,normal
2026-05-11 08:47:24,501,27.95,29.23,100229.62,323743.28,0.83,1.28,1.62,1.79,4.81,6.13,6.52,6.58,6.59,0.74,normal
2026-05-11 08:47:29,502,27.94,29.27,100229.05,325907.06,0.99,1.54,1.95,2.16,5.75,7.33,7.81,7.88,7.89,0.75,normal
2026-05-11 08:47:34,502,27.95,29.31,100229.6,324050.62,1.03,1.6,2.03,2.26,5.97,7.62,8.12,8.19,8.21,0.75,normal
2026-05-11 08:47:39,502,27.97,29.28,100229.38,325596.19,0.98,1.54,1.95,2.16,5.71,7.29,7.77,7.84,7.85,0.75,normal
2026-05-11 08:47:44,503,27.95,29.11,100228.69,329048.84,0.89,1.39,1.76,1.95,5.17,6.61,7.04,7.1,7.11,0.74,normal
2026-05-11 08:47:49,503,27.95,29.02,100228.11,329366.34,0.79,1.24,1.56,1.74,4.61,5.88,6.27,6.32,6.33,0.74,normal
2026-05-11 08:47:54,503,27.95,29.03,100228.44,329048.84,0.71,1.1,1.4,1.55,4.12,5.25,5.6,5.65,5.65,0.75,normal
2026-05-11 08:47:59,503,27.96,29.06,100228.52,331606.22,0.59,0.93,1.17,1.3,3.45,4.41,4.69,4.74,4.74,0.75,normal
2026-05-11 08:48:04,504,27.97,29.07,100227.91,331928.69,0.52,0.81,1.03,1.14,3.03,3.87,4.12,4.16,4.16,0.75,normal
2026-05-11 08:48:09,503,27.98,29.11,100229.3,331606.22,0.46,0.71,0.9,1,2.67,3.4,3.62,3.66,3.66,0.75,normal
2026-05-11 08:48:14,504,27.98,29.09,100230.62,329366.34,0.41,0.63,0.8,0.88,2.37,3.02,3.21,3.24,3.24,0.74,normal
2026-05-11 08:48:19,504,27.98,29.12,100234.66,329684.47,0.38,0.59,0.75,0.83,2.23,2.84,3.02,3.05,3.05,0.74,normal
2026-05-11 08:48:24,504,27.98,29.04,100237.22,328731.94,0.41,0.64,0.81,0.9,2.42,3.08,3.28,3.31,3.31,0.75,normal
2026-05-11 08:48:29,506,28.01,29,100233.91,327470.41,0.54,0.85,1.07,1.19,3.15,4.02,4.29,4.32,4.33,0.75,normal
2026-05-11 08:48:34,504,28.02,29.05,100234.46,324667.09,0.63,0.99,1.25,1.39,3.68,4.7,5,5.05,5.05,0.74,normal
2026-05-11 08:48:39,505,28.03,29.09,100231.51,324358.56,0.65,1.02,1.29,1.43,3.8,4.85,5.16,5.21,5.22,0.75,normal
2026-05-11 08:48:44,506,28.03,29.09,100235.85,324667.09,0.65,1.02,1.29,1.43,3.8,4.85,5.17,5.21,5.22,0.74,normal
2026-05-11 08:48:49,505,28.03,29.04,100234.1,325907.06,0.64,0.99,1.25,1.39,3.69,4.71,5.02,5.06,5.07,0.75,normal
2026-05-11 08:48:54,503,28.03,29.07,100234.47,324667.09,0.71,1.1,1.39,1.55,4.13,5.26,5.6,5.65,5.66,0.74,normal
2026-05-11 08:48:59,502,28.02,29.11,100231.03,325285.91,0.68,1.05,1.33,1.47,3.95,5.03,5.35,5.4,5.41,0.74,normal
2026-05-11 08:49:04,502,28.02,29.15,100232.23,324976.19,0.71,1.1,1.39,1.54,4.16,5.29,5.63,5.68,5.69,0.74,normal
2026-05-11 08:49:09,501,28.01,29.12,100231.25,324358.56,0.65,1.01,1.27,1.41,3.83,4.87,5.18,5.22,5.23,0.74,normal
2026-05-11 08:49:14,503,27.99,29.08,100231.44,325285.91,0.69,1.06,1.34,1.48,4.04,5.13,5.46,5.5,5.51,0.73,normal
2026-05-11 08:49:19,502,28,28.91,100230.73,327784.91,0.69,1.06,1.33,1.47,4.03,5.12,5.43,5.48,5.49,0.74,normal
2026-05-11 08:49:24,502,28.01,28.86,100230.37,325596.19,0.65,1,1.26,1.4,3.81,4.84,5.14,5.19,5.19,0.74,normal
2026-05-11 08:49:29,501,28.01,28.83,100231.08,322519.69,0.63,0.97,1.22,1.35,3.68,4.67,4.97,5.01,5.02,0.74,normal
2026-05-11 08:49:34,500,28.02,28.91,100230.77,318606.09,0.59,0.91,1.15,1.27,3.46,4.4,4.68,4.72,4.72,0.74,normal
2026-05-11 08:49:39,498,28.01,28.81,100232.96,321305.31,0.53,0.82,1.04,1.15,3.13,3.98,4.23,4.26,4.27,0.74,normal
2026-05-11 08:49:44,500,28,28.93,100235.8,318308.97,0.76,1.17,1.47,1.62,4.44,5.64,5.99,6.04,6.05,0.73,normal
2026-05-11 08:49:49,497,28.01,29.05,100234.98,319800.12,0.81,1.24,1.56,1.73,4.76,6.03,6.41,6.46,6.47,0.73,normal
2026-05-11 08:49:54,497,28.01,29,100233.44,319800.12,0.75,1.15,1.45,1.6,4.4,5.59,5.93,5.98,5.99,0.73,normal
2026-05-11 08:49:59,497,28.02,29.04,100229.96,317126.03,0.75,1.15,1.45,1.6,4.4,5.58,5.93,5.98,5.99,0.73,normal
2026-05-11 08:50:04,497,28.03,29.03,100231.91,314206.81,0.74,1.13,1.42,1.57,4.32,5.48,5.82,5.87,5.87,0.74,normal
2026-05-11 08:50:09,497,28.04,29.02,100230.88,313341.5,0.72,1.1,1.39,1.54,4.22,5.35,5.68,5.73,5.74,0.74,normal
2026-05-11 08:50:14,497,28.05,28.96,100231.3,311909.84,0.67,1.03,1.29,1.43,3.91,4.97,5.28,5.32,5.33,0.74,normal
2026-05-11 08:50:19,497,28.05,28.89,100231.42,307969.94,0.71,1.09,1.37,1.52,4.15,5.27,5.6,5.65,5.65,0.73,normal
2026-05-11 08:50:24,497,28.06,29.04,100233.88,302243.22,0.78,1.2,1.51,1.67,4.57,5.81,6.17,6.22,6.23,0.73,normal
2026-05-11 08:50:29,497,28.07,29.16,100235.53,300910.97,0.76,1.17,1.47,1.63,4.47,5.67,6.02,6.07,6.08,0.73,normal
2026-05-11 08:50:34,498,28.07,29.19,100233.35,303317.53,0.77,1.18,1.48,1.64,4.53,5.74,6.09,6.14,6.15,0.73,normal
2026-05-11 08:50:40,499,28.06,29.15,100230.7,306862.44,0.72,1.1,1.39,1.53,4.24,5.38,5.71,5.75,5.76,0.73,normal
2026-05-11 08:50:45,500,28.05,29.19,100231.91,301442.44,0.64,0.98,1.23,1.36,3.75,4.76,5.05,5.09,5.1,0.73,normal
2026-05-11 08:50:50,499,28.06,29.28,100230.48,297501.44,0.63,0.96,1.21,1.33,3.71,4.69,4.98,5.02,5.03,0.73,normal
2026-05-11 08:50:55,496,28.07,29.25,100229.24,300645.91,0.62,0.94,1.18,1.3,3.63,4.59,4.87,4.91,4.92,0.73,normal
2026-05-11 08:51:00,495,28.06,29.15,100229.62,298803.62,0.57,0.87,1.09,1.21,3.37,4.26,4.52,4.56,4.57,0.72,normal
2026-05-11 08:51:05,496,28.05,29.23,100230.61,297501.44,0.53,0.81,1.01,1.12,3.13,3.96,4.2,4.23,4.24,0.73,normal
2026-05-11 08:51:10,496,28.04,29.28,100230.86,293157.75,0.48,0.73,0.92,1.02,2.85,3.6,3.82,3.85,3.85,0.72,normal
2026-05-11 08:51:15,497,28.04,29.37,100232.67,294930.88,0.51,0.78,0.98,1.08,3.04,3.84,4.07,4.11,4.11,0.73,normal
2026-05-11 08:51:20,499,28.05,29.33,100234.58,296725.59,0.49,0.75,0.94,1.04,2.91,3.68,3.9,3.94,3.94,0.73,normal
2026-05-11 08:51:25,500,28.04,29.24,100234.3,298542.28,0.44,0.67,0.84,0.93,2.59,3.28,3.47,3.5,3.51,0.73,normal
2026-05-11 08:51:30,500,28.03,29.2,100233.05,297501.44,0.73,1.11,1.4,1.54,4.3,5.44,5.77,5.82,5.82,0.72,normal
2026-05-11 08:51:35,502,28.01,29.17,100231.2,296210.59,0.95,1.45,1.81,2.01,5.59,7.07,7.5,7.56,7.57,0.73,normal
2026-05-11 08:51:40,500,28.01,29.16,100230.34,294930.88,0.99,1.51,1.9,2.1,5.85,7.41,7.85,7.92,7.93,0.73,normal
2026-05-11 08:51:45,503,28.02,29.23,100231.49,292906.19,0.93,1.42,1.78,1.97,5.5,6.96,7.38,7.44,7.45,0.73,normal
2026-05-11 08:51:50,500,28.02,29.29,100231.26,295953.75,0.89,1.36,1.7,1.88,5.28,6.67,7.07,7.13,7.14,0.73,normal
2026-05-11 08:51:55,501,28.03,29.23,100230.09,295441.44,0.87,1.32,1.65,1.82,5.12,6.46,6.85,6.91,6.92,0.73,normal
2026-05-11 08:52:00,501,28.04,29.31,100231.3,289183.84,0.9,1.36,1.71,1.89,5.31,6.7,7.1,7.16,7.17,0.73,normal
2026-05-11 08:52:05,503,28.03,29.21,100232.7,303317.53,1.04,1.58,1.98,2.19,6.14,7.76,8.23,8.3,8.31,0.74,normal
2026-05-11 08:52:10,502,28.02,28.84,100231.49,310209.03,0.99,1.51,1.89,2.09,5.85,7.4,7.85,7.92,7.93,0.74,normal
2026-05-11 08:52:15,502,28,28.73,100231.09,305489.25,0.83,1.26,1.58,1.75,4.88,6.17,6.54,6.6,6.61,0.74,normal
2026-05-11 08:52:20,501,28.01,28.89,100230.88,292906.19,0.71,1.09,1.36,1.5,4.2,5.31,5.63,5.68,5.68,0.73,normal
2026-05-11 08:52:25,498,28.01,29.11,100231.27,289429.06,0.63,0.95,1.19,1.32,3.69,4.66,4.95,4.99,4.99,0.73,normal
2026-05-11 08:52:30,500,28.02,29.27,100229.22,291904.22,0.62,0.94,1.17,1.29,3.64,4.6,4.87,4.92,4.92,0.73,normal
2026-05-11 08:52:35,501,28.01,29.29,100230.94,291405.81,0.68,1.04,1.29,1.43,4.06,5.12,5.42,5.46,5.47,0.72,normal
2026-05-11 08:52:40,503,27.99,29.25,100235.7,297501.44,0.71,1.08,1.34,1.48,4.24,5.34,5.65,5.7,5.7,0.72,normal
2026-05-11 08:52:45,502,28,29.11,100235.84,295953.75,0.67,1,1.25,1.38,3.96,4.99,5.27,5.32,5.32,0.72,normal
2026-05-11 08:52:50,503,27.99,29.07,100231.84,297760.97,0.72,1.07,1.34,1.47,4.26,5.35,5.66,5.7,5.71,0.72,normal
2026-05-11 08:52:55,504,27.98,29.05,100231.21,295441.44,0.74,1.11,1.39,1.53,4.42,5.56,5.88,5.93,5.93,0.73,normal
2026-05-11 08:53:00,503,27.98,29.14,100233.87,293157.75,0.77,1.16,1.44,1.59,4.58,5.76,6.09,6.14,6.14,0.73,normal
2026-05-11 08:53:05,502,27.97,29.29,100231.31,294168.34,0.78,1.17,1.46,1.61,4.62,5.81,6.14,6.19,6.2,0.73,normal
2026-05-11 08:53:10,504,27.95,29.37,100228.33,293157.75,0.77,1.16,1.45,1.6,4.58,5.77,6.1,6.15,6.16,0.73,normal
2026-05-11 08:53:15,501,27.95,29.44,100229.45,290167.19,0.84,1.26,1.57,1.74,4.96,6.25,6.61,6.67,6.68,0.73,normal
2026-05-11 08:53:20,502,27.97,29.36,100226.96,298542.28,0.93,1.4,1.75,1.93,5.5,6.93,7.34,7.4,7.41,0.73,normal
2026-05-11 08:53:25,501,27.98,29.2,100225.33,300381.34,0.94,1.42,1.78,1.96,5.58,7.03,7.44,7.5,7.51,0.73,normal
2026-05-11 08:53:30,501,27.99,28.99,100227.07,297501.44,0.83,1.25,1.57,1.73,4.91,6.19,6.56,6.61,6.62,0.73,normal
2026-05-11 08:53:35,502,27.99,29.03,100228.79,297242.38,0.68,1.03,1.29,1.42,4.03,5.08,5.38,5.42,5.43,0.73,normal
2026-05-11 08:53:40,504,27.97,28.91,100228.45,306862.44,0.53,0.81,1.01,1.12,3.17,3.99,4.23,4.27,4.27,0.73,normal
2026-05-11 08:53:45,505,27.98,28.96,100230.23,301975.81,0.42,0.63,0.79,0.88,2.49,3.14,3.32,3.35,3.35,0.73,normal
2026-05-11 08:53:50,504,27.99,29.04,100230.08,302243.22,0.45,0.68,0.85,0.93,2.66,3.35,3.55,3.58,3.58,0.73,normal
2026-05-11 08:53:55,505,27.99,28.96,100231.6,305216.09,0.51,0.77,0.96,1.06,3.01,3.8,4.02,4.05,4.06,0.73,normal
2026-05-11 08:54:00,505,27.97,28.88,100230.08,305762.91,0.57,0.86,1.07,1.18,3.37,4.25,4.5,4.53,4.54,0.73,normal
2026-05-11 08:54:05,506,27.95,28.73,100231.51,308805.78,0.57,0.85,1.06,1.17,3.36,4.23,4.48,4.51,4.52,0.73,normal
2026-05-11 08:54:10,507,27.95,28.67,100232.45,306311.69,0.6,0.89,1.11,1.23,3.54,4.45,4.71,4.75,4.75,0.73,normal
2026-05-11 08:54:15,505,27.93,28.76,100230.36,306311.69,0.57,0.86,1.07,1.18,3.41,4.29,4.54,4.57,4.58,0.73,normal
2026-05-11 08:54:20,504,27.92,28.91,100232.45,299327.69,0.52,0.78,0.97,1.07,3.1,3.9,4.12,4.16,4.16,0.73,normal
2026-05-11 08:54:25,506,27.94,29.12,100234.12,299065.41,0.61,0.92,1.15,1.26,3.65,4.59,4.86,4.9,4.9,0.73,normal
2026-05-11 08:54:30,508,27.95,29.24,100231.97,295697.38,0.64,0.96,1.2,1.32,3.81,4.8,5.07,5.11,5.12,0.73,normal
2026-05-11 08:54:35,507,27.96,29.29,100232.95,295185.94,0.62,0.94,1.17,1.29,3.72,4.68,4.94,4.98,4.99,0.73,normal
2026-05-11 08:54:40,507,27.95,29.32,100233.03,296983.75,0.58,0.87,1.09,1.2,3.47,4.36,4.61,4.65,4.65,0.73,normal
2026-05-11 08:54:45,507,27.94,29.36,100232.3,295697.38,0.59,0.88,1.1,1.21,3.51,4.41,4.66,4.7,4.7,0.73,normal
2026-05-11 08:54:50,506,27.92,29.42,100229.3,293662.19,0.7,1.05,1.3,1.43,4.17,5.24,5.54,5.58,5.59,0.73,normal
2026-05-11 08:54:55,504,27.92,29.5,100231.94,292906.19,1.31,1.95,2.43,2.67,7.79,9.77,10.33,10.41,10.42,0.73,normal
2026-05-11 08:55:00,506,27.91,29.56,100233.98,292404.34,1.36,2.04,2.54,2.8,8.13,10.21,10.79,10.88,10.89,0.74,normal
2026-05-11 08:55:05,507,27.9,29.61,100232.54,291157.25,1.32,1.98,2.46,2.72,7.83,9.85,10.42,10.5,10.51,0.74,normal
2026-05-11 08:55:10,507,27.91,29.7,100230.26,287721.28,1.19,1.8,2.25,2.48,7.08,8.92,9.44,9.52,9.53,0.74,normal
2026-05-11 08:55:15,508,27.92,29.75,100230.67,288450.72,1.05,1.59,1.99,2.19,6.2,7.82,8.28,8.35,8.36,0.75,normal
2026-05-11 08:55:20,508,27.92,29.73,100231.28,291405.81,1.01,1.54,1.93,2.13,5.99,7.57,8.02,8.09,8.1,0.75,normal
2026-05-11 08:55:25,508,27.91,29.47,100230.16,300910.97,0.95,1.45,1.82,2.01,5.61,7.09,7.52,7.58,7.59,0.75,normal
2026-05-11 08:55:30,507,27.92,29.19,100229.64,303317.53,0.88,1.34,1.68,1.85,5.17,6.54,6.94,6.99,7,0.74,normal
2026-05-11 08:55:35,507,27.94,28.98,100231.48,297501.44,0.84,1.28,1.6,1.77,4.92,6.23,6.61,6.67,6.68,0.75,normal
2026-05-11 08:55:40,506,27.97,29.11,100231.16,294930.88,0.8,1.22,1.53,1.7,4.7,5.95,6.32,6.37,6.38,0.74,normal
2026-05-11 08:55:45,505,28,29.2,100227.94,295185.94,1.01,1.55,1.94,2.15,5.94,7.53,7.99,8.06,8.07,0.74,normal
2026-05-11 08:55:50,507,28,29.24,100228.46,301442.44,1,1.53,1.93,2.13,5.9,7.48,7.93,8,8.01,0.74,normal
2026-05-11 08:55:55,508,27.98,29.15,100227.36,304128.31,0.96,1.47,1.85,2.04,5.67,7.18,7.62,7.68,7.69,0.74,normal
2026-05-11 08:56:00,508,27.97,29.18,100226.08,299327.69,0.91,1.39,1.74,1.92,5.33,6.75,7.17,7.23,7.24,0.75,normal
2026-05-11 08:56:05,510,27.97,29.28,100227.44,296725.59,0.87,1.34,1.68,1.86,5.13,6.51,6.91,6.97,6.98,0.75,normal
2026-05-11 08:56:10,509,27.98,29.39,100229.2,292906.19,0.81,1.25,1.57,1.74,4.76,6.04,6.42,6.48,6.48,0.75,normal
2026-05-11 08:56:15,508,28,29.39,100228.71,299590.41,0.74,1.14,1.43,1.58,4.33,5.5,5.84,5.89,5.9,0.75,normal
2026-05-11 08:56:20,508,28.01,29.13,100228.5,303587.31,0.65,1,1.26,1.39,3.79,4.82,5.12,5.17,5.17,0.75,normal
2026-05-11 08:56:25,508,28.03,29.04,100230.62,300910.97,0.62,0.95,1.2,1.33,3.62,4.6,4.89,4.94,4.94,0.75,normal
2026-05-11 08:56:30,508,28.04,29.09,100231.93,299327.69,0.61,0.94,1.19,1.31,3.58,4.54,4.83,4.87,4.88,0.75,normal
2026-05-11 08:56:35,508,28.05,29.16,100233.48,300910.97,0.58,0.9,1.13,1.25,3.42,4.34,4.61,4.66,4.66,0.75,normal
2026-05-11 08:56:40,510,28.03,29.1,100233.91,307415.19,0.57,0.88,1.11,1.23,3.36,4.27,4.53,4.57,4.58,0.75,normal
2026-05-11 08:56:45,512,28.03,29.14,100235.97,303587.31,0.65,0.99,1.25,1.38,3.79,4.81,5.11,5.16,5.16,0.74,normal
2026-05-11 08:56:50,511,28.04,29.23,100236.52,297760.97,0.7,1.08,1.35,1.5,4.12,5.22,5.55,5.6,5.6,0.75,normal
2026-05-11 08:56:56,511,28.04,29.32,100233.12,302243.22,0.69,1.06,1.33,1.48,4.06,5.15,5.47,5.52,5.52,0.74,normal
2026-05-11 08:57:01,512,28.05,29.16,100234.58,310773.91,0.68,1.05,1.32,1.46,4.02,5.09,5.41,5.45,5.46,0.74,normal
2026-05-11 08:57:06,512,28.04,29.08,100233.62,308805.78,0.66,1.01,1.27,1.41,3.89,4.93,5.23,5.27,5.28,0.74,normal
2026-05-11 08:57:11,512,28.04,29.21,100233.33,296210.59,0.6,0.92,1.16,1.28,3.54,4.49,4.76,4.8,4.81,0.74,normal
2026-05-11 08:57:16,512,28.01,29.14,100228.02,315076.94,0.55,0.83,1.05,1.16,3.21,4.06,4.31,4.35,4.35,0.74,normal
2026-05-11 08:57:21,512,27.99,29.01,100229.74,315076.94,0.55,0.84,1.06,1.17,3.26,4.12,4.37,4.41,4.41,0.74,normal
2026-05-11 08:57:26,509,27.98,29.08,100229.81,297760.97,0.59,0.9,1.12,1.24,3.47,4.39,4.65,4.69,4.7,0.74,normal
2026-05-11 08:57:31,509,27.97,29.48,100230.23,269757.62,0.56,0.85,1.06,1.18,3.3,4.17,4.42,4.46,4.47,0.74,normal
2026-05-11 08:57:36,509,27.99,30.14,100232.52,257351.09,0.56,0.86,1.07,1.19,3.33,4.21,4.46,4.5,4.5,0.74,normal
2026-05-11 08:57:41,510,28,30.43,100229.35,253152.05,0.6,0.91,1.15,1.27,3.53,4.47,4.74,4.78,4.79,0.75,normal
2026-05-11 08:57:46,512,28.01,30.25,100228.22,283892.44,0.68,1.03,1.3,1.43,3.99,5.05,5.36,5.4,5.41,0.74,normal
2026-05-11 08:57:51,513,28.02,29.76,100228.78,289183.84,0.75,1.15,1.43,1.59,4.45,5.62,5.96,6.01,6.02,0.73,normal
2026-05-11 08:57:56,516,28.02,29.5,100228.78,292655.03,0.76,1.15,1.44,1.59,4.47,5.64,5.98,6.03,6.04,0.73,normal
2026-05-11 08:58:01,519,28.03,29.58,100230.1,281318.69,0.68,1.04,1.3,1.43,4.05,5.11,5.42,5.46,5.47,0.74,normal
2026-05-11 08:58:06,520,28.03,29.47,100228.64,293409.75,0.7,1.06,1.33,1.46,4.14,5.23,5.54,5.58,5.59,0.74,normal
2026-05-11 08:58:11,518,28.04,29.56,100231.09,287237.03,0.74,1.12,1.4,1.55,4.38,5.53,5.86,5.91,5.92,0.74,normal
2026-05-11 08:58:16,523,28.02,29.51,100232.55,286995.53,1.71,2.59,3.24,3.58,10.1,12.76,13.52,13.63,13.65,0.74,normal
2026-05-11 08:58:21,525,28.01,29.66,100231.04,285794.03,1.4,2.13,2.66,2.94,8.27,10.44,11.07,11.16,11.18,0.75,normal
2026-05-11 08:58:26,528,28,29.56,100230.59,275639.31,1.21,1.85,2.31,2.56,7.15,9.04,9.59,9.67,9.68,0.74,normal
2026-05-11 08:58:31,531,27.99,29.7,100230.83,280394.31,1.15,1.75,2.2,2.43,6.76,8.55,9.07,9.15,9.16,0.75,normal
2026-05-11 08:58:36,534,28,29.86,100231.77,269757.62,1.09,1.67,2.1,2.32,6.44,8.15,8.65,8.72,8.73,0.75,normal
2026-05-11 08:58:41,540,28.01,30.1,100232.96,265147.59,0.94,1.44,1.81,2.01,5.55,7.03,7.46,7.53,7.54,0.75,normal
2026-05-11 08:58:46,544,28.03,30.2,100232.74,267223.38,0.86,1.31,1.65,1.82,5.04,6.39,6.78,6.84,6.85,0.75,normal
2026-05-11 08:58:51,547,28.03,30.3,100233.29,261091.28,0.81,1.24,1.56,1.73,4.77,6.05,6.42,6.47,6.48,0.75,normal
2026-05-11 08:58:56,551,28.05,30.57,100235.15,251658.89,0.86,1.31,1.65,1.82,5.06,6.4,6.79,6.85,6.86,0.74,normal
2026-05-11 08:59:01,553,28.06,30.74,100235.01,256192.14,0.91,1.39,1.74,1.92,5.4,6.82,7.23,7.3,7.3,0.74,normal
2026-05-11 08:59:06,557,28.05,30.32,100233.84,276532.53,0.94,1.42,1.77,1.96,5.54,6.99,7.4,7.47,7.47,0.74,normal
2026-05-11 08:59:11,560,28.05,30.16,100233.24,267014.34,1.07,1.63,2.03,2.24,6.36,8.02,8.5,8.57,8.58,0.74,normal
2026-05-11 08:59:16,562,28.06,30.27,100234.05,263917.53,1.25,1.9,2.37,2.62,7.43,9.37,9.92,10,10.02,0.74,normal
2026-05-11 08:59:21,566,28.08,30.43,100230.58,258520.58,1.15,1.74,2.18,2.41,6.81,8.59,9.1,9.18,9.19,0.74,normal
2026-05-11 08:59:26,568,28.09,30.51,100229.23,261291.14,1.04,1.58,1.98,2.18,6.17,7.79,8.25,8.32,8.33,0.74,normal
2026-05-11 08:59:31,568,28.11,30.58,100228.95,255425.3,0.94,1.42,1.78,1.96,5.55,7,7.42,7.48,7.49,0.74,normal
2026-05-11 08:59:36,571,28.09,30.62,100228.77,256577.3,0.84,1.28,1.59,1.76,4.97,6.28,6.65,6.71,6.71,0.74,normal
2026-05-11 08:59:41,572,28.07,30.68,100231.96,253905.28,0.9,1.37,1.71,1.89,5.34,6.74,7.14,7.2,7.21,0.74,normal
2026-05-11 08:59:46,576,28.02,30.77,100236.03,257934.52,0.94,1.43,1.78,1.96,5.6,7.05,7.47,7.53,7.54,0.74,normal
2026-05-11 08:59:51,579,28.03,30.81,100233.44,260493.52,0.87,1.31,1.64,1.81,5.19,6.53,6.91,6.96,6.97,0.73,normal
2026-05-11 08:59:56,583,28.04,30.68,100232.01,264941.78,0.73,1.09,1.36,1.5,4.32,5.43,5.74,5.79,5.8,0.73,normal
2026-05-11 09:00:01,587,28.03,30.32,100230.39,279019.06,0.7,1.04,1.3,1.43,4.15,5.21,5.51,5.55,5.56,0.73,normal
2026-05-11 09:00:06,589,28.04,30.02,100230.27,275416.91,0.62,0.92,1.15,1.26,3.68,4.62,4.88,4.92,4.93,0.73,normal
2026-05-11 09:00:11,590,28.06,30.06,100223.34,267642.44,0.62,0.93,1.15,1.27,3.71,4.66,4.92,4.96,4.96,0.73,normal
2026-05-11 09:00:16,591,28.08,30.23,100223.81,262698.81,0.62,0.93,1.15,1.26,3.71,4.65,4.91,4.95,4.96,0.73,normal
2026-05-11 09:00:21,592,28.1,30.37,100224.07,260493.52,1.17,1.74,2.17,2.39,6.96,8.74,9.23,9.31,9.32,0.73,normal
2026-05-11 09:00:26,593,28.12,30.54,100222.96,262496.78,1.25,1.87,2.32,2.56,7.46,9.36,9.89,9.97,9.98,0.73,normal
2026-05-11 09:00:31,596,28.1,30.39,100226.13,267014.34,1.27,1.89,2.35,2.59,7.54,9.47,10.01,10.09,10.1,0.73,normal
2026-05-11 09:00:36,595,28.07,30.25,100225.17,274973.16,1.24,1.86,2.31,2.55,7.39,9.29,9.82,9.9,9.91,0.73,normal
2026-05-11 09:00:41,597,28.07,29.94,100224.9,278563.66,1.09,1.63,2.03,2.24,6.5,8.16,8.63,8.7,8.71,0.73,normal
2026-05-11 09:00:46,598,28.07,29.74,100224.57,285077.94,1,1.49,1.85,2.04,5.95,7.47,7.89,7.95,7.96,0.72,normal
2026-05-11 09:00:51,599,28.07,29.66,100220.97,287237.03,0.9,1.34,1.66,1.83,5.37,6.73,7.11,7.17,7.18,0.72,normal
2026-05-11 09:00:56,600,28.05,29.57,100223.21,294168.34,0.92,1.38,1.71,1.88,5.5,6.9,7.29,7.35,7.36,0.73,normal
2026-05-11 09:01:01,599,28.05,29.69,100226.62,287478.94,0.99,1.48,1.83,2.02,5.93,7.43,7.85,7.91,7.92,0.72,normal
2026-05-11 09:01:06,598,28.05,29.7,100229.32,288694.66,0.9,1.34,1.66,1.82,5.38,6.74,7.12,7.17,7.18,0.72,normal
2026-05-11 09:01:11,599,28.06,29.64,100233.33,294168.34,0.84,1.25,1.55,1.71,5.04,6.31,6.66,6.72,6.72,0.73,normal
2026-05-11 09:01:16,600,28.06,29.63,100228.27,289674.69,0.78,1.15,1.43,1.57,4.64,5.82,6.14,6.19,6.2,0.73,normal
2026-05-11 09:01:21,600,28.09,29.69,100224.3,284602.56,0.76,1.13,1.41,1.55,4.56,5.71,6.03,6.08,6.09,0.73,normal
2026-05-11 09:01:26,601,28.12,29.81,100226.01,279019.06,0.75,1.12,1.38,1.52,4.48,5.61,5.93,5.98,5.98,0.73,normal
2026-05-11 09:01:31,600,28.12,29.86,100225.77,283420.97,0.69,1.03,1.27,1.4,4.12,5.16,5.45,5.5,5.5,0.72,normal
2026-05-11 09:01:36,600,28.13,29.79,100225.38,285794.03,0.63,0.93,1.16,1.27,3.76,4.7,4.97,5,5.01,0.72,normal
2026-05-11 09:01:41,601,28.13,29.73,100221.8,286513.72,0.6,0.89,1.1,1.21,3.62,4.52,4.77,4.81,4.81,0.72,normal
2026-05-11 09:01:46,601,28.13,29.73,100225.25,285077.94,0.66,0.98,1.22,1.34,3.99,4.99,5.26,5.3,5.31,0.72,normal
2026-05-11 09:01:51,602,28.15,29.75,100225.8,280855.72,1.87,2.76,3.41,3.75,11.22,14.02,14.79,14.9,14.92,0.72,normal
2026-05-11 09:01:56,601,28.15,29.84,100223.66,276085.19,1.64,2.43,2.99,3.29,9.88,12.34,13.01,13.11,13.12,0.72,normal
2026-05-11 09:02:01,601,28.15,29.92,100226.48,273650.47,1.52,2.24,2.77,3.05,9.1,11.37,11.99,12.09,12.1,0.72,normal
2026-05-11 09:02:06,600,28.14,29.99,100226.45,271690.09,1.34,1.98,2.45,2.69,8.01,10.02,10.57,10.65,10.67,0.72,normal
2026-05-11 09:02:11,600,28.14,30.02,100224.09,272123.31,1.19,1.76,2.17,2.38,7.14,8.92,9.41,9.48,9.49,0.71,normal
2026-05-11 09:02:16,599,28.14,30.05,100223.04,269544.62,1.02,1.5,1.85,2.04,6.15,7.67,8.09,8.15,8.16,0.71,normal
2026-05-11 09:02:21,601,28.13,29.92,100226.07,276532.53,0.84,1.24,1.53,1.68,5.1,6.35,6.69,6.74,6.75,0.71,normal
2026-05-11 09:02:26,601,28.12,29.9,100226.12,275194.84,0.82,1.2,1.48,1.63,4.95,6.17,6.49,6.54,6.55,0.71,normal
2026-05-11 09:02:31,602,28.13,29.97,100224.62,272557.91,0.85,1.25,1.53,1.68,5.14,6.41,6.74,6.79,6.8,0.71,normal
2026-05-11 09:02:36,604,28.14,30.03,100225.2,270613.09,0.83,1.21,1.48,1.63,5,6.22,6.54,6.59,6.6,0.71,normal
2026-05-11 09:02:41,605,28.16,30.02,100226.97,270613.09,0.76,1.12,1.37,1.5,4.62,5.75,6.05,6.1,6.1,0.7,normal
2026-05-11 09:02:46,604,28.16,30.09,100226.13,266181.44,0.78,1.14,1.4,1.54,4.74,5.89,6.2,6.24,6.25,0.71,normal
2026-05-11 09:02:51,606,28.17,30.25,100226.9,265766.94,0.79,1.16,1.42,1.56,4.81,5.98,6.29,6.34,6.34,0.7,normal
2026-05-11 09:02:56,606,28.17,30.32,100224.35,267852.47,0.78,1.13,1.38,1.52,4.7,5.84,6.14,6.18,6.19,0.7,normal
2026-05-11 09:03:01,606,28.18,30.21,100225.59,272557.91,0.81,1.18,1.45,1.59,4.94,6.14,6.45,6.5,6.5,0.7,normal
2026-05-11 09:03:07,606,28.18,30.11,100224.46,271258.28,0.86,1.25,1.53,1.68,5.25,6.51,6.84,6.89,6.9,0.7,normal
2026-05-11 09:03:12,607,28.17,30.12,100224.96,271258.28,0.85,1.23,1.5,1.65,5.18,6.42,6.74,6.79,6.8,0.69,normal
2026-05-11 09:03:17,606,28.18,30.15,100227.01,269331.94,0.74,1.07,1.3,1.43,4.52,5.59,5.87,5.91,5.92,0.69,normal
2026-05-11 09:03:22,606,28.16,30.11,100227.48,273650.47,0.61,0.88,1.08,1.18,3.74,4.63,4.86,4.89,4.9,0.69,normal
2026-05-11 09:03:27,605,28.12,30.05,100229.16,271690.09,0.49,0.7,0.85,0.93,2.96,3.66,3.85,3.87,3.88,0.69,normal
2026-05-11 09:03:32,605,28.09,30.2,100231.73,272557.91,0.42,0.6,0.74,0.8,2.57,3.18,3.33,3.36,3.36,0.69,normal
2026-05-11 09:03:37,606,28.06,30.23,100230.88,280624.84,0.39,0.56,0.69,0.75,2.4,2.96,3.11,3.13,3.13,0.69,normal
2026-05-11 09:03:42,606,28.04,30.23,100230.05,276756.75,0.42,0.61,0.74,0.81,2.59,3.2,3.36,3.38,3.39,0.69,normal
2026-05-11 09:03:47,604,28.02,30.34,100224.99,269119.59,0.5,0.72,0.88,0.96,3.07,3.8,3.98,4.01,4.02,0.69,normal
2026-05-11 09:03:52,605,28.03,30.46,100228.62,269331.94,0.64,0.91,1.11,1.22,3.89,4.81,5.05,5.08,5.09,0.69,normal
2026-05-11 09:03:57,606,28.03,30.39,100229.15,280394.31,0.68,0.98,1.2,1.31,4.18,5.17,5.42,5.46,5.47,0.69,normal
2026-05-11 09:04:02,608,28.04,30.35,100225.44,277431.59,0.72,1.03,1.25,1.37,4.37,5.4,5.67,5.71,5.71,0.69,normal
2026-05-11 09:04:07,606,28.06,30.38,100225.4,276085.19,0.72,1.03,1.25,1.37,4.37,5.4,5.66,5.7,5.71,0.69,normal
2026-05-11 09:04:12,605,28.07,30.41,100223.84,272557.91,0.74,1.07,1.3,1.42,4.55,5.62,5.9,5.94,5.95,0.69,normal
2026-05-11 09:04:17,606,28.09,30.45,100227.19,269757.62,0.84,1.2,1.46,1.6,5.11,6.32,6.63,6.68,6.68,0.69,normal
2026-05-11 09:04:22,604,28.11,30.49,100226.83,270184.69,0.84,1.2,1.46,1.6,5.12,6.32,6.63,6.68,6.68,0.69,normal
2026-05-11 09:04:27,606,28.13,30.49,100223.41,269544.62,0.74,1.06,1.29,1.41,4.5,5.57,5.84,5.88,5.88,0.69,normal
2026-05-11 09:04:32,607,28.15,30.44,100220,271474.03,0.71,1.02,1.24,1.35,4.32,5.34,5.6,5.64,5.65,0.69,normal
2026-05-11 09:04:37,606,28.15,30.34,100221.81,273650.47,0.79,1.14,1.39,1.52,4.81,5.95,6.25,6.29,6.3,0.69,normal
2026-05-11 09:04:42,607,28.14,30.26,100227.82,274751.81,0.84,1.22,1.48,1.62,5.15,6.37,6.69,6.73,6.74,0.69,normal
2026-05-11 09:04:47,609,28.14,30.21,100223.38,275862.06,0.84,1.21,1.47,1.61,5.14,6.36,6.67,6.72,6.72,0.68,normal
2026-05-11 09:04:52,608,28.12,30.14,100222.64,276308.69,0.77,1.11,1.35,1.48,4.73,5.85,6.14,6.18,6.18,0.68,normal
2026-05-11 09:04:57,610,28.11,30.13,100224.38,275416.91,0.7,1,1.22,1.33,4.29,5.29,5.55,5.59,5.59,0.68,normal
2026-05-11 09:05:02,611,28.09,30.18,100226.52,274751.81,0.93,1.33,1.61,1.76,5.7,7.03,7.37,7.42,7.43,0.69,normal
2026-05-11 09:05:07,611,28.08,30.17,100227.05,279705,0.86,1.23,1.49,1.63,5.27,6.51,6.82,6.86,6.87,0.69,normal
2026-05-11 09:05:12,611,28.09,29.88,100227.42,281318.69,0.74,1.05,1.28,1.4,4.53,5.59,5.85,5.89,5.9,0.69,normal
2026-05-11 09:05:17,612,28.09,29.79,100224.48,279475.97,0.67,0.96,1.16,1.27,4.11,5.07,5.31,5.35,5.35,0.69,normal
2026-05-11 09:05:22,609,28.11,29.87,100222.09,276308.69,0.72,1.02,1.24,1.36,4.39,5.42,5.67,5.71,5.72,0.69,normal
2026-05-11 09:05:27,611,28.12,30.01,100222.83,276532.53,0.68,0.97,1.18,1.29,4.19,5.16,5.41,5.45,5.45,0.69,normal
2026-05-11 09:05:32,609,28.12,29.94,100223.8,280624.84,0.64,0.91,1.11,1.21,3.92,4.84,5.07,5.11,5.11,0.69,normal
2026-05-11 09:05:37,606,28.12,29.86,100223.84,279705,0.59,0.84,1.02,1.11,3.59,4.43,4.65,4.68,4.68,0.69,normal
2026-05-11 09:05:42,608,28.11,29.94,100224.48,278791.19,0.51,0.73,0.89,0.97,3.15,3.88,4.07,4.1,4.1,0.69,normal
2026-05-11 09:05:47,608,28.1,30.03,100226.22,278336.5,0.47,0.67,0.81,0.89,2.87,3.54,3.71,3.73,3.74,0.69,normal
2026-05-11 09:05:52,608,28.11,30.03,100221.7,279019.06,0.5,0.72,0.87,0.95,3.09,3.81,4,4.02,4.03,0.69,normal
2026-05-11 09:05:57,608,28.11,30.06,100219.8,278336.5,0.58,0.83,1,1.1,3.53,4.36,4.57,4.6,4.61,0.69,normal
2026-05-11 09:06:02,609,28.11,30.09,100220.07,279019.06,0.58,0.83,1.01,1.11,3.55,4.39,4.6,4.63,4.64,0.69,normal
2026-05-11 09:06:07,610,28.11,30.12,100222.44,278791.19,0.57,0.82,1,1.09,3.51,4.33,4.54,4.57,4.58,0.69,normal
2026-05-11 09:06:12,611,28.09,29.97,100221.8,282249.19,0.54,0.77,0.94,1.03,3.3,4.08,4.28,4.31,4.31,0.69,normal
2026-05-11 09:06:17,611,28.09,29.96,100222.7,280394.31,0.49,0.7,0.86,0.93,3.02,3.73,3.91,3.93,3.94,0.69,normal
2026-05-11 09:06:22,613,28.09,29.99,100223.91,280855.72,0.54,0.77,0.93,1.02,3.3,4.07,4.27,4.3,4.3,0.68,normal
2026-05-11 09:06:27,612,28.07,30,100222.98,282716.72,0.59,0.84,1.02,1.11,3.63,4.47,4.68,4.71,4.72,0.68,normal
2026-05-11 09:06:32,611,28.05,29.98,100223.59,292154.06,0.55,0.79,0.95,1.04,3.41,4.19,4.39,4.42,4.42,0.68,normal
2026-05-11 09:06:37,611,28.03,29.91,100222.34,296725.59,0.63,0.88,1.07,1.17,3.85,4.73,4.95,4.99,4.99,0.68,normal
2026-05-11 09:06:42,611,28.04,29.89,100225.31,295185.94,0.68,0.96,1.16,1.27,4.21,5.17,5.41,5.45,5.45,0.68,normal
2026-05-11 09:06:47,610,28.05,29.97,100227.12,288207.16,0.67,0.95,1.15,1.25,4.16,5.11,5.34,5.38,5.38,0.68,normal
2026-05-11 09:06:52,609,28.05,30.02,100232.85,287478.94,0.59,0.83,1,1.09,3.63,4.45,4.66,4.69,4.69,0.68,normal
2026-05-11 09:06:57,608,28.06,29.96,100226.65,289183.84,0.52,0.73,0.88,0.96,3.19,3.92,4.1,4.13,4.13,0.68,normal
2026-05-11 09:07:02,609,28.04,30.01,100225.8,288694.66,0.51,0.72,0.87,0.95,3.14,3.86,4.03,4.06,4.07,0.69,normal
2026-05-11 09:07:07,610,28.06,30.05,100226.09,289674.69,0.51,0.72,0.87,0.95,3.12,3.85,4.03,4.05,4.06,0.69,normal
2026-05-11 09:07:12,609,28.04,29.87,100226.67,289674.69,0.61,0.86,1.04,1.13,3.72,4.58,4.8,4.83,4.83,0.68,normal
2026-05-11 09:07:17,609,28.03,29.82,100226.42,288207.16,0.63,0.89,1.08,1.17,3.86,4.75,4.97,5.01,5.01,0.68,normal
2026-05-11 09:07:22,610,28.04,29.83,100223.25,286273.41,0.72,1.03,1.25,1.36,4.45,5.48,5.74,5.78,5.79,0.69,normal
2026-05-11 09:07:27,610,28.03,30.02,100222.6,283656.5,0.82,1.16,1.41,1.54,5.01,6.17,6.47,6.51,6.52,0.69,normal
2026-05-11 09:07:32,611,28.05,30.21,100222.54,287237.03,0.76,1.08,1.31,1.43,4.65,5.74,6.01,6.05,6.06,0.69,normal
2026-05-11 09:07:37,614,28.04,30.21,100221.67,286995.53,0.64,0.92,1.11,1.21,3.94,4.86,5.09,5.13,5.13,0.69,normal
2026-05-11 09:07:42,612,28.05,30.26,100223,286273.41,0.58,0.83,1.01,1.1,3.57,4.4,4.61,4.64,4.65,0.68,normal
2026-05-11 09:07:47,613,28.05,30.27,100225.19,285316.25,0.55,0.78,0.95,1.04,3.38,4.16,4.36,4.39,4.39,0.69,normal
2026-05-11 09:07:52,615,28.07,30.29,100225.8,284840.06,0.57,0.82,0.99,1.08,3.53,4.35,4.56,4.59,4.59,0.68,normal
2026-05-11 09:07:57,612,28.08,30.25,100225.14,285554.94,0.62,0.89,1.07,1.17,3.83,4.72,4.94,4.98,4.98,0.68,normal
2026-05-11 09:08:02,613,28.04,30.31,100225.45,287964,0.64,0.9,1.09,1.19,3.91,4.82,5.04,5.08,5.08,0.68,normal
2026-05-11 09:08:07,614,28.06,30.37,100226.3,286754.41,0.66,0.93,1.13,1.23,4.04,4.97,5.2,5.24,5.24,0.68,normal
2026-05-11 09:08:12,611,28.08,30.32,100225.02,287237.03,0.76,1.08,1.3,1.42,4.67,5.75,6.01,6.05,6.06,0.69,normal
2026-05-11 09:08:17,610,28.07,30.35,100224.86,286995.53,1,1.42,1.71,1.87,6.15,7.57,7.93,7.98,7.99,0.68,normal
2026-05-11 09:08:22,608,28.07,30.47,100223.7,285554.94,0.97,1.37,1.65,1.8,5.94,7.31,7.65,7.7,7.71,0.69,normal
2026-05-11 09:08:27,608,28.09,30.7,100223.84,283656.5,0.9,1.28,1.54,1.68,5.56,6.84,7.16,7.2,7.21,0.68,normal
2026-05-11 09:08:32,609,28.1,30.64,100224.16,293662.19,0.78,1.1,1.33,1.45,4.81,5.91,6.19,6.23,6.23,0.68,normal
2026-05-11 09:08:37,610,28.12,30.39,100225.73,298281.38,0.9,1.28,1.54,1.68,5.55,6.83,7.15,7.19,7.2,0.69,normal
2026-05-11 09:08:42,610,28.13,30.24,100228.68,297242.38,1.28,1.82,2.2,2.4,7.89,9.71,10.17,10.23,10.24,0.69,normal
2026-05-11 09:08:47,611,28.13,30.16,100227.14,293662.19,1.29,1.83,2.22,2.43,7.92,9.76,10.22,10.29,10.3,0.69,normal
2026-05-11 09:08:52,610,28.13,30.1,100226.28,290661.38,1.22,1.75,2.12,2.31,7.51,9.26,9.7,9.77,9.78,0.69,normal
2026-05-11 09:08:57,606,28.12,30.14,100225.88,288207.16,1.09,1.56,1.9,2.07,6.71,8.27,8.67,8.73,8.74,0.69,normal
2026-05-11 09:09:02,609,28.11,30.3,100224.8,285794.03,0.93,1.33,1.62,1.76,5.69,7.03,7.37,7.42,7.42,0.69,normal
2026-05-11 09:09:08,609,28.11,30.45,100220.17,285794.03,0.81,1.16,1.41,1.54,4.95,6.11,6.41,6.45,6.46,0.69,normal
2026-05-11 09:09:13,611,28.11,30.58,100224,284602.56,0.78,1.11,1.35,1.47,4.76,5.88,6.16,6.2,6.21,0.69,normal
2026-05-11 09:09:18,613,28.1,30.56,100225.18,288207.16,0.71,1.01,1.23,1.34,4.33,5.34,5.6,5.64,5.65,0.69,normal
2026-05-11 09:09:23,613,28.1,30.46,100225.41,288207.16,0.63,0.9,1.09,1.19,3.85,4.75,4.98,5.01,5.02,0.68,normal
2026-05-11 09:09:28,612,28.11,30.37,100224.95,289183.84,0.53,0.75,0.91,0.99,3.23,3.98,4.17,4.2,4.2,0.68,normal
2026-05-11 09:09:33,612,28.1,30.29,100225.73,289674.69,0.51,0.72,0.87,0.95,3.1,3.82,4,4.03,4.03,0.68,normal
2026-05-11 09:09:38,613,28.07,30.33,100225.2,287721.28,0.46,0.65,0.79,0.86,2.8,3.45,3.62,3.64,3.64,0.68,normal
2026-05-11 09:09:43,612,28.09,30.43,100226.33,287478.94,0.73,1.04,1.27,1.38,4.5,5.54,5.81,5.85,5.85,0.68,normal
2026-05-11 09:09:48,611,28.09,30.33,100224.33,289674.69,0.84,1.21,1.46,1.6,5.18,6.39,6.69,6.74,6.75,0.69,normal
2026-05-11 09:09:53,612,28.1,30.35,100223.76,290661.38,0.83,1.18,1.44,1.57,5.06,6.24,6.54,6.59,6.6,0.69,normal
2026-05-11 09:09:58,612,28.07,30.12,100223.43,294930.88,0.74,1.06,1.29,1.41,4.53,5.6,5.87,5.91,5.91,0.69,normal
2026-05-11 09:10:03,611,28.08,29.95,100224.34,292906.19,1.99,2.85,3.47,3.8,12.13,15,15.73,15.84,15.86,0.7,normal
2026-05-11 09:10:08,609,28.08,30.04,100218.82,291654.81,1.82,2.64,3.22,3.53,11.09,13.75,14.44,14.54,14.56,0.7,normal
2026-05-11 09:10:13,609,28.07,30.13,100219.61,292154.06,1.48,2.15,2.63,2.88,8.97,11.14,11.71,11.79,11.8,0.7,normal
2026-05-11 09:10:18,608,28.07,30.23,100220.38,291904.22,1.16,1.69,2.08,2.28,7.06,8.77,9.22,9.29,9.3,0.7,normal
2026-05-11 09:10:23,609,28.07,30.29,100219.91,293662.19,0.92,1.34,1.64,1.8,5.57,6.92,7.27,7.33,7.34,0.69,normal
2026-05-11 09:10:28,610,28.06,30.29,100220.19,294168.34,0.8,1.17,1.43,1.57,4.87,6.05,6.36,6.41,6.41,0.69,normal
2026-05-11 09:10:33,610,28.05,30.37,100221.48,294676.25,0.75,1.09,1.33,1.46,4.54,5.64,5.93,5.97,5.98,0.7,normal
2026-05-11 09:10:38,610,28.04,30.39,100223.76,295697.38,0.82,1.19,1.46,1.6,4.95,6.15,6.47,6.52,6.52,0.7,normal
2026-05-11 09:10:43,609,28.02,30.02,100225.22,296983.75,0.81,1.19,1.46,1.6,4.91,6.11,6.42,6.47,6.48,0.7,normal
2026-05-11 09:10:48,606,27.99,29.84,100220.7,297242.38,0.82,1.2,1.48,1.62,4.99,6.2,6.53,6.58,6.58,0.7,normal
2026-05-11 09:10:53,606,27.98,29.84,100222.7,296467.88,0.91,1.33,1.64,1.8,5.51,6.86,7.22,7.27,7.28,0.7,normal
2026-05-11 09:10:58,602,28,30.13,100222.27,293915.03,0.89,1.31,1.61,1.76,5.39,6.71,7.07,7.12,7.13,0.7,normal
2026-05-11 09:11:03,601,27.99,30.36,100220.12,292906.19,1.16,1.7,2.09,2.29,7.01,8.73,9.19,9.26,9.27,0.7,normal
2026-05-11 09:11:08,601,27.99,30.58,100220.55,291405.81,1.43,2.09,2.57,2.82,8.66,10.78,11.34,11.42,11.43,0.69,normal
2026-05-11 09:11:13,602,28,30.62,100218.77,292404.34,1.46,2.12,2.61,2.86,8.83,10.97,11.54,11.63,11.64,0.69,normal
2026-05-11 09:11:18,601,28,30.62,100220.21,289674.69,1.33,1.93,2.37,2.6,8.06,10.01,10.52,10.6,10.61,0.69,normal
2026-05-11 09:11:23,602,28,30.55,100224.75,290414.06,1.14,1.65,2.03,2.22,6.91,8.58,9.02,9.08,9.09,0.69,normal
2026-05-11 09:11:28,603,28,30.54,100221.53,290909.09,0.96,1.39,1.7,1.86,5.8,7.2,7.56,7.62,7.63,0.69,normal
2026-05-11 09:11:33,601,28,30.32,100218.74,293915.03,0.96,1.39,1.7,1.87,5.83,7.23,7.6,7.66,7.66,0.69,normal
2026-05-11 09:11:38,601,28,30.05,100218.84,294422.09,0.92,1.33,1.63,1.78,5.58,6.92,7.27,7.32,7.33,0.69,normal
2026-05-11 09:11:43,601,27.99,29.83,100220.7,294676.25,0.84,1.21,1.48,1.63,5.1,6.33,6.65,6.69,6.7,0.69,normal
2026-05-11 09:11:48,601,27.99,29.86,100219.94,294676.25,0.82,1.18,1.44,1.58,4.97,6.16,6.47,6.51,6.52,0.68,normal
2026-05-11 09:11:53,599,27.98,30,100218.43,292154.06,1.01,1.46,1.79,1.96,6.14,7.62,8,8.06,8.07,0.69,normal
2026-05-11 09:11:58,599,27.98,30.08,100219.34,294422.09,1.11,1.6,1.96,2.15,6.72,8.34,8.76,8.82,8.83,0.68,normal
2026-05-11 09:12:03,598,27.98,30.12,100223.53,292154.06,1.13,1.63,1.99,2.18,6.85,8.49,8.92,8.98,8.99,0.69,normal
2026-05-11 09:12:08,598,27.96,30.08,100223.69,295953.75,1.04,1.5,1.84,2.01,6.33,7.85,8.24,8.3,8.31,0.68,normal
2026-05-11 09:12:13,599,27.94,30.23,100223.43,292154.06,1,1.44,1.76,1.93,6.08,7.54,7.92,7.97,7.98,0.68,normal
2026-05-11 09:12:18,599,27.95,30.52,100221.9,287721.28,0.88,1.27,1.55,1.7,5.35,6.64,6.97,7.02,7.03,0.69,normal
2026-05-11 09:12:23,596,27.96,30.76,100222.54,288694.66,0.76,1.1,1.35,1.48,4.64,5.76,6.05,6.09,6.1,0.69,normal
2026-05-11 09:12:28,596,27.95,30.69,100222.54,293409.75,0.69,1,1.22,1.33,4.19,5.19,5.45,5.49,5.5,0.69,normal
2026-05-11 09:12:33,594,27.95,30.77,100220.47,287478.94,0.85,1.23,1.5,1.65,5.13,6.37,6.7,6.75,6.75,0.69,normal
2026-05-11 09:12:38,594,27.95,30.96,100220.64,283892.44,0.96,1.4,1.71,1.88,5.8,7.21,7.58,7.64,7.65,0.7,normal
2026-05-11 09:12:43,593,27.97,31.03,100224.41,285794.03,0.99,1.45,1.79,1.96,6,7.47,7.86,7.92,7.93,0.7,normal
2026-05-11 09:12:48,592,27.98,31.08,100223.48,282249.19,0.93,1.37,1.68,1.85,5.61,6.99,7.36,7.42,7.43,0.7,normal
2026-05-11 09:12:53,594,27.99,31.11,100224.73,283656.5,0.88,1.3,1.6,1.75,5.29,6.6,6.96,7.01,7.02,0.7,normal
2026-05-11 09:12:58,594,27.98,30.53,100226.24,297501.44,0.85,1.26,1.56,1.71,5.12,6.39,6.74,6.8,6.8,0.7,normal
2026-05-11 09:13:03,594,27.97,30.04,100228.81,294168.34,0.9,1.33,1.65,1.81,5.39,6.75,7.12,7.17,7.18,0.7,normal
2026-05-11 09:13:08,595,27.98,30.17,100221.93,287964,0.91,1.35,1.67,1.84,5.46,6.83,7.21,7.27,7.28,0.7,normal
2026-05-11 09:13:13,595,27.97,30.24,100219.23,291654.81,0.86,1.27,1.58,1.74,5.14,6.43,6.79,6.84,6.85,0.7,normal
2026-05-11 09:13:18,596,27.96,30.16,100219.42,294676.25,0.86,1.28,1.59,1.75,5.15,6.46,6.82,6.87,6.88,0.7,normal
2026-05-11 09:13:23,597,27.95,30.03,100220.78,293157.75,0.99,1.48,1.83,2.02,5.92,7.43,7.84,7.91,7.92,0.7,normal
2026-05-11 09:13:28,597,27.95,30.36,100218.42,282951.09,0.97,1.44,1.79,1.97,5.8,7.27,7.67,7.73,7.74,0.7,normal
2026-05-11 09:13:33,597,27.96,30.58,100219.49,288450.72,0.97,1.45,1.79,1.97,5.81,7.28,7.69,7.75,7.76,0.7,normal
2026-05-11 09:13:38,599,27.94,30.52,100224.26,293662.19,0.99,1.48,1.83,2.02,5.95,7.45,7.87,7.93,7.94,0.69,normal
2026-05-11 09:13:43,601,27.91,30.29,100225.8,286033.53,1.1,1.63,2.01,2.22,6.57,8.23,8.68,8.75,8.76,0.69,normal
2026-05-11 09:13:48,601,27.91,30.56,100221.8,281783.16,1.14,1.69,2.08,2.29,6.85,8.56,9.03,9.1,9.11,0.69,normal
2026-05-11 09:13:53,603,27.91,30.94,100222.15,274310.22,1.03,1.52,1.88,2.07,6.22,7.76,8.18,8.24,8.25,0.69,normal
2026-05-11 09:13:58,604,27.92,31.18,100228.28,270184.69,0.92,1.36,1.67,1.84,5.53,6.91,7.28,7.34,7.34,0.69,normal
2026-05-11 09:14:03,603,27.93,31.1,100223.34,280624.84,0.78,1.15,1.42,1.56,4.71,5.88,6.2,6.25,6.25,0.69,normal
2026-05-11 09:14:08,604,27.92,30.69,100224.52,288939.06,0.74,1.1,1.35,1.49,4.46,5.57,5.87,5.92,5.92,0.69,normal
2026-05-11 09:14:13,604,27.92,30.46,100221.75,283892.44,0.72,1.06,1.31,1.44,4.32,5.4,5.69,5.74,5.74,0.69,normal
2026-05-11 09:14:18,603,27.93,30.76,100222.84,273431.25,0.71,1.04,1.29,1.42,4.24,5.3,5.59,5.63,5.64,0.69,normal
2026-05-11 09:14:23,603,27.93,30.65,100222.86,291904.22,0.65,0.97,1.19,1.31,3.93,4.91,5.18,5.22,5.22,0.69,normal
2026-05-11 09:14:28,601,27.94,30.53,100221.46,280164.16,0.68,1,1.24,1.36,4.07,5.08,5.36,5.4,5.41,0.69,normal
2026-05-11 09:14:33,602,27.94,30.7,100212.3,279247.34,0.64,0.95,1.17,1.29,3.84,4.8,5.06,5.1,5.11,0.69,normal
2026-05-11 09:14:38,603,27.95,30.81,100217.98,276085.19,0.62,0.92,1.14,1.25,3.72,4.66,4.91,4.95,4.96,0.69,normal
2026-05-11 09:14:43,606,27.95,30.93,100219.94,274530.84,0.61,0.91,1.12,1.23,3.67,4.59,4.84,4.88,4.89,0.69,normal
2026-05-11 09:14:48,606,27.96,31.21,100221.92,269757.62,0.53,0.78,0.97,1.06,3.17,3.97,4.19,4.22,4.22,0.69,normal
2026-05-11 09:14:53,605,27.96,31.27,100214.64,270184.69,0.44,0.65,0.8,0.88,2.62,3.28,3.46,3.48,3.49,0.69,normal
2026-05-11 09:14:58,606,27.98,31.31,100216.25,271474.03,0.84,1.24,1.54,1.69,5.02,6.29,6.63,6.68,6.69,0.7,normal
2026-05-11 09:15:03,606,27.96,31.18,100217.13,289920.72,0.95,1.41,1.75,1.92,5.69,7.12,7.51,7.57,7.58,0.69,normal
2026-05-11 09:15:08,607,27.94,31.09,100223.16,279475.97,0.88,1.31,1.62,1.78,5.27,6.6,6.97,7.02,7.03,0.69,normal
2026-05-11 09:15:13,608,27.94,31.19,100224.15,284840.06,0.82,1.21,1.49,1.64,4.89,6.12,6.46,6.51,6.51,0.69,normal
2026-05-11 09:15:19,610,27.93,31.23,100223.36,284602.56,0.74,1.09,1.35,1.49,4.46,5.57,5.87,5.91,5.92,0.69,normal
2026-05-11 09:15:24,611,27.93,31.24,100221.27,284602.56,0.66,0.98,1.2,1.32,3.98,4.97,5.24,5.28,5.29,0.69,normal
2026-05-11 09:15:29,613,27.95,31.28,100220.25,282716.72,0.61,0.9,1.11,1.22,3.67,4.58,4.83,4.86,4.87,0.69,normal
2026-05-11 09:15:34,614,27.96,30.94,100224.3,294168.34,0.57,0.84,1.04,1.14,3.43,4.29,4.52,4.56,4.56,0.69,normal
2026-05-11 09:15:39,614,27.97,30.63,100217.89,288207.16,0.62,0.92,1.14,1.25,3.75,4.69,4.94,4.98,4.98,0.69,normal
2026-05-11 09:15:44,614,27.97,30.72,100208.98,281318.69,0.76,1.12,1.38,1.52,4.54,5.67,5.98,6.03,6.03,0.69,normal
2026-05-11 09:15:49,615,27.96,30.92,100219.3,276981.34,0.85,1.26,1.56,1.71,5.09,6.37,6.72,6.77,6.78,0.69,normal
2026-05-11 09:15:54,616,27.95,31.16,100221.47,273650.47,0.89,1.32,1.63,1.8,5.35,6.69,7.06,7.11,7.12,0.69,normal
2026-05-11 09:15:59,615,27.96,31.31,100214.05,274973.16,0.93,1.38,1.7,1.87,5.58,6.98,7.36,7.42,7.43,0.69,normal
2026-05-11 09:16:04,616,27.96,31.23,100216.2,279247.34,1.11,1.64,2.03,2.23,6.65,8.31,8.77,8.84,8.85,0.69,normal
2026-05-11 09:16:09,619,27.96,31.27,100218.63,275416.91,1.08,1.61,1.99,2.18,6.49,8.12,8.57,8.63,8.64,0.69,normal
2026-05-11 09:16:14,620,27.95,31.42,100223.18,272993.88,1.02,1.52,1.88,2.07,6.13,7.67,8.1,8.16,8.17,0.7,normal
2026-05-11 09:16:19,621,27.95,31.63,100224.67,271906.53,0.94,1.4,1.73,1.91,5.63,7.05,7.45,7.5,7.51,0.7,normal
2026-05-11 09:16:24,622,27.94,31.65,100218.23,275862.06,0.92,1.37,1.7,1.87,5.51,6.9,7.29,7.35,7.36,0.7,normal
2026-05-11 09:16:29,622,27.93,31.47,100217.41,275862.06,0.94,1.39,1.73,1.9,5.59,7.01,7.4,7.46,7.47,0.7,normal
2026-05-11 09:16:34,621,27.92,31.56,100218.76,276085.19,0.97,1.45,1.8,1.98,5.81,7.28,7.69,7.75,7.76,0.7,normal
2026-05-11 09:16:39,623,27.9,31.44,100217.82,292655.03,0.96,1.43,1.78,1.96,5.71,7.17,7.58,7.64,7.65,0.7,normal
2026-05-11 09:16:44,623,27.92,31.31,100217.84,291654.81,1.08,1.61,2,2.2,6.43,8.07,8.52,8.59,8.6,0.7,normal
2026-05-11 09:16:49,622,27.94,31.35,100218.88,286273.41,1.13,1.68,2.09,2.3,6.73,8.45,8.93,9,9.01,0.7,normal
2026-05-11 09:16:54,624,27.97,31.38,100220.99,284840.06,1.06,1.58,1.96,2.16,6.3,7.9,8.35,8.42,8.43,0.71,normal
2026-05-11 09:16:59,622,28.01,31.45,100221.62,281318.69,1.08,1.62,2.02,2.23,6.43,8.09,8.55,8.62,8.63,0.71,normal
2026-05-11 09:17:04,621,28.03,31.54,100224.74,278336.5,1.04,1.57,1.96,2.17,6.16,7.77,8.23,8.3,8.31,0.72,normal
2026-05-11 09:17:09,622,28.04,31.57,100222.8,277206.28,1.06,1.61,2.02,2.23,6.27,7.92,8.4,8.47,8.48,0.72,normal
2026-05-11 09:17:14,622,28.05,31.63,100224.9,275194.84,1.01,1.54,1.93,2.13,5.95,7.52,7.98,8.05,8.06,0.72,normal
2026-05-11 09:17:19,623,28.03,31.57,100220.77,277431.59,0.96,1.47,1.84,2.03,5.68,7.18,7.62,7.68,7.69,0.71,normal
2026-05-11 09:17:24,623,28,31.5,100218.13,279247.34,1.01,1.54,1.93,2.14,5.94,7.52,7.97,8.04,8.05,0.71,normal
2026-05-11 09:17:29,622,28,31.47,100218.64,278791.19,1,1.53,1.92,2.12,5.92,7.49,7.95,8.01,8.02,0.71,normal
2026-05-11 09:17:34,623,28,31.46,100221.36,279705,1,1.53,1.91,2.11,5.91,7.47,7.92,7.99,8,0.71,normal
2026-05-11 09:17:39,626,28.01,31.49,100222.73,278791.19,1.06,1.6,2,2.21,6.24,7.88,8.35,8.42,8.43,0.7,normal
2026-05-11 09:17:44,627,28.02,31.46,100221.94,279705,1.1,1.66,2.07,2.28,6.49,8.18,8.66,8.73,8.75,0.7,normal
2026-05-11 09:17:49,625,28.01,31.38,100222.64,281087.03,0.98,1.48,1.84,2.03,5.81,7.31,7.74,7.8,7.81,0.7,normal
2026-05-11 09:17:54,624,28.02,31.33,100222.7,280855.72,0.85,1.27,1.59,1.75,5.04,6.34,6.7,6.76,6.77,0.69,normal
2026-05-11 09:17:59,624,28.02,31.27,100224.04,283656.5,0.83,1.24,1.54,1.7,4.95,6.21,6.56,6.62,6.62,0.69,normal
2026-05-11 09:18:04,626,28.01,31.18,100218.7,282951.09,0.91,1.36,1.69,1.86,5.44,6.83,7.21,7.27,7.28,0.69,normal
2026-05-11 09:18:09,626,28,31.18,100219.62,283892.44,0.87,1.3,1.61,1.77,5.22,6.54,6.9,6.96,6.97,0.69,normal
2026-05-11 09:18:14,626,27.99,31.11,100223.19,285316.25,0.81,1.2,1.48,1.63,4.84,6.06,6.39,6.44,6.45,0.68,normal
2026-05-11 09:18:19,628,27.99,31.16,100222.46,283892.44,0.82,1.21,1.5,1.65,4.91,6.14,6.48,6.53,6.54,0.68,normal
2026-05-11 09:18:24,627,27.99,31.23,100217.68,284128.75,0.98,1.45,1.79,1.97,5.85,7.32,7.72,7.78,7.79,0.69,normal
2026-05-11 09:18:29,627,28,31.2,100215.3,284365.47,1.1,1.64,2.03,2.23,6.58,8.25,8.71,8.77,8.78,0.69,normal
2026-05-11 09:18:34,625,28,31.15,100215.44,285077.94,1.12,1.67,2.07,2.27,6.68,8.38,8.84,8.91,8.92,0.69,normal
2026-05-11 09:18:39,626,28.02,31.13,100216.48,285077.94,1.03,1.53,1.9,2.1,6.15,7.71,8.14,8.21,8.22,0.69,normal
2026-05-11 09:18:44,627,28.01,31.06,100219.34,286513.72,0.95,1.42,1.76,1.94,5.67,7.11,7.51,7.57,7.58,0.69,normal
2026-05-11 09:18:49,626,28,30.97,100224.07,286754.41,0.87,1.29,1.61,1.77,5.16,6.48,6.85,6.9,6.91,0.69,normal
2026-05-11 09:18:54,625,28,30.99,100221.66,286273.41,0.76,1.14,1.42,1.56,4.54,5.71,6.03,6.08,6.09,0.69,normal
2026-05-11 09:18:59,625,27.98,30.85,100217.86,288694.66,0.63,0.95,1.18,1.3,3.78,4.74,5.01,5.05,5.06,0.69,normal
2026-05-11 09:19:04,625,27.96,30.72,100220.91,287478.94,0.51,0.77,0.96,1.05,3.06,3.85,4.07,4.1,4.1,0.69,normal
2026-05-11 09:19:09,626,27.95,30.92,100221.66,287237.03,0.47,0.71,0.88,0.97,2.82,3.54,3.74,3.77,3.77,0.69,normal
2026-05-11 09:19:14,624,27.93,31.07,100220.48,287237.03,0.46,0.69,0.86,0.95,2.76,3.47,3.67,3.7,3.7,0.69,normal
2026-05-11 09:19:19,625,27.91,31.03,100219.8,288939.06,0.46,0.69,0.85,0.94,2.73,3.43,3.63,3.66,3.66,0.69,normal
2026-05-11 09:19:24,624,27.92,31.04,100221.09,286033.53,0.51,0.76,0.95,1.05,3.05,3.83,4.05,4.08,4.09,0.69,normal
2026-05-11 09:19:29,624,27.93,31.14,100219.77,285316.25,0.68,1.02,1.26,1.39,4.07,5.11,5.4,5.44,5.45,0.69,normal
2026-05-11 09:19:34,624,27.93,31.12,100218.3,286754.41,0.77,1.14,1.41,1.56,4.57,5.73,6.05,6.1,6.11,0.69,normal
2026-05-11 09:19:39,623,27.91,30.89,100218.7,290167.19,0.79,1.18,1.46,1.61,4.73,5.94,6.27,6.32,6.32,0.7,normal
2026-05-11 09:19:44,622,27.89,30.56,100217.52,291405.81,0.73,1.09,1.36,1.49,4.38,5.5,5.8,5.85,5.86,0.7,normal
2026-05-11 09:19:49,619,27.89,30.48,100218.84,289429.06,0.8,1.2,1.49,1.64,4.8,6.02,6.36,6.41,6.42,0.7,normal
2026-05-11 09:19:54,619,27.9,30.61,100228.07,288939.06,0.79,1.18,1.46,1.61,4.71,5.91,6.24,6.29,6.3,0.7,normal
2026-05-11 09:19:59,621,27.91,30.81,100222.59,285316.25,0.86,1.28,1.59,1.75,5.11,6.42,6.78,6.83,6.84,0.7,normal
2026-05-11 09:20:04,622,27.91,30.94,100217.56,284602.56,0.84,1.25,1.55,1.71,5,6.27,6.62,6.68,6.69,0.7,normal
2026-05-11 09:20:09,624,27.86,31.03,100219.53,284840.06,0.82,1.22,1.52,1.68,4.88,6.13,6.48,6.53,6.54,0.7,normal
2026-05-11 09:20:14,626,27.83,31.3,100220.1,283420.97,0.8,1.2,1.49,1.64,4.78,6,6.34,6.39,6.4,0.7,normal
2026-05-11 09:20:19,624,27.85,31.46,100223.45,282951.09,0.78,1.17,1.45,1.6,4.68,5.87,6.2,6.25,6.26,0.7,normal
2026-05-11 09:20:24,624,27.88,31.58,100223.52,279934.38,0.85,1.27,1.58,1.74,5.09,6.39,6.75,6.8,6.81,0.7,normal
2026-05-11 09:20:29,625,27.88,31.5,100223.43,285077.94,0.86,1.29,1.6,1.76,5.12,6.43,6.8,6.85,6.86,0.7,normal
2026-05-11 09:20:34,624,27.89,31.42,100223.25,285794.03,0.88,1.32,1.64,1.8,5.23,6.57,6.94,7,7.01,0.7,normal
2026-05-11 09:20:39,622,27.88,31.28,100217.84,286995.53,0.8,1.19,1.49,1.64,4.73,5.95,6.29,6.34,6.35,0.7,normal
2026-05-11 09:20:44,621,27.85,31.21,100223,292655.03,0.69,1.04,1.29,1.42,4.11,5.16,5.46,5.5,5.51,0.7,normal
2026-05-11 09:20:49,618,27.82,31.05,100223.87,308526.66,0.65,0.98,1.22,1.34,3.89,4.88,5.16,5.21,5.21,0.7,normal
2026-05-11 09:20:54,617,27.8,30.78,100220.31,320400.5,0.6,0.91,1.13,1.24,3.6,4.52,4.78,4.82,4.82,0.7,normal
2026-05-11 09:20:59,615,27.82,30.66,100222.2,313054.12,0.6,0.9,1.11,1.23,3.57,4.48,4.74,4.77,4.78,0.69,normal
2026-05-11 09:21:04,617,27.83,30.74,100215.84,306311.69,0.63,0.95,1.17,1.29,3.78,4.74,5.01,5.05,5.05,0.69,normal
2026-05-11 09:21:09,613,27.86,30.97,100215.7,297242.38,0.62,0.93,1.15,1.27,3.72,4.66,4.93,4.97,4.97,0.7,normal
2026-05-11 09:21:14,612,27.88,31.08,100217.2,299853.59,0.58,0.86,1.07,1.18,3.46,4.34,4.58,4.62,4.62,0.7,normal
2026-05-11 09:21:19,611,27.86,31.03,100221.02,301708.91,0.59,0.88,1.1,1.21,3.51,4.41,4.66,4.7,4.71,0.7,normal
2026-05-11 09:21:25,610,27.84,30.86,100219.66,300910.97,0.63,0.95,1.18,1.3,3.77,4.74,5.01,5.05,5.05,0.7,normal
2026-05-11 09:21:30,609,27.86,30.69,100219.17,301176.47,0.63,0.95,1.18,1.3,3.76,4.72,4.99,5.03,5.04,0.7,normal
2026-05-11 09:21:35,607,27.88,30.72,100218.82,300381.34,0.61,0.91,1.14,1.25,3.64,4.57,4.83,4.87,4.87,0.7,normal
2026-05-11 09:21:40,607,27.89,30.8,100221.02,298020.97,0.64,0.97,1.2,1.32,3.83,4.81,5.09,5.13,5.14,0.7,normal
2026-05-11 09:21:45,608,27.88,30.92,100219.23,295697.38,0.62,0.94,1.17,1.29,3.69,4.65,4.92,4.96,4.97,0.7,normal
2026-05-11 09:21:50,606,27.9,31.01,100216.54,294168.34,0.66,0.99,1.23,1.36,3.89,4.9,5.19,5.23,5.24,0.71,normal
2026-05-11 09:21:55,605,27.93,31.09,100217.17,292154.06,0.74,1.12,1.39,1.54,4.37,5.51,5.84,5.88,5.89,0.7,normal
2026-05-11 09:22:00,603,27.95,31.18,100220.61,289429.06,0.74,1.11,1.39,1.54,4.36,5.5,5.83,5.87,5.88,0.71,normal
2026-05-11 09:22:05,603,27.97,31.26,100216.9,290167.19,0.78,1.18,1.48,1.63,4.62,5.83,6.18,6.23,6.24,0.7,normal
2026-05-11 09:22:10,601,27.97,31.21,100216.32,293157.75,0.81,1.22,1.53,1.69,4.78,6.03,6.39,6.44,6.45,0.71,normal
2026-05-11 09:22:15,600,27.99,31.17,100217.21,290909.09,0.79,1.2,1.49,1.65,4.67,5.89,6.24,6.29,6.3,0.7,normal
2026-05-11 09:22:20,601,28,31.14,100219.55,291904.22,0.75,1.13,1.41,1.55,4.42,5.57,5.9,5.95,5.95,0.7,normal
2026-05-11 09:22:25,602,28,31.08,100220.62,293915.03,0.84,1.27,1.59,1.75,4.99,6.29,6.66,6.71,6.72,0.7,normal
2026-05-11 09:22:30,601,28.01,31.02,100225.38,296467.88,0.99,1.5,1.87,2.06,5.9,7.43,7.86,7.93,7.94,0.7,normal
2026-05-11 09:22:35,602,28,30.94,100217.75,298803.62,1.01,1.53,1.9,2.1,6.02,7.58,8.02,8.09,8.1,0.7,normal
2026-05-11 09:22:40,600,28.01,30.95,100220.3,295697.38,0.91,1.37,1.7,1.88,5.41,6.81,7.2,7.26,7.27,0.7,normal
2026-05-11 09:22:45,599,28.01,31.01,100217.02,295185.94,0.79,1.19,1.48,1.63,4.7,5.91,6.25,6.3,6.31,0.7,normal
2026-05-11 09:22:50,599,28.02,31.06,100218.22,295953.75,0.69,1.03,1.28,1.41,4.08,5.13,5.43,5.47,5.48,0.7,normal
2026-05-11 09:22:55,598,28.02,31.07,100221.3,296983.75,0.62,0.93,1.16,1.28,3.71,4.66,4.93,4.97,4.97,0.7,normal
2026-05-08 00:30:02,516,27.2,31.83,100570.63,272123.31,6.22,6.57,6.57,6.57,43.62,49.44,49.61,49.62,49.63,0.42,normal
2026-05-08 00:30:07,516,27.17,31.86,100572.44,271906.53,6.17,6.52,6.52,6.52,43.27,49.05,49.22,49.23,49.24,0.42,normal
2026-05-08 00:30:12,517,27.18,31.92,100571.3,273431.25,6.11,6.46,6.46,6.46,42.89,48.62,48.79,48.8,48.81,0.42,normal
2026-05-08 00:30:17,519,27.16,31.96,100573.38,271042.88,5.91,6.25,6.25,6.25,41.44,46.97,47.14,47.15,47.16,0.43,normal
2026-05-08 00:30:22,517,27.19,32,100571.22,269971,6.04,6.38,6.38,6.38,42.35,48,48.17,48.18,48.19,0.43,normal
2026-05-08 00:30:27,517,27.22,32.01,100571.28,269119.59,5.87,6.21,6.21,6.21,41.18,46.68,46.85,46.86,46.86,0.42,normal
2026-05-08 00:30:32,515,27.26,31.99,100572.49,268484.53,5.83,6.16,6.16,6.16,40.89,46.35,46.51,46.52,46.52,0.42,normal
2026-05-08 00:30:37,516,27.28,31.96,100572.16,269331.94,5.91,6.25,6.25,6.25,41.48,47.02,47.19,47.2,47.2,0.42,normal
2026-05-08 00:30:42,516,27.31,31.93,100572.08,269757.62,6.03,6.37,6.37,6.37,42.27,47.91,48.09,48.1,48.1,0.42,normal
2026-05-08 00:30:47,516,27.33,31.91,100569.32,269757.62,5.98,6.32,6.32,6.32,41.96,47.56,47.73,47.74,47.75,0.41,normal
2026-05-08 00:30:52,517,27.34,31.87,100571,268273.5,5.96,6.3,6.3,6.3,41.83,47.41,47.58,47.59,47.59,0.41,normal
2026-05-08 00:30:57,517,27.36,31.83,100570.27,268273.5,5.91,6.25,6.25,6.25,41.46,46.99,47.16,47.17,47.18,0.41,normal
2026-05-08 00:31:02,518,27.34,31.8,100569.9,269544.62,5.56,5.88,5.88,5.88,39.01,44.22,44.38,44.39,44.39,0.42,normal
2026-05-08 00:31:07,517,27.32,31.76,100569.7,270398.72,5.4,5.71,5.71,5.71,37.88,42.94,43.09,43.1,43.1,0.42,normal
2026-05-08 00:31:12,518,27.33,31.75,100570.05,269757.62,5.33,5.63,5.63,5.63,37.39,42.38,42.53,42.54,42.54,0.43,normal
2026-05-08 00:31:17,517,27.32,31.78,100570.25,269757.62,5.19,5.49,5.49,5.49,36.45,41.31,41.46,41.47,41.47,0.42,normal
2026-05-08 00:31:22,516,27.32,31.78,100570.23,268695.88,5.23,5.53,5.53,5.53,36.7,41.6,41.75,41.75,41.76,0.42,normal
2026-05-08 00:31:27,518,27.33,31.8,100570.67,269971,5.57,5.89,5.89,5.89,39.07,44.28,44.44,44.45,44.45,0.43,normal
2026-05-08 00:31:32,516,27.3,31.77,100570.33,272123.31,5.94,6.28,6.28,6.28,41.68,47.25,47.42,47.43,47.43,0.43,normal
2026-05-08 00:31:37,518,27.28,31.8,100570.09,271906.53,6.21,6.56,6.56,6.56,43.53,49.35,49.52,49.53,49.54,0.42,normal
2026-05-08 00:31:42,515,27.26,31.83,100569.77,272123.31,6.3,6.66,6.66,6.66,44.18,50.07,50.25,50.26,50.27,0.43,normal
2026-05-08 00:31:47,516,27.24,31.93,100568.59,272557.91,6.26,6.62,6.62,6.62,43.89,49.75,49.93,49.94,49.94,0.43,normal
2026-05-08 00:31:52,512,27.22,31.99,100570.2,274751.81,6.22,6.58,6.58,6.58,43.65,49.48,49.65,49.66,49.67,0.42,normal
2026-05-08 00:31:57,512,27.21,31.97,100569.55,276085.19,6.33,6.69,6.69,6.69,44.4,50.33,50.51,50.52,50.52,0.42,normal
2026-05-08 00:32:02,513,27.16,31.96,100574.05,277657.28,6.38,6.74,6.74,6.74,44.75,50.72,50.9,50.91,50.92,0.42,normal
2026-05-08 00:32:07,513,27.17,31.99,100571.52,274751.81,6.44,6.81,6.81,6.81,45.17,51.2,51.38,51.39,51.4,0.43,normal
2026-05-08 00:32:12,513,27.2,31.99,100570.86,273870.03,6.29,6.65,6.65,6.65,44.12,50.01,50.19,50.2,50.21,0.43,normal
2026-05-08 00:32:17,514,27.21,31.98,100569.5,272993.88,6.43,6.8,6.8,6.8,45.11,51.13,51.31,51.32,51.33,0.43,normal
2026-05-08 00:32:22,513,27.18,32.04,100571.21,275194.84,6.65,7.03,7.03,7.03,46.63,52.86,53.05,53.06,53.06,0.43,normal
2026-05-08 00:32:27,512,27.18,32.1,100572.55,273870.03,7.04,7.44,7.44,7.44,49.38,55.97,56.17,56.18,56.19,0.42,normal
2026-05-08 00:32:32,512,27.19,32.11,100570.68,274530.84,7.16,7.57,7.57,7.57,50.21,56.91,57.11,57.12,57.13,0.42,normal
2026-05-08 00:32:37,513,27.19,32.09,100568.87,273431.25,6.82,7.22,7.22,7.22,47.88,54.27,54.46,54.47,54.48,0.42,normal
2026-05-08 00:32:42,513,27.15,32.09,100572.59,274751.81,6.73,7.12,7.12,7.12,47.25,53.56,53.75,53.76,53.76,0.43,normal
2026-05-08 00:32:47,513,27.17,32.12,100569.82,271474.03,6.73,7.12,7.12,7.12,47.21,53.52,53.71,53.72,53.72,0.42,normal
2026-05-08 00:32:52,512,27.18,32.17,100569.57,273870.03,6.89,7.29,7.29,7.29,48.35,54.8,55,55.01,55.01,0.42,normal
2026-05-08 00:32:57,512,27.18,32.17,100570.2,272775.72,6.91,7.3,7.3,7.3,48.45,54.92,55.12,55.13,55.14,0.41,normal
2026-05-08 00:33:02,512,27.14,32.13,100574.39,276308.69,6.79,7.18,7.18,7.18,47.66,54.03,54.22,54.23,54.24,0.41,normal
2026-05-08 00:33:07,512,27.19,32.14,100571.3,272775.72,6.75,7.14,7.14,7.14,47.38,53.71,53.9,53.91,53.92,0.42,normal
2026-05-08 00:33:12,511,27.24,32.15,100569.32,272340.44,6.36,6.72,6.72,6.72,44.6,50.55,50.73,50.74,50.75,0.42,normal
2026-05-08 00:33:17,512,27.26,32.14,100569.5,272123.31,6.07,6.42,6.42,6.42,42.58,48.27,48.44,48.45,48.46,0.42,normal
2026-05-08 00:33:22,511,27.3,32.11,100567.66,272993.88,5.95,6.29,6.29,6.29,41.75,47.32,47.49,47.5,47.51,0.43,normal
2026-05-08 00:33:27,510,27.32,32.05,100567.76,271258.28,5.99,6.34,6.34,6.34,42.05,47.67,47.84,47.85,47.85,0.43,normal
2026-05-08 00:33:32,510,27.33,32,100568.7,272123.31,5.89,6.22,6.22,6.22,41.29,46.8,46.97,46.98,46.98,0.44,normal
2026-05-08 00:33:37,511,27.26,31.93,100567.5,275639.31,5.97,6.31,6.31,6.31,41.86,47.45,47.62,47.63,47.63,0.43,normal
2026-05-08 00:33:42,510,27.25,31.92,100569.36,273431.25,6.33,6.69,6.69,6.69,44.4,50.33,50.51,50.52,50.52,0.43,normal
2026-05-08 00:33:47,511,27.27,31.95,100568.76,272557.91,6.35,6.72,6.72,6.72,44.57,50.52,50.7,50.71,50.71,0.43,normal
2026-05-08 00:33:52,511,27.26,31.93,100568.34,275416.91,6.43,6.8,6.8,6.8,45.1,51.13,51.31,51.32,51.32,0.43,normal
2026-05-08 00:33:57,510,27.29,31.93,100569.16,274751.81,6.38,6.75,6.75,6.75,44.76,50.74,50.92,50.93,50.93,0.43,normal
2026-05-08 00:34:02,509,27.33,31.9,100569.46,274089.94,6.17,6.53,6.53,6.53,43.3,49.08,49.26,49.27,49.27,0.43,normal
2026-05-08 00:34:08,509,27.35,31.87,100568.21,273431.25,5.81,6.15,6.15,6.15,40.79,46.24,46.4,46.41,46.42,0.43,normal
2026-05-08 00:34:13,509,27.36,31.85,100569.16,272123.31,5.52,5.84,5.84,5.84,38.76,43.93,44.09,44.1,44.1,0.42,normal
2026-05-08 00:34:18,507,27.35,31.86,100569.72,272775.72,5.37,5.68,5.68,5.68,37.7,42.74,42.89,42.9,42.9,0.42,normal
2026-05-08 00:34:23,508,27.36,31.87,100570.23,271474.03,5.42,5.73,5.73,5.73,38.01,43.08,43.23,43.24,43.25,0.42,normal
2026-05-08 00:34:28,509,27.36,31.85,100568.38,272993.88,5.57,5.89,5.89,5.89,39.09,44.31,44.47,44.48,44.48,0.43,normal
2026-05-08 00:34:33,511,27.38,31.85,100570.7,272993.88,5.72,6.04,6.04,6.04,40.1,45.46,45.62,45.63,45.63,0.42,normal
2026-05-08 00:34:38,510,27.38,31.81,100569.95,271258.28,5.53,5.84,5.84,5.84,38.77,43.94,44.1,44.11,44.11,0.43,normal
2026-05-08 00:34:43,513,27.34,31.79,100569.96,271906.53,5.41,5.72,5.72,5.72,37.98,43.05,43.2,43.21,43.21,0.43,normal
2026-05-08 00:34:48,511,27.35,31.82,100568.35,272340.44,5.27,5.57,5.57,5.57,36.95,41.88,42.03,42.04,42.05,0.42,normal
2026-05-08 00:34:53,512,27.3,31.82,100570.16,273431.25,5.32,5.62,5.62,5.62,37.32,42.3,42.45,42.46,42.46,0.43,normal
2026-05-08 00:34:58,511,27.28,31.86,100570.12,273431.25,5.5,5.82,5.82,5.82,38.61,43.76,43.92,43.93,43.93,0.43,normal
2026-05-08 00:35:03,509,27.27,31.9,100570.46,274310.22,5.66,5.99,5.99,5.99,39.73,45.04,45.2,45.21,45.21,0.43,normal
2026-05-08 00:35:08,510,27.25,31.92,100568.85,273650.47,5.94,6.29,6.29,6.29,41.7,47.27,47.44,47.45,47.45,0.43,normal
2026-05-08 00:35:13,512,27.22,31.94,100569.06,274530.84,6.11,6.46,6.46,6.46,42.88,48.61,48.78,48.79,48.79,0.43,normal
2026-05-08 00:35:18,513,27.23,31.96,100570.21,273431.25,5.96,6.3,6.3,6.3,41.8,47.38,47.55,47.56,47.56,0.43,normal
2026-05-08 00:35:23,513,27.21,31.92,100568.46,275194.84,5.84,6.17,6.17,6.17,40.95,46.42,46.58,46.59,46.6,0.43,normal
2026-05-08 00:35:28,516,27.19,31.92,100569.59,273650.47,5.61,5.94,5.94,5.94,39.38,44.64,44.8,44.81,44.81,0.43,normal
2026-05-08 00:35:33,516,27.16,31.95,100570.27,273650.47,5.46,5.77,5.77,5.77,38.29,43.4,43.55,43.56,43.57,0.42,normal
2026-05-08 00:35:38,515,27.15,31.97,100571.13,270398.72,5.39,5.7,5.7,5.7,37.8,42.85,43,43.01,43.01,0.43,normal
2026-05-08 00:35:43,512,27.17,32.01,100569.38,271690.09,5.16,5.46,5.46,5.46,36.22,41.05,41.2,41.21,41.21,0.43,normal
2026-05-08 00:35:48,513,27.19,32.02,100569.4,272340.44,5.02,5.31,5.31,5.31,35.2,39.9,40.04,40.05,40.06,0.43,normal
2026-05-08 00:35:53,511,27.2,31.99,100567.98,272993.88,5.48,5.8,5.8,5.8,38.48,43.62,43.77,43.78,43.78,0.43,normal
2026-05-08 00:35:58,512,27.18,31.97,100568.19,272557.91,5.88,6.22,6.22,6.22,41.27,46.78,46.95,46.96,46.96,0.43,normal
2026-05-08 00:36:03,510,27.19,31.95,100568.48,273212.38,5.95,6.29,6.29,6.29,41.72,47.29,47.46,47.47,47.47,0.43,normal
2026-05-08 00:36:08,510,27.2,31.94,100569.16,272557.91,5.61,5.93,5.93,5.93,39.33,44.58,44.74,44.75,44.75,0.43,normal
2026-05-08 00:36:13,509,27.23,31.93,100567.94,272557.91,5.5,5.82,5.82,5.82,38.62,43.77,43.93,43.94,43.94,0.43,normal
2026-05-08 00:36:18,508,27.26,31.93,100568.7,272775.72,5.5,5.82,5.82,5.82,38.58,43.73,43.89,43.9,43.9,0.42,normal
2026-05-08 00:36:23,508,27.22,31.9,100569.46,272993.88,5.57,5.89,5.89,5.89,39.05,44.27,44.43,44.44,44.44,0.42,normal
2026-05-08 00:36:28,508,27.25,31.88,100569.15,272775.72,5.26,5.56,5.56,5.56,36.89,41.82,41.97,41.98,41.98,0.42,normal
2026-05-08 00:36:33,509,27.17,31.87,100570.02,278336.5,5.19,5.49,5.49,5.49,36.43,41.29,41.44,41.45,41.45,0.42,normal
2026-05-08 00:36:38,508,27.19,31.9,100569.4,274530.84,5.42,5.73,5.73,5.73,38.03,43.11,43.26,43.27,43.27,0.41,normal
2026-05-08 00:36:43,506,27.23,31.94,100568.41,273870.03,5.74,6.07,6.07,6.07,40.28,45.66,45.83,45.84,45.84,0.42,normal
2026-05-08 00:36:48,504,27.24,31.91,100569.41,274089.94,5.68,6,6,6,39.83,45.14,45.3,45.31,45.32,0.41,normal
2026-05-08 00:36:53,505,27.22,31.91,100569.38,272557.91,5.39,5.7,5.7,5.7,37.83,42.88,43.04,43.05,43.05,0.42,normal
2026-05-08 00:36:58,504,27.19,31.97,100568.97,273431.25,5.21,5.51,5.51,5.51,36.54,41.41,41.56,41.57,41.57,0.42,normal
2026-05-08 00:37:03,503,27.22,32.02,100569.54,273212.38,5.18,5.48,5.48,5.48,36.36,41.22,41.37,41.38,41.38,0.42,normal
2026-05-08 00:37:08,503,27.25,32.01,100569.17,271474.03,5.16,5.46,5.46,5.46,36.21,41.04,41.19,41.19,41.2,0.42,normal
2026-05-08 00:37:13,505,27.25,31.97,100569.28,273870.03,5.24,5.54,5.54,5.54,36.74,41.64,41.79,41.8,41.8,0.42,normal
2026-05-08 00:37:18,508,27.21,31.94,100568.51,275639.31,5.44,5.75,5.75,5.75,38.13,43.22,43.38,43.39,43.39,0.42,normal
2026-05-08 00:37:23,507,27.2,31.91,100569.54,276085.19,5.56,5.88,5.88,5.88,39,44.21,44.36,44.37,44.38,0.42,normal
2026-05-08 00:37:28,506,27.15,31.89,100570.76,276981.34,5.55,5.87,5.87,5.87,38.91,44.11,44.27,44.28,44.28,0.42,normal
2026-05-08 00:37:33,506,27.14,31.92,100572.6,276308.69,5.6,5.92,5.92,5.92,39.29,44.54,44.69,44.7,44.71,0.42,normal
2026-05-08 00:37:38,504,27.16,31.94,100575.3,276532.53,5.7,6.03,6.03,6.03,40,45.34,45.5,45.51,45.51,0.42,normal
2026-05-08 00:37:43,502,27.19,31.95,100570.2,275639.31,5.73,6.06,6.06,6.06,40.2,45.57,45.73,45.74,45.74,0.42,normal
2026-05-08 00:37:48,503,27.19,31.97,100570.39,276532.53,5.52,5.83,5.83,5.83,38.71,43.87,44.03,44.04,44.04,0.42,normal
2026-05-08 00:37:53,502,27.21,31.94,100570.26,275639.31,5.44,5.75,5.75,5.75,38.16,43.26,43.41,43.42,43.42,0.42,normal
2026-05-08 00:37:58,501,27.22,31.93,100569.52,276085.19,5.32,5.62,5.62,5.62,37.29,42.27,42.42,42.43,42.43,0.41,normal
2026-05-08 00:38:03,501,27.21,31.91,100569.18,275194.84,5.06,5.35,5.35,5.35,35.51,40.25,40.39,40.4,40.4,0.41,normal
2026-05-08 00:38:08,501,27.19,31.89,100568.58,276981.34,5.21,5.51,5.51,5.51,36.53,41.41,41.56,41.56,41.57,0.41,normal
2026-05-08 00:38:13,505,27.19,31.91,100569.74,276756.75,5.57,5.89,5.89,5.89,39.06,44.28,44.44,44.44,44.45,0.42,normal
2026-05-08 00:38:18,505,27.15,31.88,100571.4,279247.34,5.66,5.99,5.99,5.99,39.74,45.05,45.21,45.22,45.22,0.42,normal
2026-05-08 00:38:23,505,27.1,31.9,100571.87,279475.97,5.62,5.95,5.95,5.95,39.45,44.72,44.87,44.88,44.89,0.42,normal
2026-05-08 00:38:28,505,27.1,31.95,100571.84,279934.38,5.52,5.84,5.84,5.84,38.76,43.93,44.09,44.1,44.1,0.42,normal
2026-05-08 00:38:33,504,27.09,31.98,100572.99,278109.72,5.4,5.71,5.71,5.71,37.9,42.96,43.11,43.12,43.12,0.42,normal
2026-05-08 00:38:38,503,27.07,32.02,100572.33,277883.31,5.42,5.73,5.73,5.73,38.01,43.08,43.24,43.24,43.25,0.42,normal
2026-05-08 00:38:43,505,27.06,32.06,100571.17,278563.66,5.59,5.91,5.91,5.91,39.2,44.43,44.59,44.6,44.6,0.41,normal
2026-05-08 00:38:48,504,27.07,32.09,100571.36,278109.72,5.56,5.88,5.88,5.88,39.02,44.22,44.38,44.39,44.4,0.41,normal
2026-05-08 00:38:53,504,27.04,32.08,100572.66,278109.72,6.05,6.4,6.4,6.4,42.48,48.15,48.32,48.33,48.33,0.42,normal
2026-05-08 00:38:58,506,27,32.11,100571.91,280164.16,6.66,7.04,7.04,7.04,46.71,52.94,53.13,53.14,53.15,0.41,normal
2026-05-08 00:39:03,510,26.95,32.07,100571.3,281550.72,6.78,7.17,7.17,7.17,47.56,53.91,54.11,54.12,54.12,0.42,normal
2026-05-08 00:39:08,510,26.95,32.12,100571.91,277431.59,6.91,7.31,7.31,7.31,48.49,54.97,55.16,55.17,55.18,0.41,normal
2026-05-08 00:39:13,508,26.99,32.15,100570.96,278791.19,6.71,7.09,7.09,7.09,47.06,53.34,53.53,53.54,53.55,0.42,normal
2026-05-08 00:39:18,509,26.95,32.11,100571.24,281783.16,6.46,6.83,6.83,6.83,45.32,51.37,51.55,51.57,51.57,0.41,normal
2026-05-08 00:39:23,507,26.96,32.11,100573.48,281087.03,6.4,6.77,6.77,6.77,44.9,50.9,51.08,51.09,51.09,0.41,normal
2026-05-08 00:39:28,507,26.99,32.14,100571.61,281087.03,6.26,6.62,6.62,6.62,43.89,49.76,49.93,49.94,49.95,0.41,normal
2026-05-08 00:39:33,507,27.02,32.09,100573.24,281087.03,6,6.35,6.35,6.35,42.1,47.72,47.89,47.9,47.91,0.41,normal
2026-05-08 00:39:38,504,27.02,32.08,100572.55,279934.38,5.65,5.98,5.98,5.98,39.67,44.97,45.13,45.14,45.14,0.41,normal
2026-05-08 00:39:43,502,26.99,32.1,100572.57,281087.03,5.3,5.61,5.61,5.61,37.2,42.16,42.31,42.32,42.33,0.41,normal
2026-05-08 00:39:48,503,26.98,32.12,100571.82,280164.16,5.46,5.78,5.78,5.78,38.34,43.46,43.61,43.62,43.62,0.4,normal
2026-05-08 00:39:53,502,27.02,32.13,100572.81,279019.06,5.73,6.06,6.06,6.06,40.22,45.59,45.75,45.76,45.76,0.4,normal
2026-05-08 00:39:58,500,27.06,32.11,100573.53,277883.31,5.69,6.02,6.02,6.02,39.95,45.28,45.45,45.46,45.46,0.41,normal
2026-05-08 00:40:03,500,27.08,32.11,100572.11,277883.31,5.8,6.14,6.14,6.14,40.71,46.15,46.31,46.32,46.32,0.41,normal
2026-05-08 00:40:08,499,27.1,32.13,100571.62,277883.31,5.79,6.12,6.12,6.12,40.6,46.02,46.18,46.19,46.2,0.41,normal
2026-05-08 00:40:13,498,27.08,32.12,100571.66,278109.72,5.81,6.14,6.14,6.14,40.75,46.2,46.36,46.37,46.37,0.42,normal
2026-05-08 00:40:18,499,27.08,32.12,100573.24,278336.5,5.77,6.11,6.11,6.11,40.51,45.92,46.09,46.1,46.1,0.42,normal
2026-05-08 00:40:23,501,27.15,32.14,100574.41,277431.59,5.72,6.05,6.05,6.05,40.11,45.47,45.63,45.64,45.64,0.42,normal
2026-05-08 00:40:28,499,27.16,32.09,100570.65,277431.59,5.7,6.03,6.03,6.03,40.01,45.35,45.51,45.52,45.52,0.43,normal
2026-05-08 00:40:33,497,27.16,32.06,100572.3,276981.34,5.45,5.76,5.76,5.76,38.21,43.31,43.47,43.48,43.48,0.42,normal
2026-05-08 00:40:38,497,27.11,32.08,100572.15,278791.19,5.31,5.62,5.62,5.62,37.26,42.24,42.39,42.4,42.4,0.42,normal
2026-05-08 00:40:43,499,27.08,32.08,100573.45,278109.72,5.12,5.41,5.41,5.41,35.9,40.69,40.84,40.85,40.85,0.42,normal
2026-05-08 00:40:49,500,27.08,32.15,100573.93,276981.34,5.48,5.79,5.79,5.79,38.43,43.56,43.72,43.73,43.73,0.42,normal
2026-05-08 00:40:54,501,27.07,32.16,100573.27,278791.19,5.64,5.96,5.96,5.96,39.56,44.84,45,45.01,45.02,0.42,normal
2026-05-08 00:40:59,500,27.06,32.15,100572.61,276981.34,5.62,5.94,5.94,5.94,39.41,44.67,44.83,44.84,44.84,0.42,normal
2026-05-08 00:41:04,500,27.06,32.11,100573.32,277206.28,5.74,6.07,6.07,6.07,40.24,45.61,45.78,45.79,45.79,0.42,normal
2026-05-08 00:41:09,501,27.11,32.1,100573.91,274973.16,5.98,6.32,6.32,6.32,41.95,47.55,47.72,47.73,47.73,0.41,normal
2026-05-08 00:41:14,499,27.13,32.08,100573.49,275416.91,5.9,6.24,6.24,6.24,41.39,46.92,47.09,47.1,47.1,0.41,normal
2026-05-08 00:41:19,501,27.17,32.06,100572.75,274751.81,5.64,5.97,5.97,5.97,39.59,44.87,45.03,45.04,45.04,0.41,normal
2026-05-08 00:41:24,503,27.15,32.03,100572.11,275416.91,5.74,6.08,6.08,6.08,40.31,45.69,45.85,45.86,45.86,0.41,normal
2026-05-08 00:41:29,503,27.1,32.01,100574.66,275194.84,5.71,6.04,6.04,6.04,40.08,45.44,45.6,45.61,45.61,0.41,normal
2026-05-08 00:41:34,501,27.07,32.03,100574.45,277431.59,5.51,5.82,5.82,5.82,38.63,43.79,43.95,43.96,43.96,0.41,normal
2026-05-08 00:41:39,503,27.04,32.04,100573.97,280164.16,5.43,5.74,5.74,5.74,38.11,43.19,43.35,43.36,43.36,0.41,normal
2026-05-08 00:41:44,503,27.05,32.08,100572.78,276981.34,5.5,5.82,5.82,5.82,38.61,43.76,43.92,43.93,43.93,0.41,normal
2026-05-08 00:41:49,503,27.02,32.1,100574.82,279019.06,5.57,5.9,5.9,5.9,39.11,44.33,44.49,44.5,44.5,0.41,normal
2026-05-08 00:41:54,503,26.98,32.09,100572.02,282249.19,5.56,5.88,5.88,5.88,39.04,44.25,44.41,44.42,44.42,0.41,normal
2026-05-08 00:41:59,500,26.96,32.09,100573.48,280624.84,5.37,5.68,5.68,5.68,37.7,42.73,42.89,42.89,42.9,0.41,normal
2026-05-08 00:42:04,501,26.96,32.12,100574.55,280394.31,5.22,5.52,5.52,5.52,36.65,41.55,41.7,41.7,41.71,0.41,normal
2026-05-08 00:42:09,499,27.01,32.15,100573.4,278336.5,5.22,5.52,5.52,5.52,36.6,41.49,41.64,41.65,41.65,0.41,normal
2026-05-08 00:42:14,500,27.05,32.14,100573.01,277883.31,5.22,5.52,5.52,5.52,36.61,41.5,41.65,41.66,41.66,0.41,normal
2026-05-08 00:42:19,496,27.12,32.11,100574.04,277206.28,5.05,5.34,5.34,5.34,35.45,40.18,40.33,40.33,40.34,0.41,normal
2026-05-08 00:42:24,496,27.12,32.06,100573.88,277657.28,4.92,5.2,5.2,5.2,34.49,39.09,39.23,39.24,39.24,0.41,normal
2026-05-08 00:42:29,495,27.13,32.01,100573.38,277206.28,4.95,5.23,5.23,5.23,34.69,39.33,39.47,39.48,39.48,0.41,normal
2026-05-08 00:42:34,495,27.12,32,100571.97,276532.53,4.96,5.24,5.24,5.24,34.79,39.43,39.57,39.58,39.59,0.41,normal
2026-05-08 00:42:39,496,27.15,31.98,100571.1,276532.53,5.08,5.37,5.37,5.37,35.65,40.41,40.56,40.57,40.57,0.41,normal
2026-05-08 00:42:44,495,27.14,31.98,100572.14,277657.28,4.96,5.25,5.25,5.25,34.81,39.46,39.6,39.61,39.61,0.42,normal
2026-05-08 00:42:49,494,27.05,31.95,100572.77,280394.31,5.14,5.43,5.43,5.43,36.05,40.87,41.01,41.02,41.02,0.42,normal
2026-05-08 00:42:54,493,27.02,31.99,100572.21,282716.72,5.32,5.62,5.62,5.62,37.31,42.29,42.44,42.45,42.45,0.42,normal
2026-05-08 00:42:59,492,26.96,32.02,100571.2,281087.03,5.51,5.83,5.83,5.83,38.69,43.85,44.01,44.02,44.02,0.42,normal
2026-05-08 00:43:04,492,26.98,32.07,100573.1,281550.72,5.67,6,6,6,39.79,45.1,45.26,45.27,45.27,0.41,normal
2026-05-08 00:43:09,493,26.96,32.08,100572.88,281087.03,5.95,6.29,6.29,6.29,41.71,47.28,47.45,47.46,47.46,0.41,normal
2026-05-08 00:43:14,494,26.94,32.1,100573.41,282482.75,6.04,6.39,6.39,6.39,42.37,48.03,48.2,48.21,48.22,0.41,normal
2026-05-08 00:43:19,496,26.97,32.13,100572.79,280624.84,6.25,6.61,6.61,6.61,43.83,49.68,49.86,49.87,49.87,0.42,normal
2026-05-08 00:43:24,495,26.99,32.12,100572.68,279019.06,6.2,6.56,6.56,6.56,43.49,49.3,49.47,49.48,49.49,0.42,normal
2026-05-08 00:43:29,495,27,32.1,100572.86,280394.31,6.25,6.61,6.61,6.61,43.86,49.72,49.9,49.91,49.91,0.4,normal
2026-05-08 00:43:34,494,26.96,32.09,100572.59,283420.97,6.13,6.48,6.48,6.48,42.98,48.72,48.89,48.9,48.91,0.4,normal
2026-05-08 00:43:39,495,26.94,32.09,100574.3,282951.09,6.23,6.59,6.59,6.59,43.72,49.55,49.73,49.74,49.75,0.4,normal
2026-05-08 00:43:44,494,26.99,32.1,100573.23,280164.16,6.39,6.76,6.76,6.76,44.82,50.81,50.99,51,51,0.4,normal
2026-05-08 00:43:49,495,27,32.08,100572.68,280855.72,6.57,6.95,6.95,6.95,46.08,52.23,52.42,52.43,52.43,0.41,normal
2026-05-08 00:43:54,494,26.95,32.06,100572.27,282951.09,6.5,6.88,6.88,6.88,45.63,51.72,51.91,51.92,51.92,0.4,normal
2026-05-08 00:43:59,492,26.91,32.07,100572.95,285077.94,6.49,6.87,6.87,6.87,45.55,51.63,51.81,51.82,51.83,0.4,normal
2026-05-08 00:44:04,488,26.87,32.09,100573.35,285794.03,6.21,6.57,6.57,6.57,43.6,49.42,49.6,49.61,49.61,0.4,normal
2026-05-08 00:44:09,490,26.86,32.12,100574.09,283892.44,5.98,6.33,6.33,6.33,41.96,47.57,47.74,47.75,47.75,0.4,normal
2026-05-08 00:44:14,490,26.89,32.16,100574.17,285316.25,5.81,6.15,6.15,6.15,40.79,46.24,46.4,46.41,46.41,0.4,normal
2026-05-08 00:44:19,490,26.9,32.14,100573.64,283185.84,5.66,5.98,5.98,5.98,39.68,44.98,45.14,45.15,45.16,0.4,normal
2026-05-08 00:44:24,491,26.89,32.14,100574.6,283656.5,5.47,5.79,5.79,5.79,38.4,43.52,43.68,43.69,43.69,0.4,normal
2026-05-08 00:44:29,491,26.92,32.16,100574.7,281318.69,5.25,5.55,5.55,5.55,36.83,41.74,41.89,41.9,41.9,0.4,normal
2026-05-08 00:44:34,491,26.95,32.17,100574.14,279705,5.14,5.44,5.44,5.44,36.09,40.91,41.06,41.07,41.07,0.4,normal
2026-05-08 00:44:39,490,26.98,32.13,100572.19,281087.03,5.19,5.49,5.49,5.49,36.41,41.27,41.42,41.42,41.43,0.4,normal
2026-05-08 00:44:44,488,27.02,32.1,100573.03,280855.72,5.31,5.61,5.61,5.61,37.22,42.19,42.34,42.35,42.36,0.4,normal
2026-05-08 00:44:49,489,26.98,32.06,100572.72,281087.03,5.21,5.51,5.51,5.51,36.56,41.45,41.59,41.6,41.61,0.4,normal
2026-05-08 00:44:54,489,26.94,32.05,100573.76,282482.75,5.1,5.39,5.39,5.39,35.78,40.56,40.71,40.71,40.72,0.4,normal
2026-05-08 00:44:59,489,26.95,32.07,100575.21,282951.09,5.02,5.31,5.31,5.31,35.21,39.91,40.06,40.06,40.07,0.4,normal
2026-05-08 00:45:04,486,26.95,32.05,100573.91,281783.16,4.97,5.25,5.25,5.25,34.85,39.5,39.64,39.65,39.66,0.4,normal
2026-05-08 00:45:09,487,26.96,32.06,100573.42,282951.09,4.67,4.94,4.94,4.94,32.79,37.17,37.3,37.3,37.31,0.4,normal
2026-05-08 00:45:14,484,26.97,32.04,100573.84,282015.97,4.54,4.8,4.8,4.8,31.85,36.1,36.23,36.23,36.24,0.4,normal
2026-05-08 00:45:19,484,26.94,32.03,100574.64,283656.5,4.76,5.03,5.03,5.03,33.4,37.86,37.99,38,38,0.4,normal
2026-05-08 00:45:24,485,26.89,32.04,100574.11,285794.03,4.83,5.1,5.1,5.1,33.85,38.37,38.51,38.52,38.52,0.41,normal
2026-05-08 00:45:29,486,26.88,32.06,100573.99,283892.44,5.64,5.96,5.96,5.96,39.54,44.82,44.98,44.99,44.99,0.41,normal
2026-05-08 00:45:34,487,26.87,32.08,100574.04,285794.03,5.76,6.09,6.09,6.09,40.43,45.83,45.99,46,46,0.4,normal
2026-05-08 00:45:39,485,26.86,32.08,100573.26,284602.56,5.47,5.79,5.79,5.79,38.4,43.53,43.68,43.69,43.69,0.4,normal
2026-05-08 00:45:44,486,26.86,32.12,100574.51,282716.72,5.55,5.87,5.87,5.87,38.94,44.13,44.29,44.3,44.3,0.41,normal
2026-05-08 00:45:49,487,26.89,32.14,100573.99,283656.5,5.8,6.13,6.13,6.13,40.67,46.1,46.26,46.27,46.28,0.4,normal
2026-05-08 00:45:54,485,26.89,32.15,100575.02,283656.5,5.77,6.1,6.1,6.1,40.45,45.85,46.01,46.02,46.02,0.4,normal
2026-05-08 00:45:59,486,26.89,32.14,100573.64,282951.09,5.4,5.71,5.71,5.71,37.89,42.95,43.1,43.11,43.12,0.41,normal
2026-05-08 00:46:04,489,26.89,32.16,100574.21,280855.72,5.41,5.73,5.73,5.73,37.99,43.06,43.21,43.22,43.22,0.41,normal
2026-05-08 00:46:09,490,26.92,32.12,100573.78,281550.72,5.63,5.95,5.95,5.95,39.48,44.75,44.91,44.92,44.92,0.4,normal
2026-05-08 00:46:14,490,26.94,32.09,100573.46,278791.19,5.73,6.06,6.06,6.06,40.21,45.58,45.74,45.75,45.76,0.4,normal
2026-05-08 00:46:19,489,26.86,32.05,100573.77,280394.31,5.62,5.94,5.94,5.94,39.41,44.67,44.83,44.84,44.85,0.4,normal
2026-05-08 00:46:24,489,26.87,32.09,100573.32,280164.16,5.35,5.65,5.65,5.65,37.51,42.52,42.67,42.68,42.69,0.4,normal
2026-05-08 00:46:29,489,26.89,32.09,100573.49,276981.34,5.12,5.42,5.42,5.42,35.93,40.72,40.87,40.88,40.88,0.4,normal
2026-05-08 00:46:34,488,26.88,32.1,100574.51,277657.28,4.98,5.27,5.27,5.27,34.96,39.63,39.77,39.78,39.78,0.4,normal
2026-05-08 00:46:39,489,26.88,32.12,100574.66,271690.09,5.3,5.6,5.6,5.6,37.16,42.13,42.28,42.29,42.29,0.41,normal
2026-05-08 00:46:44,487,26.85,32.14,100573.91,272557.91,5.4,5.71,5.71,5.71,37.85,42.9,43.06,43.07,43.07,0.41,normal
2026-05-08 00:46:49,487,26.77,32.1,100574.33,275194.84,5.26,5.57,5.57,5.57,36.94,41.87,42.02,42.03,42.03,0.41,normal
2026-05-08 00:46:54,486,26.78,32.15,100574.31,279019.06,5.25,5.56,5.56,5.56,36.86,41.78,41.92,41.93,41.94,0.41,normal
2026-05-08 00:46:59,487,26.76,32.15,100573.27,278791.19,5.38,5.69,5.69,5.69,37.76,42.8,42.95,42.96,42.97,0.41,normal
2026-05-08 00:47:04,486,26.78,32.17,100574.2,280624.84,5.61,5.94,5.94,5.94,39.38,44.64,44.8,44.81,44.81,0.41,normal
2026-05-08 00:47:09,484,26.75,32.15,100575.01,277883.31,5.59,5.91,5.91,5.91,39.19,44.43,44.58,44.59,44.6,0.41,normal
2026-05-08 00:47:14,482,26.76,32.2,100575.27,276308.69,5.32,5.63,5.63,5.63,37.32,42.31,42.46,42.46,42.47,0.41,normal
2026-05-08 00:47:19,484,26.75,32.26,100575.99,276308.69,5.41,5.72,5.72,5.72,37.98,43.05,43.21,43.22,43.22,0.42,normal
2026-05-08 00:47:24,486,26.76,32.26,100574.94,274751.81,5.37,5.68,5.68,5.68,37.68,42.71,42.87,42.87,42.88,0.42,normal
2026-05-08 00:47:29,485,26.79,32.28,100574.7,274751.81,5.3,5.6,5.6,5.6,37.16,42.12,42.28,42.28,42.29,0.41,normal
2026-05-08 00:47:35,483,26.81,32.29,100573.77,275416.91,5.38,5.69,5.69,5.69,37.76,42.8,42.96,42.97,42.97,0.41,normal
2026-05-08 00:47:40,484,26.83,32.27,100574.09,275416.91,5.39,5.7,5.7,5.7,37.8,42.84,43,43,43.01,0.41,normal
2026-05-08 00:47:45,483,26.85,32.25,100574.71,274751.81,5.35,5.66,5.66,5.66,37.52,42.53,42.68,42.69,42.69,0.41,normal
2026-05-08 00:47:50,483,26.9,32.21,100574.71,274751.81,5.58,5.9,5.9,5.9,39.16,44.39,44.54,44.55,44.56,0.41,normal
2026-05-08 00:47:55,482,26.88,32.17,100573.72,277206.28,5.59,5.91,5.91,5.91,39.23,44.47,44.63,44.64,44.64,0.41,normal
2026-05-08 00:48:00,481,26.87,32.15,100575.55,277431.59,5.45,5.77,5.77,5.77,38.26,43.37,43.52,43.53,43.53,0.41,normal
2026-05-08 00:48:05,482,26.86,32.12,100575.88,278563.66,5.17,5.46,5.46,5.46,36.25,41.09,41.23,41.24,41.24,0.41,normal
2026-05-08 00:48:10,482,26.88,32.12,100575.63,278109.72,4.83,5.11,5.11,5.11,33.89,38.41,38.55,38.56,38.56,0.4,normal
2026-05-08 00:48:15,481,26.83,32.14,100573.96,278336.5,4.82,5.1,5.1,5.1,33.83,38.35,38.49,38.49,38.5,0.41,normal
2026-05-08 00:48:20,479,26.79,32.18,100574.8,279247.34,4.85,5.13,5.13,5.13,34.02,38.56,38.7,38.71,38.71,0.41,normal
2026-05-08 00:48:25,478,26.75,32.21,100574.72,279934.38,4.91,5.19,5.19,5.19,34.42,39.01,39.15,39.16,39.17,0.41,normal
2026-05-08 00:48:30,476,26.74,32.22,100575.27,281318.69,4.98,5.27,5.27,5.27,34.97,39.64,39.78,39.79,39.79,0.41,normal
2026-05-08 00:48:35,477,26.73,32.19,100576.35,281783.16,5.35,5.66,5.66,5.66,37.57,42.58,42.74,42.74,42.75,0.41,normal
2026-05-08 00:48:40,476,26.71,32.21,100576.91,282015.97,5.41,5.72,5.72,5.72,37.97,43.04,43.19,43.2,43.2,0.41,normal
2026-05-08 00:48:45,478,26.7,32.22,100576.08,281087.03,5.36,5.67,5.67,5.67,37.61,42.63,42.78,42.79,42.79,0.41,normal
2026-05-08 00:48:50,476,26.73,32.25,100575.62,281318.69,5.13,5.43,5.43,5.43,36.02,40.83,40.97,40.98,40.98,0.41,normal
2026-05-08 00:48:55,474,26.72,32.25,100575.57,279705,5.06,5.35,5.35,5.35,35.47,40.2,40.35,40.36,40.36,0.41,normal
2026-05-08 00:49:00,472,26.73,32.28,100574.86,279934.38,5.16,5.46,5.46,5.46,36.22,41.05,41.2,41.21,41.21,0.41,normal
2026-05-08 00:49:05,472,26.68,32.26,100575.18,282951.09,5.3,5.6,5.6,5.6,37.15,42.11,42.26,42.27,42.27,0.41,normal
2026-05-08 00:49:10,472,26.68,32.28,100576.28,281550.72,5.25,5.55,5.55,5.55,36.8,41.72,41.87,41.87,41.88,0.41,normal
2026-05-08 00:49:15,473,26.71,32.3,100576.23,280855.72,5.31,5.61,5.61,5.61,37.25,42.22,42.37,42.38,42.38,0.41,normal
2026-05-08 00:49:20,473,26.68,32.3,100575.77,281783.16,5.25,5.55,5.55,5.55,36.83,41.75,41.9,41.91,41.91,0.41,normal
2026-05-08 00:49:25,472,26.72,32.34,100575.55,281783.16,5.24,5.54,5.54,5.54,36.77,41.68,41.83,41.84,41.84,0.41,normal
2026-05-08 00:49:30,470,26.75,32.34,100574.25,279019.06,5.54,5.86,5.86,5.86,38.87,44.07,44.22,44.23,44.24,0.41,normal
2026-05-08 00:49:35,470,26.78,32.32,100575.39,277431.59,5.64,5.97,5.97,5.97,39.58,44.87,45.03,45.04,45.04,0.41,normal
2026-05-08 00:49:40,469,26.78,32.29,100576.33,279475.97,5.5,5.81,5.81,5.81,38.57,43.72,43.88,43.89,43.89,0.41,normal
2026-05-08 00:49:45,471,26.81,32.28,100575.46,280164.16,5.3,5.61,5.61,5.61,37.21,42.18,42.33,42.34,42.35,0.41,normal
2026-05-08 00:49:50,470,26.85,32.26,100575.55,278563.66,5.05,5.35,5.35,5.35,35.46,40.2,40.34,40.35,40.35,0.41,normal
2026-05-08 00:49:55,468,26.87,32.26,100575.48,278109.72,5.14,5.43,5.43,5.43,36.05,40.86,41.01,41.02,41.02,0.41,normal
2026-05-08 00:50:00,467,26.89,32.22,100575.55,279934.38,5.28,5.58,5.58,5.58,37.02,41.96,42.11,42.12,42.12,0.41,normal
2026-05-08 00:50:05,467,26.91,32.17,100574.99,277431.59,5.38,5.69,5.69,5.69,37.77,42.81,42.96,42.97,42.97,0.41,normal
2026-05-08 00:50:10,468,26.91,32.15,100576.43,278791.19,5.47,5.78,5.78,5.78,38.35,43.47,43.63,43.64,43.64,0.41,normal
2026-05-08 00:50:15,469,26.96,32.13,100576.89,277883.31,5.49,5.81,5.81,5.81,38.54,43.69,43.84,43.85,43.86,0.41,normal
2026-05-08 00:50:20,469,26.97,32.11,100576.19,276981.34,5.24,5.54,5.54,5.54,36.78,41.7,41.84,41.85,41.86,0.41,normal
2026-05-08 00:50:25,469,26.93,32.18,100575.69,273431.25,5.12,5.42,5.42,5.42,35.94,40.74,40.88,40.89,40.89,0.41,normal
2026-05-08 00:50:30,471,26.93,32.26,100576.17,274751.81,5,5.29,5.29,5.29,35.11,39.8,39.94,39.95,39.95,0.42,normal
2026-05-08 00:50:35,472,26.94,32.27,100575.18,276308.69,4.88,5.16,5.16,5.16,34.21,38.78,38.91,38.92,38.93,0.42,normal
2026-05-08 00:50:40,471,26.95,32.25,100575.5,275639.31,4.94,5.22,5.22,5.22,34.66,39.28,39.42,39.43,39.43,0.42,normal
2026-05-08 00:50:45,471,27,32.24,100575.94,275194.84,5.2,5.5,5.5,5.5,36.47,41.34,41.49,41.49,41.5,0.42,normal
2026-05-08 00:50:50,471,27.01,32.22,100577.16,276308.69,5.49,5.8,5.8,5.8,38.5,43.64,43.8,43.81,43.81,0.42,normal
2026-05-08 00:50:55,473,26.95,32.22,100576.21,274751.81,5.57,5.89,5.89,5.89,39.1,44.32,44.48,44.49,44.49,0.42,normal
2026-05-08 00:51:00,475,26.96,32.24,100576.68,276308.69,5.79,6.13,6.13,6.13,40.64,46.07,46.23,46.24,46.25,0.42,normal
2026-05-08 00:51:05,477,26.95,32.21,100577.2,276981.34,5.67,5.99,5.99,5.99,39.77,45.08,45.25,45.25,45.26,0.42,normal
2026-05-08 00:51:10,478,26.95,32.23,100576.46,276308.69,5.58,5.9,5.9,5.9,39.13,44.36,44.52,44.53,44.53,0.42,normal
2026-05-08 00:51:15,477,26.98,32.23,100575.62,273870.03,5.7,6.03,6.03,6.03,39.98,45.32,45.48,45.49,45.5,0.42,normal
2026-05-08 00:51:20,477,26.96,32.21,100576.57,268695.88,5.65,5.97,5.97,5.97,39.61,44.9,45.06,45.07,45.08,0.42,normal
2026-05-08 00:51:25,477,26.96,32.29,100577.12,258912.77,5.82,6.16,6.16,6.16,40.86,46.32,46.48,46.49,46.49,0.42,normal
2026-05-08 00:51:30,476,26.97,32.35,100576.4,261691.8,5.83,6.16,6.16,6.16,40.88,46.34,46.51,46.52,46.52,0.42,normal
2026-05-08 00:51:35,477,27.01,32.35,100576.99,265560.16,5.61,5.93,5.93,5.93,39.33,44.58,44.74,44.75,44.76,0.42,normal
2026-05-08 00:51:40,476,27.05,32.3,100576.99,260891.72,5.59,5.91,5.91,5.91,39.2,44.43,44.59,44.6,44.6,0.42,normal
2026-05-08 00:51:45,477,26.94,32.31,100576.17,254663.02,5.45,5.76,5.76,5.76,38.22,43.33,43.48,43.49,43.49,0.42,normal
2026-05-08 00:51:50,476,26.92,32.35,100577.28,259898.48,5.4,5.71,5.71,5.71,37.91,42.97,43.12,43.13,43.14,0.43,normal
2026-05-08 00:51:55,477,26.95,32.35,100576.2,262093.67,5.48,5.8,5.8,5.8,38.45,43.59,43.74,43.75,43.76,0.42,normal
2026-05-08 00:52:00,479,26.93,32.34,100577.14,260891.72,5.42,5.73,5.73,5.73,38.01,43.09,43.24,43.25,43.26,0.42,normal
2026-05-08 00:52:05,479,26.92,32.37,100577.36,261691.8,5.25,5.55,5.55,5.55,36.8,41.72,41.86,41.87,41.88,0.42,normal
2026-05-08 00:52:10,481,26.95,32.38,100575.54,258912.77,5.12,5.41,5.41,5.41,35.92,40.72,40.86,40.87,40.87,0.42,normal
2026-05-08 00:52:15,481,26.95,32.39,100575.52,260692.47,5.31,5.62,5.62,5.62,37.26,42.24,42.39,42.4,42.4,0.42,normal
2026-05-08 00:52:20,482,26.95,32.39,100575.57,262295.09,5.23,5.53,5.53,5.53,36.67,41.57,41.72,41.73,41.73,0.42,normal
2026-05-08 00:52:25,485,27,32.37,100575.22,262496.78,5.4,5.71,5.71,5.71,37.88,42.93,43.08,43.09,43.1,0.43,normal
2026-05-08 00:52:30,485,26.98,32.33,100575.02,260493.52,5.44,5.75,5.75,5.75,38.18,43.27,43.43,43.44,43.44,0.43,normal
2026-05-08 00:52:35,486,26.97,32.35,100575.45,261691.8,5.43,5.74,5.74,5.74,38.07,43.15,43.31,43.32,43.32,0.43,normal
2026-05-08 00:52:40,487,27.01,32.34,100576.79,261691.8,5.35,5.65,5.65,5.65,37.51,42.52,42.67,42.68,42.68,0.43,normal
2026-05-08 00:52:45,490,27.07,32.3,100577.61,261892.58,5.27,5.57,5.57,5.57,36.98,41.91,42.06,42.07,42.08,0.43,normal
2026-05-08 00:52:50,494,27.1,32.25,100576.74,261691.8,5.24,5.55,5.55,5.55,36.79,41.7,41.85,41.86,41.86,0.43,normal
2026-05-08 00:52:55,496,27.16,32.21,100575.25,260891.72,5.25,5.56,5.56,5.56,36.86,41.78,41.93,41.94,41.94,0.43,normal
2026-05-08 00:53:00,498,27.17,32.15,100577.63,261892.58,4.83,5.11,5.11,5.11,33.88,38.41,38.55,38.55,38.56,0.43,normal
2026-05-08 00:53:05,499,27.11,32.15,100576.02,264531.12,4.66,4.93,4.93,4.93,32.72,37.09,37.22,37.23,37.23,0.43,normal
2026-05-08 00:53:10,501,27.09,32.21,100575.9,262496.78,4.63,4.9,4.9,4.9,32.52,36.86,36.99,37,37,0.44,normal
2026-05-08 00:53:15,502,27.06,32.24,100577.85,266597.25,4.56,4.82,4.82,4.82,31.97,36.24,36.37,36.38,36.39,0.44,normal
2026-05-08 00:53:20,502,26.98,32.28,100575.87,264941.78,4.65,4.92,4.92,4.92,32.64,37,37.13,37.14,37.15,0.43,normal
2026-05-08 00:53:25,501,26.96,32.38,100575.16,262093.67,4.93,5.21,5.21,5.21,34.58,39.2,39.34,39.35,39.35,0.44,normal
2026-05-08 00:53:30,502,26.91,32.42,100575.77,264121.75,5.04,5.33,5.33,5.33,35.39,40.12,40.26,40.27,40.27,0.43,normal
2026-05-08 00:53:35,504,26.92,32.44,100576.48,265353.72,5.12,5.42,5.42,5.42,35.94,40.74,40.88,40.89,40.89,0.43,normal
2026-05-08 00:53:40,506,26.88,32.48,100577.38,264941.78,5.13,5.43,5.43,5.43,36.02,40.83,40.97,40.98,40.99,0.43,normal
2026-05-08 00:53:45,507,26.93,32.49,100576.89,263103.81,5.11,5.4,5.4,5.4,35.84,40.63,40.77,40.78,40.78,0.43,normal
2026-05-08 00:53:50,508,26.97,32.48,100576.08,262496.78,5.14,5.44,5.44,5.44,36.09,40.91,41.06,41.06,41.07,0.43,normal
2026-05-08 00:53:55,507,27.01,32.42,100576.62,262496.78,5.06,5.35,5.35,5.35,35.51,40.26,40.4,40.41,40.41,0.43,normal
2026-05-08 00:54:00,510,27.04,32.38,100578.07,262496.78,4.99,5.27,5.27,5.27,34.98,39.65,39.79,39.8,39.81,0.43,normal
2026-05-08 00:54:06,510,27.01,32.34,100575.99,264326.28,4.93,5.22,5.22,5.22,34.62,39.24,39.38,39.39,39.39,0.43,normal
2026-05-08 00:54:11,513,26.99,32.34,100577.51,266597.25,4.92,5.2,5.2,5.2,34.51,39.12,39.26,39.27,39.27,0.42,normal
2026-05-08 00:54:16,516,26.95,32.3,100577.03,267852.47,4.86,5.14,5.14,5.14,34.12,38.68,38.82,38.83,38.83,0.42,normal
2026-05-08 00:54:21,515,26.92,32.29,100578.14,267852.47,4.85,5.13,5.13,5.13,34.05,38.59,38.73,38.74,38.74,0.42,normal
2026-05-08 00:54:26,515,26.9,32.33,100577.88,268484.53,4.92,5.21,5.21,5.21,34.55,39.16,39.3,39.31,39.32,0.42,normal
2026-05-08 00:54:31,518,26.9,32.36,100578.23,267432.75,4.84,5.12,5.12,5.12,33.98,38.52,38.66,38.67,38.67,0.42,normal
2026-05-08 00:54:36,517,26.88,32.42,100578.23,267223.38,4.76,5.03,5.03,5.03,33.39,37.85,37.98,37.99,37.99,0.42,normal
2026-05-08 00:54:41,519,26.93,32.46,100578.27,264326.28,4.73,5,5,5,33.2,37.63,37.76,37.77,37.77,0.43,normal
2026-05-08 00:54:46,521,26.87,32.45,100577.82,269971,4.89,5.17,5.17,5.17,34.29,38.87,39.01,39.02,39.02,0.43,normal
2026-05-08 00:54:51,522,26.82,32.49,100578.26,270613.09,4.97,5.25,5.25,5.25,34.86,39.51,39.65,39.66,39.66,0.43,normal
2026-05-08 00:54:56,522,26.81,32.52,100577.88,269544.62,5.17,5.47,5.47,5.47,36.27,41.12,41.26,41.27,41.27,0.43,normal
2026-05-08 00:55:01,523,26.8,32.54,100578.44,270398.72,5.39,5.7,5.7,5.7,37.84,42.89,43.04,43.05,43.05,0.42,normal
2026-05-08 00:55:06,525,26.78,32.57,100578.85,268907.56,5.41,5.72,5.72,5.72,37.97,43.04,43.19,43.2,43.21,0.42,normal
2026-05-08 00:55:11,526,26.79,32.58,100577.04,271906.53,5.14,5.44,5.44,5.44,36.07,40.89,41.04,41.04,41.05,0.42,normal
2026-05-08 00:55:16,524,26.83,32.57,100578.73,269971,4.89,5.17,5.17,5.17,34.28,38.86,39,39.01,39.01,0.42,normal
2026-05-08 00:55:21,524,26.84,32.56,100579.43,269757.62,5.06,5.35,5.35,5.35,35.47,40.21,40.35,40.36,40.36,0.42,normal
2026-05-08 00:55:26,523,26.81,32.52,100579.12,273650.47,5.08,5.37,5.37,5.37,35.62,40.38,40.52,40.53,40.53,0.42,normal
2026-05-08 00:55:31,523,26.75,32.51,100578.48,273212.38,4.94,5.22,5.22,5.22,34.66,39.29,39.43,39.43,39.44,0.42,normal
2026-05-08 00:55:36,521,26.72,32.56,100578.91,272993.88,4.97,5.25,5.25,5.25,34.85,39.51,39.65,39.66,39.66,0.42,normal
2026-05-08 00:55:41,520,26.78,32.59,100578.62,272993.88,5.02,5.31,5.31,5.31,35.25,39.96,40.1,40.11,40.11,0.42,normal
2026-05-08 00:55:46,522,26.83,32.58,100578.87,271042.88,4.97,5.26,5.26,5.26,34.87,39.53,39.67,39.68,39.68,0.42,normal
2026-05-08 00:55:51,521,26.85,32.56,100578.83,271474.03,5.08,5.37,5.37,5.37,35.62,40.38,40.52,40.53,40.53,0.42,normal
2026-05-08 00:55:56,522,26.86,32.54,100578.81,271690.09,5.3,5.6,5.6,5.6,37.18,42.14,42.29,42.3,42.3,0.42,normal
2026-05-08 00:56:01,522,26.86,32.53,100578.53,270613.09,5.58,5.9,5.9,5.9,39.11,44.34,44.49,44.5,44.51,0.42,normal
2026-05-08 00:56:06,521,26.86,32.52,100578.94,272340.44,5.91,6.25,6.25,6.25,41.5,47.04,47.21,47.22,47.22,0.42,normal
2026-05-08 00:56:11,520,26.85,32.51,100578.78,269757.62,5.59,5.91,5.91,5.91,39.23,44.46,44.62,44.63,44.64,0.41,normal
2026-05-08 00:56:16,522,26.77,32.5,100579.45,258520.58,5.26,5.56,5.56,5.56,36.92,41.85,42,42.01,42.01,0.41,normal
2026-05-08 00:56:21,521,26.75,32.52,100578.62,261691.8,5.15,5.44,5.44,5.44,36.12,40.95,41.09,41.1,41.1,0.41,normal
2026-05-08 00:56:26,522,26.75,32.55,100578.07,258324.92,4.94,5.22,5.22,5.22,34.66,39.29,39.43,39.43,39.44,0.41,normal
2026-05-08 00:56:31,522,26.77,32.59,100579.62,262295.09,4.61,4.87,4.87,4.87,32.33,36.65,36.78,36.79,36.79,0.41,normal
2026-05-08 00:56:36,524,26.75,32.59,100579.71,263917.53,4.57,4.83,4.83,4.83,32.08,36.36,36.49,36.5,36.5,0.42,normal
2026-05-08 00:56:41,524,26.75,32.6,100578.29,263713.62,4.51,4.77,4.77,4.77,31.61,35.83,35.96,35.97,35.97,0.42,normal
2026-05-08 00:56:46,527,26.77,32.59,100578.8,265147.59,4.76,5.03,5.03,5.03,33.38,37.84,37.98,37.98,37.99,0.42,normal
2026-05-08 00:56:51,529,26.8,32.59,100578.72,263713.62,5,5.29,5.29,5.29,35.08,39.77,39.91,39.92,39.92,0.42,normal
2026-05-08 00:56:56,530,26.85,32.56,100579.39,262496.78,5.21,5.51,5.51,5.51,36.54,41.42,41.56,41.57,41.58,0.43,normal
2026-05-08 00:57:01,532,26.87,32.51,100579.77,262901.16,5.08,5.38,5.38,5.38,35.67,40.43,40.58,40.59,40.59,0.42,normal
2026-05-08 00:57:06,530,26.84,32.46,100578.6,264326.28,5.08,5.37,5.37,5.37,35.65,40.41,40.55,40.56,40.57,0.43,normal
2026-05-08 00:57:11,531,26.88,32.43,100578.68,262496.78,5.2,5.5,5.5,5.5,36.5,41.38,41.52,41.53,41.54,0.42,normal
2026-05-08 00:57:16,530,26.9,32.42,100578.27,263713.62,5.36,5.66,5.66,5.66,37.58,42.59,42.75,42.75,42.76,0.42,normal
2026-05-08 00:57:21,530,26.93,32.37,100578.88,263917.53,5.35,5.66,5.66,5.66,37.52,42.53,42.68,42.69,42.7,0.42,normal
2026-05-08 00:57:26,530,26.92,32.35,100579,264941.78,5.15,5.44,5.44,5.44,36.1,40.92,41.07,41.08,41.08,0.42,normal
2026-05-08 00:57:31,530,26.88,32.33,100578.21,266597.25,5.06,5.35,5.35,5.35,35.48,40.21,40.36,40.36,40.37,0.42,normal
2026-05-08 00:57:36,528,26.82,32.33,100578.62,264531.12,4.88,5.16,5.16,5.16,34.26,38.84,38.97,38.98,38.99,0.42,normal
2026-05-08 00:57:41,529,26.83,32.38,100576.73,265560.16,4.85,5.13,5.13,5.13,34.01,38.55,38.69,38.69,38.7,0.42,normal
2026-05-08 00:57:46,529,26.86,32.4,100576.95,265147.59,4.77,5.04,5.04,5.04,33.45,37.91,38.05,38.06,38.06,0.42,normal
2026-05-08 00:57:51,531,26.84,32.41,100578.61,266389.19,4.85,5.13,5.13,5.13,34.04,38.59,38.73,38.74,38.74,0.42,normal
2026-05-08 00:57:56,531,26.79,32.42,100577.6,268273.5,4.65,4.92,4.92,4.92,32.62,36.98,37.11,37.12,37.12,0.42,normal
2026-05-08 00:58:01,530,26.77,32.46,100577.16,268484.53,4.57,4.84,4.84,4.84,32.08,36.37,36.5,36.5,36.51,0.42,normal
2026-05-08 00:58:06,529,26.8,32.51,100576.73,266805.62,4.95,5.24,5.24,5.24,34.73,39.37,39.51,39.52,39.52,0.43,normal
2026-05-08 00:58:11,529,26.8,32.48,100577.17,269119.59,5.57,5.89,5.89,5.89,39.05,44.26,44.42,44.43,44.43,0.43,normal
2026-05-08 00:58:16,528,26.81,32.45,100576.58,267852.47,5.59,5.91,5.91,5.91,39.19,44.42,44.58,44.59,44.59,0.42,normal
2026-05-08 00:58:21,529,26.83,32.43,100576.31,267852.47,5.35,5.66,5.66,5.66,37.52,42.53,42.68,42.69,42.69,0.42,normal
2026-05-08 00:58:26,528,26.84,32.41,100577.58,266181.44,5.13,5.43,5.43,5.43,36.01,40.82,40.97,40.98,40.98,0.42,normal
2026-05-08 00:58:31,527,26.8,32.41,100577.62,266597.25,5.12,5.41,5.41,5.41,35.91,40.7,40.85,40.86,40.86,0.43,normal
2026-05-08 00:58:36,526,26.82,32.42,100575.43,265147.59,5.08,5.37,5.37,5.37,35.65,40.41,40.55,40.56,40.56,0.43,normal
2026-05-08 00:58:41,526,26.85,32.42,100576.86,265560.16,5.14,5.44,5.44,5.44,36.09,40.91,41.06,41.07,41.07,0.43,normal
2026-05-08 00:58:46,526,26.85,32.4,100577.04,264941.78,5.19,5.49,5.49,5.49,36.45,41.31,41.46,41.47,41.47,0.43,normal
2026-05-08 00:58:51,525,26.83,32.41,100575.73,266389.19,5.05,5.34,5.34,5.34,35.42,40.15,40.3,40.3,40.31,0.43,normal
2026-05-08 00:58:56,526,26.83,32.43,100575.62,267852.47,5.24,5.54,5.54,5.54,36.77,41.68,41.83,41.84,41.84,0.43,normal
2026-05-08 00:59:01,525,26.83,32.43,100575.31,267642.44,5.44,5.75,5.75,5.75,38.17,43.26,43.42,43.43,43.43,0.42,normal
2026-05-08 00:59:06,525,26.79,32.42,100575.26,268695.88,5.39,5.7,5.7,5.7,37.8,42.84,43,43.01,43.01,0.42,normal
2026-05-08 00:59:11,526,26.75,32.41,100575.03,269971,5.37,5.68,5.68,5.68,37.7,42.74,42.89,42.9,42.9,0.42,normal
2026-05-08 00:59:16,526,26.75,32.48,100575.54,270827.81,5.39,5.7,5.7,5.7,37.81,42.86,43.01,43.02,43.02,0.42,normal
2026-05-08 00:59:21,524,26.76,32.51,100575.01,268484.53,5.36,5.67,5.67,5.67,37.59,42.61,42.77,42.77,42.78,0.42,normal
2026-05-08 00:59:26,524,26.78,32.54,100575.3,271042.88,5.54,5.86,5.86,5.86,38.87,44.06,44.22,44.23,44.23,0.42,normal
2026-05-08 00:59:31,523,26.77,32.52,100575.13,271258.28,5.62,5.94,5.94,5.94,39.44,44.7,44.86,44.87,44.88,0.41,normal
2026-05-08 00:59:36,523,26.76,32.51,100576.14,271258.28,5.56,5.88,5.88,5.88,39.03,44.24,44.4,44.41,44.41,0.41,normal
2026-05-08 00:59:41,522,26.8,32.53,100574.82,268907.56,5.44,5.75,5.75,5.75,38.15,43.24,43.39,43.4,43.41,0.41,normal
2026-05-08 00:59:46,523,26.84,32.51,100576.12,268273.5,5.17,5.47,5.47,5.47,36.29,41.14,41.28,41.29,41.3,0.4,normal
2026-05-08 00:59:51,521,26.88,32.45,100574.35,269544.62,4.99,5.28,5.28,5.28,35.04,39.72,39.86,39.86,39.87,0.4,normal
2026-05-08 00:59:56,522,26.9,32.4,100573.88,268695.88,4.96,5.25,5.25,5.25,34.81,39.45,39.59,39.6,39.61,0.4,normal
2026-05-08 01:00:01,521,26.88,32.33,100574.5,270184.69,5.14,5.44,5.44,5.44,36.08,40.9,41.04,41.05,41.06,0.4,normal
2026-05-08 01:00:06,521,26.86,32.27,100573.59,272775.72,5.21,5.51,5.51,5.51,36.59,41.47,41.62,41.63,41.63,0.39,normal
2026-05-08 01:00:11,522,26.87,32.26,100574.76,270184.69,4.99,5.28,5.28,5.28,35.03,39.71,39.85,39.86,39.86,0.39,normal
2026-05-08 01:00:16,523,26.8,32.25,100573.92,272123.31,4.88,5.16,5.16,5.16,34.24,38.81,38.95,38.96,38.96,0.39,normal
2026-05-08 01:00:21,523,26.77,32.31,100573.2,273870.03,4.69,4.96,4.96,4.96,32.89,37.28,37.41,37.42,37.42,0.4,normal
2026-05-08 01:00:26,523,26.77,32.37,100573.81,274089.94,4.61,4.88,4.88,4.88,32.37,36.69,36.82,36.83,36.84,0.39,normal
2026-05-08 01:00:31,524,26.77,32.41,100573.52,273212.38,4.85,5.13,5.13,5.13,34.03,38.58,38.72,38.72,38.73,0.39,normal
2026-05-08 01:00:37,524,26.76,32.42,100573.48,273650.47,4.96,5.25,5.25,5.25,34.81,39.45,39.59,39.6,39.61,0.39,normal
2026-05-08 01:00:42,524,26.79,32.43,100574.03,272557.91,4.93,5.22,5.22,5.22,34.6,39.22,39.36,39.37,39.37,0.39,normal
2026-05-08 01:00:47,525,26.83,32.42,100574.65,271258.28,5,5.28,5.28,5.28,35.05,39.73,39.87,39.88,39.88,0.39,normal
2026-05-08 01:00:52,525,26.88,32.39,100572.95,271906.53,5.08,5.38,5.38,5.38,35.67,40.43,40.57,40.58,40.58,0.39,normal
2026-05-08 01:00:57,526,26.9,32.35,100574.29,271258.28,4.98,5.27,5.27,5.27,34.96,39.63,39.77,39.78,39.78,0.39,normal
2026-05-08 01:01:02,524,26.91,32.3,100574.12,271042.88,5.03,5.32,5.32,5.32,35.31,40.02,40.16,40.17,40.17,0.4,normal
2026-05-08 01:01:07,524,26.85,32.23,100573.7,274089.94,5.13,5.42,5.42,5.42,35.97,40.78,40.92,40.93,40.93,0.4,normal
2026-05-08 01:01:12,524,26.85,32.24,100573.24,272340.44,5.16,5.46,5.46,5.46,36.2,41.03,41.17,41.18,41.19,0.4,normal
2026-05-08 01:01:17,524,26.89,32.25,100573.82,272123.31,5.18,5.48,5.48,5.48,36.36,41.21,41.36,41.36,41.37,0.4,normal
2026-05-08 01:01:22,523,26.9,32.24,100574.05,271690.09,5.23,5.53,5.53,5.53,36.66,41.56,41.71,41.71,41.72,0.39,normal
2026-05-08 01:01:27,524,26.9,32.22,100574.06,271690.09,5.31,5.62,5.62,5.62,37.25,42.23,42.38,42.39,42.39,0.4,normal
2026-05-08 01:01:32,525,26.93,32.21,100572.86,270827.81,5.46,5.77,5.77,5.77,38.29,43.41,43.56,43.57,43.57,0.4,normal
2026-05-08 01:01:37,526,26.92,32.16,100573.27,272123.31,5.48,5.79,5.79,5.79,38.44,43.57,43.73,43.74,43.74,0.4,normal
2026-05-08 01:01:42,525,26.89,32.17,100573.51,273431.25,5.24,5.54,5.54,5.54,36.77,41.68,41.83,41.84,41.84,0.4,normal
2026-05-08 01:01:47,526,26.86,32.19,100571.13,273212.38,5.12,5.41,5.41,5.41,35.91,40.71,40.85,40.86,40.86,0.4,normal
2026-05-08 01:01:52,523,26.82,32.23,100573.64,272340.44,5.14,5.43,5.43,5.43,36.04,40.85,40.99,41,41.01,0.4,normal
2026-05-08 01:01:57,522,26.85,32.26,100572.11,272340.44,5.17,5.47,5.47,5.47,36.27,41.11,41.26,41.27,41.27,0.4,normal
2026-05-08 01:02:02,522,26.87,32.26,100573.1,269119.59,5.15,5.45,5.45,5.45,36.15,40.97,41.12,41.13,41.13,0.4,normal
2026-05-08 01:02:07,523,26.86,32.27,100572.37,266597.25,5.17,5.47,5.47,5.47,36.3,41.14,41.29,41.3,41.3,0.39,normal
2026-05-08 01:02:12,522,26.82,32.27,100571.85,264121.75,5.24,5.54,5.54,5.54,36.79,41.7,41.85,41.85,41.86,0.39,normal
2026-05-08 01:02:17,523,26.79,32.28,100572.82,267432.75,5.09,5.38,5.38,5.38,35.7,40.47,40.61,40.62,40.62,0.39,normal
2026-05-08 01:02:22,524,26.76,32.26,100571.09,270398.72,5.04,5.33,5.33,5.33,35.33,40.05,40.19,40.2,40.2,0.38,normal
2026-05-08 01:02:27,524,26.81,32.25,100571.09,267852.47,4.98,5.27,5.27,5.27,34.96,39.63,39.77,39.78,39.78,0.39,normal
2026-05-08 01:02:32,524,26.82,32.26,100569.48,267642.44,5.12,5.41,5.41,5.41,35.92,40.72,40.87,40.87,40.88,0.39,normal
2026-05-08 01:02:37,524,26.84,32.25,100571.31,267642.44,5.2,5.5,5.5,5.5,36.47,41.34,41.49,41.5,41.5,0.38,normal
2026-05-08 01:02:42,524,26.83,32.25,100571.42,268695.88,5.14,5.43,5.43,5.43,36.05,40.86,41.01,41.02,41.02,0.39,normal
2026-05-08 01:02:47,523,26.84,32.26,100572.84,266805.62,5.32,5.63,5.63,5.63,37.33,42.31,42.46,42.47,42.47,0.39,normal
2026-05-08 01:02:52,522,26.83,32.26,100571.42,263306.75,5.34,5.65,5.65,5.65,37.47,42.47,42.62,42.63,42.63,0.39,normal
2026-05-08 01:02:57,524,26.78,32.25,100571.61,260493.52,5.34,5.64,5.64,5.64,37.44,42.44,42.59,42.6,42.6,0.4,normal
2026-05-08 01:03:02,523,26.73,32.26,100572.27,262093.67,5.45,5.77,5.77,5.77,38.25,43.36,43.51,43.52,43.53,0.39,normal
2026-05-08 01:03:07,521,26.73,32.3,100570.27,261491.31,5.58,5.9,5.9,5.9,39.14,44.37,44.53,44.54,44.54,0.4,normal
2026-05-08 01:03:12,521,26.73,32.32,100569.95,262698.81,5.77,6.1,6.1,6.1,40.49,45.9,46.06,46.07,46.08,0.4,normal
2026-05-08 01:03:17,519,26.7,32.34,100569.06,267432.75,5.66,5.98,5.98,5.98,39.69,44.99,45.15,45.16,45.16,0.4,normal
2026-05-08 01:03:22,521,26.71,32.39,100569.49,267014.34,5.58,5.9,5.9,5.9,39.14,44.37,44.52,44.53,44.54,0.4,normal
2026-05-08 01:03:27,521,26.7,32.41,100571.14,269331.94,5.59,5.91,5.91,5.91,39.23,44.47,44.63,44.64,44.64,0.41,normal
2026-05-08 01:03:32,518,26.67,32.43,100569.59,271258.28,5.67,6,6,6,39.79,45.1,45.26,45.27,45.28,0.41,normal
2026-05-08 01:03:37,518,26.67,32.44,100569.85,269971,5.79,6.13,6.13,6.13,40.65,46.08,46.25,46.26,46.26,0.41,normal
2026-05-08 01:03:42,517,26.73,32.46,100569.39,267852.47,5.7,6.02,6.02,6.02,39.96,45.29,45.45,45.46,45.47,0.41,normal
2026-05-08 01:03:47,518,26.74,32.46,100570.55,268484.53,5.66,5.99,5.99,5.99,39.73,45.03,45.19,45.2,45.21,0.41,normal
2026-05-08 01:03:52,516,26.74,32.45,100570.67,269331.94,5.62,5.94,5.94,5.94,39.4,44.66,44.82,44.83,44.83,0.42,normal
2026-05-08 01:03:57,514,26.79,32.44,100569.74,266389.19,5.64,5.96,5.96,5.96,39.54,44.82,44.98,44.99,44.99,0.42,normal
2026-05-08 01:04:02,515,26.84,32.38,100569.66,265974.03,5.67,5.99,5.99,5.99,39.76,45.07,45.23,45.24,45.24,0.42,normal
2026-05-08 01:04:07,514,26.89,32.32,100569.65,266805.62,5.4,5.71,5.71,5.71,37.91,42.97,43.12,43.13,43.14,0.43,normal
2026-05-08 01:04:12,514,26.88,32.28,100570.77,266597.25,5.06,5.35,5.35,5.35,35.51,40.25,40.39,40.4,40.41,0.43,normal
2026-05-08 01:04:17,514,26.86,32.27,100570.22,266805.62,4.97,5.26,5.26,5.26,34.9,39.56,39.7,39.71,39.71,0.42,normal
2026-05-08 01:04:22,512,26.85,32.28,100569.77,268695.88,5.21,5.51,5.51,5.51,36.57,41.45,41.6,41.61,41.61,0.43,normal
2026-05-08 01:04:27,511,26.86,32.29,100571.09,268907.56,5.55,5.87,5.87,5.87,38.96,44.17,44.32,44.33,44.34,0.42,normal
2026-05-08 01:04:32,511,26.84,32.26,100570.45,268695.88,5.6,5.92,5.92,5.92,39.28,44.52,44.68,44.69,44.69,0.43,normal
2026-05-08 01:04:37,513,26.81,32.28,100569.4,271258.28,5.6,5.93,5.93,5.93,39.32,44.57,44.73,44.74,44.74,0.42,normal
2026-05-08 01:04:42,512,26.78,32.31,100569.78,271042.88,5.57,5.89,5.89,5.89,39.06,44.28,44.44,44.45,44.45,0.43,normal
2026-05-08 01:04:47,511,26.8,32.33,100570.77,269757.62,5.47,5.78,5.78,5.78,38.36,43.48,43.63,43.64,43.65,0.42,normal
2026-05-08 01:04:52,510,26.82,32.32,100569.85,270398.72,5.55,5.87,5.87,5.87,38.94,44.14,44.29,44.3,44.31,0.42,normal
2026-05-08 01:04:57,507,26.78,32.31,100570,270398.72,5.63,5.96,5.96,5.96,39.51,44.79,44.95,44.96,44.96,0.42,normal
2026-05-08 01:05:02,507,26.78,32.29,100570,270184.69,5.29,5.59,5.59,5.59,37.1,42.05,42.2,42.21,42.21,0.42,normal
2026-05-08 01:05:07,508,26.8,32.28,100570.33,271690.09,5.07,5.37,5.37,5.37,35.6,40.36,40.5,40.51,40.51,0.42,normal
2026-05-08 01:05:12,505,26.82,32.26,100569.16,270827.81,4.98,5.26,5.26,5.26,34.92,39.58,39.72,39.73,39.73,0.42,normal
2026-05-08 01:05:17,506,26.76,32.27,100569.48,271690.09,4.97,5.25,5.25,5.25,34.86,39.52,39.66,39.66,39.67,0.42,normal
2026-05-08 01:05:22,505,26.73,32.29,100570.45,271258.28,5.11,5.41,5.41,5.41,35.87,40.66,40.81,40.82,40.82,0.42,normal
2026-05-08 01:05:27,507,26.69,32.33,100569.52,272993.88,5.42,5.74,5.74,5.74,38.06,43.14,43.29,43.3,43.31,0.42,normal
2026-05-08 01:05:32,506,26.72,32.38,100570.39,271690.09,5.66,5.99,5.99,5.99,39.73,45.04,45.2,45.21,45.21,0.42,normal
2026-05-08 01:05:37,505,26.73,32.38,100569.02,270613.09,5.44,5.75,5.75,5.75,38.16,43.25,43.41,43.42,43.42,0.42,normal
2026-05-08 01:05:42,505,26.72,32.41,100569.4,270827.81,5.4,5.71,5.71,5.71,37.91,42.98,43.13,43.14,43.14,0.42,normal
2026-05-08 01:05:47,504,26.72,32.45,100569.23,271690.09,5.44,5.76,5.76,5.76,38.2,43.3,43.45,43.46,43.47,0.41,normal
2026-05-08 01:05:52,503,26.75,32.45,100570.59,269331.94,5.49,5.81,5.81,5.81,38.55,43.69,43.85,43.86,43.86,0.42,normal
2026-05-08 01:05:57,503,26.79,32.41,100569.95,271690.09,5.51,5.82,5.82,5.82,38.64,43.79,43.95,43.96,43.96,0.42,normal
2026-05-08 01:06:02,501,26.83,32.39,100569.7,270398.72,5.47,5.78,5.78,5.78,38.35,43.47,43.63,43.64,43.64,0.42,normal
2026-05-08 01:06:07,501,26.86,32.35,100569.44,269757.62,5.31,5.62,5.62,5.62,37.26,42.23,42.38,42.39,42.4,0.42,normal
2026-05-08 01:06:12,500,26.83,32.35,100569.84,271690.09,5.15,5.45,5.45,5.45,36.15,40.98,41.13,41.13,41.14,0.42,normal
2026-05-08 01:06:17,500,26.79,32.35,100568.81,272775.72,4.96,5.25,5.25,5.25,34.81,39.46,39.6,39.6,39.61,0.42,normal
2026-05-08 01:06:22,499,26.73,32.34,100569.68,274751.81,4.9,5.19,5.19,5.19,34.41,39,39.14,39.15,39.15,0.42,normal
2026-05-08 01:06:27,498,26.69,32.35,100569.81,275416.91,5.01,5.3,5.3,5.3,35.14,39.83,39.97,39.98,39.98,0.42,normal
2026-05-08 01:06:32,498,26.64,32.38,100570.14,274751.81,5.16,5.45,5.45,5.45,36.18,41.01,41.15,41.16,41.17,0.42,normal
2026-05-08 01:06:37,500,26.67,32.44,100569.78,275194.84,5.03,5.32,5.32,5.32,35.31,40.02,40.17,40.18,40.18,0.42,normal
2026-05-08 01:06:42,499,26.63,32.45,100571.8,278109.72,4.88,5.16,5.16,5.16,34.24,38.81,38.95,38.96,38.96,0.41,normal
2026-05-08 01:06:47,500,26.67,32.45,100569.62,274751.81,4.82,5.1,5.1,5.1,33.84,38.36,38.49,38.5,38.5,0.41,normal
2026-05-08 01:06:52,500,26.69,32.46,100568.65,275862.06,4.85,5.13,5.13,5.13,34.05,38.6,38.74,38.75,38.75,0.42,normal
2026-05-08 01:06:57,499,26.74,32.46,100568.1,273431.25,4.96,5.25,5.25,5.25,34.83,39.48,39.62,39.63,39.63,0.42,normal
2026-05-08 01:07:03,500,26.75,32.42,100568.88,275639.31,5.08,5.37,5.37,5.37,35.63,40.39,40.53,40.54,40.54,0.41,normal
2026-05-08 01:07:08,498,26.74,32.37,100567.02,275416.91,5.26,5.57,5.57,5.57,36.94,41.87,42.02,42.02,42.03,0.41,normal
2026-05-08 01:07:13,499,26.76,32.33,100568.61,276532.53,5.24,5.54,5.54,5.54,36.77,41.68,41.83,41.83,41.84,0.41,normal
2026-05-08 01:07:18,501,26.71,32.3,100567.87,278109.72,5.44,5.75,5.75,5.75,38.17,43.27,43.43,43.43,43.44,0.42,normal
2026-05-08 01:07:23,502,26.72,32.29,100568.64,276085.19,5.56,5.88,5.88,5.88,39,44.2,44.36,44.37,44.37,0.42,normal
2026-05-08 01:07:28,499,26.69,32.3,100568.61,275194.84,6.02,6.37,6.37,6.37,42.27,47.91,48.08,48.09,48.1,0.42,normal
2026-05-08 01:07:33,499,26.71,32.29,100569.41,275416.91,5.96,6.3,6.3,6.3,41.82,47.41,47.58,47.59,47.59,0.42,normal
2026-05-08 01:07:38,498,26.71,32.29,100569.02,267852.47,5.87,6.21,6.21,6.21,41.19,46.69,46.85,46.86,46.87,0.42,normal
2026-05-08 01:07:43,498,26.7,32.28,100568.27,267223.38,5.89,6.23,6.23,6.23,41.31,46.83,47,47.01,47.01,0.42,normal
2026-05-08 01:07:48,496,26.71,32.28,100568.37,269119.59,5.85,6.19,6.19,6.19,41.05,46.53,46.7,46.71,46.71,0.42,normal
2026-05-08 01:07:53,495,26.74,32.28,100567.89,269757.62,5.67,6,6,6,39.81,45.12,45.28,45.29,45.3,0.42,normal
2026-05-08 01:07:58,495,26.76,32.27,100569.28,267432.75,5.51,5.83,5.83,5.83,38.69,43.85,44.01,44.02,44.02,0.42,normal
2026-05-08 01:08:03,494,26.79,32.24,100568.23,267852.47,5.54,5.86,5.86,5.86,38.87,44.05,44.21,44.22,44.22,0.42,normal
2026-05-08 01:08:08,495,26.81,32.21,100567.91,261291.14,5.45,5.77,5.77,5.77,38.25,43.36,43.51,43.52,43.53,0.41,normal
2026-05-08 01:08:13,496,26.83,32.17,100568.74,260692.47,5.4,5.71,5.71,5.71,37.86,42.92,43.07,43.08,43.08,0.41,normal
2026-05-08 01:08:18,493,26.82,32.16,100568.02,260294.86,5.31,5.62,5.62,5.62,37.27,42.25,42.4,42.41,42.41,0.41,normal
2026-05-08 01:08:23,492,26.79,32.13,100567.48,263917.53,5.14,5.43,5.43,5.43,36.05,40.87,41.01,41.02,41.02,0.42,normal
2026-05-08 01:08:28,491,26.75,32.12,100566.97,265974.03,4.9,5.18,5.18,5.18,34.38,38.97,39.11,39.12,39.12,0.42,normal
2026-05-08 01:08:33,489,26.7,32.14,100567.14,268484.53,4.61,4.87,4.87,4.87,32.32,36.64,36.77,36.78,36.78,0.42,normal
2026-05-08 01:08:38,489,26.71,32.18,100566.9,267852.47,4.55,4.81,4.81,4.81,31.94,36.2,36.33,36.34,36.34,0.42,normal
2026-05-08 01:08:43,489,26.72,32.21,100567.98,267642.44,4.7,4.97,4.97,4.97,32.96,37.37,37.5,37.51,37.51,0.42,normal
2026-05-08 01:08:48,489,26.7,32.23,100566.67,268907.56,4.74,5.02,5.02,5.02,33.28,37.73,37.86,37.87,37.87,0.41,normal
2026-05-08 01:08:53,490,26.7,32.25,100566.73,267852.47,4.66,4.92,4.92,4.92,32.66,37.02,37.15,37.16,37.16,0.41,normal
2026-05-08 01:08:58,492,26.68,32.27,100566.31,266389.19,4.6,4.87,4.87,4.87,32.28,36.59,36.72,36.73,36.73,0.41,normal
2026-05-08 01:09:03,491,26.7,32.29,100567.09,268907.56,4.71,4.98,4.98,4.98,33.04,37.45,37.59,37.6,37.6,0.41,normal
2026-05-08 01:09:08,491,26.72,32.3,100566.45,267852.47,4.96,5.24,5.24,5.24,34.8,39.44,39.58,39.59,39.6,0.41,normal
2026-05-08 01:09:13,488,26.73,32.28,100566.79,262496.78,5.06,5.35,5.35,5.35,35.52,40.27,40.41,40.42,40.42,0.41,normal
2026-05-08 01:09:18,490,26.75,32.29,100566.95,262295.09,5.17,5.46,5.46,5.46,36.25,41.09,41.24,41.24,41.25,0.42,normal
2026-05-08 01:09:23,489,26.79,32.27,100566.65,264326.28,5.07,5.36,5.36,5.36,35.57,40.32,40.47,40.48,40.48,0.42,normal
2026-05-08 01:09:28,488,26.75,32.22,100567.01,254283.58,5.03,5.32,5.32,5.32,35.27,39.98,40.12,40.13,40.13,0.41,normal
2026-05-08 01:09:33,490,26.74,32.2,100566.92,261691.8,5.09,5.38,5.38,5.38,35.7,40.47,40.61,40.62,40.63,0.41,normal
2026-05-08 01:09:38,490,26.74,32.19,100566.81,255043.59,5.16,5.46,5.46,5.46,36.22,41.05,41.2,41.21,41.21,0.41,normal
2026-05-08 01:09:43,490,26.71,32.19,100568.46,258520.58,5.43,5.75,5.75,5.75,38.13,43.22,43.37,43.38,43.39,0.41,normal
2026-05-08 01:09:48,488,26.71,32.23,100567.61,261091.28,5.55,5.86,5.86,5.86,38.9,44.1,44.26,44.26,44.27,0.4,normal
2026-05-08 01:09:53,487,26.73,32.28,100567.7,259700.73,5.37,5.68,5.68,5.68,37.65,42.68,42.83,42.84,42.85,0.4,normal
2026-05-08 01:09:58,487,26.77,32.26,100567.99,259503.3,5.11,5.4,5.4,5.4,35.83,40.61,40.76,40.77,40.77,0.4,normal
2026-05-08 01:10:03,487,26.74,32.24,100567.27,261091.28,4.94,5.23,5.23,5.23,34.67,39.3,39.44,39.45,39.45,0.4,normal
2026-05-08 01:10:08,485,26.71,32.25,100567.77,262496.78,4.7,4.97,4.97,4.97,32.95,37.35,37.48,37.49,37.49,0.4,normal
2026-05-08 01:10:13,483,26.71,32.29,100567.68,263713.62,4.87,5.15,5.15,5.15,34.14,38.7,38.83,38.84,38.85,0.4,normal
2026-05-08 01:10:18,483,26.73,32.29,100567.12,263103.81,5.01,5.29,5.29,5.29,35.12,39.81,39.95,39.96,39.96,0.4,normal
2026-05-08 01:10:23,485,26.74,32.27,100566.54,262698.81,4.94,5.22,5.22,5.22,34.65,39.28,39.42,39.43,39.43,0.4,normal
2026-05-08 01:10:28,483,26.75,32.24,100565.03,263306.75,4.89,5.17,5.17,5.17,34.28,38.86,38.99,39,39.01,0.4,normal
2026-05-08 01:10:33,484,26.78,32.24,100566.62,262698.81,4.89,5.17,5.17,5.17,34.28,38.85,38.99,39,39,0.4,normal
2026-05-08 01:10:38,485,26.75,32.22,100566.12,267852.47,4.9,5.18,5.18,5.18,34.38,38.98,39.11,39.12,39.13,0.4,normal
2026-05-08 01:10:43,486,26.74,32.19,100567.43,266597.25,4.81,5.09,5.09,5.09,33.77,38.28,38.42,38.42,38.43,0.4,normal
2026-05-08 01:10:48,487,26.73,32.19,100565.77,266181.44,4.67,4.94,4.94,4.94,32.79,37.17,37.3,37.31,37.31,0.4,normal
2026-05-08 01:10:53,487,26.73,32.22,100567.01,268907.56,4.77,5.04,5.04,5.04,33.46,37.93,38.06,38.07,38.08,0.4,normal
2026-05-08 01:10:58,489,26.72,32.23,100567.42,270184.69,5.18,5.48,5.48,5.48,36.37,41.22,41.37,41.38,41.38,0.4,normal
2026-05-08 01:11:03,489,26.66,32.21,100565.58,271690.09,5.48,5.8,5.8,5.8,38.47,43.61,43.76,43.77,43.77,0.4,normal
2026-05-08 01:11:08,487,26.67,32.24,100566.46,268062.81,5.62,5.94,5.94,5.94,39.43,44.69,44.85,44.86,44.87,0.4,normal
2026-05-08 01:11:13,487,26.7,32.26,100567.08,268484.53,5.56,5.88,5.88,5.88,39,44.21,44.37,44.38,44.38,0.4,normal
2026-05-08 01:11:18,485,26.71,32.26,100567.24,271258.28,5.59,5.92,5.92,5.92,39.25,44.49,44.65,44.66,44.66,0.41,normal
2026-05-08 01:11:23,485,26.66,32.24,100566.73,273431.25,5.51,5.83,5.83,5.83,38.67,43.84,43.99,44,44.01,0.41,normal
2026-05-08 01:11:28,485,26.63,32.26,100565.91,271690.09,5.45,5.76,5.76,5.76,38.24,43.35,43.5,43.51,43.51,0.41,normal
2026-05-08 01:11:33,485,26.62,32.31,100566.22,274530.84,5.51,5.82,5.82,5.82,38.63,43.79,43.95,43.96,43.96,0.41,normal
2026-05-08 01:11:38,483,26.62,32.34,100567.58,270827.81,5.43,5.74,5.74,5.74,38.08,43.16,43.31,43.32,43.33,0.41,normal
2026-05-08 01:11:43,484,26.62,32.33,100566.96,269544.62,5.46,5.78,5.78,5.78,38.34,43.46,43.61,43.62,43.62,0.41,normal
2026-05-08 01:11:48,482,26.66,32.34,100566.3,268907.56,5.59,5.91,5.91,5.91,39.24,44.48,44.64,44.65,44.65,0.41,normal
2026-05-08 01:11:53,483,26.67,32.29,100566.96,270827.81,5.58,5.9,5.9,5.9,39.17,44.4,44.56,44.57,44.58,0.41,normal
2026-05-08 01:11:58,482,26.68,32.27,100566.06,271906.53,5.44,5.75,5.75,5.75,38.16,43.26,43.41,43.42,43.42,0.4,normal
2026-05-08 01:12:03,481,26.65,32.26,100566.5,271474.03,5.27,5.57,5.57,5.57,36.96,41.89,42.04,42.05,42.06,0.4,normal
2026-05-08 01:12:08,480,26.62,32.27,100568.27,271906.53,4.93,5.21,5.21,5.21,34.57,39.19,39.33,39.34,39.34,0.4,normal
2026-05-08 01:12:13,480,26.63,32.3,100565.55,272775.72,4.84,5.12,5.12,5.12,33.99,38.52,38.66,38.67,38.67,0.4,normal
2026-05-08 01:12:18,480,26.6,32.3,100567.55,274089.94,4.89,5.17,5.17,5.17,34.33,38.91,39.05,39.06,39.06,0.4,normal
2026-05-08 01:12:23,480,26.57,32.31,100568.63,275194.84,5.1,5.4,5.4,5.4,35.81,40.59,40.73,40.74,40.74,0.4,normal
2026-05-08 01:12:28,480,26.51,32.3,100568.77,278791.19,5.44,5.75,5.75,5.75,38.17,43.27,43.42,43.43,43.44,0.4,normal
2026-05-08 01:12:33,480,26.49,32.37,100565.91,275416.91,5.41,5.73,5.73,5.73,37.98,43.06,43.21,43.22,43.22,0.4,normal
2026-05-08 01:12:38,481,26.52,32.42,100568.89,275639.31,5.36,5.67,5.67,5.67,37.59,42.61,42.76,42.77,42.78,0.4,normal
2026-05-08 01:12:43,481,26.55,32.43,100567.58,274973.16,5.35,5.66,5.66,5.66,37.54,42.56,42.71,42.72,42.72,0.4,normal
2026-05-08 01:12:48,479,26.55,32.44,100567.95,275194.84,5.23,5.53,5.53,5.53,36.66,41.56,41.71,41.71,41.72,0.4,normal
2026-05-08 01:12:53,479,26.56,32.4,100569.41,276532.53,5.17,5.47,5.47,5.47,36.27,41.11,41.26,41.27,41.27,0.4,normal
2026-05-08 01:12:58,479,26.6,32.4,100569.12,273431.25,5.14,5.44,5.44,5.44,36.07,40.89,41.03,41.04,41.04,0.4,normal
2026-05-08 01:13:03,477,26.64,32.38,100566.31,273650.47,5.16,5.45,5.45,5.45,36.17,41,41.15,41.16,41.16,0.4,normal
2026-05-08 01:13:08,476,26.7,32.34,100566.87,271474.03,5.14,5.44,5.44,5.44,36.08,40.9,41.05,41.05,41.06,0.4,normal
2026-05-08 01:13:13,475,26.69,32.29,100565.6,273431.25,5.1,5.4,5.4,5.4,35.8,40.58,40.73,40.73,40.74,0.4,normal
2026-05-08 01:13:18,474,26.7,32.29,100566.96,272340.44,5.11,5.41,5.41,5.41,35.88,40.67,40.81,40.82,40.83,0.4,normal
2026-05-08 01:13:23,475,26.73,32.27,100567.12,270613.09,5.49,5.8,5.8,5.8,38.5,43.64,43.8,43.81,43.81,0.4,normal
2026-05-08 01:13:29,474,26.69,32.24,100565.79,275639.31,5.78,6.11,6.11,6.11,40.56,45.98,46.14,46.15,46.16,0.4,normal
2026-05-08 01:13:34,472,26.69,32.22,100565.77,274973.16,5.82,6.15,6.15,6.15,40.81,46.26,46.42,46.43,46.44,0.4,normal
2026-05-08 01:13:39,471,26.68,32.23,100566.75,275862.06,5.75,6.08,6.08,6.08,40.33,45.72,45.88,45.89,45.9,0.4,normal
2026-05-08 01:13:44,470,26.7,32.23,100566.49,275639.31,5.35,5.66,5.66,5.66,37.55,42.57,42.72,42.73,42.73,0.41,normal
2026-05-08 01:13:49,469,26.64,32.23,100568.05,278563.66,5.13,5.43,5.43,5.43,36.02,40.83,40.97,40.98,40.98,0.4,normal
2026-05-08 01:13:54,469,26.62,32.25,100568.62,277206.28,4.89,5.17,5.17,5.17,34.29,38.87,39,39.01,39.02,0.4,normal
2026-05-08 01:13:59,469,26.61,32.28,100568.63,272993.88,4.87,5.14,5.14,5.14,34.13,38.69,38.83,38.84,38.84,0.4,normal
2026-05-08 01:14:04,469,26.64,32.29,100567.66,272993.88,4.67,4.94,4.94,4.94,32.77,37.14,37.28,37.28,37.29,0.4,normal
2026-05-08 01:14:09,468,26.59,32.27,100568.3,257157.2,4.53,4.8,4.8,4.8,31.81,36.06,36.19,36.2,36.2,0.4,normal
2026-05-08 01:14:14,469,26.59,32.27,100568.07,264736.31,4.68,4.95,4.95,4.95,32.83,37.21,37.34,37.35,37.36,0.4,normal
2026-05-08 01:14:19,469,26.59,32.3,100567.8,264531.12,4.84,5.11,5.11,5.11,33.93,38.46,38.59,38.6,38.6,0.4,normal
2026-05-08 01:14:24,470,26.57,32.29,100568.93,265147.59,4.98,5.26,5.26,5.26,34.91,39.57,39.71,39.72,39.72,0.4,normal
2026-05-08 01:14:29,471,26.57,32.28,100569.1,268273.5,5.04,5.33,5.33,5.33,35.34,40.06,40.21,40.21,40.22,0.4,normal
2026-05-08 01:14:34,471,26.6,32.28,100569.29,265974.03,5.08,5.37,5.37,5.37,35.63,40.39,40.53,40.54,40.55,0.4,normal
2026-05-08 01:14:39,472,26.57,32.31,100568.87,258912.77,5.13,5.43,5.43,5.43,36.02,40.82,40.97,40.98,40.98,0.39,normal
2026-05-08 01:14:44,471,26.53,32.32,100569.02,253152.05,5.28,5.58,5.58,5.58,37.01,41.95,42.1,42.11,42.12,0.4,normal
2026-05-08 01:14:49,471,26.54,32.36,100569.48,258520.58,5.61,5.94,5.94,5.94,39.38,44.64,44.8,44.81,44.81,0.4,normal
2026-05-08 01:14:54,470,26.54,32.37,100570.2,260891.72,5.62,5.94,5.94,5.94,39.41,44.68,44.84,44.84,44.85,0.4,normal
2026-05-08 01:14:59,471,26.55,32.36,100568.74,261491.31,5.67,5.99,5.99,5.99,39.77,45.08,45.24,45.25,45.26,0.4,normal
2026-05-08 01:15:04,471,26.53,32.35,100570.21,261291.14,5.67,5.99,5.99,5.99,39.77,45.08,45.24,45.25,45.26,0.4,normal
2026-05-08 01:15:09,471,26.58,32.33,100568.2,261892.58,5.39,5.7,5.7,5.7,37.8,42.85,43,43.01,43.02,0.4,normal
2026-05-08 01:15:14,471,26.54,32.33,100569.96,263917.53,5.22,5.52,5.52,5.52,36.64,41.53,41.68,41.69,41.69,0.4,normal
2026-05-08 01:15:19,472,26.5,32.34,100570.14,264326.28,5.31,5.62,5.62,5.62,37.27,42.25,42.4,42.41,42.41,0.4,normal
2026-05-08 01:15:24,472,26.54,32.37,100569.98,263917.53,5.74,6.07,6.07,6.07,40.26,45.64,45.8,45.81,45.82,0.41,normal
2026-05-08 01:15:29,470,26.51,32.37,100571.15,263510.03,5.62,5.94,5.94,5.94,39.4,44.66,44.82,44.83,44.83,0.41,normal
2026-05-08 01:15:34,470,26.53,32.4,100570.02,261892.58,5.36,5.67,5.67,5.67,37.6,42.62,42.77,42.78,42.78,0.41,normal
2026-05-08 01:15:39,471,26.52,32.4,100570.51,263917.53,5.15,5.44,5.44,5.44,36.11,40.93,41.08,41.09,41.09,0.4,normal
2026-05-08 01:15:44,471,26.51,32.4,100571.21,265766.94,5.13,5.42,5.42,5.42,35.97,40.77,40.92,40.93,40.93,0.41,normal
2026-05-08 01:15:49,472,26.5,32.44,100570.88,266181.44,5.13,5.42,5.42,5.42,35.99,40.79,40.94,40.95,40.95,0.41,normal
2026-05-08 01:15:54,470,26.51,32.44,100570.15,268484.53,5.15,5.45,5.45,5.45,36.14,40.96,41.11,41.12,41.12,0.41,normal
2026-05-08 01:15:59,468,26.49,32.45,100569.64,266389.19,5.21,5.51,5.51,5.51,36.59,41.47,41.62,41.63,41.63,0.4,normal
2026-05-08 01:16:04,468,26.43,32.42,100569.56,268907.56,5.28,5.58,5.58,5.58,37.04,41.99,42.14,42.15,42.15,0.41,normal
2026-05-08 01:16:09,467,26.42,32.44,100569.27,268273.5,5.43,5.74,5.74,5.74,38.1,43.19,43.34,43.35,43.35,0.41,normal
2026-05-08 01:16:14,466,26.41,32.48,100568.95,268273.5,5.54,5.86,5.86,5.86,38.85,44.04,44.2,44.21,44.21,0.41,normal
2026-05-08 01:16:19,465,26.42,32.49,100570.39,267223.38,5.48,5.8,5.8,5.8,38.46,43.6,43.75,43.76,43.76,0.41,normal
2026-05-08 01:16:24,465,26.42,32.51,100570.03,266597.25,5.51,5.82,5.82,5.82,38.63,43.79,43.95,43.95,43.96,0.41,normal
2026-05-08 01:16:29,465,26.39,32.54,100569.12,267223.38,5.57,5.89,5.89,5.89,39.1,44.32,44.48,44.49,44.49,0.41,normal
2026-05-08 01:16:34,464,26.39,32.6,100570.25,266597.25,5.44,5.75,5.75,5.75,38.15,43.25,43.4,43.41,43.41,0.41,normal
2026-05-08 01:16:39,462,26.39,32.61,100569.43,266805.62,5.39,5.7,5.7,5.7,37.83,42.88,43.03,43.04,43.04,0.41,normal
2026-05-08 01:16:44,461,26.41,32.6,100569.53,267852.47,6.26,6.62,6.62,6.62,43.95,49.82,50,50.01,50.01,0.41,normal
2026-05-08 01:16:49,463,26.42,32.59,100569.91,266597.25,6.41,6.77,6.77,6.77,44.94,50.94,51.13,51.14,51.14,0.41,normal
2026-05-08 01:16:54,464,26.43,32.57,100569.84,268695.88,6.2,6.55,6.55,6.55,43.47,49.27,49.45,49.46,49.46,0.41,normal
2026-05-08 01:16:59,463,26.42,32.55,100569.47,270184.69,6.3,6.66,6.66,6.66,44.2,50.11,50.28,50.29,50.3,0.42,normal
2026-05-08 01:17:04,462,26.46,32.55,100569.98,266597.25,6.05,6.4,6.4,6.4,42.45,48.12,48.29,48.3,48.31,0.42,normal
2026-05-08 01:17:09,459,26.47,32.53,100570.72,268907.56,5.6,5.92,5.92,5.92,39.29,44.53,44.69,44.7,44.7,0.42,normal
2026-05-08 01:17:14,460,26.46,32.51,100568.97,269119.59,5.24,5.54,5.54,5.54,36.75,41.65,41.8,41.81,41.81,0.42,normal
2026-05-08 01:17:19,460,26.43,32.48,100570.22,272557.91,5.14,5.44,5.44,5.44,36.08,40.9,41.04,41.05,41.05,0.42,normal
2026-05-08 01:17:24,460,26.36,32.48,100570.39,276085.19,4.98,5.26,5.26,5.26,34.93,39.59,39.73,39.74,39.74,0.42,normal
2026-05-08 01:17:29,460,26.35,32.5,100569.03,274089.94,5.01,5.3,5.3,5.3,35.14,39.83,39.97,39.98,39.98,0.41,normal
2026-05-08 01:17:34,459,26.36,32.57,100569.18,272557.91,5.24,5.55,5.55,5.55,36.79,41.7,41.85,41.86,41.86,0.41,normal
2026-05-08 01:17:39,458,26.37,32.59,100568.24,272557.91,5.24,5.54,5.54,5.54,36.78,41.69,41.84,41.85,41.86,0.41,normal
2026-05-08 01:17:44,458,26.35,32.59,100569.78,275639.31,5.24,5.54,5.54,5.54,36.76,41.67,41.82,41.82,41.83,0.41,normal
2026-05-08 01:17:49,458,26.39,32.61,100568.93,272775.72,5.19,5.49,5.49,5.49,36.41,41.28,41.42,41.43,41.43,0.41,normal
2026-05-08 01:17:54,457,26.38,32.58,100569.48,275194.84,5.58,5.9,5.9,5.9,39.12,44.35,44.51,44.51,44.52,0.4,normal
2026-05-08 01:17:59,458,26.37,32.56,100568.88,276532.53,6.44,6.81,6.81,6.81,45.2,51.23,51.42,51.43,51.43,0.4,normal
2026-05-08 01:18:04,460,26.37,32.52,100568.2,276532.53,6.75,7.14,7.14,7.14,47.35,53.68,53.87,53.88,53.88,0.4,normal
2026-05-08 01:18:09,460,26.39,32.5,100568.97,276756.75,6.24,6.6,6.6,6.6,43.79,49.64,49.82,49.83,49.83,0.4,normal
2026-05-08 01:18:14,460,26.33,32.48,100567.65,281550.72,5.79,6.13,6.13,6.13,40.65,46.08,46.24,46.25,46.25,0.4,normal
2026-05-08 01:18:19,460,26.34,32.49,100568.8,278563.66,5.57,5.88,5.88,5.88,39.04,44.26,44.41,44.42,44.43,0.4,normal
2026-05-08 01:18:24,458,26.35,32.48,100568.87,279705,5.64,5.96,5.96,5.96,39.54,44.81,44.97,44.98,44.99,0.41,normal
2026-05-08 01:18:29,457,26.31,32.48,100568.09,279934.38,5.7,6.03,6.03,6.03,40.01,45.35,45.52,45.53,45.53,0.41,normal
2026-05-08 01:18:34,455,26.3,32.48,100568.67,279247.34,5.61,5.93,5.93,5.93,39.37,44.63,44.79,44.79,44.8,0.4,normal
2026-05-08 01:18:39,457,26.29,32.48,100567.77,278336.5,5.78,6.12,6.12,6.12,40.58,45.99,46.16,46.17,46.17,0.4,normal
2026-05-08 01:18:44,456,26.36,32.5,100568.67,276085.19,5.95,6.3,6.3,6.3,41.77,47.34,47.51,47.52,47.53,0.39,normal
2026-05-08 01:18:49,457,26.35,32.48,100569.06,277431.59,6.09,6.44,6.44,6.44,42.7,48.4,48.57,48.58,48.58,0.39,normal
2026-05-08 01:18:54,457,26.4,32.48,100568.89,276308.69,6.18,6.53,6.53,6.53,43.33,49.12,49.29,49.3,49.31,0.39,normal
2026-05-08 01:18:59,458,26.43,32.45,100569.74,276308.69,5.77,6.11,6.11,6.11,40.51,45.92,46.09,46.1,46.1,0.39,normal
2026-05-08 01:19:04,456,26.38,32.44,100568.55,278109.72,5.45,5.77,5.77,5.77,38.25,43.36,43.51,43.52,43.53,0.39,normal
2026-05-08 01:19:09,453,26.37,32.47,100569.41,277657.28,5.37,5.67,5.67,5.67,37.64,42.67,42.82,42.83,42.83,0.38,normal
2026-05-08 01:19:14,452,26.39,32.48,100568.88,274751.81,5.16,5.46,5.46,5.46,36.24,41.07,41.22,41.23,41.23,0.39,normal
2026-05-08 01:19:19,453,26.36,32.43,100569.16,275639.31,5.21,5.51,5.51,5.51,36.54,41.42,41.56,41.57,41.58,0.39,normal
2026-05-08 01:19:24,455,26.39,32.43,100568.59,274751.81,5.17,5.47,5.47,5.47,36.27,41.11,41.26,41.27,41.27,0.39,normal
2026-05-08 01:19:29,456,26.38,32.43,100568.04,274310.22,5.28,5.58,5.58,5.58,37.02,41.96,42.11,42.12,42.12,0.39,normal
2026-05-08 01:19:34,455,26.44,32.41,100567.73,273431.25,5.25,5.55,5.55,5.55,36.81,41.72,41.87,41.88,41.88,0.39,normal
2026-05-08 01:19:39,456,26.43,32.41,100569.3,274973.16,5.26,5.56,5.56,5.56,36.92,41.85,42,42.01,42.01,0.4,normal
2026-05-08 01:19:44,455,26.45,32.39,100568.42,274751.81,5.17,5.47,5.47,5.47,36.29,41.13,41.28,41.28,41.29,0.39,normal
2026-05-08 01:19:50,455,26.44,32.39,100567.99,275194.84,5.1,5.39,5.39,5.39,35.76,40.53,40.68,40.68,40.69,0.39,normal
2026-05-08 01:19:55,456,26.43,32.37,100566.79,275416.91,5.13,5.43,5.43,5.43,36,40.81,40.95,40.96,40.96,0.39,normal
2026-05-08 01:20:00,456,26.43,32.39,100568.02,275639.31,5.07,5.36,5.36,5.36,35.56,40.31,40.45,40.46,40.47,0.38,normal
2026-05-08 01:20:05,454,26.41,32.39,100566.74,274751.81,4.95,5.24,5.24,5.24,34.75,39.39,39.53,39.53,39.54,0.38,normal
2026-05-08 01:20:10,454,26.39,32.4,100567.3,273212.38,4.96,5.24,5.24,5.24,34.79,39.44,39.58,39.58,39.59,0.39,normal
2026-05-08 01:20:15,452,26.37,32.41,100566.14,269331.94,5.19,5.49,5.49,5.49,36.39,41.25,41.4,41.41,41.41,0.39,normal
2026-05-08 01:20:20,452,26.34,32.4,100567.32,267852.47,5.14,5.43,5.43,5.43,36.05,40.86,41.01,41.02,41.02,0.39,normal
2026-05-08 01:20:25,452,26.35,32.41,100566.37,261291.14,5.1,5.39,5.39,5.39,35.78,40.55,40.7,40.7,40.71,0.39,normal
2026-05-08 01:20:30,451,26.4,32.42,100566.7,263713.62,5.29,5.59,5.59,5.59,37.08,42.04,42.19,42.19,42.2,0.39,normal
2026-05-08 01:20:35,450,26.36,32.42,100566.13,247462.55,5.35,5.66,5.66,5.66,37.53,42.54,42.69,42.7,42.7,0.38,normal
2026-05-08 01:20:40,449,26.38,32.43,100566.98,250918.89,5.38,5.69,5.69,5.69,37.77,42.81,42.97,42.98,42.98,0.38,normal
2026-05-08 01:20:45,450,26.43,32.41,100567.11,256963.61,5.27,5.57,5.57,5.57,36.94,41.87,42.02,42.03,42.03,0.38,normal
2026-05-08 01:20:50,451,26.44,32.37,100566.93,256770.31,5.24,5.54,5.54,5.54,36.76,41.66,41.81,41.82,41.82,0.38,normal
2026-05-08 01:20:55,449,26.45,32.35,100566.44,257934.52,5.35,5.66,5.66,5.66,37.54,42.55,42.7,42.71,42.72,0.39,normal
2026-05-08 01:21:00,448,26.49,32.32,100565.71,258716.53,5.34,5.65,5.65,5.65,37.46,42.46,42.61,42.62,42.62,0.39,normal
2026-05-08 01:21:05,445,26.46,32.3,100566.87,263103.81,5.57,5.89,5.89,5.89,39.05,44.27,44.43,44.43,44.44,0.39,normal
2026-05-08 01:21:10,444,26.43,32.31,100566.2,264326.28,5.8,6.14,6.14,6.14,40.72,46.16,46.32,46.33,46.33,0.39,normal
2026-05-08 01:21:15,445,26.42,32.34,100565.73,261691.8,5.95,6.29,6.29,6.29,41.75,47.32,47.49,47.5,47.5,0.4,normal
2026-05-08 01:21:20,444,26.4,32.33,100565.4,259700.73,5.93,6.27,6.27,6.27,41.63,47.19,47.36,47.37,47.37,0.4,normal
2026-05-08 01:21:25,446,26.33,32.32,100565.57,261691.8,5.86,6.2,6.2,6.2,41.14,46.63,46.8,46.8,46.81,0.4,normal
2026-05-08 01:21:30,447,26.35,32.36,100566.27,261892.58,5.81,6.14,6.14,6.14,40.77,46.21,46.37,46.38,46.39,0.4,normal
2026-05-08 01:21:35,447,26.33,32.37,100564.5,263510.03,5.85,6.18,6.18,6.18,41.03,46.51,46.68,46.69,46.69,0.4,normal
2026-05-08 01:21:40,446,26.31,32.4,100565.05,263306.75,5.86,6.19,6.19,6.19,41.09,46.58,46.75,46.76,46.76,0.39,normal
2026-05-08 01:21:45,446,26.29,32.42,100563.15,263306.75,5.8,6.14,6.14,6.14,40.72,46.15,46.32,46.33,46.33,0.4,normal
2026-05-08 01:21:50,447,26.36,32.44,100564.84,261691.8,6.02,6.37,6.37,6.37,42.25,47.9,48.07,48.08,48.08,0.4,normal
2026-05-08 01:21:55,446,26.38,32.42,100565.31,261691.8,6.11,6.46,6.46,6.46,42.87,48.59,48.76,48.77,48.78,0.4,normal
2026-05-08 01:22:00,446,26.4,32.39,100565.98,261491.31,5.98,6.33,6.33,6.33,41.97,47.57,47.74,47.75,47.75,0.4,normal
2026-05-08 01:22:05,445,26.44,32.36,100565.84,261091.28,5.89,6.23,6.23,6.23,41.35,46.88,47.04,47.05,47.06,0.4,normal
2026-05-08 01:22:10,445,26.47,32.32,100565.2,263510.03,5.63,5.96,5.96,5.96,39.52,44.79,44.95,44.96,44.96,0.4,normal
2026-05-08 01:22:15,444,26.49,32.26,100566.34,265147.59,5.48,5.8,5.8,5.8,38.47,43.61,43.77,43.77,43.78,0.4,normal
2026-05-08 01:22:20,445,26.54,32.23,100565.32,264326.28,5.34,5.65,5.65,5.65,37.47,42.48,42.63,42.64,42.64,0.4,normal
2026-05-08 01:22:25,447,26.55,32.18,100565.32,264736.31,5.34,5.65,5.65,5.65,37.46,42.46,42.61,42.62,42.62,0.41,normal
2026-05-08 01:22:30,448,26.58,32.14,100565.24,264941.78,5.2,5.5,5.5,5.5,36.51,41.39,41.54,41.54,41.55,0.41,normal
2026-05-08 01:22:35,447,26.61,32.08,100563.44,263713.62,5.71,6.03,6.03,6.03,40.03,45.37,45.53,45.54,45.55,0.42,normal
2026-05-08 01:22:40,447,26.61,32.05,100565.85,263713.62,5.76,6.09,6.09,6.09,40.41,45.8,45.97,45.97,45.98,0.42,normal
2026-05-08 01:22:45,449,26.58,32.03,100564.99,265353.72,5.73,6.06,6.06,6.06,40.21,45.58,45.75,45.75,45.76,0.42,normal
2026-05-08 01:22:50,449,26.6,32.03,100566.17,264326.28,5.61,5.93,5.93,5.93,39.37,44.62,44.78,44.79,44.79,0.42,normal
2026-05-08 01:22:55,448,26.62,32.02,100563.22,263917.53,5.38,5.69,5.69,5.69,37.73,42.77,42.92,42.93,42.93,0.42,normal
2026-05-08 01:23:00,448,26.64,32.01,100563.32,262698.81,5.46,5.77,5.77,5.77,38.31,43.42,43.57,43.58,43.59,0.41,normal
2026-05-08 01:23:05,447,26.66,32,100563.38,262093.67,5.47,5.79,5.79,5.79,38.38,43.51,43.66,43.67,43.67,0.41,normal
2026-05-08 01:23:10,446,26.65,31.97,100562.84,264736.31,5.54,5.86,5.86,5.86,38.85,44.04,44.2,44.2,44.21,0.4,normal
2026-05-08 01:23:15,443,26.64,31.96,100563.41,263713.62,5.56,5.88,5.88,5.88,39,44.21,44.37,44.38,44.38,0.41,normal
2026-05-08 01:23:20,442,26.63,31.95,100562.02,265353.72,5.4,5.71,5.71,5.71,37.91,42.97,43.13,43.14,43.14,0.4,normal
2026-05-08 01:23:25,442,26.58,31.94,100564.91,267432.75,5.12,5.42,5.42,5.42,35.95,40.74,40.89,40.9,40.9,0.41,normal
2026-05-08 01:23:30,441,26.53,31.96,100565.36,269971,4.94,5.23,5.23,5.23,34.68,39.32,39.46,39.46,39.47,0.41,normal
2026-05-08 01:23:35,440,26.5,32,100565.67,270398.72,4.82,5.1,5.1,5.1,33.8,38.32,38.45,38.46,38.46,0.41,normal
2026-05-08 01:23:40,439,26.47,32.05,100565.11,266597.25,4.86,5.14,5.14,5.14,34.12,38.67,38.81,38.82,38.82,0.41,normal
2026-05-08 01:23:45,439,26.47,32.1,100564.01,270184.69,5.22,5.52,5.52,5.52,36.63,41.52,41.66,41.67,41.68,0.41,normal
2026-05-08 01:23:50,439,26.47,32.11,100564.97,271258.28,5.38,5.69,5.69,5.69,37.77,42.81,42.97,42.98,42.98,0.41,normal
2026-05-08 01:23:55,438,26.48,32.09,100565.52,270398.72,5.54,5.86,5.86,5.86,38.89,44.09,44.24,44.25,44.26,0.41,normal
2026-05-08 01:24:00,440,26.47,32.11,100564.1,269544.62,5.49,5.8,5.8,5.8,38.51,43.66,43.81,43.82,43.82,0.41,normal
2026-05-08 01:24:05,441,26.47,32.14,100563.32,267432.75,5.24,5.54,5.54,5.54,36.77,41.68,41.82,41.83,41.84,0.41,normal
2026-05-08 01:24:10,441,26.51,32.17,100564.64,265147.59,5.03,5.32,5.32,5.32,35.29,40,40.14,40.15,40.15,0.41,normal
2026-05-08 01:24:15,440,26.53,32.16,100565.02,266805.62,5.09,5.38,5.38,5.38,35.7,40.47,40.61,40.62,40.62,0.41,normal
2026-05-08 01:24:20,441,26.49,32.14,100564.45,265974.03,5.17,5.47,5.47,5.47,36.3,41.15,41.3,41.31,41.31,0.42,normal
2026-05-08 01:24:25,441,26.52,32.16,100566.11,264531.12,5.39,5.7,5.7,5.7,37.82,42.87,43.02,43.03,43.04,0.41,normal
2026-05-08 01:24:30,441,26.55,32.15,100565.06,264941.78,5.56,5.88,5.88,5.88,39.02,44.23,44.39,44.4,44.4,0.41,normal
2026-05-08 01:24:35,444,26.54,32.15,100565.35,266597.25,5.56,5.88,5.88,5.88,39.03,44.24,44.4,44.4,44.41,0.41,normal
2026-05-08 01:24:40,446,26.54,32.15,100564.48,265974.03,5.52,5.83,5.83,5.83,38.7,43.87,44.03,44.04,44.04,0.41,normal
2026-05-08 01:24:45,447,26.55,32.15,100564.87,267432.75,5.62,5.94,5.94,5.94,39.44,44.71,44.87,44.88,44.88,0.41,normal
2026-05-08 01:24:50,447,26.59,32.13,100563.71,266597.25,5.87,6.2,6.2,6.2,41.15,46.65,46.81,46.82,46.83,0.41,normal
2026-05-08 01:24:55,446,26.56,32.09,100565.13,268484.53,6.04,6.39,6.39,6.39,42.39,48.05,48.22,48.23,48.23,0.4,normal
2026-05-08 01:25:00,443,26.56,32.1,100563.34,267014.34,6.2,6.56,6.56,6.56,43.53,49.34,49.51,49.52,49.53,0.41,normal
2026-05-08 01:25:05,444,26.6,32.09,100563.7,268273.5,6.16,6.51,6.51,6.51,43.19,48.96,49.13,49.14,49.14,0.41,normal
2026-05-08 01:25:10,445,26.63,32.05,100562.55,267014.34,6.03,6.38,6.38,6.38,42.31,47.95,48.13,48.14,48.14,0.41,normal
2026-05-08 01:25:15,447,26.63,32.05,100561.37,266597.25,5.89,6.23,6.23,6.23,41.32,46.84,47,47.01,47.02,0.42,normal
2026-05-08 01:25:20,447,26.57,32.03,100564.5,263713.62,5.85,6.19,6.19,6.19,41.05,46.54,46.7,46.71,46.72,0.42,normal
2026-05-08 01:25:25,446,26.57,32.05,100564.64,263306.75,5.64,5.96,5.96,5.96,39.55,44.83,44.99,45,45.01,0.41,normal
2026-05-08 01:25:30,445,26.53,32.05,100563.66,262901.16,5.16,5.46,5.46,5.46,36.23,41.07,41.21,41.22,41.22,0.41,normal
2026-05-08 01:25:35,446,26.56,32.06,100563.37,262901.16,4.86,5.14,5.14,5.14,34.1,38.65,38.79,38.79,38.8,0.41,normal
2026-05-08 01:25:41,445,26.6,32.05,100562.38,263917.53,4.9,5.18,5.18,5.18,34.35,38.94,39.08,39.09,39.09,0.41,normal
2026-05-08 01:25:46,445,26.66,32.02,100561.06,261892.58,4.96,5.24,5.24,5.24,34.79,39.44,39.58,39.59,39.59,0.41,normal
2026-05-08 01:25:51,447,26.62,32,100562.74,257351.09,5.21,5.5,5.5,5.5,36.52,41.4,41.55,41.55,41.56,0.4,normal
2026-05-08 01:25:56,449,26.6,32.05,100563.23,256000,5.07,5.36,5.36,5.36,35.59,40.34,40.48,40.49,40.49,0.4,normal
2026-05-08 01:26:01,450,26.59,32.06,100562.73,259109.31,5.29,5.59,5.59,5.59,37.1,42.06,42.21,42.22,42.22,0.41,normal
2026-05-08 01:26:06,450,26.61,32.07,100561.64,256192.14,5.66,5.99,5.99,5.99,39.73,45.03,45.19,45.2,45.2,0.4,normal
2026-05-08 01:26:11,450,26.62,32.05,100561.99,252030.52,5.85,6.19,6.19,6.19,41.05,46.53,46.7,46.71,46.71,0.41,normal
2026-05-08 01:26:16,450,26.61,32.02,100561.62,252590.03,6.21,6.56,6.56,6.56,43.53,49.35,49.52,49.53,49.54,0.41,normal
2026-05-08 01:26:21,449,26.62,32.02,100560.95,248543.69,6.08,6.43,6.43,6.43,42.65,48.35,48.52,48.53,48.54,0.41,normal
2026-05-08 01:26:26,451,26.57,32.03,100563.88,244624.94,5.94,6.28,6.28,6.28,41.64,47.2,47.37,47.38,47.39,0.41,normal
2026-05-08 01:26:31,453,26.54,32.08,100564.23,248182.27,5.83,6.16,6.16,6.16,40.89,46.35,46.51,46.52,46.53,0.41,normal
2026-05-08 01:26:36,453,26.48,32.16,100561.77,250183.23,5.95,6.29,6.29,6.29,41.74,47.31,47.48,47.49,47.49,0.42,normal
2026-05-08 01:26:41,454,26.45,32.2,100561.48,252030.52,6.14,6.49,6.49,6.49,43.08,48.83,49.01,49.02,49.02,0.42,normal
2026-05-08 01:26:46,455,26.45,32.23,100562.68,256384.58,6.32,6.68,6.68,6.68,44.32,50.23,50.41,50.42,50.43,0.42,normal
2026-05-08 01:26:51,453,26.47,32.25,100562.64,255234.3,6.25,6.61,6.61,6.61,43.85,49.7,49.88,49.89,49.89,0.41,normal
2026-05-08 01:26:56,453,26.46,32.27,100562.98,255234.3,5.92,6.26,6.26,6.26,41.51,47.06,47.22,47.23,47.24,0.41,normal
2026-05-08 01:27:01,453,26.42,32.27,100560.93,260692.47,5.76,6.09,6.09,6.09,40.42,45.82,45.98,45.99,46,0.41,normal
2026-05-08 01:27:06,454,26.42,32.28,100561.94,261291.14,5.53,5.85,5.85,5.85,38.83,44.01,44.17,44.18,44.18,0.41,normal
2026-05-08 01:27:11,454,26.41,32.29,100560.48,262295.09,5.34,5.65,5.65,5.65,37.49,42.5,42.65,42.66,42.66,0.41,normal
2026-05-08 01:27:16,456,26.31,32.26,100561.73,269544.62,5.26,5.56,5.56,5.56,36.88,41.81,41.96,41.97,41.97,0.41,normal
2026-05-08 01:27:21,456,26.3,32.31,100560.77,264531.12,5.18,5.48,5.48,5.48,36.36,41.21,41.36,41.37,41.37,0.41,normal
2026-05-08 01:27:26,457,26.3,32.36,100560.52,266597.25,5.2,5.5,5.5,5.5,36.47,41.34,41.49,41.5,41.5,0.41,normal
2026-05-08 01:27:31,457,26.33,32.38,100560.11,265766.94,5.22,5.52,5.52,5.52,36.62,41.51,41.66,41.67,41.67,0.41,normal
2026-05-08 01:27:36,455,26.3,32.38,100560.03,268695.88,5.22,5.52,5.52,5.52,36.63,41.52,41.67,41.68,41.68,0.41,normal
2026-05-08 01:27:41,452,26.32,32.38,100560.41,268484.53,5.29,5.59,5.59,5.59,37.11,42.06,42.21,42.22,42.22,0.41,normal
2026-05-08 01:27:46,453,26.31,32.39,100560.45,268062.81,5.23,5.53,5.53,5.53,36.72,41.62,41.77,41.78,41.78,0.41,normal
2026-05-08 01:27:51,453,26.36,32.39,100560.31,269757.62,5.16,5.46,5.46,5.46,36.19,41.02,41.17,41.18,41.18,0.4,normal
2026-05-08 01:27:56,451,26.36,32.36,100562.41,269544.62,5.14,5.43,5.43,5.43,36.03,40.84,40.98,40.99,40.99,0.41,normal
2026-05-08 01:28:01,452,26.36,32.34,100561.2,269331.94,5.2,5.49,5.49,5.49,36.45,41.32,41.47,41.47,41.48,0.4,normal
2026-05-08 01:28:06,451,26.4,32.34,100562.1,267432.75,5.23,5.54,5.54,5.54,36.73,41.63,41.78,41.79,41.79,0.41,normal
2026-05-08 01:28:11,450,26.42,32.32,100560.37,268062.81,5.29,5.59,5.59,5.59,37.09,42.04,42.19,42.2,42.2,0.41,normal
2026-05-08 01:28:16,450,26.42,32.28,100561.41,266389.19,5.4,5.71,5.71,5.71,37.89,42.95,43.1,43.11,43.12,0.4,normal
2026-05-08 01:28:21,448,26.46,32.27,100561.92,266181.44,5.44,5.75,5.75,5.75,38.13,43.22,43.38,43.39,43.39,0.4,normal
2026-05-08 01:28:26,449,26.48,32.24,100560.85,267852.47,5.3,5.6,5.6,5.6,37.18,42.15,42.3,42.31,42.31,0.4,normal
2026-05-08 01:28:31,449,26.51,32.23,100563.66,267223.38,5.24,5.54,5.54,5.54,36.74,41.65,41.8,41.81,41.81,0.4,normal
2026-05-08 01:28:36,450,26.54,32.2,100562.27,265974.03,5.39,5.7,5.7,5.7,37.81,42.86,43.01,43.02,43.03,0.4,normal
2026-05-08 01:28:41,449,26.57,32.16,100562.64,266181.44,5.4,5.71,5.71,5.71,37.87,42.93,43.08,43.09,43.09,0.41,normal
2026-05-08 01:28:46,450,26.58,32.1,100561.78,265353.72,5.35,5.66,5.66,5.66,37.53,42.54,42.69,42.7,42.7,0.41,normal
2026-05-08 01:28:51,451,26.55,32.08,100562.12,267014.34,5.13,5.42,5.42,5.42,35.96,40.76,40.9,40.91,40.92,0.41,normal
2026-05-08 01:28:56,451,26.53,32.08,100562.1,266389.19,4.98,5.26,5.26,5.26,34.91,39.57,39.71,39.71,39.72,0.41,normal
2026-05-08 01:29:01,451,26.53,32.09,100561.94,265974.03,4.66,4.93,4.93,4.93,32.71,37.08,37.21,37.22,37.22,0.41,normal
2026-05-08 01:29:06,450,26.54,32.09,100562.07,267223.38,4.56,4.82,4.82,4.82,31.96,36.23,36.36,36.36,36.37,0.41,normal
2026-05-08 01:29:11,450,26.56,32.1,100561.7,266389.19,4.75,5.02,5.02,5.02,33.3,37.75,37.88,37.89,37.89,0.41,normal
2026-05-08 01:29:16,450,26.58,32.08,100561.47,266597.25,5.03,5.32,5.32,5.32,35.29,40,40.14,40.15,40.16,0.4,normal
2026-05-08 01:29:21,449,26.53,32.05,100561.86,267014.34,5.38,5.69,5.69,5.69,37.76,42.8,42.95,42.96,42.96,0.4,normal
2026-05-08 01:29:26,447,26.51,32.06,100562.38,268907.56,5.48,5.79,5.79,5.79,38.43,43.56,43.71,43.72,43.73,0.4,normal
2026-05-08 01:29:31,446,26.53,32.08,100561.54,268907.56,5.42,5.73,5.73,5.73,38,43.08,43.23,43.24,43.24,0.4,normal
2026-05-08 01:29:36,445,26.54,32.07,100560.95,268907.56,5.24,5.54,5.54,5.54,36.77,41.68,41.83,41.84,41.84,0.4,normal
2026-05-08 01:29:41,446,26.53,32.03,100561.47,272123.31,5.27,5.57,5.57,5.57,36.94,41.87,42.02,42.03,42.03,0.41,normal
2026-05-08 01:29:46,446,26.55,32.03,100561.84,269971,5.52,5.84,5.84,5.84,38.73,43.91,44.06,44.07,44.08,0.41,normal
2026-05-08 01:29:51,445,26.53,32.03,100560.96,271474.03,5.55,5.87,5.87,5.87,38.95,44.16,44.31,44.32,44.33,0.42,normal
2026-05-08 01:29:56,445,26.53,32.03,100562.96,271474.03,5.45,5.76,5.76,5.76,38.23,43.34,43.49,43.5,43.51,0.41,normal
2026-05-08 01:30:01,445,26.45,32.07,100560.66,272340.44,5.41,5.73,5.73,5.73,37.98,43.06,43.21,43.22,43.22,0.41,normal
2026-05-08 01:30:06,443,26.47,32.16,100560.7,269971,5.5,5.81,5.81,5.81,38.57,43.73,43.88,43.89,43.89,0.41,normal
2026-05-08 01:30:11,441,26.48,32.19,100560.8,268062.81,5.47,5.79,5.79,5.79,38.41,43.53,43.69,43.7,43.7,0.41,normal
2026-05-08 01:30:16,441,26.44,32.19,100561.1,271042.88,5.4,5.71,5.71,5.71,37.85,42.91,43.06,43.07,43.07,0.41,normal
2026-05-08 01:30:21,441,26.41,32.19,100561.16,273431.25,5.23,5.53,5.53,5.53,36.71,41.61,41.75,41.76,41.77,0.41,normal
2026-05-08 01:30:26,440,26.36,32.23,100560.88,275416.91,5.24,5.54,5.54,5.54,36.79,41.7,41.85,41.86,41.86,0.41,normal
2026-05-08 01:30:31,440,26.34,32.28,100559.59,275639.31,5.21,5.51,5.51,5.51,36.57,41.46,41.6,41.61,41.62,0.41,normal
2026-05-08 01:30:36,440,26.33,32.33,100560.52,275862.06,5.06,5.35,5.35,5.35,35.5,40.24,40.38,40.39,40.4,0.41,normal
2026-05-08 01:30:41,441,26.28,32.37,100559.88,277431.59,5.02,5.31,5.31,5.31,35.25,39.96,40.1,40.11,40.11,0.41,normal
2026-05-08 01:30:46,443,26.28,32.42,100559.82,272993.88,5.28,5.59,5.59,5.59,37.08,42.03,42.18,42.19,42.19,0.4,normal
2026-05-08 01:30:51,445,26.31,32.44,100560.47,274089.94,5.49,5.81,5.81,5.81,38.52,43.66,43.82,43.82,43.83,0.41,normal
2026-05-08 01:30:56,444,26.28,32.42,100559.58,276085.19,5.61,5.94,5.94,5.94,39.39,44.65,44.81,44.82,44.82,0.41,normal
2026-05-08 01:31:01,445,26.28,32.43,100558.72,275194.84,5.77,6.1,6.1,6.1,40.47,45.88,46.04,46.05,46.05,0.41,normal
2026-05-08 01:31:06,446,26.29,32.45,100560.23,275194.84,5.64,5.97,5.97,5.97,39.59,44.87,45.03,45.04,45.04,0.4,normal
2026-05-08 01:31:11,445,26.24,32.46,100560.56,276981.34,5.57,5.89,5.89,5.89,39.08,44.3,44.45,44.46,44.47,0.4,normal
2026-05-08 01:31:16,446,26.24,32.47,100559.06,276981.34,5.68,6,6,6,39.82,45.14,45.3,45.31,45.31,0.4,normal
2026-05-08 01:31:22,446,26.19,32.48,100560.94,277657.28,5.76,6.09,6.09,6.09,40.41,45.81,45.97,45.98,45.98,0.4,normal
2026-05-08 01:31:27,446,26.15,32.52,100559.9,277431.59,5.68,6.01,6.01,6.01,39.84,45.16,45.32,45.33,45.34,0.4,normal
2026-05-08 01:31:32,446,26.13,32.58,100559.38,277206.28,5.57,5.89,5.89,5.89,39.05,44.26,44.42,44.43,44.43,0.4,normal
2026-05-08 01:31:37,445,26.14,32.66,100561.12,274973.16,5.51,5.83,5.83,5.83,38.69,43.85,44.01,44.02,44.02,0.4,normal
2026-05-08 01:31:42,445,26.17,32.66,100559.69,275416.91,5.35,5.66,5.66,5.66,37.57,42.58,42.73,42.74,42.75,0.4,normal
2026-05-08 01:31:47,444,26.15,32.68,100560.16,277657.28,5.36,5.67,5.67,5.67,37.61,42.64,42.79,42.8,42.8,0.4,normal
2026-05-08 01:31:52,443,26.19,32.67,100561.94,276532.53,5.31,5.61,5.61,5.61,37.24,42.21,42.36,42.37,42.37,0.41,normal
2026-05-08 01:31:57,443,26.19,32.64,100561.47,277657.28,5.49,5.8,5.8,5.8,38.48,43.62,43.78,43.79,43.79,0.41,normal
2026-05-08 01:32:02,444,26.17,32.61,100559.84,277431.59,5.86,6.2,6.2,6.2,41.12,46.61,46.77,46.78,46.79,0.4,normal
2026-05-08 01:32:07,447,26.18,32.6,100560.81,277431.59,5.93,6.27,6.27,6.27,41.6,47.16,47.33,47.33,47.34,0.41,normal
2026-05-08 01:32:12,448,26.2,32.61,100560.66,276532.53,5.87,6.2,6.2,6.2,41.15,46.65,46.81,46.82,46.83,0.4,normal
2026-05-08 01:32:17,446,26.22,32.59,100561.72,278109.72,6.16,6.52,6.52,6.52,43.23,49,49.18,49.19,49.19,0.4,normal
2026-05-08 01:32:22,447,26.23,32.55,100560.33,279475.97,6.43,6.8,6.8,6.8,45.1,51.12,51.3,51.31,51.32,0.41,normal
2026-05-08 01:32:27,447,26.25,32.56,100560.59,276085.19,6.37,6.74,6.74,6.74,44.71,50.67,50.86,50.87,50.87,0.4,normal
2026-05-08 01:32:32,448,26.28,32.56,100560.23,276308.69,6.38,6.75,6.75,6.75,44.77,50.75,50.93,50.94,50.94,0.41,normal
2026-05-08 01:32:37,450,26.3,32.54,100560.14,275639.31,6.34,6.7,6.7,6.7,44.46,50.39,50.57,50.58,50.59,0.42,normal
2026-05-08 01:32:42,450,26.3,32.51,100561.95,276981.34,6.38,6.75,6.75,6.75,44.77,50.74,50.93,50.94,50.94,0.41,normal
2026-05-08 01:32:47,448,26.24,32.5,100560.2,279019.06,6.17,6.52,6.52,6.52,43.29,49.06,49.24,49.25,49.25,0.42,normal
2026-05-08 01:32:52,447,26.22,32.5,100560.7,278336.5,5.87,6.21,6.21,6.21,41.2,46.7,46.87,46.88,46.88,0.41,normal
2026-05-08 01:32:57,446,26.22,32.54,100561.58,278336.5,5.72,6.05,6.05,6.05,40.16,45.53,45.69,45.7,45.7,0.41,normal
2026-05-08 01:33:02,447,26.21,32.56,100560.09,276981.34,5.51,5.83,5.83,5.83,38.67,43.83,43.99,44,44,0.41,normal
2026-05-08 01:33:07,444,26.2,32.58,100561.38,278336.5,5.6,5.92,5.92,5.92,39.29,44.54,44.7,44.71,44.71,0.4,normal
2026-05-08 01:33:12,445,26.16,32.6,100559.54,279705,5.46,5.78,5.78,5.78,38.33,43.45,43.6,43.61,43.61,0.4,normal
2026-05-08 01:33:17,448,26.2,32.62,100560.33,278791.19,5.41,5.72,5.72,5.72,37.93,42.99,43.15,43.16,43.16,0.41,normal
2026-05-08 01:33:22,448,26.18,32.59,100560.41,279247.34,5.05,5.34,5.34,5.34,35.42,40.15,40.3,40.3,40.31,0.4,normal
2026-05-08 01:33:27,446,26.21,32.6,100560.57,276981.34,5,5.29,5.29,5.29,35.1,39.78,39.92,39.93,39.94,0.4,normal
2026-05-08 01:33:32,446,26.24,32.58,100561.05,277431.59,5.25,5.55,5.55,5.55,36.8,41.71,41.86,41.87,41.88,0.4,normal
2026-05-08 01:33:37,445,26.29,32.56,100561.08,277657.28,5.43,5.74,5.74,5.74,38.1,43.18,43.34,43.35,43.35,0.4,normal
2026-05-08 01:33:42,447,26.31,32.51,100562.34,276756.75,5.42,5.73,5.73,5.73,38.01,43.09,43.24,43.25,43.26,0.39,normal
2026-05-08 01:33:47,447,26.36,32.47,100561.67,275416.91,5.35,5.66,5.66,5.66,37.56,42.58,42.73,42.74,42.74,0.39,normal
2026-05-08 01:33:52,447,26.33,32.42,100561.9,278791.19,5.42,5.73,5.73,5.73,38.02,43.1,43.25,43.26,43.26,0.39,normal
2026-05-08 01:33:57,448,26.3,32.43,100560.41,278563.66,5.61,5.93,5.93,5.93,39.36,44.62,44.78,44.78,44.79,0.4,normal
2026-05-08 01:34:02,446,26.3,32.44,100560.62,280164.16,5.8,6.13,6.13,6.13,40.67,46.1,46.26,46.27,46.27,0.4,normal
2026-05-08 01:34:07,446,26.32,32.41,100561.98,277206.28,5.79,6.12,6.12,6.12,40.6,46.02,46.18,46.19,46.2,0.4,normal
2026-05-08 01:34:12,445,26.38,32.41,100561.05,276756.75,5.4,5.71,5.71,5.71,37.86,42.92,43.07,43.08,43.09,0.4,normal
2026-05-08 01:34:17,445,26.35,32.39,100560.91,278109.72,5.23,5.53,5.53,5.53,36.67,41.56,41.71,41.72,41.72,0.4,normal
2026-05-08 01:34:22,443,26.3,32.39,100562.12,279247.34,5.42,5.73,5.73,5.73,38.03,43.11,43.27,43.28,43.28,0.4,normal
2026-05-08 01:34:27,443,26.33,32.39,100561.21,277657.28,5.45,5.77,5.77,5.77,38.25,43.36,43.51,43.52,43.52,0.4,normal
2026-05-08 01:34:32,443,26.36,32.41,100562.18,276308.69,5.4,5.71,5.71,5.71,37.87,42.92,43.08,43.08,43.09,0.4,normal
2026-05-08 01:34:37,445,26.37,32.38,100561.7,277657.28,5.64,5.96,5.96,5.96,39.56,44.84,45,45.01,45.01,0.4,normal
2026-05-08 01:34:42,445,26.34,32.37,100561.84,275862.06,5.84,6.18,6.18,6.18,40.98,46.45,46.62,46.63,46.63,0.4,normal
2026-05-08 01:34:47,445,26.3,32.36,100562.62,280855.72,6.04,6.39,6.39,6.39,42.4,48.06,48.23,48.24,48.25,0.4,normal
2026-05-08 01:34:52,442,26.26,32.39,100562.34,280624.84,6.2,6.56,6.56,6.56,43.5,49.31,49.48,49.49,49.5,0.4,normal
2026-05-08 01:34:57,440,26.25,32.4,100561.47,283420.97,6.19,6.54,6.54,6.54,43.42,49.21,49.39,49.4,49.4,0.39,normal
2026-05-08 01:35:02,442,26.24,32.42,100560.89,285794.03,5.98,6.32,6.32,6.32,41.96,47.57,47.74,47.74,47.75,0.4,normal
2026-05-08 01:35:07,441,26.19,32.42,100560.73,283892.44,5.54,5.85,5.85,5.85,38.84,44.02,44.18,44.19,44.19,0.39,normal
2026-05-08 01:35:12,442,26.2,32.44,100560.91,285077.94,5.16,5.45,5.45,5.45,36.18,41.01,41.15,41.16,41.17,0.39,normal
2026-05-08 01:35:17,440,26.16,32.49,100561.45,285316.25,4.76,5.04,5.04,5.04,33.42,37.88,38.01,38.02,38.02,0.39,normal
2026-05-08 01:35:22,440,26.17,32.53,100562.05,282015.97,4.64,4.9,4.9,4.9,32.53,36.88,37.01,37.02,37.02,0.39,normal
2026-05-08 01:35:27,438,26.21,32.55,100560.8,281550.72,4.73,5,5,5,33.17,37.6,37.73,37.74,37.74,0.39,normal
2026-05-08 01:35:32,436,26.22,32.54,100561.58,281550.72,4.92,5.2,5.2,5.2,34.53,39.14,39.28,39.29,39.29,0.39,normal
2026-05-08 01:35:37,437,26.2,32.52,100561.19,282951.09,5.2,5.5,5.5,5.5,36.51,41.39,41.53,41.54,41.54,0.4,normal
2026-05-08 01:35:42,436,26.22,32.53,100561.7,281318.69,5.43,5.74,5.74,5.74,38.08,43.16,43.32,43.32,43.33,0.4,normal
2026-05-08 01:35:47,437,26.2,32.54,100561.58,281318.69,5.53,5.85,5.85,5.85,38.81,44,44.15,44.16,44.17,0.4,normal
2026-05-08 01:35:52,437,26.23,32.53,100561.25,282015.97,5.75,6.08,6.08,6.08,40.34,45.72,45.89,45.9,45.9,0.4,normal
2026-05-08 01:35:57,437,26.25,32.51,100560.3,283185.84,5.97,6.31,6.31,6.31,41.88,47.47,47.64,47.65,47.66,0.4,normal
2026-05-08 01:36:02,439,26.2,32.49,100559.76,285316.25,5.92,6.26,6.26,6.26,41.53,47.07,47.24,47.25,47.25,0.4,normal
2026-05-08 01:36:07,438,26.2,32.51,100561.34,284365.47,6.04,6.39,6.39,6.39,42.4,48.07,48.24,48.25,48.25,0.4,normal
2026-05-08 01:36:12,439,26.24,32.52,100560.19,281087.03,6.04,6.38,6.38,6.38,42.35,48,48.17,48.18,48.18,0.39,normal
2026-05-08 01:36:17,438,26.23,32.49,100560.82,282249.19,6.12,6.47,6.47,6.47,42.94,48.67,48.84,48.85,48.86,0.39,normal
2026-05-08 01:36:22,438,26.2,32.49,100560.36,283185.84,6.17,6.52,6.52,6.52,43.28,49.05,49.23,49.24,49.24,0.4,normal
2026-05-08 01:36:27,439,26.23,32.52,100559.57,282716.72,6.28,6.64,6.64,6.64,44.07,49.96,50.13,50.14,50.15,0.4,normal
2026-05-08 01:36:32,438,26.23,32.52,100561.49,282716.72,6.26,6.62,6.62,6.62,43.94,49.8,49.98,49.99,50,0.41,normal
2026-05-08 01:36:37,439,26.19,32.53,100559.65,283892.44,6.21,6.57,6.57,6.57,43.59,49.4,49.58,49.59,49.6,0.41,normal
2026-05-08 01:36:42,438,26.22,32.55,100559.9,281550.72,6.14,6.49,6.49,6.49,43.06,48.81,48.98,48.99,48.99,0.41,normal
2026-05-08 01:36:47,437,26.21,32.54,100559.66,284602.56,6.22,6.57,6.57,6.57,43.61,49.43,49.61,49.62,49.63,0.41,normal
2026-05-08 01:36:52,437,26.18,32.53,100559.74,285077.94,6.17,6.52,6.52,6.52,43.27,49.05,49.22,49.23,49.24,0.4,normal
2026-05-08 01:36:58,435,26.2,32.56,100558.99,283656.5,5.82,6.16,6.16,6.16,40.84,46.29,46.45,46.46,46.47,0.4,normal
2026-05-08 01:37:03,433,26.25,32.54,100559.91,283656.5,5.89,6.23,6.23,6.23,41.31,46.82,46.99,47,47,0.4,normal
2026-05-08 01:37:08,432,26.28,32.52,100559.61,280855.72,6.03,6.38,6.38,6.38,42.31,47.96,48.13,48.14,48.15,0.4,normal
2026-05-08 01:37:13,434,26.26,32.49,100559.43,281318.69,6.06,6.4,6.4,6.4,42.49,48.17,48.34,48.35,48.35,0.39,normal
2026-05-08 01:37:18,434,26.24,32.52,100559.27,282249.19,6.04,6.39,6.39,6.39,42.39,48.05,48.22,48.23,48.23,0.39,normal
2026-05-08 01:37:23,433,26.22,32.52,100559.83,282716.72,5.91,6.25,6.25,6.25,41.49,47.03,47.2,47.2,47.21,0.39,normal
2026-05-08 01:37:28,436,26.17,32.49,100558.18,283185.84,6.32,6.69,6.69,6.69,44.37,50.3,50.48,50.49,50.49,0.39,normal
2026-05-08 01:37:33,437,26.15,32.54,100559.8,283185.84,6.45,6.82,6.82,6.82,45.28,51.32,51.51,51.52,51.52,0.39,normal
2026-05-08 01:37:38,438,26.19,32.56,100559.23,282249.19,6.12,6.47,6.47,6.47,42.94,48.67,48.85,48.86,48.86,0.39,normal
2026-05-08 01:37:43,437,26.18,32.58,100558.7,282249.19,5.83,6.16,6.16,6.16,40.89,46.35,46.51,46.52,46.52,0.39,normal
2026-05-08 01:37:48,438,26.18,32.59,100559.36,280164.16,5.49,5.8,5.8,5.8,38.49,43.63,43.78,43.79,43.8,0.39,normal
2026-05-08 01:37:53,437,26.16,32.58,100558.1,284128.75,5.37,5.68,5.68,5.68,37.69,42.72,42.87,42.88,42.89,0.39,normal
2026-05-08 01:37:58,438,26.13,32.58,100558.45,284840.06,5.44,5.75,5.75,5.75,38.15,43.25,43.4,43.41,43.42,0.39,normal
2026-05-08 01:38:03,437,26.14,32.58,100557.73,282951.09,5.41,5.72,5.72,5.72,37.97,43.04,43.19,43.2,43.2,0.39,normal
2026-05-08 01:38:08,438,26.12,32.57,100558.7,284840.06,5.61,5.93,5.93,5.93,39.36,44.61,44.77,44.78,44.79,0.39,normal
2026-05-08 01:38:13,439,26.13,32.59,100558.02,285554.94,5.71,6.04,6.04,6.04,40.05,45.4,45.56,45.57,45.58,0.39,normal
2026-05-08 01:38:18,438,26.16,32.59,100556.12,283892.44,5.88,6.22,6.22,6.22,41.27,46.78,46.94,46.95,46.96,0.39,normal
2026-05-08 01:38:23,439,26.18,32.59,100557.8,284365.47,6.08,6.43,6.43,6.43,42.67,48.36,48.53,48.54,48.55,0.4,normal
2026-05-08 01:38:28,436,26.15,32.59,100556.91,286513.72,6.08,6.43,6.43,6.43,42.65,48.34,48.51,48.52,48.53,0.4,normal
2026-05-08 01:38:33,437,26.12,32.58,100557.06,285316.25,6.05,6.4,6.4,6.4,42.44,48.11,48.28,48.29,48.29,0.4,normal
2026-05-08 01:38:38,435,26.13,32.63,100557.36,283185.84,6.02,6.36,6.36,6.36,42.21,47.84,48.01,48.02,48.03,0.39,normal
2026-05-08 01:38:43,435,26.12,32.66,100557.26,283420.97,6.15,6.5,6.5,6.5,43.14,48.9,49.08,49.09,49.09,0.39,normal
2026-05-08 01:38:48,436,26.15,32.66,100557.76,283656.5,6.02,6.37,6.37,6.37,42.26,47.9,48.07,48.08,48.09,0.4,normal
2026-05-08 01:38:53,436,26.17,32.64,100556.74,284840.06,5.83,6.16,6.16,6.16,40.88,46.34,46.5,46.51,46.51,0.4,normal
2026-05-08 01:38:58,436,26.16,32.63,100556.65,285316.25,5.78,6.11,6.11,6.11,40.54,45.95,46.12,46.13,46.13,0.39,normal
2026-05-08 01:39:03,434,26.21,32.61,100557.8,283656.5,5.77,6.1,6.1,6.1,40.48,45.89,46.05,46.06,46.06,0.4,normal
2026-05-08 01:39:08,435,26.22,32.56,100556.62,283656.5,5.87,6.21,6.21,6.21,41.17,46.67,46.83,46.84,46.85,0.39,normal
2026-05-08 01:39:13,434,26.2,32.55,100556.19,283892.44,6.13,6.48,6.48,6.48,42.99,48.73,48.9,48.91,48.92,0.4,normal
2026-05-08 01:39:18,433,26.24,32.53,100558.02,281550.72,6.34,6.7,6.7,6.7,44.48,50.42,50.6,50.61,50.62,0.39,normal
2026-05-08 01:39:23,433,26.28,32.5,100557.38,280855.72,6.54,6.91,6.91,6.91,45.86,51.98,52.16,52.17,52.18,0.39,normal
2026-05-08 01:39:28,432,26.31,32.47,100555.82,281550.72,6.48,6.85,6.85,6.85,45.44,51.5,51.69,51.7,51.7,0.39,normal
2026-05-08 01:39:33,434,26.37,32.42,100555.66,280164.16,6.33,6.7,6.7,6.7,44.44,50.37,50.55,50.56,50.57,0.39,normal
2026-05-08 01:39:38,434,26.39,32.37,100557.48,279705,6.28,6.64,6.64,6.64,44.04,49.92,50.09,50.11,50.11,0.39,normal
2026-05-08 01:39:43,435,26.37,32.34,100555.79,279934.38,6.33,6.69,6.69,6.69,44.38,50.3,50.48,50.49,50.5,0.39,normal
2026-05-08 01:39:48,434,26.35,32.33,100556.49,280164.16,6.39,6.76,6.76,6.76,44.86,50.85,51.03,51.04,51.04,0.39,normal
2026-05-08 01:39:53,435,26.3,32.34,100557.04,285077.94,6.54,6.92,6.92,6.92,45.91,52.04,52.22,52.23,52.24,0.4,normal
2026-05-08 01:39:58,433,26.26,32.35,100557.14,284365.47,6.68,7.07,7.07,7.07,46.89,53.15,53.33,53.35,53.35,0.4,normal
2026-05-08 01:40:03,435,26.22,32.38,100557.52,287964,6.74,7.13,7.13,7.13,47.28,53.59,53.78,53.79,53.8,0.4,normal
2026-05-08 01:40:08,433,26.24,32.41,100558.2,286273.41,6.62,7,7,7,46.47,52.68,52.86,52.87,52.88,0.4,normal
2026-05-08 01:40:13,432,26.21,32.44,100556.27,284128.75,6.56,6.94,6.94,6.94,46.03,52.17,52.36,52.37,52.38,0.41,normal
2026-05-08 01:40:18,432,26.17,32.48,100556.95,287721.28,6.2,6.56,6.56,6.56,43.52,49.33,49.5,49.51,49.52,0.4,normal
2026-05-08 01:40:23,431,26.17,32.56,100555.01,285316.25,6,6.35,6.35,6.35,42.13,47.75,47.92,47.93,47.93,0.4,normal
2026-05-08 01:40:28,432,26.2,32.58,100557.74,284840.06,6,6.34,6.34,6.34,42.06,47.68,47.85,47.86,47.86,0.4,normal
2026-05-08 01:40:33,431,26.21,32.59,100556.88,285077.94,5.99,6.34,6.34,6.34,42.06,47.67,47.84,47.85,47.85,0.4,normal
2026-05-08 01:40:38,432,26.25,32.57,100556.91,283420.97,6.05,6.4,6.4,6.4,42.46,48.13,48.3,48.31,48.32,0.4,normal
2026-05-08 01:40:43,431,26.22,32.52,100557.59,285794.03,5.93,6.28,6.28,6.28,41.63,47.19,47.36,47.37,47.38,0.41,normal
2026-05-08 01:40:48,429,26.21,32.52,100556.58,284128.75,5.9,6.23,6.23,6.23,41.37,46.89,47.06,47.07,47.07,0.41,normal
2026-05-08 01:40:53,429,26.19,32.54,100556.4,284840.06,5.76,6.09,6.09,6.09,40.41,45.8,45.96,45.97,45.98,0.41,normal
2026-05-08 01:40:58,430,26.17,32.55,100556.08,284602.56,5.83,6.17,6.17,6.17,40.91,46.37,46.53,46.54,46.55,0.41,normal
2026-05-08 01:41:03,430,26.17,32.59,100556.91,284840.06,5.93,6.27,6.27,6.27,41.58,47.13,47.3,47.31,47.31,0.41,normal
2026-05-08 01:41:08,429,26.15,32.59,100556.88,287237.03,6.08,6.42,6.42,6.42,42.63,48.32,48.49,48.5,48.5,0.41,normal
2026-05-08 01:41:13,428,26.14,32.61,100556.45,286033.53,6.35,6.71,6.71,6.71,44.52,50.47,50.65,50.66,50.66,0.41,normal
2026-05-08 01:41:18,428,26.18,32.63,100556.09,286754.41,6.5,6.87,6.87,6.87,45.61,51.7,51.88,51.89,51.9,0.42,normal
2026-05-08 01:41:23,430,26.15,32.62,100556.51,286754.41,6.8,7.19,7.19,7.19,47.7,54.07,54.26,54.27,54.28,0.42,normal
2026-05-08 01:41:28,431,26.14,32.64,100555.7,288450.72,6.83,7.22,7.22,7.22,47.93,54.32,54.52,54.53,54.53,0.43,normal
2026-05-08 01:41:33,432,26.14,32.66,100555.37,287478.94,6.9,7.3,7.3,7.3,48.41,54.87,55.07,55.08,55.08,0.43,normal
2026-05-08 01:41:38,431,26.15,32.68,100556.33,284840.06,6.81,7.21,7.21,7.21,47.8,54.19,54.38,54.39,54.4,0.43,normal
2026-05-08 01:41:43,432,26.16,32.67,100555.53,284365.47,6.72,7.1,7.1,7.1,47.13,53.43,53.62,53.63,53.63,0.43,normal
2026-05-08 01:41:48,432,26.22,32.66,100556.08,283420.97,6.34,6.71,6.71,6.71,44.51,50.46,50.63,50.65,50.65,0.43,normal
2026-05-08 01:41:53,433,26.22,32.65,100557.08,286273.41,6.03,6.38,6.38,6.38,42.32,47.97,48.14,48.15,48.15,0.43,normal
2026-05-08 01:41:58,432,26.21,32.64,100555.34,286273.41,6,6.35,6.35,6.35,42.1,47.72,47.89,47.9,47.91,0.43,normal
2026-05-08 01:42:03,431,26.22,32.62,100555.31,284602.56,6.36,6.73,6.73,6.73,44.64,50.61,50.79,50.8,50.8,0.43,normal
2026-05-08 01:42:08,430,26.18,32.64,100555.65,282716.72,6.57,6.95,6.95,6.95,46.09,52.25,52.43,52.44,52.45,0.42,normal
2026-05-08 01:42:13,430,26.18,32.66,100555.6,283656.5,6.41,6.78,6.78,6.78,45,51.01,51.19,51.2,51.21,0.42,normal
2026-05-08 01:42:18,431,26.18,32.65,100555.38,282015.97,6.37,6.73,6.73,6.73,44.68,50.64,50.82,50.83,50.84,0.41,normal
2026-05-08 01:42:23,430,26.2,32.62,100555.77,281087.03,6.4,6.77,6.77,6.77,44.91,50.9,51.08,51.09,51.1,0.41,normal
2026-05-08 01:42:28,429,26.22,32.6,100556.27,282015.97,6.35,6.72,6.72,6.72,44.58,50.53,50.71,50.72,50.72,0.41,normal
2026-05-08 01:42:33,429,26.24,32.59,100556.33,280394.31,6.59,6.97,6.97,6.97,46.24,52.41,52.6,52.61,52.62,0.41,normal
2026-05-08 01:42:38,428,26.26,32.57,100556.65,281318.69,6.85,7.24,7.24,7.24,48.05,54.46,54.66,54.67,54.67,0.41,normal
2026-05-08 01:42:43,428,26.25,32.53,100556.48,281087.03,6.94,7.34,7.34,7.34,48.69,55.2,55.39,55.4,55.41,0.41,normal
2026-05-08 01:42:48,427,26.27,32.49,100556.72,281318.69,6.69,7.08,7.08,7.08,46.96,53.23,53.42,53.43,53.43,0.41,normal
2026-05-08 01:42:53,429,26.26,32.49,100556.35,279705,6.58,6.96,6.96,6.96,46.15,52.31,52.5,52.51,52.52,0.41,normal
2026-05-08 01:42:58,430,26.29,32.5,100556.03,283185.84,6.4,6.77,6.77,6.77,44.88,50.88,51.06,51.07,51.07,0.41,normal
2026-05-08 01:43:03,430,26.28,32.5,100555.65,282716.72,6.13,6.48,6.48,6.48,42.99,48.73,48.91,48.92,48.92,0.41,normal
2026-05-08 01:43:09,427,26.29,32.52,100555.41,282951.09,6.06,6.41,6.41,6.41,42.55,48.23,48.4,48.41,48.41,0.41,normal
2026-05-08 01:43:14,425,26.26,32.49,100555.88,285077.94,6.14,6.49,6.49,6.49,43.05,48.8,48.98,48.99,48.99,0.41,normal
2026-05-08 01:43:19,426,26.23,32.5,100556.82,283656.5,6.24,6.59,6.59,6.59,43.75,49.59,49.77,49.78,49.79,0.41,normal
2026-05-08 01:43:24,425,26.2,32.51,100556.54,285794.03,6.16,6.51,6.51,6.51,43.22,48.99,49.16,49.17,49.18,0.41,normal
2026-05-08 01:43:29,424,26.19,32.53,100556.09,286513.72,6.05,6.4,6.4,6.4,42.43,48.09,48.27,48.28,48.28,0.4,normal
2026-05-08 01:43:34,425,26.17,32.57,100555.55,284840.06,6.12,6.47,6.47,6.47,42.92,48.65,48.83,48.84,48.84,0.4,normal
2026-05-08 01:43:39,426,26.14,32.62,100555.33,284365.47,6.03,6.37,6.37,6.37,42.28,47.93,48.1,48.11,48.11,0.39,normal
2026-05-08 01:43:44,425,26.08,32.65,100555.89,288450.72,6.16,6.51,6.51,6.51,43.21,48.98,49.16,49.17,49.17,0.4,normal
2026-05-08 01:43:49,428,26.02,32.7,100555.67,288694.66,6.11,6.46,6.46,6.46,42.89,48.62,48.79,48.8,48.81,0.4,normal
2026-05-08 01:43:54,427,26.01,32.73,100555.41,289183.84,5.99,6.34,6.34,6.34,42.05,47.66,47.83,47.84,47.84,0.4,normal
2026-05-08 01:43:59,426,26.02,32.75,100556.22,288450.72,5.95,6.29,6.29,6.29,41.75,47.32,47.49,47.5,47.51,0.41,normal
2026-05-08 01:44:04,427,26.02,32.77,100554.21,289674.69,6.16,6.51,6.51,6.51,43.21,48.98,49.16,49.17,49.17,0.4,normal
2026-05-08 01:44:09,428,26.06,32.77,100554.77,289183.84,6.19,6.54,6.54,6.54,43.4,49.19,49.36,49.37,49.38,0.4,normal
2026-05-08 01:44:14,429,26.09,32.75,100555.73,286273.41,6.13,6.48,6.48,6.48,42.98,48.72,48.89,48.9,48.91,0.4,normal
2026-05-08 01:44:19,427,26.06,32.75,100555.67,287478.94,6.03,6.38,6.38,6.38,42.3,47.94,48.11,48.12,48.13,0.4,normal
2026-05-08 01:44:24,427,26.07,32.77,100555.76,287478.94,6.14,6.5,6.5,6.5,43.11,48.87,49.04,49.05,49.05,0.4,normal
2026-05-08 01:44:29,428,26.06,32.78,100556.87,287478.94,6.22,6.58,6.58,6.58,43.64,49.47,49.64,49.65,49.66,0.4,normal
2026-05-08 01:44:34,426,26.04,32.8,100556.05,288450.72,6.39,6.76,6.76,6.76,44.82,50.81,50.99,51,51.01,0.4,normal
2026-05-08 01:44:39,426,26.04,32.81,100555.49,287964,6.21,6.57,6.57,6.57,43.59,49.41,49.59,49.6,49.6,0.4,normal
2026-05-08 01:44:44,427,26.1,32.82,100554.87,286033.53,6.04,6.39,6.39,6.39,42.37,48.03,48.2,48.21,48.21,0.41,normal
2026-05-08 01:44:49,425,26.13,32.81,100555.71,285794.03,6.33,6.7,6.7,6.7,44.44,50.37,50.55,50.56,50.56,0.4,normal
2026-05-08 01:44:54,426,26.14,32.77,100555.11,285554.94,6.18,6.53,6.53,6.53,43.34,49.13,49.3,49.31,49.32,0.4,normal
2026-05-08 01:44:59,425,26.13,32.74,100554.79,286513.72,6.22,6.58,6.58,6.58,43.64,49.47,49.64,49.65,49.66,0.4,normal
2026-05-08 01:45:04,424,26.11,32.71,100554.2,287478.94,6.3,6.67,6.67,6.67,44.22,50.12,50.3,50.31,50.32,0.4,normal
2026-05-08 01:45:09,426,26.07,32.72,100554.36,286754.41,6.27,6.63,6.63,6.63,43.98,49.85,50.03,50.04,50.04,0.4,normal
2026-05-08 01:45:14,425,26.03,32.76,100555.27,287478.94,5.94,6.28,6.28,6.28,41.68,47.24,47.41,47.42,47.42,0.4,normal
2026-05-08 01:45:19,427,26.03,32.81,100556.12,291157.25,5.74,6.07,6.07,6.07,40.24,45.62,45.78,45.79,45.79,0.39,normal
2026-05-08 01:45:24,428,26.03,32.87,100553.92,287237.03,5.91,6.25,6.25,6.25,41.44,46.98,47.14,47.15,47.16,0.4,normal
2026-05-08 01:45:29,427,26.07,32.89,100556.09,285316.25,5.85,6.19,6.19,6.19,41.04,46.52,46.69,46.7,46.7,0.4,normal
2026-05-08 01:45:34,426,26.05,32.88,100554.62,289429.06,5.95,6.29,6.29,6.29,41.74,47.31,47.48,47.49,47.49,0.4,normal
2026-05-08 01:45:39,425,26.06,32.89,100553.83,287964,6.03,6.37,6.37,6.37,42.27,47.92,48.09,48.1,48.1,0.4,normal
2026-05-08 01:45:44,426,26.06,32.88,100555.88,288207.16,5.96,6.3,6.3,6.3,41.82,47.4,47.57,47.58,47.58,0.4,normal
2026-05-08 01:45:49,426,26.03,32.87,100554.3,286754.41,5.77,6.1,6.1,6.1,40.49,45.89,46.06,46.07,46.07,0.4,normal
2026-05-08 01:45:54,427,26.03,32.85,100554.62,287964,5.85,6.18,6.18,6.18,41.01,46.49,46.65,46.66,46.67,0.39,normal
2026-05-08 01:45:59,426,26.07,32.85,100555.05,284840.06,6.36,6.73,6.73,6.73,44.65,50.62,50.8,50.81,50.81,0.39,normal
2026-05-08 01:46:04,426,26.11,32.82,100555.29,285554.94,6.67,7.05,7.05,7.05,46.77,53.01,53.2,53.21,53.22,0.4,normal
2026-05-08 01:46:09,425,26.11,32.77,100554.27,284602.56,6.68,7.06,7.06,7.06,46.86,53.11,53.3,53.31,53.32,0.4,normal
2026-05-08 01:46:14,422,26.11,32.77,100555.22,286033.53,6.55,6.93,6.93,6.93,45.97,52.11,52.29,52.31,52.31,0.4,normal
2026-05-08 01:46:19,422,26.12,32.78,100554.19,284365.47,6.79,7.18,7.18,7.18,47.65,54.01,54.2,54.21,54.22,0.41,normal
2026-05-08 01:46:24,422,26.11,32.77,100554.24,287721.28,6.79,7.18,7.18,7.18,47.62,53.98,54.17,54.18,54.19,0.41,normal
2026-05-08 01:46:29,424,26.11,32.77,100554.3,289429.06,6.6,6.98,6.98,6.98,46.3,52.48,52.67,52.68,52.68,0.4,normal
2026-05-08 01:46:34,422,26.09,32.78,100554.63,290167.19,6.26,6.62,6.62,6.62,43.92,49.79,49.96,49.97,49.98,0.4,normal
2026-05-08 01:46:39,420,26.13,32.78,100554.01,287237.03,6.05,6.39,6.39,6.39,42.42,48.08,48.25,48.26,48.27,0.41,normal
2026-05-08 01:46:44,420,26.16,32.74,100553.77,287478.94,5.79,6.13,6.13,6.13,40.65,46.08,46.24,46.25,46.26,0.4,normal
2026-05-08 01:46:49,421,26.14,32.74,100554.16,286273.41,5.89,6.23,6.23,6.23,41.35,46.87,47.04,47.05,47.05,0.4,normal
2026-05-08 01:46:54,421,26.13,32.77,100554.65,288207.16,6.32,6.68,6.68,6.68,44.31,50.23,50.41,50.42,50.42,0.41,normal
2026-05-08 01:46:59,422,26.16,32.77,100554.15,288207.16,6.51,6.89,6.89,6.89,45.68,51.78,51.96,51.97,51.98,0.41,normal
2026-05-08 01:47:04,421,26.19,32.75,100555.13,285077.94,6.35,6.72,6.72,6.72,44.57,50.53,50.71,50.72,50.72,0.41,normal
2026-05-08 01:47:09,421,26.2,32.72,100554.76,281318.69,6.04,6.39,6.39,6.39,42.41,48.07,48.24,48.25,48.26,0.4,normal
2026-05-08 01:47:14,422,26.25,32.7,100554.76,280624.84,6.01,6.36,6.36,6.36,42.16,47.79,47.96,47.97,47.98,0.41,normal
2026-05-08 01:47:19,421,26.27,32.66,100554.41,279705,6.26,6.62,6.62,6.62,43.93,49.79,49.97,49.98,49.99,0.4,normal
2026-05-08 01:47:24,420,26.28,32.58,100554.2,276085.19,6.28,6.64,6.64,6.64,44.07,49.95,50.13,50.14,50.15,0.4,normal
2026-05-08 01:47:29,420,26.26,32.55,100554.73,270184.69,6.35,6.71,6.71,6.71,44.52,50.47,50.65,50.66,50.66,0.4,normal
2026-05-08 01:47:34,420,26.23,32.55,100553.94,271042.88,6.75,7.14,7.14,7.14,47.36,53.68,53.87,53.88,53.89,0.4,normal
2026-05-08 01:47:39,423,26.23,32.61,100553.71,270827.81,6.74,7.13,7.13,7.13,47.3,53.62,53.81,53.82,53.83,0.4,normal
2026-05-08 01:47:44,422,26.27,32.62,100552.85,272340.44,6.41,6.78,6.78,6.78,44.98,50.99,51.17,51.18,51.18,0.39,normal
2026-05-08 01:47:49,424,26.29,32.6,100553.91,277883.31,6.52,6.9,6.9,6.9,45.75,51.86,52.05,52.06,52.06,0.39,normal
2026-05-08 01:47:54,422,26.33,32.55,100554,277657.28,6.54,6.91,6.91,6.91,45.85,51.97,52.16,52.17,52.17,0.39,normal
2026-05-08 01:47:59,424,26.31,32.52,100553.5,276532.53,6.49,6.87,6.87,6.87,45.56,51.64,51.83,51.84,51.84,0.39,normal
2026-05-08 01:48:04,424,26.32,32.52,100554.34,276085.19,6.62,7,7,7,46.46,52.66,52.85,52.86,52.86,0.4,normal
2026-05-08 01:48:09,423,26.27,32.48,100553.27,277657.28,6.56,6.94,6.94,6.94,46.03,52.18,52.37,52.38,52.38,0.4,normal
2026-05-08 01:48:14,425,26.26,32.51,100553.84,276532.53,6.55,6.93,6.93,6.93,45.96,52.1,52.28,52.3,52.3,0.4,normal
2026-05-08 01:48:19,427,26.22,32.54,100552.67,276756.75,6.42,6.79,6.79,6.79,45.02,51.03,51.21,51.22,51.22,0.4,normal
2026-05-08 01:48:24,426,26.19,32.58,100553.05,276085.19,6.66,7.04,7.04,7.04,46.72,52.96,53.15,53.16,53.16,0.4,normal
2026-05-08 01:48:29,423,26.2,32.6,100553.7,275194.84,6.63,7.01,7.01,7.01,46.49,52.7,52.89,52.9,52.91,0.41,normal
2026-05-08 01:48:34,424,26.18,32.64,100552.52,276756.75,6.41,6.78,6.78,6.78,44.99,51,51.18,51.19,51.2,0.41,normal
2026-05-08 01:48:39,425,26.2,32.66,100552.97,275639.31,6,6.34,6.34,6.34,42.08,47.7,47.87,47.88,47.88,0.41,normal
2026-05-08 01:48:44,424,26.17,32.67,100553.41,277883.31,5.92,6.26,6.26,6.26,41.56,47.11,47.28,47.29,47.29,0.41,normal
2026-05-08 01:48:49,426,26.21,32.71,100553.22,277657.28,5.92,6.26,6.26,6.26,41.52,47.06,47.23,47.24,47.24,0.4,normal
2026-05-08 01:48:54,426,26.18,32.68,100553.12,278791.19,5.86,6.2,6.2,6.2,41.13,46.62,46.79,46.8,46.8,0.4,normal
2026-05-08 01:48:59,430,26.12,32.65,100552.24,283892.44,5.61,5.93,5.93,5.93,39.33,44.58,44.74,44.75,44.76,0.41,normal
2026-05-08 01:49:04,428,26.09,32.66,100552.69,281550.72,5.39,5.7,5.7,5.7,37.82,42.87,43.03,43.04,43.04,0.41,normal
2026-05-08 01:49:09,429,26.11,32.72,100551.97,280164.16,5.36,5.67,5.67,5.67,37.59,42.61,42.76,42.77,42.78,0.41,normal
2026-05-08 01:49:14,430,26.14,32.72,100552.23,279247.34,5.4,5.71,5.71,5.71,37.86,42.91,43.07,43.08,43.08,0.41,normal
2026-05-08 01:49:19,431,26.21,32.72,100552.59,277883.31,5.36,5.67,5.67,5.67,37.6,42.62,42.78,42.78,42.79,0.42,normal
2026-05-08 01:49:25,428,26.21,32.68,100552.98,279247.34,5.75,6.08,6.08,6.08,40.33,45.72,45.88,45.89,45.89,0.42,normal
2026-05-08 01:49:30,426,26.2,32.66,100552.48,279475.97,6.13,6.48,6.48,6.48,43.02,48.77,48.94,48.95,48.96,0.42,normal
2026-05-08 01:49:35,427,26.19,32.66,100552.58,279705,6.41,6.78,6.78,6.78,44.97,50.97,51.15,51.16,51.17,0.43,normal
2026-05-08 01:49:40,426,26.19,32.67,100552.82,277206.28,6.56,6.94,6.94,6.94,46.02,52.17,52.35,52.36,52.37,0.42,normal
2026-05-08 01:49:45,428,26.19,32.67,100552.96,280624.84,6.47,6.84,6.84,6.84,45.39,51.44,51.63,51.64,51.64,0.42,normal
2026-05-08 01:49:50,429,26.18,32.68,100552.39,280624.84,6.32,6.68,6.68,6.68,44.34,50.26,50.43,50.44,50.45,0.42,normal
2026-05-08 01:49:55,431,26.2,32.69,100552.57,278109.72,6.27,6.63,6.63,6.63,43.96,49.83,50,50.01,50.02,0.42,normal
2026-05-08 01:50:00,432,26.15,32.7,100551.19,283420.97,6.19,6.55,6.55,6.55,43.44,49.24,49.42,49.43,49.43,0.41,normal
2026-05-08 01:50:05,429,26.14,32.71,100551.66,280394.31,6.1,6.45,6.45,6.45,42.8,48.51,48.68,48.69,48.7,0.42,normal
2026-05-08 01:50:10,429,26.15,32.72,100551.61,281550.72,6.08,6.43,6.43,6.43,42.65,48.35,48.52,48.53,48.54,0.42,normal
2026-05-08 01:50:15,430,26.11,32.71,100550.95,282951.09,5.79,6.12,6.12,6.12,40.6,46.02,46.18,46.19,46.2,0.42,normal
2026-05-08 01:50:20,432,26.11,32.75,100551.66,280855.72,5.59,5.91,5.91,5.91,39.2,44.44,44.59,44.6,44.61,0.42,normal
2026-05-08 01:50:25,433,26.11,32.79,100551.89,282015.97,5.66,5.98,5.98,5.98,39.69,44.99,45.15,45.16,45.17,0.42,normal
2026-05-08 01:50:30,434,26.1,32.81,100551.79,281087.03,5.64,5.96,5.96,5.96,39.57,44.85,45.01,45.02,45.02,0.41,normal
2026-05-08 01:50:35,434,26.1,32.82,100550.55,282015.97,5.63,5.95,5.95,5.95,39.48,44.75,44.91,44.92,44.93,0.41,normal
2026-05-08 01:50:40,433,26.13,32.83,100552.59,280394.31,5.56,5.88,5.88,5.88,38.99,44.2,44.35,44.36,44.37,0.41,normal
2026-05-08 01:50:45,432,26.19,32.81,100552.09,278791.19,5.66,5.99,5.99,5.99,39.74,45.05,45.21,45.22,45.22,0.41,normal
2026-05-08 01:50:50,433,26.22,32.76,100551.58,279705,5.64,5.97,5.97,5.97,39.6,44.89,45.05,45.06,45.06,0.41,normal
2026-05-08 01:50:55,432,26.24,32.75,100553.05,279475.97,5.53,5.85,5.85,5.85,38.81,43.99,44.15,44.16,44.16,0.4,normal
2026-05-08 01:51:00,431,26.25,32.7,100552.67,278563.66,5.43,5.74,5.74,5.74,38.11,43.2,43.35,43.36,43.37,0.4,normal
2026-05-08 01:51:05,432,26.27,32.64,100552.17,279934.38,5.54,5.86,5.86,5.86,38.85,44.04,44.19,44.2,44.21,0.4,normal
2026-05-08 01:51:10,431,26.29,32.62,100552.45,279019.06,5.49,5.81,5.81,5.81,38.54,43.68,43.84,43.85,43.85,0.4,normal
2026-05-08 01:51:15,430,26.28,32.6,100552.75,277883.31,5.28,5.59,5.59,5.59,37.06,42,42.15,42.16,42.17,0.41,normal
2026-05-08 01:51:20,430,26.31,32.58,100551.61,279019.06,5.39,5.7,5.7,5.7,37.79,42.83,42.99,42.99,43,0.41,normal
2026-05-08 01:51:25,431,26.34,32.58,100552.99,276756.75,5.47,5.78,5.78,5.78,38.38,43.5,43.66,43.67,43.67,0.41,normal
2026-05-08 01:51:30,433,26.36,32.54,100552.74,252590.03,5.44,5.75,5.75,5.75,38.14,43.23,43.39,43.39,43.4,0.41,normal
2026-05-08 01:51:35,430,26.37,32.53,100551.88,264121.75,5.55,5.87,5.87,5.87,38.96,44.16,44.32,44.33,44.33,0.41,normal
2026-05-08 01:51:40,430,26.38,32.49,100552.28,264531.12,5.81,6.15,6.15,6.15,40.79,46.24,46.4,46.41,46.42,0.41,normal
2026-05-08 01:51:45,429,26.34,32.47,100552.55,262698.81,6.31,6.67,6.67,6.67,44.25,50.16,50.34,50.35,50.36,0.41,normal
2026-05-08 01:51:50,431,26.32,32.47,100552.35,265560.16,6.38,6.75,6.75,6.75,44.78,50.75,50.94,50.95,50.95,0.42,normal
2026-05-08 01:51:55,430,26.33,32.5,100552.5,264531.12,6.36,6.73,6.73,6.73,44.64,50.6,50.78,50.79,50.8,0.42,normal
2026-05-08 01:52:00,429,26.33,32.51,100551.75,267432.75,6.02,6.36,6.36,6.36,42.21,47.85,48.02,48.03,48.03,0.41,normal
2026-05-08 01:52:05,429,26.29,32.53,100551.97,266181.44,5.66,5.98,5.98,5.98,39.71,45.01,45.17,45.18,45.18,0.41,normal
2026-05-08 01:52:10,428,26.23,32.54,100550.55,271258.28,5.58,5.91,5.91,5.91,39.18,44.41,44.57,44.58,44.59,0.41,normal
2026-05-08 01:52:15,427,26.23,32.59,100552.72,269544.62,5.35,5.66,5.66,5.66,37.52,42.53,42.68,42.69,42.7,0.41,normal
2026-05-08 01:52:20,425,26.21,32.62,100551.52,272123.31,5.49,5.81,5.81,5.81,38.53,43.68,43.84,43.84,43.85,0.42,normal
2026-05-08 01:52:25,426,26.18,32.68,100552.09,272993.88,6.1,6.45,6.45,6.45,42.77,48.48,48.65,48.66,48.66,0.42,normal
2026-05-08 01:52:30,424,26.15,32.71,100551.94,273650.47,6.14,6.5,6.5,6.5,43.09,48.85,49.02,49.03,49.03,0.42,normal
2026-05-08 01:52:35,424,26.16,32.75,100550.66,272775.72,5.95,6.3,6.3,6.3,41.77,47.35,47.52,47.53,47.53,0.42,normal
2026-05-08 01:52:40,424,26.13,32.75,100551.58,272340.44,5.95,6.29,6.29,6.29,41.73,47.3,47.47,47.48,47.49,0.42,normal
2026-05-08 01:52:45,425,26.14,32.79,100551.75,271906.53,6.04,6.38,6.38,6.38,42.36,48.01,48.18,48.19,48.2,0.42,normal
2026-05-08 01:52:50,423,26.12,32.8,100551.33,272557.91,5.74,6.07,6.07,6.07,40.25,45.63,45.79,45.8,45.81,0.43,normal
2026-05-08 01:52:55,425,26.13,32.81,100550.98,267014.34,5.67,5.99,5.99,5.99,39.77,45.08,45.24,45.25,45.25,0.43,normal
2026-05-08 01:53:00,429,26.09,32.83,100553.01,264121.75,5.49,5.81,5.81,5.81,38.52,43.67,43.82,43.83,43.84,0.43,normal
2026-05-08 01:53:05,429,26.08,32.84,100552.69,264121.75,5.63,5.95,5.95,5.95,39.47,44.74,44.9,44.91,44.91,0.42,normal
2026-05-08 01:53:10,429,26.08,32.86,100552.1,265353.72,6,6.35,6.35,6.35,42.11,47.74,47.91,47.92,47.92,0.42,normal
2026-05-08 01:53:15,431,26.1,32.85,100553.96,263917.53,6.29,6.65,6.65,6.65,44.1,49.99,50.17,50.18,50.18,0.42,normal
2026-05-08 01:53:20,429,26.1,32.85,100551.9,264736.31,6.35,6.71,6.71,6.71,44.53,50.47,50.65,50.66,50.67,0.41,normal
2026-05-08 01:53:25,430,26.08,32.84,100551.55,265974.03,6.23,6.59,6.59,6.59,43.73,49.57,49.74,49.75,49.76,0.42,normal
2026-05-08 01:53:30,429,26,32.85,100550.88,275194.84,6.29,6.65,6.65,6.65,44.13,50.02,50.2,50.21,50.21,0.42,normal
2026-05-08 01:53:35,431,26.06,32.89,100552.4,269119.59,6.17,6.53,6.53,6.53,43.3,49.08,49.25,49.26,49.27,0.42,normal
2026-05-08 01:53:40,433,26.03,32.87,100552.53,275416.91,5.91,6.25,6.25,6.25,41.49,47.04,47.2,47.21,47.22,0.42,normal
2026-05-08 01:53:45,432,26.01,32.88,100553.19,273212.38,5.49,5.81,5.81,5.81,38.54,43.69,43.85,43.86,43.86,0.42,normal
2026-05-08 01:53:50,432,26.06,32.88,100552.88,272557.91,5.33,5.64,5.64,5.64,37.4,42.39,42.54,42.55,42.56,0.41,normal
2026-05-08 01:53:55,431,26.07,32.87,100553.01,271258.28,5.37,5.68,5.68,5.68,37.67,42.7,42.85,42.86,42.86,0.41,normal
2026-05-08 01:54:00,430,26.06,32.85,100552.05,271042.88,5.55,5.86,5.86,5.86,38.91,44.1,44.26,44.27,44.27,0.41,normal
2026-05-08 01:54:05,429,26.1,32.83,100552.48,270398.72,5.86,6.19,6.19,6.19,41.08,46.57,46.74,46.75,46.75,0.41,normal
2026-05-08 01:54:10,428,26.13,32.83,100553.27,270827.81,6.14,6.49,6.49,6.49,43.08,48.83,49.01,49.02,49.02,0.41,normal
2026-05-08 01:54:15,426,26.13,32.78,100554,273650.47,6.2,6.56,6.56,6.56,43.53,49.34,49.52,49.53,49.53,0.41,normal
2026-05-08 01:54:20,429,26.14,32.76,100554.15,273212.38,6.13,6.48,6.48,6.48,42.99,48.73,48.91,48.92,48.92,0.41,normal
2026-05-08 01:54:25,427,26.08,32.73,100554.88,275639.31,6.21,6.56,6.56,6.56,43.55,49.36,49.54,49.55,49.55,0.41,normal
2026-05-08 01:54:30,427,26.06,32.74,100554.02,278336.5,6.31,6.67,6.67,6.67,44.28,50.2,50.37,50.39,50.39,0.41,normal
2026-05-08 01:54:35,426,26.06,32.76,100554.32,278336.5,6.53,6.9,6.9,6.9,45.79,51.91,52.09,52.1,52.11,0.41,normal
2026-05-08 01:54:40,424,26.1,32.8,100553.03,277431.59,6.7,7.09,7.09,7.09,47.03,53.31,53.5,53.52,53.52,0.41,normal
2026-05-08 01:54:45,423,26.13,32.78,100554.83,276981.34,6.65,7.03,7.03,7.03,46.65,52.88,53.07,53.08,53.09,0.4,normal
2026-05-08 01:54:50,422,26.14,32.77,100553.91,276308.69,6.41,6.78,6.78,6.78,44.97,50.97,51.15,51.16,51.17,0.4,normal
2026-05-08 01:54:55,424,26.18,32.74,100555.16,275194.84,6.23,6.59,6.59,6.59,43.72,49.56,49.74,49.75,49.75,0.4,normal
2026-05-08 01:55:00,423,26.22,32.7,100554.58,274751.81,6.11,6.47,6.47,6.47,42.9,48.63,48.8,48.81,48.82,0.4,normal
2026-05-08 01:55:05,423,26.19,32.66,100554.8,274530.84,6.13,6.48,6.48,6.48,42.99,48.73,48.9,48.91,48.91,0.4,normal
2026-05-08 01:55:10,425,26.22,32.65,100555.9,275862.06,6.18,6.53,6.53,6.53,43.34,49.13,49.3,49.31,49.32,0.39,normal
2026-05-08 01:55:15,424,26.24,32.62,100553.74,275416.91,6.31,6.67,6.67,6.67,44.27,50.18,50.36,50.37,50.37,0.39,normal
2026-05-08 01:55:21,426,26.26,32.6,100555.98,275862.06,6.48,6.86,6.86,6.86,45.49,51.56,51.75,51.76,51.76,0.39,normal
2026-05-08 01:55:26,428,26.25,32.56,100555.29,274751.81,6.58,6.96,6.96,6.96,46.17,52.34,52.52,52.53,52.54,0.39,normal
2026-05-08 01:55:31,428,26.22,32.55,100555.13,277206.28,6.7,7.08,7.08,7.08,47,53.28,53.47,53.48,53.48,0.39,normal
2026-05-08 01:55:36,426,26.17,32.58,100554.38,276532.53,6.7,7.08,7.08,7.08,47,53.27,53.46,53.47,53.48,0.39,normal
2026-05-08 01:55:41,427,26.12,32.59,100554.79,282482.75,6.47,6.85,6.85,6.85,45.43,51.49,51.67,51.68,51.69,0.39,normal
2026-05-08 01:55:46,427,26.12,32.64,100555.09,280394.31,6.29,6.65,6.65,6.65,44.15,50.04,50.22,50.23,50.23,0.39,normal
2026-05-08 01:55:51,427,26.11,32.66,100555.02,280624.84,5.91,6.25,6.25,6.25,41.45,46.99,47.15,47.16,47.17,0.39,normal
2026-05-08 01:55:56,427,26.07,32.68,100555.2,280855.72,5.96,6.31,6.31,6.31,41.85,47.44,47.61,47.62,47.62,0.39,normal
2026-05-08 01:56:01,427,26.08,32.72,100554.78,280624.84,6.12,6.47,6.47,6.47,42.94,48.67,48.84,48.85,48.86,0.39,normal
2026-05-08 01:56:06,428,26.05,32.75,100555.46,282951.09,6.27,6.63,6.63,6.63,44,49.87,50.05,50.06,50.06,0.4,normal
2026-05-08 01:56:11,426,26.06,32.8,100553.81,283420.97,6.18,6.53,6.53,6.53,43.35,49.14,49.32,49.33,49.33,0.4,normal
2026-05-08 01:56:16,424,26.06,32.8,100554.66,282951.09,6.27,6.63,6.63,6.63,43.99,49.87,50.04,50.05,50.06,0.4,normal
2026-05-08 01:56:21,423,26.11,32.82,100554.77,279247.34,6.16,6.51,6.51,6.51,43.19,48.95,49.13,49.14,49.14,0.41,normal
2026-05-08 01:56:26,423,26.14,32.78,100554.75,279019.06,6.31,6.67,6.67,6.67,44.28,50.19,50.37,50.38,50.38,0.41,normal
2026-05-08 01:56:31,425,26.19,32.73,100555.46,280164.16,6.37,6.74,6.74,6.74,44.69,50.66,50.84,50.85,50.85,0.41,normal
2026-05-08 01:56:36,425,26.18,32.69,100553.62,280164.16,6.36,6.72,6.72,6.72,44.6,50.56,50.74,50.75,50.75,0.41,normal
2026-05-08 01:56:41,425,26.17,32.67,100553.27,279934.38,6.14,6.49,6.49,6.49,43.07,48.82,49,49.01,49.01,0.41,normal
2026-05-08 01:56:46,426,26.21,32.67,100556.69,279019.06,5.95,6.3,6.3,6.3,41.77,47.34,47.51,47.52,47.53,0.41,normal
2026-05-08 01:56:51,426,26.19,32.65,100553.57,280164.16,5.89,6.22,6.22,6.22,41.3,46.81,46.98,46.99,46.99,0.41,normal
2026-05-08 01:56:56,426,26.21,32.61,100554.66,280394.31,5.85,6.19,6.19,6.19,41.04,46.52,46.68,46.69,46.7,0.41,normal
2026-05-08 01:57:01,429,26.23,32.6,100555.27,279247.34,6.08,6.43,6.43,6.43,42.63,48.32,48.49,48.5,48.51,0.41,normal
2026-05-08 01:57:06,429,26.26,32.57,100554.7,276981.34,6.2,6.56,6.56,6.56,43.51,49.32,49.49,49.5,49.51,0.41,normal
2026-05-08 01:57:11,427,26.3,32.54,100554.36,276981.34,6.07,6.42,6.42,6.42,42.57,48.26,48.43,48.44,48.44,0.41,normal
2026-05-08 01:57:16,427,26.33,32.5,100555.17,278336.5,6.04,6.38,6.38,6.38,42.34,48,48.17,48.18,48.18,0.4,normal
2026-05-08 01:57:21,428,26.35,32.47,100553.33,276756.75,6.17,6.52,6.52,6.52,43.26,49.04,49.21,49.22,49.22,0.4,normal
2026-05-08 01:57:26,430,26.35,32.43,100553.77,276085.19,6.16,6.51,6.51,6.51,43.22,48.99,49.17,49.18,49.18,0.4,normal
2026-05-08 01:57:31,429,26.35,32.44,100552.61,275416.91,6.07,6.42,6.42,6.42,42.57,48.25,48.43,48.44,48.44,0.39,normal
2026-05-08 01:57:36,428,26.31,32.43,100553.8,279247.34,5.82,6.15,6.15,6.15,40.81,46.26,46.42,46.43,46.44,0.39,normal
2026-05-08 01:57:41,427,26.34,32.45,100554.07,277883.31,5.8,6.14,6.14,6.14,40.71,46.15,46.31,46.32,46.33,0.39,normal
2026-05-08 01:57:46,428,26.3,32.47,100553.44,279475.97,6.1,6.45,6.45,6.45,42.8,48.52,48.69,48.7,48.7,0.39,normal
2026-05-08 01:57:51,428,26.31,32.48,100553.59,278109.72,6.41,6.78,6.78,6.78,44.99,51,51.18,51.19,51.2,0.39,normal
2026-05-08 01:57:56,431,26.31,32.5,100552.33,278563.66,6.44,6.81,6.81,6.81,45.18,51.21,51.4,51.41,51.41,0.39,normal
2026-05-08 01:58:01,429,26.31,32.5,100552.61,279019.06,6.29,6.65,6.65,6.65,44.1,49.99,50.17,50.18,50.19,0.39,normal
2026-05-08 01:58:06,428,26.27,32.49,100553.23,280394.31,6.13,6.48,6.48,6.48,43.02,48.77,48.94,48.95,48.96,0.39,normal
2026-05-08 01:58:11,428,26.24,32.52,100553.13,280164.16,6.31,6.68,6.68,6.68,44.3,50.21,50.39,50.4,50.41,0.4,normal
2026-05-08 01:58:16,429,26.28,32.56,100553.16,278336.5,6.7,7.08,7.08,7.08,46.97,53.24,53.43,53.44,53.45,0.4,normal
2026-05-08 01:58:21,429,26.28,32.54,100552.7,280855.72,6.8,7.19,7.19,7.19,47.68,54.05,54.24,54.25,54.25,0.4,normal
2026-05-08 01:58:26,430,26.32,32.56,100551.7,279475.97,6.49,6.87,6.87,6.87,45.55,51.63,51.82,51.83,51.83,0.4,normal
2026-05-08 01:58:31,426,26.24,32.51,100553.37,280624.84,6.39,6.76,6.76,6.76,44.86,50.84,51.03,51.04,51.04,0.4,normal
2026-05-08 01:58:36,426,26.19,32.51,100552.84,282716.72,6.39,6.76,6.76,6.76,44.83,50.82,51,51.01,51.02,0.4,normal
2026-05-08 01:58:41,424,26.17,32.54,100553.53,280394.31,6.28,6.65,6.65,6.65,44.09,49.98,50.15,50.17,50.17,0.4,normal
2026-05-08 01:58:46,424,26.16,32.59,100553.11,280855.72,6.28,6.64,6.64,6.64,44.03,49.9,50.08,50.09,50.1,0.39,normal
2026-05-08 01:58:51,424,26.12,32.62,100552.16,281087.03,6.41,6.78,6.78,6.78,44.99,51,51.18,51.19,51.2,0.4,normal
2026-05-08 01:58:56,422,26.1,32.66,100553.74,281318.69,6.53,6.9,6.9,6.9,45.8,51.92,52.1,52.11,52.12,0.39,normal
2026-05-08 01:59:01,421,26.14,32.68,100552.88,282015.97,6.54,6.91,6.91,6.91,45.86,51.98,52.16,52.17,52.18,0.4,normal
2026-05-08 01:59:06,422,26.18,32.68,100553.15,281087.03,6.88,7.27,7.27,7.27,48.24,54.68,54.88,54.89,54.89,0.4,normal
2026-05-08 01:59:11,424,26.15,32.64,100553.61,283185.84,7.19,7.6,7.6,7.6,50.45,57.18,57.39,57.4,57.41,0.4,normal
2026-05-08 01:59:16,424,26.14,32.65,100553.2,282951.09,7.25,7.66,7.66,7.66,50.84,57.63,57.83,57.84,57.85,0.4,normal
2026-05-08 01:59:21,425,26.16,32.67,100554.04,282716.72,7.05,7.45,7.45,7.45,49.46,56.06,56.26,56.27,56.28,0.4,normal
2026-05-08 01:59:26,424,26.19,32.65,100552.53,281783.16,6.86,7.25,7.25,7.25,48.12,54.54,54.74,54.75,54.75,0.4,normal
2026-05-08 01:59:31,424,26.18,32.63,100553.33,283420.97,6.59,6.96,6.96,6.96,46.2,52.37,52.56,52.57,52.58,0.41,normal
2026-05-08 01:59:36,424,26.15,32.64,100552.86,282951.09,6.36,6.73,6.73,6.73,44.65,50.61,50.79,50.8,50.8,0.42,normal
2026-05-08 01:59:41,422,26.15,32.65,100553.43,281550.72,6.38,6.74,6.74,6.74,44.73,50.7,50.88,50.89,50.9,0.42,normal
2026-05-08 01:59:46,421,26.17,32.66,100552.04,279705,6.36,6.73,6.73,6.73,44.64,50.6,50.78,50.79,50.79,0.42,normal
2026-05-08 01:59:51,422,26.14,32.66,100552.91,281087.03,6.54,6.91,6.91,6.91,45.87,52,52.18,52.19,52.2,0.42,normal
2026-05-08 01:59:56,422,26.14,32.7,100551.52,282951.09,6.58,6.95,6.95,6.95,46.14,52.3,52.49,52.5,52.5,0.41,normal
2026-05-08 02:00:01,420,26.13,32.72,100554.04,280624.84,6.7,7.09,7.09,7.09,47.01,53.28,53.47,53.48,53.49,0.41,normal
2026-05-08 02:00:06,421,26.11,32.73,100552.94,284365.47,6.62,7,7,7,46.41,52.61,52.8,52.81,52.81,0.41,normal
2026-05-08 02:00:11,420,26.09,32.74,100553.27,282716.72,6.46,6.83,6.83,6.83,45.29,51.34,51.52,51.53,51.54,0.41,normal
2026-05-08 02:00:16,421,26.1,32.78,100552.76,282951.09,6.38,6.74,6.74,6.74,44.75,50.72,50.91,50.92,50.92,0.4,normal
2026-05-08 02:00:21,423,26.13,32.81,100554.37,280624.84,6.43,6.8,6.8,6.8,45.1,51.12,51.3,51.31,51.32,0.4,normal
2026-05-08 02:00:26,424,26.16,32.78,100553.14,279705,6.47,6.84,6.84,6.84,45.38,51.43,51.62,51.63,51.63,0.41,normal
2026-05-08 02:00:31,424,26.18,32.74,100554.91,281783.16,6.23,6.59,6.59,6.59,43.71,49.55,49.72,49.73,49.74,0.41,normal
2026-05-08 02:00:36,426,26.17,32.74,100553.43,280855.72,6.03,6.38,6.38,6.38,42.3,47.95,48.12,48.13,48.13,0.41,normal
2026-05-08 02:00:41,427,26.19,32.73,100553.65,280624.84,6.11,6.46,6.46,6.46,42.87,48.6,48.77,48.78,48.78,0.41,normal
2026-05-08 02:00:46,426,26.18,32.71,100554.35,282951.09,6.19,6.54,6.54,6.54,43.42,49.22,49.39,49.4,49.41,0.41,normal
2026-05-08 02:00:51,425,26.12,32.73,100554.84,284365.47,6.37,6.73,6.73,6.73,44.68,50.64,50.82,50.83,50.84,0.42,normal
2026-05-08 02:00:56,426,26.13,32.77,100554.27,282249.19,6.41,6.77,6.77,6.77,44.94,50.94,51.13,51.14,51.14,0.42,normal
2026-05-08 02:01:01,424,26.14,32.78,100554.23,284365.47,6.83,7.22,7.22,7.22,47.89,54.28,54.47,54.48,54.49,0.42,normal
2026-05-08 02:01:06,425,26.12,32.78,100553.81,283420.97,7.06,7.46,7.46,7.46,49.51,56.12,56.32,56.34,56.34,0.42,normal
2026-05-08 02:01:11,426,26.12,32.8,100552.9,284365.47,7.17,7.58,7.58,7.58,50.27,56.98,57.19,57.2,57.2,0.42,normal
2026-05-08 02:01:16,424,26.13,32.79,100554.01,282015.97,7.12,7.53,7.53,7.53,49.97,56.64,56.84,56.85,56.86,0.42,normal
2026-05-08 02:01:21,424,26.11,32.79,100553.19,284128.75,7.07,7.48,7.48,7.48,49.62,56.25,56.45,56.46,56.46,0.41,normal
2026-05-08 02:01:26,424,26.09,32.8,100555.17,285794.03,6.87,7.27,7.27,7.27,48.22,54.66,54.85,54.87,54.87,0.41,normal
2026-05-08 02:01:32,423,26.07,32.82,100554.41,286033.53,6.64,7.02,7.02,7.02,46.59,52.81,52.99,53,53.01,0.4,normal
2026-05-08 02:01:37,421,26.04,32.86,100554.67,287478.94,6.4,6.77,6.77,6.77,44.91,50.91,51.09,51.1,51.11,0.4,normal
2026-05-08 02:01:42,423,26.01,32.89,100554.1,286513.72,6.28,6.64,6.64,6.64,44.05,49.93,50.11,50.12,50.13,0.4,normal
2026-05-08 02:01:47,422,25.99,32.91,100554.55,284365.47,6.27,6.63,6.63,6.63,43.99,49.86,50.04,50.05,50.06,0.4,normal
2026-05-08 02:01:52,422,25.99,32.93,100554.59,282951.09,6.28,6.64,6.64,6.64,44.03,49.91,50.09,50.1,50.1,0.4,normal
2026-05-08 02:01:57,422,25.96,32.94,100554.19,283656.5,6.07,6.42,6.42,6.42,42.56,48.24,48.42,48.43,48.43,0.4,normal
2026-05-08 02:02:02,423,25.98,32.95,100554.07,282482.75,5.88,6.22,6.22,6.22,41.26,46.77,46.93,46.94,46.95,0.4,normal
2026-05-08 02:02:07,425,26.01,32.95,100554.94,282951.09,5.9,6.24,6.24,6.24,41.4,46.93,47.09,47.1,47.11,0.4,normal
2026-05-08 02:02:12,423,25.98,32.96,100554.55,284128.75,6.1,6.45,6.45,6.45,42.81,48.53,48.7,48.71,48.72,0.39,normal
2026-05-08 02:02:17,425,26.01,32.97,100556.01,282015.97,6.6,6.98,6.98,6.98,46.32,52.5,52.69,52.7,52.7,0.39,normal
2026-05-08 02:02:22,425,26.03,32.94,100555.31,283420.97,6.72,7.11,7.11,7.11,47.14,53.43,53.62,53.64,53.64,0.39,normal
2026-05-08 02:02:27,425,26.05,32.93,100555.91,278791.19,6.64,7.02,7.02,7.02,46.57,52.78,52.97,52.98,52.99,0.39,normal
2026-05-08 02:02:32,425,26.02,32.92,100554.92,280855.72,6.6,6.98,6.98,6.98,46.33,52.52,52.7,52.71,52.72,0.4,normal
2026-05-08 02:02:37,424,26.01,32.9,100555.52,272557.91,6.57,6.95,6.95,6.95,46.09,52.24,52.42,52.44,52.44,0.4,normal
2026-05-08 02:02:42,425,26,32.91,100556.18,273431.25,6.78,7.17,7.17,7.17,47.55,53.89,54.09,54.1,54.1,0.4,normal
2026-05-08 02:02:47,426,26.03,32.91,100556.81,273212.38,6.88,7.28,7.28,7.28,48.3,54.75,54.95,54.96,54.96,0.4,normal
2026-05-08 02:02:52,426,26.04,32.88,100556.57,263713.62,6.79,7.18,7.18,7.18,47.65,54.02,54.21,54.22,54.23,0.4,normal
2026-05-08 02:02:57,425,26.02,32.92,100556.93,261091.28,6.42,6.79,6.79,6.79,45.02,51.03,51.21,51.22,51.22,0.4,normal
2026-05-08 02:03:02,423,26.08,32.9,100558.45,264941.78,6.09,6.44,6.44,6.44,42.74,48.45,48.62,48.63,48.63,0.4,normal
2026-05-08 02:03:07,424,26.07,32.84,100557.79,265560.16,6.08,6.43,6.43,6.43,42.69,48.39,48.56,48.57,48.57,0.39,normal
2026-05-08 02:03:12,424,26.05,32.85,100556.88,264736.31,6.04,6.39,6.39,6.39,42.37,48.03,48.2,48.21,48.22,0.39,normal
2026-05-08 02:03:17,427,26.05,32.87,100556.98,265560.16,6.04,6.39,6.39,6.39,42.38,48.04,48.21,48.22,48.22,0.39,normal
2026-05-08 02:03:22,427,26.1,32.86,100557.56,268484.53,5.96,6.3,6.3,6.3,41.8,47.38,47.55,47.56,47.57,0.39,normal
2026-05-08 02:03:27,429,26.14,32.82,100557.45,266389.19,6.09,6.44,6.44,6.44,42.74,48.45,48.62,48.63,48.63,0.39,normal
2026-05-08 02:03:32,430,26.18,32.77,100557.39,266389.19,6.17,6.52,6.52,6.52,43.27,49.05,49.22,49.23,49.24,0.38,normal
2026-05-08 02:03:37,430,26.21,32.72,100558.58,262496.78,6.06,6.41,6.41,6.41,42.54,48.22,48.39,48.4,48.41,0.38,normal
2026-05-08 02:03:42,429,26.17,32.67,100558.16,266597.25,6.01,6.36,6.36,6.36,42.19,47.83,48,48.01,48.01,0.37,normal
2026-05-08 02:03:47,429,26.15,32.7,100558.78,266181.44,6.13,6.48,6.48,6.48,42.99,48.73,48.9,48.91,48.92,0.38,normal
2026-05-08 02:03:52,430,26.16,32.71,100558.77,268273.5,6.13,6.49,6.49,6.49,43.03,48.78,48.95,48.96,48.97,0.38,normal
2026-05-08 02:03:57,429,26.14,32.72,100559.33,266181.44,6.13,6.48,6.48,6.48,42.98,48.72,48.89,48.9,48.91,0.38,normal
2026-05-08 02:04:02,428,26.12,32.71,100558.82,264941.78,6.13,6.48,6.48,6.48,42.99,48.73,48.9,48.91,48.91,0.38,normal
2026-05-08 02:04:07,428,26.08,32.74,100557.87,264736.31,6.71,7.09,7.09,7.09,47.04,53.33,53.52,53.53,53.53,0.38,normal
2026-05-08 02:04:12,429,26.03,32.8,100558.27,265560.16,7.05,7.45,7.45,7.45,49.43,56.03,56.23,56.24,56.25,0.38,normal
2026-05-08 02:04:17,427,26.01,32.85,100559.03,266181.44,7.04,7.45,7.45,7.45,49.4,56,56.19,56.21,56.21,0.38,normal
2026-05-08 02:04:22,428,26.03,32.88,100558.31,266597.25,7.04,7.44,7.44,7.44,49.37,55.97,56.17,56.18,56.18,0.38,normal
2026-05-08 02:04:27,426,26.05,32.89,100557.77,267014.34,7.11,7.52,7.52,7.52,49.89,56.55,56.75,56.76,56.77,0.39,normal
2026-05-08 02:04:32,425,26.07,32.87,100558.88,267014.34,7.37,7.79,7.79,7.79,51.71,58.61,58.82,58.83,58.84,0.39,normal
2026-05-08 02:04:37,427,26.1,32.85,100557.98,267014.34,7.24,7.65,7.65,7.65,50.77,57.55,57.75,57.76,57.77,0.39,normal
2026-05-08 02:04:42,427,26.15,32.81,100558.55,267432.75,7.23,7.65,7.65,7.65,50.75,57.52,57.73,57.74,57.74,0.39,normal
2026-05-08 02:04:47,428,26.12,32.75,100559,269544.62,7.08,7.49,7.49,7.49,49.69,56.33,56.53,56.54,56.55,0.38,normal
2026-05-08 02:04:52,428,26.07,32.74,100557.92,270827.81,6.94,7.34,7.34,7.34,48.67,55.17,55.37,55.38,55.38,0.38,normal
2026-05-08 02:04:57,427,26.08,32.73,100557.5,271474.03,6.53,6.91,6.91,6.91,45.81,51.93,52.12,52.13,52.13,0.39,normal
2026-05-08 02:05:02,428,26.05,32.74,100557.95,272993.88,6.39,6.76,6.76,6.76,44.82,50.81,50.99,51,51,0.4,normal
2026-05-08 02:05:07,429,26,32.76,100556.99,273212.38,6.42,6.79,6.79,6.79,45.04,51.06,51.24,51.25,51.25,0.4,normal
2026-05-08 02:05:12,429,26.03,32.81,100557.53,271258.28,6.3,6.66,6.66,6.66,44.21,50.11,50.29,50.3,50.31,0.4,normal
2026-05-08 02:05:17,430,26.01,32.82,100557.16,274530.84,5.96,6.31,6.31,6.31,41.84,47.43,47.6,47.61,47.61,0.4,normal
2026-05-08 02:05:22,429,26.04,32.84,100557.16,272123.31,6.11,6.46,6.46,6.46,42.89,48.61,48.78,48.79,48.8,0.4,normal
2026-05-08 02:05:27,430,26.09,32.84,100555.45,269757.62,6.44,6.81,6.81,6.81,45.17,51.2,51.38,51.39,51.4,0.41,normal
2026-05-08 02:05:32,428,26.09,32.79,100557.02,271906.53,6.53,6.9,6.9,6.9,45.78,51.9,52.08,52.09,52.1,0.41,normal
2026-05-08 02:05:37,429,26.09,32.78,100557.68,273431.25,6.61,6.99,6.99,6.99,46.34,52.53,52.72,52.73,52.73,0.41,normal
2026-05-08 02:05:42,427,26.11,32.75,100555.66,271258.28,6.77,7.16,7.16,7.16,47.53,53.87,54.06,54.07,54.08,0.41,normal
2026-05-08 02:05:47,427,26.11,32.76,100556.27,271906.53,7.07,7.48,7.48,7.48,49.61,56.24,56.44,56.45,56.45,0.41,normal
2026-05-08 02:05:52,427,26.12,32.77,100557.11,273212.38,7.33,7.75,7.75,7.75,51.42,58.29,58.49,58.5,58.51,0.41,normal
2026-05-08 02:05:57,426,26.1,32.74,100556.12,273870.03,7.25,7.67,7.67,7.67,50.86,57.65,57.86,57.87,57.87,0.41,normal
2026-05-08 02:06:02,428,26.09,32.75,100556.09,275639.31,7.2,7.62,7.62,7.62,50.54,57.29,57.49,57.5,57.51,0.41,normal
2026-05-08 02:06:07,427,26.08,32.77,100555.85,273870.03,7.02,7.42,7.42,7.42,49.23,55.8,56,56.01,56.02,0.4,normal
2026-05-08 02:06:12,426,26.11,32.8,100556.05,275194.84,6.87,7.27,7.27,7.27,48.23,54.67,54.86,54.88,54.88,0.41,normal
2026-05-08 02:06:17,426,26.14,32.77,100556.5,272557.91,6.75,7.14,7.14,7.14,47.37,53.69,53.88,53.89,53.9,0.4,normal
2026-05-08 02:06:22,425,26.18,32.74,100557.77,272123.31,6.86,7.25,7.25,7.25,48.12,54.54,54.73,54.75,54.75,0.4,normal
2026-05-08 02:06:27,424,26.14,32.71,100556.87,275862.06,6.75,7.14,7.14,7.14,47.38,53.71,53.9,53.91,53.91,0.4,normal
2026-05-08 02:06:32,424,26.11,32.7,100555.07,273650.47,6.83,7.22,7.22,7.22,47.93,54.33,54.52,54.53,54.54,0.39,normal
2026-05-08 02:06:37,423,26.11,32.72,100555.91,274751.81,6.63,7.01,7.01,7.01,46.54,52.75,52.94,52.95,52.96,0.39,normal
2026-05-08 02:06:42,422,26.09,32.71,100555.93,278109.72,6.45,6.82,6.82,6.82,45.27,51.31,51.5,51.51,51.51,0.4,normal
2026-05-08 02:06:47,421,26.07,32.75,100555.18,278336.5,6.32,6.68,6.68,6.68,44.31,50.23,50.41,50.42,50.43,0.39,normal
2026-05-08 02:06:52,421,26.06,32.78,100554.85,278791.19,6.16,6.52,6.52,6.52,43.24,49.02,49.19,49.2,49.21,0.39,normal
2026-05-08 02:06:57,419,26.05,32.79,100555.66,279705,6.47,6.85,6.85,6.85,45.42,51.48,51.67,51.68,51.68,0.39,normal
2026-05-08 02:07:02,420,26.05,32.8,100556.15,279475.97,6.37,6.74,6.74,6.74,44.68,50.65,50.83,50.84,50.85,0.39,normal
2026-05-08 02:07:07,420,26.06,32.81,100554.95,277206.28,6.17,6.53,6.53,6.53,43.32,49.1,49.28,49.29,49.29,0.4,normal
2026-05-08 02:07:12,420,26.05,32.84,100555.59,279019.06,5.82,6.15,6.15,6.15,40.81,46.26,46.42,46.43,46.43,0.4,normal
2026-05-08 02:07:17,420,26.06,32.86,100555.3,279705,5.71,6.03,6.03,6.03,40.03,45.38,45.54,45.55,45.55,0.4,normal
2026-05-08 02:07:22,419,26.03,32.88,100554.41,278109.72,5.98,6.32,6.32,6.32,41.94,47.55,47.71,47.72,47.73,0.41,normal
2026-05-08 02:07:27,420,25.99,32.88,100554,279705,6.29,6.65,6.65,6.65,44.13,50.02,50.2,50.21,50.22,0.41,normal
2026-05-08 02:07:32,421,25.98,32.89,100552.79,280394.31,6.5,6.87,6.87,6.87,45.61,51.7,51.88,51.89,51.9,0.4,normal
2026-05-08 02:07:37,423,25.93,32.9,100554.3,277657.28,6.38,6.74,6.74,6.74,44.74,50.72,50.9,50.91,50.91,0.4,normal
2026-05-08 02:07:42,423,25.93,32.95,100552.11,276308.69,6.25,6.61,6.61,6.61,43.85,49.7,49.88,49.89,49.89,0.4,normal
2026-05-08 02:07:48,423,25.94,32.97,100553.27,271258.28,6.22,6.58,6.58,6.58,43.67,49.5,49.67,49.68,49.69,0.4,normal
2026-05-08 02:07:53,422,25.92,32.98,100552.67,269331.94,6.25,6.6,6.6,6.6,43.82,49.67,49.84,49.85,49.86,0.4,normal
2026-05-08 02:07:58,422,25.92,33.01,100553.56,268695.88,6.36,6.72,6.72,6.72,44.62,50.57,50.75,50.76,50.77,0.4,normal
2026-05-08 02:08:03,422,25.96,33,100553.27,270827.81,6.6,6.98,6.98,6.98,46.31,52.5,52.68,52.69,52.7,0.4,normal
2026-05-08 02:08:08,422,26,32.98,100552.52,271042.88,6.75,7.14,7.14,7.14,47.37,53.7,53.89,53.9,53.9,0.41,normal
2026-05-08 02:08:13,422,26.03,32.94,100552.27,269331.94,6.45,6.82,6.82,6.82,45.25,51.29,51.47,51.48,51.49,0.41,normal
2026-05-08 02:08:18,420,26.09,32.9,100552.54,268695.88,6.22,6.58,6.58,6.58,43.62,49.45,49.62,49.63,49.64,0.41,normal
2026-05-08 02:08:23,420,26.15,32.84,100553.05,267432.75,5.97,6.31,6.31,6.31,41.86,47.45,47.62,47.63,47.63,0.41,normal
2026-05-08 02:08:28,422,26.19,32.75,100552.3,267014.34,5.88,6.22,6.22,6.22,41.24,46.75,46.92,46.93,46.93,0.42,normal
2026-05-08 02:08:33,421,26.2,32.7,100553.01,267014.34,5.83,6.16,6.16,6.16,40.89,46.35,46.52,46.53,46.53,0.42,normal
2026-05-08 02:08:38,422,26.24,32.63,100552.12,267432.75,5.81,6.15,6.15,6.15,40.78,46.22,46.39,46.4,46.4,0.42,normal
2026-05-08 02:08:43,422,26.21,32.57,100552.62,260891.72,6.02,6.36,6.36,6.36,42.22,47.86,48.03,48.04,48.04,0.42,normal
2026-05-08 02:08:48,421,26.12,32.57,100552.73,253152.05,6.06,6.41,6.41,6.41,42.52,48.19,48.37,48.38,48.38,0.42,normal
2026-05-08 02:08:53,420,26.12,32.6,100551.3,261491.31,6.03,6.38,6.38,6.38,42.32,47.97,48.14,48.15,48.16,0.41,normal
2026-05-08 02:08:58,422,26.12,32.63,100552.47,261892.58,5.83,6.16,6.16,6.16,40.89,46.35,46.51,46.52,46.52,0.41,normal
2026-05-08 02:09:03,423,26.08,32.62,100551.62,257739.75,5.94,6.28,6.28,6.28,41.66,47.22,47.39,47.4,47.4,0.4,normal
2026-05-08 02:09:08,423,26.07,32.67,100551.23,258324.92,6.05,6.4,6.4,6.4,42.43,48.1,48.27,48.28,48.28,0.4,normal
2026-05-08 02:09:13,424,26.1,32.7,100550.52,260493.52,6.2,6.55,6.55,6.55,43.46,49.27,49.44,49.45,49.46,0.4,normal
2026-05-08 02:09:18,425,26.13,32.7,100549.93,263306.75,6.26,6.62,6.62,6.62,43.95,49.82,50,50.01,50.01,0.41,normal
2026-05-08 02:09:23,425,26.18,32.69,100551.79,259898.48,6,6.35,6.35,6.35,42.1,47.72,47.89,47.9,47.91,0.41,normal
2026-05-08 02:09:28,425,26.21,32.68,100552.25,261091.28,6.02,6.37,6.37,6.37,42.26,47.9,48.07,48.08,48.08,0.41,normal
2026-05-08 02:09:33,425,26.23,32.65,100553,262093.67,6.11,6.46,6.46,6.46,42.85,48.57,48.75,48.76,48.76,0.41,normal
2026-05-08 02:09:38,425,26.24,32.6,100551.75,262496.78,6.12,6.47,6.47,6.47,42.94,48.68,48.85,48.86,48.87,0.41,normal
2026-05-08 02:09:43,425,26.26,32.57,100551.87,260692.47,6.18,6.53,6.53,6.53,43.35,49.14,49.32,49.33,49.33,0.4,normal
2026-05-08 02:09:48,425,26.28,32.53,100550.96,261291.14,6.27,6.63,6.63,6.63,44,49.88,50.05,50.06,50.07,0.4,normal
2026-05-08 02:09:53,425,26.25,32.48,100551.84,264326.28,6.3,6.67,6.67,6.67,44.23,50.13,50.31,50.32,50.32,0.4,normal
2026-05-08 02:09:58,426,26.22,32.5,100551.63,264531.12,6.27,6.63,6.63,6.63,44,49.87,50.05,50.06,50.06,0.41,normal
2026-05-08 02:10:03,426,26.16,32.53,100550.15,263306.75,6.38,6.75,6.75,6.75,44.75,50.73,50.91,50.92,50.93,0.41,normal
2026-05-08 02:10:08,425,26.12,32.59,100550.29,262496.78,6.58,6.96,6.96,6.96,46.19,52.36,52.54,52.55,52.56,0.41,normal
2026-05-08 02:10:13,426,26.06,32.62,100550.88,262496.78,6.58,6.96,6.96,6.96,46.17,52.34,52.52,52.53,52.54,0.41,normal
2026-05-08 02:10:18,426,25.97,32.68,100549.96,263917.53,6.78,7.17,7.17,7.17,47.57,53.92,54.11,54.12,54.13,0.42,normal
2026-05-08 02:10:23,427,25.94,32.79,100549.51,266181.44,6.99,7.39,7.39,7.39,49.02,55.56,55.76,55.77,55.78,0.42,normal
2026-05-08 02:10:28,428,25.98,32.86,100550.01,264121.75,6.94,7.34,7.34,7.34,48.67,55.17,55.37,55.38,55.38,0.43,normal
2026-05-08 02:10:33,430,25.95,32.88,100550.1,266389.19,6.94,7.34,7.35,7.35,48.71,55.22,55.42,55.43,55.43,0.44,normal
2026-05-08 02:10:38,431,25.96,32.92,100551.55,268062.81,6.9,7.31,7.32,7.33,48.35,54.83,55.04,55.06,55.06,0.45,normal
2026-05-08 02:10:43,430,25.94,32.92,100551.07,267223.38,6.85,7.26,7.28,7.29,47.97,54.41,54.63,54.64,54.65,0.45,normal
2026-05-08 02:10:48,430,25.96,32.94,100550.74,269757.62,6.74,7.16,7.19,7.2,47.25,53.6,53.82,53.84,53.84,0.45,normal
2026-05-08 02:10:53,431,26.02,32.92,100549.9,270184.69,6.69,7.11,7.14,7.15,46.86,53.18,53.4,53.41,53.42,0.44,normal
2026-05-08 02:10:58,431,25.99,32.89,100550.49,269757.62,6.71,7.11,7.13,7.14,47.03,53.34,53.55,53.56,53.57,0.43,normal
2026-05-08 02:11:03,430,25.97,32.88,100549.15,268907.56,6.7,7.09,7.1,7.1,46.99,53.27,53.47,53.48,53.48,0.43,normal
2026-05-08 02:11:08,430,25.99,32.91,100550.06,269331.94,6.72,7.11,7.11,7.11,47.16,53.46,53.66,53.67,53.67,0.43,normal
2026-05-08 02:11:13,429,25.98,32.92,100550,268273.5,6.67,7.05,7.05,7.06,46.8,53.05,53.24,53.25,53.25,0.43,normal
2026-05-08 02:11:18,429,26,32.93,100550.23,267642.44,6.71,7.1,7.1,7.1,47.09,53.37,53.56,53.58,53.58,0.43,normal
2026-05-08 02:11:23,431,26,32.92,100551.46,268695.88,6.49,6.87,6.87,6.87,45.56,51.65,51.83,51.84,51.85,0.42,normal
2026-05-08 02:11:28,429,25.98,32.91,100550.83,270398.72,6.46,6.84,6.84,6.84,45.36,51.41,51.59,51.6,51.61,0.42,normal
2026-05-08 02:11:33,429,25.97,32.93,100550.33,272123.31,6.64,7.02,7.02,7.02,46.59,52.81,53,53.01,53.01,0.43,normal
2026-05-08 02:11:38,428,25.97,32.94,100549.64,271258.28,6.67,7.05,7.05,7.05,46.78,53.02,53.21,53.22,53.23,0.42,normal
2026-05-08 02:11:43,429,25.96,32.95,100550.95,271690.09,6.6,6.98,6.98,6.98,46.29,52.47,52.66,52.67,52.68,0.42,normal
2026-05-08 02:11:48,429,25.9,32.95,100550.45,275416.91,6.69,7.07,7.07,7.07,46.91,53.18,53.37,53.38,53.38,0.41,normal
2026-05-08 02:11:53,429,25.91,32.98,100550.77,272993.88,6.73,7.12,7.12,7.12,47.24,53.54,53.73,53.74,53.75,0.41,normal
2026-05-08 02:11:58,429,25.93,32.99,100550.18,272340.44,6.5,6.87,6.87,6.87,45.58,51.67,51.85,51.86,51.87,0.41,normal
2026-05-08 02:12:03,432,25.92,33,100550.64,273650.47,6.37,6.74,6.74,6.74,44.69,50.66,50.84,50.85,50.85,0.4,normal
2026-05-08 02:12:08,430,25.88,33,100552.02,274310.22,6.05,6.39,6.39,6.39,42.41,48.08,48.25,48.26,48.26,0.41,normal
2026-05-08 02:12:13,429,25.91,33.04,100551.74,274089.94,6.34,6.7,6.7,6.7,44.47,50.41,50.59,50.6,50.6,0.41,normal
2026-05-08 02:12:18,432,25.92,33.06,100551.01,273431.25,6.4,6.77,6.77,6.77,44.89,50.88,51.07,51.08,51.08,0.41,normal
2026-05-08 02:12:23,432,25.94,33.04,100550.52,275639.31,6.36,6.73,6.73,6.73,44.63,50.59,50.77,50.78,50.78,0.41,normal
2026-05-08 02:12:28,430,25.93,33,100550.2,277657.28,6.35,6.72,6.72,6.72,44.56,50.51,50.69,50.7,50.71,0.42,normal
2026-05-08 02:12:33,430,25.9,33.01,100549.86,275416.91,6.23,6.59,6.59,6.59,43.73,49.56,49.74,49.75,49.75,0.41,normal
2026-05-08 02:12:38,429,25.85,33.01,100550.38,279247.34,6.53,6.91,6.91,6.91,45.82,51.93,52.12,52.13,52.13,0.41,normal
2026-05-08 02:12:43,430,25.79,33.03,100550.88,281318.69,6.6,6.98,6.98,6.98,46.3,52.49,52.67,52.69,52.69,0.41,normal
2026-05-08 02:12:48,433,25.82,33.1,100550.04,279705,6.47,6.85,6.85,6.85,45.43,51.49,51.67,51.68,51.69,0.41,normal
2026-05-08 02:12:53,433,25.83,33.12,100550.8,278336.5,6.43,6.8,6.8,6.8,45.11,51.14,51.32,51.33,51.33,0.42,normal
2026-05-08 02:12:58,435,25.85,33.14,100550.45,277431.59,6.3,6.67,6.67,6.67,44.23,50.13,50.31,50.32,50.33,0.41,normal
2026-05-08 02:13:03,436,25.87,33.14,100552.61,276981.34,6.45,6.82,6.82,6.82,45.26,51.31,51.49,51.5,51.51,0.42,normal
2026-05-08 02:13:08,437,25.91,33.14,100551.21,275416.91,6.19,6.55,6.55,6.55,43.44,49.24,49.41,49.42,49.43,0.42,normal
2026-05-08 02:13:13,437,25.92,33.12,100551.54,273650.47,6.11,6.46,6.46,6.46,42.89,48.61,48.78,48.79,48.8,0.42,normal
2026-05-08 02:13:18,438,25.93,33.09,100552.27,271690.09,6.33,6.7,6.7,6.7,44.44,50.38,50.56,50.57,50.57,0.42,normal
2026-05-08 02:13:23,440,25.88,33.06,100552.77,273650.47,6.74,7.13,7.13,7.13,47.3,53.62,53.81,53.82,53.82,0.42,normal
2026-05-08 02:13:28,438,25.9,33.05,100551.08,271906.53,7,7.41,7.41,7.41,49.13,55.69,55.89,55.9,55.91,0.42,normal
2026-05-08 02:13:33,435,25.91,33.06,100552.16,269119.59,7.14,7.55,7.55,7.55,50.08,56.77,56.97,56.98,56.99,0.41,normal
2026-05-08 02:13:38,435,25.91,33.03,100551.77,266805.62,7.05,7.46,7.46,7.46,49.49,56.1,56.3,56.31,56.31,0.42,normal
2026-05-08 02:13:43,433,25.89,33.02,100552.3,268273.5,7.13,7.54,7.54,7.54,50.03,56.71,56.91,56.92,56.93,0.42,normal
2026-05-08 02:13:49,433,25.93,33.03,100552.26,268695.88,6.8,7.2,7.2,7.2,47.74,54.11,54.3,54.31,54.32,0.42,normal
2026-05-08 02:13:54,433,25.92,33.02,100551.75,270827.81,6.41,6.78,6.78,6.78,45,51.01,51.19,51.2,51.21,0.42,normal
2026-05-08 02:13:59,436,25.96,33,100551.33,271690.09,6.31,6.67,6.67,6.67,44.25,50.16,50.33,50.35,50.35,0.42,normal
2026-05-08 02:14:04,437,25.98,32.96,100552.1,272123.31,6.73,7.12,7.12,7.12,47.21,53.52,53.71,53.72,53.72,0.41,normal
2026-05-08 02:14:09,437,25.98,32.94,100551.83,271474.03,7.06,7.47,7.47,7.47,49.54,56.16,56.36,56.37,56.37,0.42,normal
2026-05-08 02:14:14,438,26,32.94,100553.23,272340.44,7,7.4,7.4,7.4,49.12,55.68,55.88,55.89,55.9,0.42,normal
2026-05-08 02:14:19,436,26.03,32.92,100552.61,271042.88,7,7.4,7.4,7.4,49.12,55.67,55.87,55.88,55.89,0.41,normal
2026-05-08 02:14:24,437,26.05,32.87,100552.72,270398.72,7.01,7.41,7.41,7.41,49.17,55.73,55.93,55.94,55.95,0.41,normal
2026-05-08 02:14:29,438,26.03,32.83,100552.66,267014.34,6.81,7.2,7.2,7.2,47.77,54.15,54.34,54.36,54.36,0.41,normal
2026-05-08 02:14:34,435,26.02,32.83,100552.82,265766.94,6.74,7.12,7.12,7.12,47.26,53.57,53.76,53.77,53.77,0.41,normal
2026-05-08 02:14:39,435,26.01,32.86,100552.48,262496.78,6.77,7.16,7.16,7.16,47.53,53.87,54.06,54.07,54.08,0.41,normal
2026-05-08 02:14:44,434,26,32.89,100551.38,262698.81,6.58,6.96,6.96,6.96,46.2,52.37,52.55,52.56,52.57,0.41,normal
2026-05-08 02:14:49,432,26,32.91,100552.73,261892.58,6.58,6.96,6.96,6.96,46.17,52.34,52.53,52.54,52.54,0.41,normal
2026-05-08 02:14:54,431,26.01,32.93,100553.04,264736.31,6.35,6.71,6.71,6.71,44.53,50.48,50.66,50.67,50.67,0.41,normal
2026-05-08 02:14:59,431,26.03,32.93,100553.31,267223.38,6.27,6.63,6.63,6.63,43.98,49.85,50.02,50.03,50.04,0.4,normal
2026-05-08 02:15:04,430,26,32.91,100551.56,267852.47,6.43,6.8,6.8,6.8,45.15,51.17,51.36,51.37,51.37,0.4,normal
2026-05-08 02:15:09,433,25.98,32.93,100551.9,270398.72,6.47,6.84,6.84,6.84,45.4,51.46,51.64,51.65,51.66,0.4,normal
2026-05-08 02:15:14,431,25.94,32.93,100552.53,271258.28,6.58,6.96,6.96,6.96,46.19,52.35,52.54,52.55,52.55,0.4,normal
2026-05-08 02:15:19,429,25.92,32.93,100552.48,270398.72,6.59,6.97,6.97,6.97,46.23,52.41,52.59,52.61,52.61,0.4,normal
2026-05-08 02:15:24,430,25.92,32.94,100550.95,270398.72,6.54,6.91,6.91,6.91,45.86,51.99,52.17,52.18,52.19,0.41,normal
2026-05-08 02:15:29,428,25.91,32.94,100552.3,273431.25,6.39,6.76,6.76,6.76,44.85,50.83,51.02,51.03,51.03,0.41,normal
2026-05-08 02:15:34,428,25.91,32.96,100553.03,272993.88,6.43,6.8,6.8,6.8,45.1,51.12,51.31,51.32,51.32,0.4,normal
2026-05-08 02:15:39,429,25.91,32.97,100553.02,272557.91,6.62,7,7,7,46.46,52.66,52.85,52.86,52.86,0.4,normal
2026-05-08 02:15:44,429,25.93,32.98,100553.59,272993.88,6.9,7.29,7.29,7.29,48.4,54.86,55.05,55.06,55.07,0.4,normal
2026-05-08 02:15:49,429,25.94,32.99,100552.65,272340.44,7,7.4,7.4,7.4,49.11,55.66,55.86,55.87,55.88,0.4,normal
2026-05-08 02:15:54,429,25.98,32.97,100552.66,273212.38,6.86,7.25,7.25,7.25,48.1,54.53,54.72,54.73,54.74,0.4,normal
2026-05-08 02:15:59,430,26.03,32.92,100553.04,271042.88,6.84,7.23,7.23,7.23,47.98,54.39,54.58,54.59,54.6,0.4,normal
2026-05-08 02:16:04,432,26.05,32.87,100554.55,271906.53,6.64,7.02,7.02,7.02,46.57,52.79,52.97,52.99,52.99,0.4,normal
2026-05-08 02:16:09,433,26.05,32.83,100553.7,272775.72,6.76,7.15,7.15,7.15,47.42,53.76,53.95,53.96,53.96,0.4,normal
2026-05-08 02:16:14,434,26.05,32.82,100553.84,270398.72,6.96,7.36,7.36,7.36,48.85,55.37,55.56,55.58,55.58,0.4,normal
2026-05-08 02:16:19,437,26.05,32.82,100553.2,269971,7.08,7.48,7.48,7.48,49.66,56.29,56.49,56.5,56.51,0.4,normal
2026-05-08 02:16:24,434,25.98,32.82,100554.39,272123.31,7,7.4,7.4,7.4,49.08,55.64,55.83,55.84,55.85,0.4,normal
2026-05-08 02:16:29,435,25.93,32.87,100553.61,273431.25,7.01,7.41,7.41,7.41,49.15,55.71,55.91,55.92,55.93,0.4,normal
2026-05-08 02:16:34,434,25.95,32.92,100553.22,271474.03,7.08,7.48,7.48,7.48,49.65,56.28,56.48,56.49,56.5,0.4,normal
2026-05-08 02:16:39,437,25.9,32.95,100554.39,272775.72,7.2,7.62,7.62,7.62,50.53,57.28,57.49,57.5,57.5,0.4,normal
2026-05-08 02:16:44,436,25.87,32.98,100554.22,272993.88,7.13,7.54,7.54,7.54,50,56.68,56.88,56.89,56.9,0.4,normal
2026-05-08 02:16:49,436,25.9,33.02,100554.27,272557.91,7.08,7.49,7.49,7.49,49.67,56.3,56.5,56.51,56.52,0.4,normal
2026-05-08 02:16:54,438,25.94,33.01,100554.75,272123.31,7.24,7.66,7.66,7.66,50.81,57.6,57.8,57.81,57.82,0.4,normal
2026-05-08 02:16:59,436,25.9,33.01,100552.62,273870.03,6.84,7.23,7.23,7.23,47.97,54.37,54.57,54.58,54.58,0.4,normal
2026-05-08 02:17:04,435,25.89,33.02,100553.87,276085.19,6.36,6.73,6.73,6.73,44.64,50.61,50.79,50.8,50.8,0.4,normal
2026-05-08 02:17:09,436,25.89,33.01,100554.27,274530.84,7.14,7.55,7.55,7.55,50.06,56.75,56.95,56.96,56.97,0.4,normal
2026-05-08 02:17:14,433,25.91,33.02,100553.13,275194.84,7.83,8.28,8.28,8.28,54.91,62.24,62.46,62.47,62.48,0.4,normal
2026-05-08 02:17:19,432,25.9,33.03,100553.55,275194.84,8.08,8.54,8.54,8.54,56.65,64.22,64.45,64.46,64.47,0.41,normal
2026-05-08 02:17:24,431,25.89,33.03,100553.87,275639.31,8.02,8.48,8.48,8.48,56.26,63.77,63.99,64.01,64.01,0.41,normal
2026-05-08 02:17:29,432,25.9,33.05,100552.48,276085.19,7.55,7.98,7.98,7.98,52.97,60.04,60.26,60.27,60.27,0.4,normal
2026-05-08 02:17:34,431,25.85,33.04,100552.45,278791.19,7.48,7.91,7.91,7.91,52.48,59.49,59.7,59.71,59.72,0.41,normal
2026-05-08 02:17:39,430,25.88,33.03,100553.09,277431.59,7.67,8.11,8.11,8.11,53.83,61.02,61.24,61.25,61.26,0.41,normal
2026-05-08 02:17:44,431,25.87,33.03,100553.28,279934.38,7.91,8.37,8.37,8.37,55.52,62.94,63.16,63.17,63.18,0.41,normal
2026-05-08 02:17:49,431,25.82,33.03,100550.98,283185.84,7.64,8.08,8.08,8.08,53.62,60.78,61,61.01,61.01,0.41,normal
2026-05-08 02:17:54,431,25.83,33.04,100551.86,281087.03,7.13,7.54,7.54,7.54,50.01,56.69,56.89,56.9,56.91,0.41,normal
2026-05-08 02:17:59,433,25.83,33.05,100551.72,282482.75,6.75,7.14,7.14,7.14,47.38,53.71,53.9,53.91,53.92,0.41,normal
2026-05-08 02:18:04,433,25.85,33.04,100551.93,282482.75,6.54,6.92,6.92,6.92,45.91,52.04,52.22,52.23,52.24,0.41,normal
2026-05-08 02:18:09,434,25.84,33.02,100552.06,284365.47,6.37,6.74,6.74,6.74,44.69,50.66,50.84,50.85,50.85,0.41,normal
2026-05-08 02:18:14,432,25.87,33.03,100552.48,280855.72,6.42,6.79,6.79,6.79,45.05,51.06,51.24,51.25,51.26,0.4,normal
2026-05-08 02:18:19,432,25.9,33.02,100551.4,279934.38,6.67,7.05,7.05,7.05,46.76,53.01,53.2,53.21,53.21,0.4,normal
2026-05-08 02:18:24,431,25.89,33.01,100553.27,281783.16,7.1,7.51,7.51,7.51,49.81,56.46,56.66,56.67,56.68,0.4,normal
2026-05-08 02:18:29,429,25.88,33,100552.3,281550.72,7.11,7.52,7.52,7.52,49.86,56.52,56.72,56.73,56.74,0.4,normal
2026-05-08 02:18:34,429,25.88,32.99,100552.43,282015.97,6.96,7.36,7.36,7.36,48.81,55.33,55.53,55.54,55.54,0.4,normal
2026-05-08 02:18:39,428,25.89,33,100551.29,280624.84,6.91,7.3,7.3,7.3,48.45,54.92,55.12,55.13,55.13,0.39,normal
2026-05-08 02:18:44,425,25.9,33,100552.98,278791.19,6.86,7.26,7.26,7.26,48.16,54.59,54.78,54.79,54.8,0.39,normal
2026-05-08 02:18:49,425,25.95,32.97,100551.87,278563.66,6.69,7.08,7.08,7.08,46.95,53.22,53.41,53.42,53.43,0.38,normal
2026-05-08 02:18:54,425,25.94,32.94,100552.48,277657.28,6.54,6.92,6.92,6.92,45.88,52,52.19,52.2,52.2,0.39,normal
2026-05-08 02:18:59,424,25.96,32.93,100552.52,277206.28,6.47,6.84,6.84,6.84,45.38,51.44,51.62,51.63,51.64,0.39,normal
2026-05-08 02:19:04,424,25.96,32.93,100551.98,275862.06,6.33,6.7,6.7,6.7,44.43,50.36,50.54,50.55,50.55,0.39,normal
2026-05-08 02:19:09,424,25.94,32.92,100551.59,267014.34,6.27,6.63,6.63,6.63,43.97,49.84,50.02,50.03,50.03,0.38,normal
2026-05-08 02:19:14,422,25.94,32.92,100552.59,267432.75,6.04,6.38,6.38,6.38,42.36,48.01,48.18,48.19,48.2,0.39,normal
2026-05-08 02:19:19,423,25.93,32.92,100552.13,266597.25,5.93,6.28,6.28,6.28,41.63,47.19,47.36,47.37,47.38,0.39,normal
2026-05-08 02:19:24,422,25.92,32.93,100552.43,269757.62,5.89,6.23,6.23,6.23,41.35,46.87,47.04,47.05,47.05,0.38,normal
2026-05-08 02:19:29,422,25.92,32.93,100552.77,270398.72,5.98,6.32,6.32,6.32,41.96,47.56,47.73,47.74,47.74,0.38,normal
2026-05-08 02:19:34,424,25.92,32.92,100552.14,272123.31,6.1,6.45,6.45,6.45,42.81,48.52,48.7,48.71,48.71,0.38,normal
2026-05-08 02:19:39,426,25.93,32.92,100551.69,270398.72,6.09,6.44,6.44,6.44,42.72,48.42,48.59,48.6,48.61,0.38,normal
2026-05-08 02:19:44,427,25.89,32.93,100551.98,270398.72,5.99,6.34,6.34,6.34,42.05,47.66,47.83,47.84,47.84,0.38,normal
2026-05-08 02:19:49,425,25.85,32.96,100552.3,269971,5.76,6.09,6.09,6.09,40.41,45.8,45.97,45.97,45.98,0.38,normal
2026-05-08 02:19:54,423,25.83,32.98,100552.64,271258.28,5.5,5.81,5.81,5.81,38.56,43.71,43.87,43.88,43.88,0.38,normal
2026-05-08 02:19:59,424,25.87,33,100551.93,269544.62,5.56,5.88,5.88,5.88,39,44.21,44.36,44.37,44.38,0.39,normal
2026-05-08 02:20:04,423,25.82,33,100551.64,269757.62,5.62,5.95,5.95,5.95,39.45,44.72,44.88,44.89,44.89,0.39,normal
2026-05-08 02:20:10,423,25.83,33.02,100552.05,269331.94,6.03,6.38,6.38,6.38,42.3,47.95,48.12,48.13,48.14,0.39,normal
2026-05-08 02:20:15,425,25.85,33.03,100552.48,269757.62,6.31,6.68,6.68,6.68,44.3,50.21,50.39,50.4,50.41,0.38,normal
2026-05-08 02:20:20,423,25.91,33.03,100552.03,268273.5,6.28,6.64,6.64,6.64,44.06,49.94,50.12,50.13,50.13,0.38,normal
2026-05-08 02:20:25,423,25.94,33,100551.74,266805.62,6.36,6.72,6.72,6.72,44.6,50.55,50.73,50.74,50.75,0.39,normal
2026-05-08 02:20:30,423,25.97,32.94,100551.57,264941.78,6.47,6.84,6.84,6.84,45.37,51.43,51.62,51.63,51.63,0.39,normal
2026-05-08 02:20:35,422,25.97,32.93,100551.87,266597.25,6.38,6.75,6.75,6.75,44.77,50.75,50.93,50.94,50.94,0.39,normal
2026-05-08 02:20:40,423,25.97,32.91,100551.79,265560.16,6.11,6.46,6.46,6.46,42.83,48.55,48.73,48.74,48.74,0.39,normal
2026-05-08 02:20:45,421,25.97,32.91,100550.01,266597.25,6.05,6.39,6.39,6.39,42.42,48.09,48.26,48.27,48.28,0.39,normal
2026-05-08 02:20:50,420,25.97,32.92,100551.2,264531.12,6.12,6.47,6.47,6.47,42.91,48.64,48.81,48.82,48.82,0.39,normal
2026-05-08 02:20:55,422,26,32.92,100551.19,267014.34,6.18,6.53,6.53,6.53,43.34,49.13,49.31,49.32,49.32,0.39,normal
2026-05-08 02:21:00,421,26,32.91,100552.59,265766.94,6,6.34,6.34,6.34,42.08,47.7,47.87,47.87,47.88,0.39,normal
2026-05-08 02:21:05,421,26.04,32.89,100551.71,264941.78,5.77,6.1,6.1,6.1,40.49,45.89,46.06,46.07,46.07,0.39,normal
2026-05-08 02:21:10,422,26.02,32.83,100549.92,269757.62,5.74,6.07,6.07,6.07,40.25,45.63,45.79,45.8,45.8,0.39,normal
2026-05-08 02:21:15,426,26.02,32.87,100551.7,271474.03,5.87,6.21,6.21,6.21,41.22,46.72,46.89,46.9,46.9,0.4,normal
2026-05-08 02:21:20,427,26.01,32.89,100551.8,270398.72,5.94,6.28,6.28,6.28,41.69,47.25,47.42,47.43,47.43,0.4,normal
2026-05-08 02:21:25,427,26.06,32.91,100551.28,269757.62,6,6.35,6.35,6.35,42.12,47.74,47.91,47.92,47.92,0.4,normal
2026-05-08 02:21:30,426,26.06,32.87,100550.84,269757.62,6.27,6.63,6.63,6.63,43.96,49.83,50.01,50.02,50.03,0.39,normal
2026-05-08 02:21:35,427,26.01,32.87,100552.2,270184.69,6.69,7.07,7.07,7.07,46.91,53.18,53.37,53.38,53.38,0.39,normal
2026-05-08 02:21:40,427,26.02,32.89,100550.94,271690.09,6.93,7.33,7.33,7.33,48.62,55.11,55.3,55.32,55.32,0.39,normal
2026-05-08 02:21:45,426,26.04,32.88,100550.17,269757.62,6.92,7.32,7.32,7.32,48.56,55.05,55.24,55.26,55.26,0.4,normal
2026-05-08 02:21:50,427,26.06,32.79,100549.98,271474.03,6.65,7.03,7.03,7.03,46.67,52.9,53.09,53.1,53.1,0.39,normal
2026-05-08 02:21:55,429,26.01,32.78,100550.68,272123.31,6.53,6.9,6.9,6.9,45.81,51.92,52.11,52.12,52.12,0.4,normal
2026-05-08 02:22:00,427,26.01,32.8,100550.21,271474.03,6.48,6.85,6.85,6.85,45.45,51.52,51.71,51.72,51.72,0.4,normal
2026-05-08 02:22:05,428,26.03,32.82,100551.33,273431.25,6.61,6.98,6.98,6.98,46.34,52.53,52.72,52.73,52.73,0.4,normal
2026-05-08 02:22:10,429,26.02,32.81,100550.75,275194.84,6.62,7,7,7,46.43,52.63,52.81,52.83,52.83,0.4,normal
2026-05-08 02:22:15,429,26.01,32.83,100550.41,273870.03,6.57,6.95,6.95,6.95,46.11,52.26,52.45,52.46,52.46,0.4,normal
2026-05-08 02:22:20,430,25.95,32.85,100550.13,277657.28,6.27,6.64,6.64,6.64,44.02,49.9,50.08,50.09,50.09,0.4,normal
2026-05-08 02:22:25,432,25.94,32.9,100550.94,276308.69,6.36,6.73,6.73,6.73,44.62,50.58,50.76,50.77,50.78,0.4,normal
2026-05-08 02:22:30,432,25.94,32.93,100550.94,279247.34,6.61,6.99,6.99,6.99,46.35,52.54,52.72,52.73,52.74,0.4,normal
2026-05-08 02:22:35,433,25.84,32.95,100552.11,278563.66,6.83,7.22,7.22,7.22,47.9,54.3,54.49,54.5,54.51,0.4,normal
2026-05-08 02:22:40,433,25.83,33.02,100549.27,279019.06,6.76,7.15,7.15,7.15,47.41,53.74,53.93,53.94,53.95,0.4,normal
2026-05-08 02:22:45,434,25.85,33.08,100549.8,278336.5,6.75,7.14,7.14,7.14,47.36,53.69,53.88,53.89,53.89,0.4,normal
2026-05-08 02:22:50,433,25.86,33.1,100551.98,277883.31,6.91,7.31,7.31,7.31,48.48,54.95,55.15,55.16,55.17,0.39,normal
2026-05-08 02:22:55,432,25.87,33.12,100550.37,277431.59,6.8,7.2,7.2,7.2,47.74,54.11,54.3,54.32,54.32,0.39,normal
2026-05-08 02:23:00,430,25.85,33.11,100551.09,278336.5,6.56,6.94,6.94,6.94,46.02,52.17,52.35,52.36,52.37,0.39,normal
2026-05-08 02:23:05,429,25.88,33.13,100550.58,277206.28,6.44,6.81,6.81,6.81,45.19,51.23,51.41,51.42,51.43,0.4,normal
2026-05-08 02:23:10,429,25.91,33.11,100551.19,277431.59,6.34,6.71,6.71,6.71,44.5,50.44,50.62,50.63,50.63,0.39,normal
2026-05-08 02:23:15,430,25.91,33.08,100550.72,279475.97,6.23,6.59,6.59,6.59,43.71,49.55,49.73,49.74,49.74,0.39,normal
2026-05-08 02:23:20,431,25.9,33.06,100550.66,279934.38,6.1,6.45,6.45,6.45,42.81,48.52,48.7,48.71,48.71,0.39,normal
2026-05-08 02:23:25,432,25.92,33.04,100551.05,279705,6.22,6.58,6.58,6.58,43.67,49.5,49.68,49.69,49.69,0.39,normal
2026-05-08 02:23:30,430,25.95,33.01,100550.52,279247.34,6.45,6.82,6.82,6.82,45.27,51.31,51.49,51.51,51.51,0.4,normal
2026-05-08 02:23:35,431,25.97,32.99,100551.65,277883.31,6.3,6.66,6.66,6.66,44.17,50.06,50.24,50.25,50.26,0.4,normal
2026-05-08 02:23:40,434,26,32.97,100550.77,275862.06,6.04,6.39,6.39,6.39,42.39,48.05,48.22,48.23,48.24,0.39,normal
2026-05-08 02:23:45,434,26.02,32.94,100550.55,275639.31,5.89,6.23,6.23,6.23,41.32,46.83,47,47.01,47.01,0.4,normal
2026-05-08 02:23:50,434,26.06,32.88,100551.81,272557.91,5.93,6.27,6.27,6.27,41.57,47.12,47.29,47.3,47.3,0.39,normal
2026-05-08 02:23:55,435,26.06,32.85,100552.01,271258.28,6.09,6.44,6.44,6.44,42.72,48.42,48.59,48.6,48.61,0.39,normal
2026-05-08 02:24:00,435,26.06,32.84,100551.41,274089.94,6.36,6.73,6.73,6.73,44.63,50.59,50.77,50.78,50.79,0.39,normal
2026-05-08 02:24:05,434,26.04,32.82,100549.88,272557.91,6.62,7,7,7,46.42,52.62,52.81,52.82,52.82,0.39,normal
2026-05-08 02:24:10,433,26.02,32.82,100550.44,270613.09,6.7,7.08,7.08,7.08,46.98,53.26,53.45,53.46,53.46,0.39,normal
2026-05-08 02:24:15,432,26,32.84,100550.41,273870.03,6.78,7.17,7.17,7.17,47.58,53.94,54.13,54.14,54.14,0.39,normal
2026-05-08 02:24:20,433,25.95,32.87,100551.18,274530.84,6.93,7.33,7.33,7.33,48.61,55.1,55.29,55.31,55.31,0.39,normal
2026-05-08 02:24:25,432,25.96,32.91,100551.23,275416.91,7.17,7.59,7.59,7.59,50.33,57.05,57.25,57.27,57.27,0.39,normal
2026-05-08 02:24:30,433,25.94,32.94,100549.47,273431.25,7.17,7.58,7.58,7.58,50.32,57.04,57.24,57.25,57.26,0.39,normal
2026-05-08 02:24:35,433,25.92,32.99,100549.54,271690.09,7,7.4,7.4,7.4,49.1,55.65,55.85,55.86,55.87,0.39,normal
2026-05-08 02:24:40,433,25.86,33.03,100549.39,272993.88,6.89,7.28,7.28,7.28,48.31,54.76,54.95,54.96,54.97,0.39,normal
2026-05-08 02:24:45,433,25.87,33.08,100548.98,272993.88,6.61,6.99,6.99,6.99,46.38,52.57,52.76,52.77,52.77,0.39,normal
2026-05-08 02:24:50,433,25.89,33.1,100549.7,268907.56,6.71,7.1,7.1,7.1,47.09,53.37,53.56,53.58,53.58,0.4,normal
2026-05-08 02:24:55,433,25.86,33.07,100549.52,266597.25,6.63,7.01,7.01,7.01,46.52,52.74,52.92,52.93,52.94,0.4,normal
2026-05-08 02:25:00,430,25.88,33.1,100551.69,268062.81,6.52,6.89,6.89,6.89,45.71,51.81,52,52.01,52.01,0.4,normal
2026-05-08 02:25:05,430,25.85,33.06,100549.11,265353.72,6.49,6.86,6.86,6.86,45.52,51.6,51.79,51.8,51.8,0.4,normal
2026-05-08 02:25:10,429,25.82,33.08,100549.2,267014.34,6.47,6.84,6.84,6.84,45.38,51.44,51.62,51.63,51.64,0.4,normal
2026-05-08 02:25:15,430,25.85,33.09,100550.8,268273.5,6.44,6.81,6.81,6.81,45.2,51.24,51.42,51.43,51.43,0.4,normal
2026-05-08 02:25:20,430,25.81,33.08,100549.67,264531.12,6.53,6.9,6.9,6.9,45.81,51.92,52.11,52.12,52.12,0.41,normal
2026-05-08 02:25:25,429,25.82,33.1,100549.65,265353.72,6.4,6.77,6.77,6.77,44.88,50.88,51.06,51.07,51.07,0.4,normal
2026-05-08 02:25:30,429,25.82,33.1,100549.59,264736.31,6.48,6.85,6.85,6.85,45.45,51.51,51.7,51.71,51.71,0.4,normal
2026-05-08 02:25:35,429,25.84,33.1,100550.55,265766.94,6.35,6.71,6.71,6.71,44.53,50.48,50.66,50.67,50.67,0.4,normal
2026-05-08 02:25:40,429,25.88,33.11,100550.45,266805.62,6.22,6.58,6.58,6.58,43.66,49.49,49.66,49.68,49.68,0.41,normal
2026-05-08 02:25:45,428,25.91,33.09,100550.32,264326.28,5.81,6.15,6.15,6.15,40.77,46.22,46.38,46.39,46.4,0.41,normal
2026-05-08 02:25:50,429,25.86,33.08,100550.58,262295.09,5.59,5.91,5.91,5.91,39.24,44.48,44.63,44.64,44.65,0.4,normal
2026-05-08 02:25:55,429,25.86,33.12,100549.48,262496.78,5.67,5.99,5.99,5.99,39.75,45.06,45.22,45.23,45.24,0.4,normal
2026-05-08 02:26:00,428,25.88,33.13,100550.88,260692.47,5.92,6.26,6.26,6.26,41.51,47.05,47.22,47.23,47.24,0.4,normal
2026-05-08 02:26:05,427,25.95,33.12,100550.52,259503.3,6.04,6.39,6.39,6.39,42.37,48.03,48.2,48.21,48.21,0.41,normal
2026-05-08 02:26:10,427,25.95,33.04,100551.48,264121.75,6.16,6.52,6.52,6.52,43.23,49,49.17,49.18,49.19,0.41,normal
2026-05-08 02:26:16,427,26,32.95,100551.98,261491.31,6.45,6.82,6.82,6.82,45.22,51.26,51.44,51.45,51.46,0.41,normal
2026-05-08 02:26:21,428,25.93,32.93,100550.75,262901.16,6.54,6.92,6.92,6.92,45.89,52.02,52.2,52.21,52.22,0.41,normal
2026-05-08 02:26:26,427,25.89,32.98,100551.59,263713.62,6.43,6.8,6.8,6.8,45.11,51.13,51.32,51.33,51.33,0.41,normal
2026-05-08 02:26:31,428,25.85,33.02,100549.71,262698.81,6.5,6.88,6.88,6.88,45.62,51.71,51.89,51.9,51.91,0.4,normal
2026-05-08 02:26:36,428,25.81,33.07,100550.09,262295.09,6.48,6.86,6.86,6.86,45.48,51.56,51.74,51.75,51.75,0.41,normal
2026-05-08 02:26:41,427,25.78,33.11,100550.3,262295.09,6.52,6.9,6.9,6.9,45.78,51.89,52.07,52.08,52.09,0.41,normal
2026-05-08 02:26:46,427,25.79,33.17,100550.68,263510.03,6.85,7.24,7.24,7.24,48.04,54.46,54.65,54.66,54.67,0.41,normal
2026-05-08 02:26:51,426,25.82,33.18,100551.32,264326.28,7.18,7.59,7.59,7.59,50.34,57.06,57.27,57.28,57.28,0.41,normal
2026-05-08 02:26:56,426,25.78,33.18,100551.42,269331.94,7.31,7.73,7.73,7.73,51.26,58.1,58.31,58.32,58.33,0.41,normal
2026-05-08 02:27:01,427,25.8,33.19,100550.95,267014.34,7.27,7.69,7.69,7.69,51.03,57.85,58.05,58.06,58.07,0.4,normal
2026-05-08 02:27:06,429,25.84,33.2,100551.62,267642.44,7.21,7.63,7.63,7.63,50.61,57.37,57.57,57.59,57.59,0.4,normal
2026-05-08 02:27:11,428,25.84,33.17,100551.15,271042.88,7.22,7.63,7.63,7.63,50.65,57.42,57.62,57.63,57.64,0.4,normal
2026-05-08 02:27:16,429,25.84,33.17,100550.4,271042.88,6.84,7.23,7.23,7.23,47.96,54.36,54.56,54.57,54.57,0.4,normal
2026-05-08 02:27:21,430,25.87,33.15,100550.66,269119.59,6.48,6.85,6.85,6.85,45.45,51.52,51.71,51.72,51.72,0.4,normal
2026-05-08 02:27:26,429,25.93,33.13,100550.74,267852.47,6.4,6.77,6.77,6.77,44.9,50.9,51.08,51.09,51.09,0.4,normal
2026-05-08 02:27:31,430,25.92,33.07,100551.01,269971,6.39,6.76,6.76,6.76,44.82,50.81,50.99,51,51,0.4,normal
2026-05-08 02:27:36,429,25.93,33.04,100550.55,267223.38,6.38,6.75,6.75,6.75,44.76,50.74,50.92,50.93,50.94,0.4,normal
2026-05-08 02:27:41,428,25.95,33,100550.17,268695.88,6.22,6.58,6.58,6.58,43.66,49.49,49.67,49.68,49.68,0.41,normal
2026-05-08 02:27:46,431,25.93,33,100550.74,272993.88,6.35,6.71,6.71,6.71,44.52,50.46,50.64,50.65,50.66,0.4,normal
2026-05-08 02:27:51,431,25.9,33.04,100551.94,270613.09,6.25,6.6,6.6,6.6,43.81,49.66,49.84,49.85,49.86,0.41,normal
2026-05-08 02:27:56,432,25.89,33.07,100551.48,269971,6.25,6.6,6.6,6.6,43.82,49.67,49.84,49.85,49.86,0.41,normal
2026-05-08 02:28:01,433,25.9,33.08,100551.02,270398.72,6.36,6.72,6.72,6.72,44.6,50.55,50.73,50.74,50.75,0.41,normal
2026-05-08 02:28:06,437,25.91,33.1,100550.23,272340.44,6.41,6.78,6.78,6.78,44.99,50.99,51.17,51.18,51.19,0.41,normal
2026-05-08 02:28:11,436,25.88,33.1,100550.44,274089.94,6.19,6.54,6.54,6.54,43.41,49.2,49.38,49.39,49.39,0.41,normal
2026-05-08 02:28:16,435,25.82,33.12,100550.68,272993.88,6.31,6.68,6.68,6.68,44.29,50.21,50.39,50.4,50.4,0.41,normal
2026-05-08 02:28:21,433,25.81,33.19,100550.39,276532.53,6.61,6.99,6.99,6.99,46.38,52.57,52.76,52.77,52.77,0.41,normal
2026-05-08 02:28:26,433,25.78,33.18,100549.62,276085.19,6.62,7,7,7,46.43,52.62,52.81,52.82,52.83,0.41,normal
2026-05-08 02:28:31,433,25.79,33.2,100550.37,274751.81,6.32,6.68,6.68,6.68,44.32,50.24,50.42,50.43,50.44,0.41,normal
2026-05-08 02:28:36,431,25.76,33.23,100549.93,279019.06,6.17,6.52,6.52,6.52,43.27,49.04,49.22,49.23,49.23,0.41,normal
2026-05-08 02:28:41,433,25.79,33.24,100551.12,274530.84,5.93,6.27,6.27,6.27,41.59,47.14,47.31,47.32,47.32,0.41,normal
2026-05-08 02:28:46,431,25.75,33.23,100550.38,275416.91,6.07,6.42,6.42,6.42,42.57,48.26,48.43,48.44,48.44,0.41,normal
2026-05-08 02:28:51,433,25.71,33.27,100549.46,271258.28,6.42,6.79,6.79,6.79,45.07,51.09,51.27,51.28,51.29,0.42,normal
2026-05-08 02:28:56,435,25.7,33.29,100550.08,272993.88,6.36,6.73,6.73,6.73,44.65,50.61,50.79,50.8,50.8,0.42,normal
2026-05-08 02:29:01,435,25.68,33.3,100549.61,272123.31,6.18,6.53,6.53,6.53,43.33,49.12,49.29,49.31,49.31,0.42,normal
2026-05-08 02:29:06,433,25.66,33.3,100549.09,268484.53,6.37,6.74,6.74,6.74,44.72,50.69,50.87,50.88,50.88,0.43,normal
2026-05-08 02:29:11,433,25.67,33.31,100548.88,271042.88,6.26,6.62,6.62,6.62,43.89,49.75,49.93,49.94,49.95,0.43,normal
2026-05-08 02:29:16,433,25.67,33.35,100549.03,270184.69,6.04,6.39,6.39,6.39,42.4,48.06,48.23,48.24,48.25,0.43,normal
2026-05-08 02:29:21,434,25.68,33.36,100549.1,270184.69,5.88,6.21,6.21,6.21,41.22,46.72,46.89,46.9,46.9,0.43,normal
2026-05-08 02:29:26,434,25.65,33.36,100549.38,264326.28,5.61,5.93,5.93,5.93,39.35,44.6,44.76,44.77,44.77,0.42,normal
2026-05-08 02:29:31,433,25.63,33.36,100549.71,256577.3,5.39,5.7,5.7,5.7,37.79,42.84,42.99,43,43,0.43,normal
2026-05-08 02:29:36,433,25.64,33.37,100547.98,257351.09,5.4,5.71,5.71,5.71,37.86,42.91,43.07,43.08,43.08,0.42,normal
2026-05-08 02:29:41,435,25.66,33.37,100548.23,261291.14,5.55,5.87,5.87,5.87,38.97,44.17,44.33,44.34,44.34,0.42,normal
2026-05-08 02:29:46,434,25.66,33.37,100549.02,250918.89,5.98,6.33,6.33,6.33,41.98,47.59,47.76,47.77,47.77,0.42,normal
2026-05-08 02:29:51,434,25.62,33.37,100549.23,254853.16,6.07,6.42,6.42,6.42,42.58,48.27,48.44,48.45,48.46,0.42,normal
2026-05-08 02:29:56,435,25.69,33.4,100548.78,257157.2,5.87,6.2,6.2,6.2,41.16,46.65,46.82,46.83,46.83,0.42,normal
2026-05-08 02:30:01,435,25.69,33.38,100548.2,253905.28,5.87,6.21,6.21,6.21,41.19,46.69,46.86,46.87,46.87,0.42,normal
2026-05-08 02:30:06,436,25.69,33.34,100549.3,252777.09,6.14,6.49,6.49,6.49,43.07,48.82,48.99,49,49.01,0.41,normal
2026-05-08 02:30:11,438,25.68,33.35,100549.63,251473.48,6.25,6.6,6.6,6.6,43.81,49.66,49.84,49.85,49.86,0.41,normal
2026-05-08 02:30:16,436,25.69,33.34,100548.88,250734.58,6.32,6.69,6.69,6.69,44.35,50.27,50.45,50.46,50.47,0.41,normal
2026-05-08 02:30:21,437,25.69,33.32,100549.15,255808.14,6.14,6.5,6.5,6.5,43.09,48.85,49.02,49.03,49.04,0.41,normal
2026-05-08 02:30:26,436,25.69,33.31,100549.73,249451.89,6.11,6.47,6.47,6.47,42.89,48.62,48.79,48.8,48.81,0.41,normal
2026-05-08 02:30:31,434,25.67,33.31,100549.83,245328.22,6.25,6.61,6.61,6.61,43.88,49.74,49.92,49.93,49.93,0.41,normal
2026-05-08 02:30:36,434,25.69,33.31,100549.67,245152.02,6.27,6.63,6.63,6.63,44,49.88,50.05,50.06,50.07,0.41,normal
2026-05-08 02:30:41,433,25.7,33.3,100549.4,248182.27,6.42,6.79,6.79,6.79,45.07,51.09,51.27,51.28,51.29,0.4,normal
2026-05-08 02:30:46,432,25.74,33.29,100549.3,248543.69,6.32,6.69,6.69,6.69,44.35,50.28,50.46,50.47,50.47,0.4,normal
2026-05-08 02:30:51,431,25.78,33.27,100548.18,246746.98,6.07,6.41,6.41,6.41,42.56,48.24,48.41,48.42,48.43,0.4,normal
2026-05-08 02:30:56,433,25.81,33.24,100548.09,247283.27,5.85,6.19,6.19,6.19,41.04,46.52,46.69,46.7,46.7,0.4,normal
2026-05-08 02:31:01,432,25.84,33.19,100549.54,245858.34,5.63,5.96,5.96,5.96,39.53,44.81,44.96,44.97,44.98,0.4,normal
2026-05-08 02:31:06,433,25.84,33.16,100549.75,246213.03,5.44,5.76,5.76,5.76,38.19,43.29,43.45,43.46,43.46,0.4,normal
2026-05-08 02:31:11,434,25.84,33.14,100550.8,247283.27,5.2,5.5,5.5,5.5,36.52,41.39,41.54,41.55,41.55,0.41,normal
2026-05-08 02:31:16,436,25.82,33.11,100549.63,250000,5.31,5.62,5.62,5.62,37.28,42.25,42.4,42.41,42.42,0.4,normal
2026-05-08 02:31:21,436,25.84,33.1,100550.54,249817.03,5.6,5.92,5.92,5.92,39.27,44.52,44.67,44.68,44.69,0.4,normal
2026-05-08 02:31:26,433,25.83,33.09,100550.01,251103.48,5.69,6.01,6.01,6.01,39.9,45.23,45.39,45.4,45.41,0.4,normal
2026-05-08 02:31:31,433,25.8,33.09,100549.44,252403.25,5.63,5.95,5.95,5.95,39.48,44.75,44.91,44.92,44.92,0.4,normal
2026-05-08 02:31:36,433,25.78,33.12,100548.3,252777.09,5.6,5.92,5.92,5.92,39.28,44.52,44.68,44.69,44.69,0.4,normal
2026-05-08 02:31:41,434,25.77,33.15,100548.77,252964.42,5.62,5.94,5.94,5.94,39.42,44.68,44.84,44.85,44.85,0.4,normal
2026-05-08 02:31:46,433,25.8,33.14,100549.1,255234.3,5.75,6.08,6.08,6.08,40.32,45.7,45.86,45.87,45.88,0.4,normal
2026-05-08 02:31:51,431,25.78,33.15,100549.66,258324.92,5.63,5.95,5.95,5.95,39.5,44.78,44.94,44.95,44.95,0.4,normal
2026-05-08 02:31:56,433,25.77,33.19,100548.75,255808.14,5.72,6.05,6.05,6.05,40.14,45.5,45.66,45.67,45.67,0.4,normal
2026-05-08 02:32:01,435,25.81,33.19,100548.53,253339.94,5.97,6.31,6.31,6.31,41.88,47.48,47.64,47.65,47.66,0.4,normal
2026-05-08 02:32:06,436,25.83,33.18,100548.83,253905.28,6.02,6.37,6.37,6.37,42.26,47.9,48.08,48.09,48.09,0.39,normal
2026-05-08 02:32:11,433,25.88,33.17,100549.3,254283.58,6.27,6.63,6.63,6.63,44.01,49.88,50.06,50.07,50.08,0.4,normal
2026-05-08 02:32:17,433,25.84,33.12,100549.26,257739.75,6.45,6.82,6.82,6.82,45.27,51.32,51.5,51.51,51.52,0.4,normal
2026-05-08 02:32:22,432,25.82,33.11,100550.27,259503.3,6.7,7.08,7.08,7.08,46.98,53.25,53.44,53.45,53.46,0.4,normal
2026-05-08 02:32:27,431,25.8,33.1,100547.97,257739.75,6.96,7.36,7.36,7.36,48.86,55.38,55.58,55.59,55.6,0.41,normal
2026-05-08 02:32:32,430,25.73,33.13,100547.91,262496.78,7.17,7.58,7.58,7.58,50.31,57.02,57.23,57.24,57.24,0.41,normal
2026-05-08 02:32:37,432,25.69,33.17,100547.66,263510.03,7.01,7.41,7.41,7.41,49.15,55.71,55.91,55.92,55.93,0.4,normal
2026-05-08 02:32:42,432,25.69,33.23,100548.52,267852.47,6.9,7.29,7.29,7.29,48.39,54.85,55.04,55.05,55.06,0.41,normal
2026-05-08 02:32:47,430,25.67,33.28,100547.34,267223.38,7.03,7.43,7.43,7.43,49.32,55.9,56.1,56.11,56.12,0.41,normal
2026-05-08 02:32:52,434,25.7,33.33,100547.52,265353.72,6.85,7.24,7.24,7.24,48.04,54.46,54.65,54.66,54.67,0.4,normal
2026-05-08 02:32:57,434,25.7,33.32,100549.18,264326.28,6.85,7.24,7.24,7.24,48.06,54.48,54.67,54.68,54.69,0.4,normal
2026-05-08 02:33:02,434,25.69,33.31,100548.44,267223.38,6.73,7.11,7.11,7.11,47.19,53.49,53.68,53.69,53.7,0.4,normal
2026-05-08 02:33:07,433,25.69,33.33,100548.32,267014.34,6.63,7.01,7.01,7.01,46.5,52.7,52.89,52.9,52.91,0.4,normal
2026-05-08 02:33:12,431,25.72,33.34,100548.81,268484.53,6.41,6.78,6.78,6.78,44.98,50.98,51.16,51.17,51.18,0.4,normal
2026-05-08 02:33:17,432,25.71,33.32,100548.72,271258.28,6.12,6.47,6.47,6.47,42.92,48.65,48.82,48.83,48.83,0.4,normal
2026-05-08 02:33:22,431,25.75,33.32,100548.27,269544.62,6.46,6.83,6.83,6.83,45.32,51.37,51.55,51.56,51.56,0.4,normal
2026-05-08 02:33:27,432,25.75,33.31,100548.92,270184.69,6.58,6.95,6.95,6.95,46.14,52.3,52.49,52.5,52.5,0.4,normal
2026-05-08 02:33:32,431,25.8,33.31,100549.19,268907.56,6.62,7,7,7,46.42,52.61,52.8,52.81,52.82,0.39,normal
2026-05-08 02:33:37,430,25.8,33.27,100549.39,268062.81,6.3,6.66,6.66,6.66,44.18,50.08,50.26,50.27,50.27,0.39,normal
2026-05-08 02:33:42,431,25.82,33.24,100549.02,270827.81,6.12,6.47,6.47,6.47,42.96,48.69,48.87,48.88,48.88,0.4,normal
2026-05-08 02:33:47,430,25.8,33.21,100549.64,272123.31,6.36,6.73,6.73,6.73,44.64,50.6,50.78,50.79,50.79,0.4,normal
2026-05-08 02:33:52,429,25.79,33.21,100549.65,272340.44,6.38,6.75,6.75,6.75,44.77,50.75,50.93,50.94,50.95,0.4,normal
2026-05-08 02:33:57,427,25.76,33.21,100549.1,273650.47,6.42,6.79,6.79,6.79,45.05,51.06,51.25,51.26,51.26,0.4,normal
2026-05-08 02:34:02,429,25.78,33.22,100549.49,273212.38,6.34,6.7,6.7,6.7,44.47,50.4,50.58,50.59,50.6,0.41,normal
2026-05-08 02:34:07,429,25.67,33.23,100549.01,275862.06,6.4,6.76,6.76,6.76,44.87,50.86,51.05,51.06,51.06,0.4,normal
2026-05-08 02:34:12,427,25.65,33.31,100548.16,275194.84,6.56,6.94,6.94,6.94,46.02,52.17,52.35,52.36,52.37,0.4,normal
2026-05-08 02:34:17,428,25.61,33.35,100548.09,278109.72,6.56,6.94,6.94,6.94,46.03,52.17,52.36,52.37,52.37,0.39,normal
2026-05-08 02:34:22,428,25.63,33.4,100548.22,276981.34,6.62,7,7,7,46.46,52.67,52.86,52.87,52.87,0.4,normal
2026-05-08 02:34:27,425,25.63,33.43,100548.12,276085.19,6.52,6.89,6.89,6.89,45.73,51.84,52.02,52.03,52.04,0.4,normal
2026-05-08 02:34:32,425,25.69,33.46,100548.24,275862.06,6.62,7,7,7,46.45,52.66,52.84,52.85,52.86,0.4,normal
2026-05-08 02:34:37,427,25.69,33.41,100548.08,276532.53,6.54,6.91,6.91,6.91,45.87,51.99,52.18,52.19,52.19,0.4,normal
2026-05-08 02:34:42,426,25.73,33.38,100548.48,275416.91,6.46,6.83,6.83,6.83,45.33,51.38,51.57,51.58,51.58,0.39,normal
2026-05-08 02:34:47,426,25.74,33.35,100548.98,276532.53,6.45,6.82,6.82,6.82,45.27,51.31,51.5,51.51,51.51,0.4,normal
2026-05-08 02:34:52,426,25.72,33.33,100547.34,278791.19,6.56,6.94,6.94,6.94,46.05,52.2,52.39,52.4,52.4,0.4,normal
2026-05-08 02:34:57,425,25.78,33.35,100548.12,276085.19,6.61,6.99,6.99,6.99,46.4,52.6,52.79,52.8,52.8,0.39,normal
2026-05-08 02:35:02,424,25.8,33.29,100548.08,275639.31,6.6,6.98,6.98,6.98,46.28,52.46,52.64,52.66,52.66,0.39,normal
2026-05-08 02:35:07,427,25.84,33.25,100547.87,276756.75,6.46,6.83,6.83,6.83,45.29,51.34,51.52,51.53,51.54,0.4,normal
2026-05-08 02:35:12,426,25.85,33.2,100548.21,275639.31,6.46,6.83,6.83,6.83,45.31,51.36,51.54,51.55,51.56,0.4,normal
2026-05-08 02:35:17,423,25.91,33.17,100548.41,276981.34,6.46,6.83,6.83,6.83,45.34,51.39,51.58,51.59,51.59,0.4,normal
2026-05-08 02:35:22,425,25.93,33.12,100548.47,274530.84,6.44,6.81,6.81,6.81,45.21,51.25,51.43,51.44,51.45,0.4,normal
2026-05-08 02:35:27,423,25.92,33.07,100549,276308.69,6.55,6.93,6.93,6.93,45.97,52.1,52.29,52.3,52.3,0.4,normal
2026-05-08 02:35:32,423,25.96,33.05,100548.48,273870.03,6.26,6.62,6.62,6.62,43.91,49.77,49.95,49.96,49.96,0.4,normal
2026-05-08 02:35:37,423,25.98,33.01,100548.55,274973.16,5.84,6.18,6.18,6.18,41,46.48,46.64,46.65,46.65,0.4,normal
2026-05-08 02:35:42,422,25.98,32.97,100548.49,275194.84,5.66,5.99,5.99,5.99,39.73,45.03,45.19,45.2,45.21,0.4,normal
2026-05-08 02:35:47,420,26.01,32.94,100549.23,274530.84,5.54,5.86,5.86,5.86,38.86,44.04,44.2,44.21,44.21,0.4,normal
2026-05-08 02:35:52,420,26,32.92,100549.11,277883.31,5.87,6.21,6.21,6.21,41.18,46.68,46.84,46.85,46.86,0.4,normal
2026-05-08 02:35:57,420,26.01,32.9,100548.41,276308.69,6.26,6.62,6.62,6.62,43.93,49.8,49.97,49.98,49.99,0.41,normal
2026-05-08 02:36:02,419,26.02,32.89,100547.8,274751.81,6.31,6.67,6.67,6.67,44.25,50.15,50.33,50.34,50.35,0.4,normal
2026-05-08 02:36:07,420,26.02,32.88,100547.65,276085.19,6.32,6.69,6.69,6.69,44.37,50.3,50.48,50.49,50.49,0.4,normal
2026-05-08 02:36:12,421,25.97,32.88,100547.74,277657.28,6.44,6.81,6.81,6.81,45.18,51.21,51.4,51.41,51.41,0.4,normal
2026-05-08 02:36:17,421,25.94,32.91,100550.02,275639.31,6.44,6.81,6.81,6.81,45.2,51.24,51.42,51.43,51.43,0.4,normal
2026-05-08 02:36:22,420,25.88,32.94,100549.3,278563.66,6.13,6.48,6.48,6.48,43.02,48.77,48.94,48.95,48.95,0.4,normal
2026-05-08 02:36:27,421,25.88,32.99,100549.08,277431.59,6.08,6.43,6.43,6.43,42.67,48.37,48.54,48.55,48.56,0.4,normal
2026-05-08 02:36:32,421,25.83,32.99,100547.94,283185.84,6.16,6.51,6.51,6.51,43.19,48.96,49.13,49.14,49.15,0.4,normal
2026-05-08 02:36:37,420,25.82,33.04,100547.57,279475.97,6.19,6.55,6.55,6.55,43.43,49.23,49.4,49.41,49.42,0.39,normal
2026-05-08 02:36:42,419,25.85,33.06,100549.04,277431.59,6.08,6.43,6.43,6.43,42.69,48.39,48.56,48.57,48.57,0.4,normal
2026-05-08 02:36:47,420,25.85,33.07,100548.28,276085.19,5.83,6.16,6.16,6.16,40.89,46.34,46.51,46.52,46.52,0.4,normal
2026-05-08 02:36:52,419,25.85,33.06,100548.12,279705,5.75,6.08,6.08,6.08,40.33,45.72,45.88,45.89,45.89,0.4,normal
2026-05-08 02:36:57,421,25.91,33.05,100547.17,277206.28,5.63,5.96,5.96,5.96,39.53,44.81,44.97,44.98,44.98,0.39,normal
2026-05-08 02:37:02,423,25.93,33.03,100548.27,277883.31,5.69,6.01,6.01,6.01,39.9,45.23,45.39,45.4,45.4,0.39,normal
2026-05-08 02:37:07,422,25.98,33.01,100548.34,276308.69,5.85,6.18,6.18,6.18,41.02,46.5,46.66,46.67,46.68,0.39,normal
2026-05-08 02:37:12,421,26.01,32.97,100548.21,278563.66,5.91,6.25,6.25,6.25,41.48,47.01,47.18,47.19,47.2,0.39,normal
2026-05-08 02:37:17,422,26.03,32.91,100549.58,278791.19,5.8,6.13,6.13,6.13,40.67,46.1,46.26,46.27,46.27,0.39,normal
2026-05-08 02:37:22,422,25.95,32.87,100547.75,279475.97,5.6,5.92,5.92,5.92,39.3,44.55,44.71,44.71,44.72,0.38,normal
2026-05-08 02:37:27,422,25.98,32.89,100547.91,280394.31,5.71,6.03,6.03,6.03,40.04,45.38,45.55,45.56,45.56,0.39,normal
2026-05-08 02:37:32,423,25.99,32.89,100548.58,277883.31,5.81,6.14,6.14,6.14,40.75,46.19,46.35,46.36,46.37,0.39,normal
2026-05-08 02:37:37,425,25.99,32.89,100548.98,278336.5,5.85,6.18,6.18,6.18,41.03,46.51,46.67,46.68,46.69,0.39,normal
2026-05-08 02:37:42,424,26.03,32.87,100547.06,278563.66,5.77,6.1,6.1,6.1,40.47,45.87,46.04,46.05,46.05,0.39,normal
2026-05-08 02:37:47,427,26.01,32.83,100548.48,280624.84,5.89,6.23,6.23,6.23,41.31,46.83,46.99,47,47.01,0.39,normal
2026-05-08 02:37:52,424,25.96,32.84,100548.58,282015.97,6.04,6.39,6.39,6.39,42.38,48.04,48.21,48.22,48.23,0.39,normal
2026-05-08 02:37:57,424,25.96,32.85,100548.38,281318.69,5.92,6.27,6.27,6.27,41.57,47.12,47.28,47.29,47.3,0.39,normal
2026-05-08 02:38:02,424,25.98,32.87,100548.44,279247.34,6.21,6.56,6.56,6.56,43.54,49.36,49.53,49.54,49.55,0.39,normal
2026-05-08 02:38:07,424,25.97,32.89,100547.94,281783.16,6.38,6.74,6.74,6.74,44.75,50.72,50.9,50.91,50.92,0.39,normal
2026-05-08 02:38:12,422,25.91,32.91,100549.52,281550.72,6.03,6.37,6.37,6.37,42.27,47.92,48.09,48.1,48.1,0.39,normal
2026-05-08 02:38:17,424,25.86,32.94,100548.98,281783.16,6.24,6.6,6.6,6.6,43.78,49.63,49.8,49.81,49.82,0.39,normal
2026-05-08 02:38:22,424,25.83,32.98,100548.5,281783.16,6.53,6.91,6.91,6.91,45.82,51.94,52.13,52.14,52.14,0.39,normal
2026-05-08 02:38:28,424,25.81,33.02,100547.9,282951.09,6.31,6.68,6.68,6.68,44.3,50.21,50.39,50.4,50.41,0.39,normal
2026-05-08 02:38:33,426,25.81,33.07,100548.68,282015.97,6.37,6.73,6.73,6.73,44.68,50.65,50.83,50.84,50.84,0.39,normal
2026-05-08 02:38:38,426,25.81,33.09,100549.65,284840.06,6.52,6.9,6.9,6.9,45.78,51.89,52.07,52.08,52.09,0.39,normal
2026-05-08 02:38:43,427,25.76,33.1,100548.18,285554.94,6.45,6.82,6.82,6.82,45.26,51.3,51.48,51.49,51.5,0.39,normal
2026-05-08 02:38:48,427,25.78,33.15,100548.6,283892.44,6.27,6.63,6.63,6.63,44.01,49.89,50.06,50.07,50.08,0.39,normal
2026-05-08 02:38:53,427,25.79,33.14,100548.54,282015.97,6.23,6.58,6.58,6.58,43.68,49.51,49.69,49.7,49.7,0.39,normal
2026-05-08 02:38:58,429,25.81,33.16,100548.34,283656.5,6.33,6.69,6.69,6.69,44.42,50.35,50.53,50.54,50.54,0.39,normal
2026-05-08 02:39:03,430,25.84,33.14,100549.96,281318.69,6.42,6.79,6.79,6.79,45.07,51.08,51.26,51.27,51.28,0.4,normal
2026-05-08 02:39:08,431,25.88,33.12,100549.27,282015.97,6.47,6.85,6.85,6.85,45.42,51.49,51.67,51.68,51.68,0.4,normal
2026-05-08 02:39:13,432,25.93,33.08,100550.61,281783.16,6.16,6.51,6.51,6.51,43.21,48.98,49.15,49.16,49.17,0.4,normal
2026-05-08 02:39:18,430,25.96,33.04,100549.72,281318.69,5.93,6.27,6.27,6.27,41.62,47.18,47.35,47.36,47.36,0.39,normal
2026-05-08 02:39:23,429,25.93,33.02,100549.34,280164.16,5.99,6.34,6.34,6.34,42.04,47.66,47.83,47.84,47.84,0.39,normal
2026-05-08 02:39:28,429,25.91,33,100550.37,281087.03,5.89,6.23,6.23,6.23,41.32,46.84,47.01,47.02,47.02,0.39,normal
2026-05-08 02:39:33,431,25.92,33.02,100550.76,281087.03,5.87,6.21,6.21,6.21,41.18,46.68,46.84,46.85,46.86,0.39,normal
2026-05-08 02:39:38,431,25.93,33.02,100550.86,282482.75,6.23,6.59,6.59,6.59,43.74,49.58,49.76,49.77,49.77,0.39,normal
2026-05-08 02:39:43,431,25.93,33.01,100549.5,281318.69,6.62,7,7,7,46.42,52.62,52.8,52.81,52.82,0.39,normal
2026-05-08 02:39:48,432,25.94,33,100550.72,281550.72,6.64,7.02,7.02,7.02,46.61,52.83,53.02,53.03,53.03,0.39,normal
2026-05-08 02:39:53,433,26,32.98,100550.31,280624.84,6.58,6.96,6.96,6.96,46.18,52.34,52.53,52.54,52.55,0.4,normal
2026-05-08 02:39:58,433,26.03,32.95,100550.27,279475.97,6.15,6.5,6.5,6.5,43.11,48.87,49.04,49.05,49.06,0.39,normal
2026-05-08 02:40:03,432,26.04,32.89,100550.23,281318.69,5.7,6.02,6.02,6.02,39.97,45.31,45.47,45.48,45.48,0.39,normal
2026-05-08 02:40:08,429,25.97,32.87,100548.99,286273.41,5.71,6.04,6.04,6.04,40.05,45.4,45.56,45.57,45.58,0.39,normal
2026-05-08 02:40:13,430,25.97,32.88,100549.69,285077.94,5.89,6.23,6.23,6.23,41.31,46.82,46.99,47,47,0.39,normal
2026-05-08 02:40:18,429,25.93,32.91,100550.57,284128.75,5.94,6.29,6.29,6.29,41.7,47.27,47.44,47.45,47.45,0.39,normal
2026-05-08 02:40:23,432,25.93,32.92,100550.56,284602.56,5.8,6.13,6.13,6.13,40.66,46.09,46.26,46.26,46.27,0.39,normal
2026-05-08 02:40:28,432,25.89,32.94,100549.8,284365.47,5.86,6.19,6.19,6.19,41.09,46.58,46.74,46.75,46.76,0.39,normal
2026-05-08 02:40:33,430,25.93,32.98,100550.97,284365.47,6.08,6.43,6.43,6.43,42.68,48.38,48.56,48.57,48.57,0.39,normal
2026-05-08 02:40:38,428,25.93,33.01,100549.85,285077.94,6.27,6.63,6.63,6.63,43.98,49.85,50.03,50.04,50.04,0.39,normal
2026-05-08 02:40:43,428,25.92,33,100550.7,285554.94,6.02,6.37,6.37,6.37,42.26,47.9,48.07,48.08,48.08,0.39,normal
2026-05-08 02:40:48,427,25.85,33,100550.36,285077.94,6.12,6.47,6.47,6.47,42.92,48.65,48.83,48.84,48.84,0.39,normal
2026-05-08 02:40:53,427,25.83,33.02,100550.04,286995.53,6.02,6.36,6.36,6.36,42.2,47.84,48.01,48.02,48.02,0.4,normal
2026-05-08 02:40:58,428,25.85,33.05,100550.63,285316.25,6.36,6.73,6.73,6.73,44.63,50.59,50.77,50.78,50.79,0.4,normal
2026-05-08 02:41:03,426,25.85,33.06,100548.52,286995.53,6.5,6.87,6.87,6.87,45.58,51.66,51.85,51.86,51.86,0.4,normal
2026-05-08 02:41:08,427,25.88,33.06,100551.11,285794.03,6.77,7.16,7.16,7.16,47.53,53.87,54.06,54.08,54.08,0.39,normal
2026-05-08 02:41:13,428,25.92,33.04,100551.25,286513.72,6.65,7.03,7.03,7.03,46.66,52.89,53.07,53.08,53.09,0.39,normal
2026-05-08 02:41:18,429,25.95,32.99,100551.51,284840.06,6.5,6.87,6.87,6.87,45.59,51.68,51.87,51.88,51.88,0.39,normal
2026-05-08 02:41:23,428,25.97,32.95,100550.65,283892.44,6.71,7.09,7.09,7.09,47.07,53.35,53.54,53.56,53.56,0.39,normal
2026-05-08 02:41:28,430,25.98,32.9,100551.77,286273.41,6.75,7.13,7.13,7.13,47.33,53.65,53.85,53.86,53.86,0.39,normal
2026-05-08 02:41:33,430,25.98,32.86,100549.94,286033.53,6.55,6.93,6.93,6.93,45.94,52.08,52.26,52.28,52.28,0.39,normal
2026-05-08 02:41:38,430,25.94,32.86,100550.88,287721.28,6.68,7.06,7.06,7.06,46.87,53.13,53.32,53.33,53.33,0.38,normal
2026-05-08 02:41:43,429,25.96,32.88,100552.39,286033.53,6.69,7.07,7.07,7.07,46.91,53.18,53.37,53.38,53.38,0.38,normal
2026-05-08 02:41:48,430,25.97,32.89,100551.42,285554.94,6.51,6.89,6.89,6.89,45.7,51.8,51.99,52,52,0.38,normal
2026-05-08 02:41:53,432,25.99,32.86,100551.2,287478.94,6.36,6.73,6.73,6.73,44.65,50.61,50.79,50.8,50.81,0.39,normal
2026-05-08 02:41:58,433,26.01,32.85,100550.85,285316.25,6.03,6.38,6.38,6.38,42.3,47.94,48.11,48.12,48.13,0.38,normal
2026-05-08 02:42:03,433,26.01,32.83,100550.59,285554.94,5.84,6.18,6.18,6.18,40.98,46.45,46.61,46.62,46.63,0.38,normal
2026-05-08 02:42:08,434,25.98,32.82,100551.02,288207.16,6,6.35,6.35,6.35,42.1,47.73,47.9,47.91,47.91,0.38,normal
2026-05-08 02:42:13,433,25.94,32.84,100551.26,288450.72,6.35,6.71,6.71,6.71,44.54,50.49,50.67,50.68,50.68,0.39,normal
2026-05-08 02:42:18,434,25.92,32.88,100550.94,287964,6.75,7.13,7.13,7.13,47.34,53.66,53.85,53.86,53.86,0.39,normal
2026-05-08 02:42:23,435,25.91,32.88,100552.36,287721.28,6.8,7.19,7.19,7.19,47.68,54.04,54.24,54.25,54.25,0.39,normal
2026-05-08 02:42:28,434,25.89,32.92,100551.52,291654.81,6.63,7.01,7.01,7.01,46.54,52.75,52.94,52.95,52.95,0.39,normal
2026-05-08 02:42:33,434,25.8,32.96,100550.91,290661.38,6.45,6.82,6.82,6.82,45.28,51.32,51.51,51.52,51.52,0.39,normal
2026-05-08 02:42:38,434,25.8,33.02,100551.48,290414.06,6.39,6.76,6.76,6.76,44.82,50.8,50.98,50.99,51,0.39,normal
2026-05-08 02:42:43,432,25.72,33.09,100551.16,289674.69,6.09,6.44,6.44,6.44,42.75,48.46,48.63,48.64,48.65,0.39,normal
2026-05-08 02:42:48,434,25.74,33.16,100550.77,288207.16,5.97,6.31,6.31,6.31,41.88,47.47,47.64,47.65,47.66,0.39,normal
2026-05-08 02:42:53,433,25.71,33.19,100551.2,290909.09,6.07,6.42,6.42,6.42,42.6,48.29,48.47,48.48,48.48,0.39,normal
2026-05-08 02:42:58,432,25.72,33.22,100549.35,290661.38,5.92,6.26,6.26,6.26,41.54,47.08,47.25,47.26,47.26,0.39,normal
2026-05-08 02:43:03,430,25.7,33.23,100551.3,291904.22,5.78,6.11,6.11,6.11,40.53,45.94,46.11,46.12,46.12,0.39,normal
2026-05-08 02:43:08,432,25.71,33.26,100549.93,290661.38,6.15,6.5,6.5,6.5,43.15,48.92,49.09,49.1,49.1,0.39,normal
2026-05-08 02:43:13,432,25.74,33.25,100551.66,290909.09,6.3,6.67,6.67,6.67,44.23,50.14,50.32,50.33,50.33,0.39,normal
2026-05-08 02:43:18,432,25.74,33.24,100550.92,292655.03,6.22,6.57,6.57,6.57,43.62,49.44,49.62,49.63,49.63,0.39,normal
2026-05-08 02:43:23,432,25.77,33.21,100552,291654.81,6.12,6.47,6.47,6.47,42.95,48.68,48.85,48.86,48.87,0.39,normal
2026-05-08 02:43:28,430,25.8,33.17,100552.65,292655.03,6.02,6.37,6.37,6.37,42.25,47.89,48.06,48.07,48.08,0.39,normal
2026-05-08 02:43:33,430,25.81,33.15,100552.38,291157.25,5.89,6.22,6.22,6.22,41.29,46.81,46.97,46.98,46.99,0.39,normal
2026-05-08 02:43:38,428,25.84,33.15,100551.8,291405.81,5.74,6.07,6.07,6.07,40.27,45.65,45.81,45.82,45.83,0.4,normal
2026-05-08 02:43:43,429,25.85,33.1,100551.26,290167.19,5.82,6.15,6.15,6.15,40.81,46.26,46.42,46.43,46.44,0.4,normal
2026-05-08 02:43:48,430,25.82,33.06,100551.35,292154.06,5.85,6.19,6.19,6.19,41.04,46.52,46.69,46.7,46.7,0.4,normal
2026-05-08 02:43:53,428,25.81,33.07,100551.55,290909.09,6.13,6.48,6.48,6.48,43,48.74,48.92,48.93,48.93,0.4,normal
2026-05-08 02:43:58,426,25.82,33.06,100551.8,290167.19,6.13,6.48,6.48,6.48,43,48.74,48.92,48.93,48.93,0.41,normal
2026-05-08 02:44:03,426,25.84,33.06,100553.35,291654.81,6.12,6.47,6.47,6.47,42.95,48.68,48.86,48.87,48.87,0.41,normal
2026-05-08 02:44:08,428,25.83,33.03,100552.23,291654.81,6.17,6.52,6.52,6.52,43.28,49.06,49.23,49.24,49.25,0.41,normal
2026-05-08 02:44:14,427,25.81,33.07,100551.49,290909.09,5.91,6.25,6.25,6.25,41.48,47.02,47.18,47.19,47.2,0.41,normal
2026-05-08 02:44:19,428,25.82,33.08,100552.75,291405.81,5.79,6.13,6.13,6.13,40.65,46.08,46.24,46.25,46.26,0.41,normal
2026-05-08 02:44:24,428,25.83,33.1,100552.71,290167.19,5.7,6.03,6.03,6.03,39.99,45.33,45.49,45.5,45.5,0.41,normal
2026-05-08 02:44:29,428,25.85,33.08,100552.8,291405.81,5.71,6.04,6.04,6.04,40.08,45.43,45.59,45.6,45.6,0.41,normal
2026-05-08 02:44:34,428,25.88,33.05,100553.33,290167.19,5.99,6.33,6.33,6.33,42.01,47.62,47.79,47.8,47.8,0.41,normal
2026-05-08 02:44:39,428,25.9,33.04,100552.4,291157.25,5.94,6.29,6.29,6.29,41.7,47.27,47.44,47.45,47.45,0.4,normal
2026-05-08 02:44:44,429,25.92,32.97,100552.84,289674.69,5.96,6.31,6.31,6.31,41.83,47.42,47.59,47.6,47.6,0.4,normal
2026-05-08 02:44:49,430,25.95,32.95,100553.94,290167.19,6.13,6.48,6.48,6.48,42.98,48.72,48.9,48.91,48.91,0.4,normal
2026-05-08 02:44:54,431,25.96,32.93,100552.61,290167.19,6.39,6.75,6.75,6.75,44.8,50.78,50.96,50.98,50.98,0.41,normal
2026-05-08 02:44:59,431,25.98,32.89,100552.81,291405.81,6.52,6.9,6.9,6.9,45.77,51.89,52.07,52.08,52.09,0.4,normal
2026-05-08 02:45:04,431,25.93,32.89,100551.56,291654.81,6.54,6.92,6.92,6.92,45.91,52.04,52.23,52.24,52.25,0.4,normal
2026-05-08 02:45:09,431,25.94,32.9,100553.01,290167.19,6.34,6.71,6.71,6.71,44.51,50.46,50.64,50.65,50.65,0.4,normal
2026-05-08 02:45:14,431,25.94,32.89,100551.23,288450.72,6.22,6.58,6.58,6.58,43.64,49.47,49.65,49.66,49.66,0.4,normal
2026-05-08 02:45:19,431,25.92,32.91,100552.3,288939.06,6.08,6.43,6.43,6.43,42.69,48.39,48.56,48.57,48.58,0.4,normal
2026-05-08 02:45:24,431,25.88,32.95,100551.42,289920.72,6.09,6.44,6.44,6.44,42.71,48.41,48.59,48.6,48.6,0.4,normal
2026-05-08 02:45:29,432,25.83,33.02,100551.3,292655.03,6.25,6.61,6.61,6.61,43.85,49.71,49.88,49.89,49.9,0.4,normal
2026-05-08 02:45:34,430,25.8,33.07,100553.06,294168.34,6.47,6.84,6.84,6.84,45.36,51.42,51.6,51.61,51.62,0.39,normal
2026-05-08 02:45:39,429,25.81,33.12,100550.91,292404.34,6.74,7.13,7.13,7.13,47.3,53.62,53.81,53.82,53.82,0.39,normal
2026-05-08 02:45:44,430,25.83,33.14,100551.45,291157.25,6.76,7.15,7.15,7.15,47.45,53.78,53.98,53.99,53.99,0.39,normal
2026-05-08 02:45:49,431,25.76,33.16,100551.99,294422.09,6.56,6.93,6.93,6.93,46,52.14,52.33,52.34,52.34,0.39,normal
2026-05-08 02:45:54,432,25.72,33.17,100551.1,292906.19,6.55,6.93,6.93,6.93,45.96,52.1,52.28,52.29,52.3,0.39,normal
2026-05-08 02:45:59,432,25.76,33.22,100551.12,291157.25,7,7.4,7.4,7.4,49.13,55.69,55.89,55.9,55.9,0.4,normal
2026-05-08 02:46:04,430,25.75,33.21,100552.15,291654.81,7.32,7.74,7.74,7.74,51.37,58.22,58.43,58.44,58.45,0.4,normal
2026-05-08 02:46:09,429,25.72,33.23,100549.63,291405.81,7.25,7.67,7.67,7.67,50.89,57.69,57.89,57.9,57.91,0.4,normal
2026-05-08 02:46:14,430,25.67,33.27,100550.55,293157.75,7.01,7.41,7.41,7.41,49.16,55.72,55.92,55.93,55.94,0.4,normal
2026-05-08 02:46:19,430,25.68,33.3,100550.48,293157.75,7.03,7.43,7.43,7.43,49.29,55.87,56.07,56.08,56.08,0.4,normal
2026-05-08 02:46:24,430,25.71,33.32,100549.21,293157.75,7.05,7.45,7.45,7.45,49.44,56.04,56.24,56.25,56.26,0.39,normal
2026-05-08 02:46:29,431,25.68,33.31,100549.48,292906.19,6.98,7.38,7.38,7.38,48.94,55.48,55.68,55.69,55.69,0.39,normal
2026-05-08 02:46:34,429,25.69,33.33,100551.23,293157.75,6.8,7.19,7.19,7.19,47.7,54.07,54.26,54.27,54.28,0.39,normal
2026-05-08 02:46:39,431,25.67,33.33,100549.98,296467.88,6.6,6.98,6.98,6.98,46.31,52.5,52.68,52.69,52.7,0.4,normal
2026-05-08 02:46:44,431,25.62,33.35,100549.23,295185.94,6.33,6.69,6.69,6.69,44.41,50.34,50.52,50.53,50.53,0.4,normal
2026-05-08 02:46:49,431,25.61,33.39,100549.54,295697.38,6.17,6.53,6.53,6.53,43.3,49.09,49.26,49.27,49.28,0.4,normal
2026-05-08 02:46:54,430,25.62,33.41,100549.26,293662.19,6.35,6.72,6.72,6.72,44.58,50.53,50.71,50.72,50.72,0.4,normal
2026-05-08 02:46:59,432,25.63,33.41,100550.16,294930.88,6.49,6.87,6.87,6.87,45.55,51.63,51.82,51.83,51.83,0.4,normal
2026-05-08 02:47:04,431,25.64,33.42,100548.92,295953.75,6.76,7.15,7.15,7.15,47.45,53.78,53.97,53.99,53.99,0.4,normal
2026-05-08 02:47:09,429,25.63,33.41,100549.37,294676.25,6.94,7.34,7.34,7.34,48.68,55.19,55.38,55.39,55.4,0.39,normal
2026-05-08 02:47:14,432,25.65,33.43,100549.88,294930.88,6.93,7.33,7.33,7.33,48.61,55.1,55.29,55.3,55.31,0.39,normal
2026-05-08 02:47:19,434,25.67,33.42,100551.5,294422.09,6.7,7.09,7.09,7.09,47.01,53.29,53.48,53.49,53.49,0.4,normal
2026-05-08 02:47:24,433,25.7,33.42,100549.05,294168.34,6.58,6.96,6.96,6.96,46.16,52.32,52.5,52.51,52.52,0.4,normal
2026-05-08 02:47:29,433,25.67,33.41,100551.03,294422.09,6.28,6.64,6.64,6.64,44.08,49.97,50.15,50.16,50.16,0.4,normal
2026-05-08 02:47:34,433,25.71,33.41,100549.01,294168.34,6.03,6.38,6.38,6.38,42.3,47.95,48.12,48.13,48.13,0.4,normal
2026-05-08 02:47:39,431,25.69,33.39,100549.83,295185.94,5.71,6.04,6.04,6.04,40.08,45.43,45.6,45.61,45.61,0.4,normal
2026-05-08 02:47:44,433,25.72,33.39,100549.86,294676.25,5.51,5.83,5.83,5.83,38.67,43.84,43.99,44,44.01,0.4,normal
2026-05-08 02:47:49,433,25.69,33.36,100550.27,298020.97,5.34,5.65,5.65,5.65,37.49,42.5,42.65,42.66,42.66,0.39,normal
2026-05-08 02:47:54,434,25.65,33.37,100549.62,297760.97,5.34,5.65,5.65,5.65,37.45,42.45,42.61,42.61,42.62,0.39,normal
2026-05-08 02:47:59,434,25.65,33.39,100550.83,297242.38,5.38,5.69,5.69,5.69,37.73,42.76,42.91,42.92,42.93,0.4,normal
2026-05-08 02:48:04,436,25.59,33.41,100548.54,299590.41,5.66,5.98,5.98,5.98,39.71,45.01,45.17,45.18,45.18,0.4,normal
2026-05-08 02:48:09,436,25.59,33.44,100548.95,299065.41,5.8,6.14,6.14,6.14,40.71,46.15,46.31,46.32,46.33,0.4,normal
2026-05-08 02:48:14,436,25.59,33.49,100550.42,299853.59,5.87,6.2,6.2,6.2,41.16,46.65,46.82,46.83,46.83,0.4,normal
2026-05-08 02:48:19,433,25.55,33.5,100548.66,300381.34,5.95,6.29,6.29,6.29,41.72,47.29,47.46,47.46,47.47,0.4,normal
2026-05-08 02:48:24,434,25.58,33.52,100549.42,299327.69,6.36,6.73,6.73,6.73,44.63,50.59,50.77,50.78,50.79,0.41,normal
2026-05-08 02:48:29,433,25.56,33.53,100549.47,299590.41,6.35,6.72,6.72,6.72,44.57,50.52,50.7,50.71,50.72,0.41,normal
2026-05-08 02:48:34,431,25.59,33.56,100549.66,300645.91,6.42,6.79,6.79,6.79,45.04,51.06,51.24,51.25,51.25,0.41,normal
2026-05-08 02:48:39,432,25.64,33.54,100549.06,299327.69,6.62,7,7,7,46.41,52.61,52.79,52.8,52.81,0.41,normal
2026-05-08 02:48:44,430,25.62,33.5,100549.42,298020.97,6.58,6.95,6.95,6.95,46.14,52.3,52.49,52.5,52.5,0.41,normal
2026-05-08 02:48:49,431,25.63,33.5,100550.32,298542.28,6.45,6.82,6.82,6.82,45.22,51.26,51.44,51.45,51.46,0.41,normal
2026-05-08 02:48:54,430,25.68,33.49,100550.25,296983.75,6.25,6.61,6.61,6.61,43.83,49.68,49.85,49.86,49.87,0.4,normal
2026-05-08 02:48:59,431,25.7,33.47,100549.55,295953.75,6.09,6.44,6.44,6.44,42.72,48.43,48.6,48.61,48.61,0.4,normal
2026-05-08 02:49:04,430,25.75,33.42,100551.29,295185.94,6.09,6.44,6.44,6.44,42.7,48.4,48.57,48.58,48.58,0.4,normal
2026-05-08 02:49:09,430,25.78,33.36,100550.89,295697.38,6.15,6.5,6.5,6.5,43.12,48.88,49.05,49.06,49.07,0.4,normal
2026-05-08 02:49:14,431,25.8,33.32,100550.11,295697.38,6.25,6.61,6.61,6.61,43.88,49.74,49.92,49.93,49.93,0.4,normal
2026-05-08 02:49:19,432,25.78,33.27,100551.07,296725.59,6.22,6.58,6.58,6.58,43.64,49.47,49.65,49.66,49.66,0.4,normal
2026-05-08 02:49:24,431,25.77,33.25,100552.12,294930.88,6.07,6.42,6.42,6.42,42.58,48.27,48.44,48.45,48.45,0.4,normal
2026-05-08 02:49:29,429,25.71,33.25,100549.84,297242.38,5.94,6.28,6.28,6.28,41.66,47.22,47.39,47.4,47.41,0.39,normal
2026-05-08 02:49:34,428,25.67,33.32,100550.2,296983.75,5.97,6.32,6.32,6.32,41.91,47.51,47.68,47.69,47.69,0.39,normal
2026-05-08 02:49:39,427,25.67,33.36,100550.8,296210.59,6.19,6.55,6.55,6.55,43.45,49.25,49.43,49.44,49.44,0.4,normal
2026-05-08 02:49:44,428,25.66,33.37,100550.52,299327.69,6.43,6.8,6.8,6.8,45.11,51.14,51.32,51.33,51.34,0.39,normal
2026-05-08 02:49:49,429,25.63,33.39,100550.16,299853.59,6.1,6.45,6.45,6.45,42.81,48.53,48.7,48.71,48.72,0.39,normal
2026-05-08 02:49:54,428,25.61,33.45,100549.3,300910.97,5.89,6.23,6.23,6.23,41.35,46.87,47.04,47.05,47.05,0.4,normal
2026-05-08 02:49:59,428,25.61,33.46,100549.42,298803.62,5.64,5.96,5.96,5.96,39.56,44.84,45,45.01,45.01,0.4,normal
2026-05-08 02:50:04,428,25.55,33.48,100548.95,300645.91,5.61,5.93,5.93,5.93,39.35,44.6,44.76,44.77,44.77,0.4,normal
2026-05-08 02:50:09,427,25.58,33.51,100549.7,301708.91,5.7,6.03,6.03,6.03,40.02,45.37,45.53,45.54,45.54,0.4,normal
2026-05-08 02:50:14,428,25.61,33.52,100551.54,298020.97,5.97,6.31,6.31,6.31,41.85,47.44,47.61,47.62,47.62,0.4,normal
2026-05-08 02:50:19,428,25.57,33.52,100550.3,299327.69,6.18,6.53,6.53,6.53,43.33,49.12,49.29,49.3,49.31,0.4,normal
2026-05-08 02:50:24,429,25.53,33.56,100549.23,300910.97,6.2,6.56,6.56,6.56,43.51,49.32,49.5,49.51,49.51,0.4,normal
2026-05-08 02:50:30,429,25.49,33.62,100548.73,300645.91,6.02,6.37,6.37,6.37,42.25,47.89,48.06,48.07,48.07,0.4,normal
2026-05-08 02:50:35,430,25.46,33.69,100549.81,302779.41,6.11,6.46,6.46,6.46,42.84,48.57,48.74,48.75,48.75,0.4,normal
2026-05-08 02:50:40,428,25.46,33.73,100549.83,302511.09,6.16,6.52,6.52,6.52,43.24,49.01,49.19,49.2,49.2,0.4,normal
2026-05-08 02:50:45,427,25.48,33.75,100549.23,301442.44,6.08,6.43,6.43,6.43,42.65,48.34,48.51,48.52,48.53,0.41,normal
2026-05-08 02:50:50,427,25.46,33.74,100549.47,302243.22,6.04,6.39,6.39,6.39,42.39,48.05,48.22,48.23,48.23,0.41,normal
2026-05-08 02:50:55,425,25.45,33.76,100548.61,302243.22,6.08,6.43,6.43,6.43,42.65,48.34,48.51,48.52,48.53,0.41,normal
2026-05-08 02:51:00,424,25.49,33.76,100548.47,301975.81,6.23,6.58,6.58,6.58,43.69,49.52,49.7,49.71,49.71,0.41,normal
2026-05-08 02:51:05,422,25.49,33.75,100549.93,303317.53,6.4,6.77,6.77,6.77,44.89,50.88,51.06,51.07,51.08,0.41,normal
2026-05-08 02:51:10,423,25.51,33.76,100549.96,301975.81,6.75,7.13,7.13,7.13,47.33,53.65,53.84,53.85,53.86,0.41,normal
2026-05-08 02:51:15,425,25.52,33.76,100548.66,300381.34,6.81,7.2,7.2,7.2,47.78,54.16,54.35,54.36,54.36,0.41,normal
2026-05-08 02:51:20,424,25.49,33.74,100549.74,303587.31,6.72,7.11,7.11,7.11,47.15,53.45,53.64,53.65,53.65,0.42,normal
2026-05-08 02:51:25,425,25.49,33.75,100549.45,301975.81,6.36,6.73,6.73,6.73,44.65,50.61,50.79,50.8,50.8,0.42,normal
2026-05-08 02:51:30,425,25.54,33.75,100549.55,300645.91,6.34,6.71,6.71,6.71,44.5,50.44,50.62,50.63,50.64,0.41,normal
2026-05-08 02:51:35,424,25.57,33.73,100548.92,299590.41,6.47,6.85,6.85,6.85,45.41,51.48,51.66,51.67,51.68,0.41,normal
2026-05-08 02:51:40,425,25.54,33.68,100547.78,303048.25,6.34,6.7,6.7,6.7,44.47,50.4,50.58,50.59,50.6,0.41,normal
2026-05-08 02:51:45,426,25.54,33.66,100548.94,301708.91,6.47,6.84,6.84,6.84,45.39,51.46,51.64,51.65,51.65,0.41,normal
2026-05-08 02:51:51,426,25.61,33.66,100549.3,297242.38,6.57,6.95,6.95,6.95,46.12,52.28,52.46,52.48,52.48,0.41,normal
2026-05-14 04:58:03,428,24.8,31.32,99289.21,516649.84,2.27,3.13,3.74,4.06,14.13,17.24,17.97,18.08,18.09,0.67,normal
2026-05-14 04:58:08,427,24.79,31.33,99289.8,517825.53,2.3,3.19,3.81,4.14,14.34,17.51,18.26,18.37,18.39,0.68,normal
2026-05-14 04:58:13,426,24.82,31.34,99290.43,517041.16,2.23,3.1,3.71,4.03,13.84,16.92,17.65,17.76,17.78,0.68,normal
2026-05-14 04:58:18,427,24.79,31.3,99291.39,518218.62,2.08,2.89,3.47,3.77,12.91,15.79,16.48,16.58,16.6,0.67,normal
2026-05-14 04:58:23,426,24.66,31.3,99290.55,524993.56,1.98,2.76,3.31,3.6,12.32,15.07,15.73,15.83,15.84,0.67,normal
2026-05-14 04:58:28,426,24.65,31.36,99289.17,521783.44,2.11,2.95,3.54,3.85,13.12,16.06,16.76,16.87,16.88,0.67,normal
2026-05-14 04:58:33,429,24.6,31.4,99286.94,527020.06,2.17,3.04,3.65,3.97,13.48,16.51,17.24,17.35,17.36,0.68,normal
2026-05-14 04:58:38,427,24.65,31.4,99288.86,527835.06,2.23,3.13,3.76,4.09,13.81,16.93,17.68,17.79,17.81,0.67,normal
2026-05-14 04:58:43,427,24.68,31.35,99289.27,523383.59,2.09,2.93,3.52,3.83,12.91,15.83,16.54,16.65,16.66,0.68,normal
2026-05-14 04:58:48,428,24.68,31.31,99288,527835.06,2.1,2.96,3.57,3.89,12.95,15.9,16.63,16.74,16.76,0.68,normal
2026-05-14 04:58:53,428,24.71,31.27,99288.34,527427.25,1.96,2.77,3.34,3.64,12.08,14.84,15.53,15.63,15.64,0.68,normal
2026-05-14 04:58:58,426,24.76,31.24,99288.52,524993.56,1.77,2.5,3.02,3.29,10.92,13.42,14.03,14.13,14.14,0.68,normal
2026-05-14 04:59:03,427,24.79,31.19,99288.77,524590.19,1.7,2.4,2.89,3.15,10.49,12.88,13.47,13.56,13.57,0.67,normal
2026-05-14 04:59:08,429,24.81,31.14,99289.18,525397.62,1.63,2.3,2.77,3.02,10.08,12.37,12.94,13.02,13.03,0.68,normal
2026-05-14 04:59:13,428,24.83,31.08,99289.56,521783.44,1.7,2.39,2.88,3.14,10.48,12.86,13.45,13.54,13.55,0.68,normal
2026-05-14 04:59:18,428,24.84,31.05,99289.04,521783.44,1.63,2.29,2.76,3.01,10.04,12.33,12.89,12.98,12.99,0.68,normal
2026-05-14 04:59:23,428,24.87,31.04,99288.34,517041.16,1.58,2.22,2.67,2.91,9.74,11.95,12.49,12.57,12.58,0.67,normal
2026-05-14 04:59:28,429,24.87,30.97,99288.45,520589.72,1.63,2.28,2.75,2.99,10.08,12.35,12.91,12.99,13,0.67,normal
2026-05-14 04:59:33,429,24.86,30.94,99288.22,520589.72,1.65,2.3,2.76,3,10.2,12.49,13.05,13.13,13.14,0.67,normal
2026-05-14 04:59:38,431,24.79,30.94,99289.4,524590.19,1.55,2.15,2.58,2.81,9.59,11.73,12.25,12.32,12.34,0.67,normal
2026-05-14 04:59:43,430,24.76,31.01,99286.53,523785.16,1.52,2.12,2.53,2.75,9.47,11.58,12.08,12.15,12.16,0.66,normal
2026-05-14 04:59:48,430,24.78,31.11,99289.7,521783.44,1.62,2.24,2.68,2.91,10.07,12.3,12.82,12.9,12.91,0.67,normal
2026-05-14 04:59:53,428,24.79,31.12,99287.29,521783.44,1.82,2.52,3.01,3.27,11.35,13.86,14.45,14.53,14.55,0.66,normal
2026-05-14 04:59:58,428,24.81,31.07,99288.83,519796.97,1.99,2.75,3.28,3.56,12.41,15.13,15.77,15.86,15.88,0.66,normal
2026-05-14 05:00:03,427,24.85,31.06,99286.98,520193.03,2.1,2.89,3.44,3.72,13.12,15.98,16.64,16.74,16.75,0.66,normal
2026-05-14 05:00:08,427,24.86,31.01,99287.69,523785.16,2.09,2.87,3.41,3.69,13.1,15.94,16.59,16.69,16.7,0.65,normal
2026-05-14 05:00:13,426,24.85,31,99288.14,523785.16,2.09,2.85,3.38,3.66,13.1,15.92,16.56,16.66,16.67,0.65,normal
2026-05-14 05:00:18,425,24.82,30.99,99286.94,527427.25,2.08,2.83,3.35,3.63,13.07,15.87,16.5,16.59,16.61,0.65,normal
2026-05-14 05:00:23,427,24.83,30.98,99287.24,525397.62,2.05,2.78,3.28,3.55,12.88,15.62,16.24,16.32,16.34,0.64,normal
2026-05-14 05:00:28,425,24.84,30.94,99288.2,522182.56,2.05,2.78,3.28,3.54,12.95,15.68,16.29,16.38,16.39,0.64,normal
2026-05-14 05:00:33,424,24.86,30.93,99285.71,524187.34,1.97,2.65,3.12,3.36,12.42,15.02,15.59,15.68,15.69,0.64,normal
2026-05-14 05:00:38,425,24.84,30.9,99287.31,523383.59,2.09,2.81,3.3,3.56,13.26,16.02,16.62,16.71,16.72,0.64,normal
2026-05-14 05:00:43,427,24.84,30.91,99286.06,522982.62,2.19,2.93,3.44,3.71,13.87,16.75,17.37,17.46,17.48,0.64,normal
2026-05-14 05:00:48,426,24.85,30.87,99286.84,525397.62,2.38,3.19,3.74,4.03,15.1,18.23,18.9,19,19.01,0.65,normal
2026-05-14 05:00:53,429,24.86,30.85,99286.73,526207.62,2.33,3.13,3.67,3.96,14.75,17.82,18.48,18.58,18.59,0.65,normal
2026-05-14 05:00:58,427,24.78,30.86,99287.19,525397.62,2.15,2.88,3.39,3.66,13.58,16.41,17.03,17.12,17.13,0.64,normal
2026-05-14 05:01:03,427,24.77,30.91,99287.97,529883.56,1.98,2.67,3.14,3.38,12.55,15.17,15.74,15.83,15.84,0.65,normal
2026-05-14 05:01:08,426,24.76,30.99,99286.92,522582.28,1.85,2.49,2.94,3.17,11.72,14.17,14.71,14.79,14.8,0.65,normal
2026-05-14 05:01:13,426,24.74,31.05,99286.45,523383.59,1.67,2.25,2.64,2.85,10.55,12.76,13.24,13.31,13.32,0.65,normal
2026-05-14 05:01:18,426,24.72,31.13,99285.81,527020.06,1.54,2.08,2.44,2.63,9.76,11.8,12.25,12.32,12.33,0.64,normal
2026-05-14 05:01:23,427,24.74,31.15,99286.63,520987.03,1.48,1.99,2.33,2.52,9.37,11.33,11.75,11.81,11.82,0.64,normal
2026-05-14 05:01:28,427,24.78,31.1,99286.47,524187.34,1.43,1.91,2.24,2.41,9.04,10.91,11.31,11.37,11.38,0.64,normal
2026-05-14 05:01:33,426,24.78,31.04,99287.44,525802.31,1.37,1.83,2.14,2.31,8.67,10.46,10.85,10.9,10.91,0.64,normal
2026-05-14 05:01:38,426,24.81,30.98,99287.53,525802.31,1.29,1.72,2.02,2.18,8.19,9.88,10.24,10.3,10.3,0.64,normal
2026-05-14 05:01:43,422,24.81,30.98,99287.53,528652.56,1.32,1.76,2.06,2.22,8.39,10.11,10.48,10.54,10.54,0.64,normal
2026-05-14 05:01:48,421,24.72,30.96,99287.23,529062.25,1.32,1.75,2.05,2.21,8.36,10.08,10.44,10.49,10.5,0.64,normal
2026-05-14 05:01:53,421,24.69,31.03,99286.26,531533.88,1.38,1.84,2.15,2.31,8.78,10.58,10.96,11.01,11.02,0.64,normal
2026-05-14 05:01:58,422,24.72,31.13,99286.83,523785.16,1.34,1.78,2.08,2.24,8.52,10.26,10.63,10.68,10.69,0.64,normal
2026-05-14 05:02:03,423,24.73,31.17,99286.93,526613.5,1.44,1.92,2.25,2.42,9.19,11.06,11.46,11.52,11.53,0.63,normal
2026-05-14 05:02:08,422,24.73,31.12,99287.05,523785.16,1.69,2.25,2.62,2.82,10.77,12.97,13.43,13.5,13.51,0.63,normal
2026-05-14 05:02:13,420,24.75,31.08,99286.43,522582.28,1.82,2.4,2.8,3.01,11.58,13.93,14.42,14.49,14.5,0.62,normal
2026-05-14 05:02:18,417,24.75,31.06,99285.15,525802.31,1.92,2.53,2.95,3.16,12.25,14.72,15.22,15.3,15.31,0.62,normal
2026-05-14 05:02:23,418,24.77,31.06,99287.58,525397.62,1.85,2.43,2.83,3.04,11.84,14.21,14.69,14.76,14.77,0.62,normal
2026-05-14 05:02:28,420,24.82,30.98,99285.51,517825.53,1.76,2.31,2.68,2.88,11.25,13.5,13.96,14.03,14.04,0.62,normal
2026-05-14 05:02:33,420,24.88,30.91,99286.03,519006.59,1.8,2.37,2.74,2.94,11.54,13.84,14.31,14.38,14.39,0.62,normal
2026-05-14 05:02:38,421,24.92,30.87,99285.42,521384.94,1.99,2.6,3.02,3.24,12.72,15.26,15.77,15.84,15.86,0.62,normal
2026-05-14 05:02:43,420,24.95,30.81,99284.95,523383.59,2.05,2.69,3.12,3.34,13.13,15.75,16.28,16.36,16.37,0.62,normal
2026-05-14 05:02:48,419,24.94,30.78,99285.64,523383.59,1.97,2.59,3.01,3.23,12.63,15.15,15.67,15.74,15.75,0.63,normal
2026-05-14 05:02:53,417,24.92,30.79,99286.45,524590.19,1.83,2.41,2.8,3,11.72,14.07,14.54,14.61,14.62,0.62,normal
2026-05-14 05:02:58,417,24.89,30.8,99285.9,526207.62,1.76,2.31,2.69,2.88,11.26,13.51,13.97,14.04,14.05,0.62,normal
2026-05-14 05:03:03,417,24.85,30.82,99285.76,525802.31,1.67,2.19,2.54,2.73,10.67,12.81,13.24,13.3,13.31,0.62,normal
2026-05-14 05:03:08,415,24.89,30.86,99284.87,519006.59,1.53,2.01,2.33,2.5,9.82,11.78,12.18,12.23,12.24,0.62,normal
2026-05-14 05:03:13,413,24.88,30.88,99285.48,521384.94,1.42,1.87,2.17,2.32,9.12,10.94,11.31,11.36,11.37,0.62,normal
2026-05-14 05:03:18,411,24.86,30.86,99285.49,524993.56,1.47,1.93,2.24,2.4,9.39,11.27,11.65,11.71,11.71,0.62,normal
2026-05-14 05:03:23,414,24.88,30.86,99285.45,522182.56,1.76,2.33,2.71,2.91,11.27,13.54,14.01,14.08,14.09,0.63,normal
2026-05-14 05:03:28,413,24.78,30.85,99286.27,526613.5,1.82,2.41,2.81,3.02,11.6,13.95,14.44,14.51,14.52,0.63,normal
2026-05-14 05:03:33,412,24.77,30.91,99286.23,528243.5,2,2.64,3.09,3.32,12.72,15.3,15.84,15.92,15.93,0.63,normal
2026-05-14 05:03:38,411,24.81,30.95,99286.73,523785.16,2.02,2.68,3.13,3.36,12.85,15.47,16.02,16.1,16.11,0.63,normal
2026-05-14 05:03:43,411,24.8,30.93,99286.29,526613.5,1.98,2.63,3.08,3.31,12.62,15.19,15.73,15.81,15.82,0.63,normal
2026-05-14 05:03:49,411,24.82,30.88,99286.2,524187.34,1.85,2.46,2.88,3.09,11.79,14.2,14.71,14.78,14.79,0.63,normal
2026-05-14 05:03:54,413,24.82,30.87,99284.5,522582.28,1.83,2.42,2.83,3.04,11.62,13.99,14.49,14.56,14.57,0.63,normal
2026-05-14 05:03:59,413,24.84,30.86,99283.58,524993.56,1.78,2.37,2.77,2.98,11.36,13.68,14.16,14.24,14.25,0.63,normal
2026-05-14 05:04:04,410,24.86,30.83,99284.26,523383.59,1.88,2.5,2.92,3.13,11.96,14.4,14.91,14.99,15,0.63,normal
2026-05-14 05:04:09,411,24.85,30.79,99285.44,526207.62,2.08,2.76,3.23,3.47,13.27,15.98,16.54,16.62,16.64,0.63,normal
2026-05-14 05:04:14,411,24.87,30.77,99286.12,524993.56,2.08,2.76,3.22,3.46,13.28,15.98,16.54,16.62,16.63,0.63,normal
2026-05-14 05:04:19,412,24.88,30.74,99284.7,526613.5,2.05,2.71,3.16,3.4,13.07,15.72,16.27,16.35,16.36,0.63,normal
2026-05-14 05:04:24,412,24.89,30.72,99283.23,522982.62,2.18,2.89,3.37,3.62,13.92,16.74,17.33,17.42,17.43,0.63,normal
2026-05-14 05:04:29,413,24.88,30.7,99283.68,528652.56,2.14,2.84,3.31,3.55,13.67,16.44,17.02,17.1,17.11,0.63,normal
2026-05-14 05:04:34,412,24.86,30.7,99286.2,528652.56,2.46,3.27,3.81,4.1,15.7,18.89,19.56,19.66,19.67,0.63,normal
2026-05-14 05:04:39,413,24.86,30.71,99285.06,525397.62,2.86,3.8,4.44,4.77,18.2,21.91,22.69,22.8,22.82,0.63,normal
2026-05-14 05:04:44,412,24.86,30.68,99286.67,524187.34,2.83,3.76,4.4,4.73,18.01,21.7,22.47,22.59,22.6,0.63,normal
2026-05-14 05:04:49,413,24.85,30.68,99286.26,527835.06,2.76,3.67,4.29,4.62,17.53,21.12,21.88,21.99,22.01,0.64,normal
2026-05-14 05:04:54,411,24.86,30.72,99285.61,526613.5,2.58,3.44,4.03,4.33,16.43,19.8,20.51,20.62,20.63,0.63,normal
2026-05-14 05:04:59,409,24.85,30.73,99284.78,524993.56,2.24,2.99,3.5,3.77,14.25,17.18,17.81,17.9,17.91,0.64,normal
2026-05-14 05:05:04,409,24.83,30.78,99285.65,524590.19,1.99,2.65,3.11,3.34,12.65,15.25,15.81,15.89,15.9,0.63,normal
2026-05-14 05:05:09,408,24.82,30.83,99286.8,527835.06,1.92,2.56,2.99,3.22,12.21,14.72,15.25,15.33,15.34,0.63,normal
2026-05-14 05:05:14,408,24.84,30.85,99285.94,528243.5,2.06,2.74,3.2,3.45,13.11,15.8,16.36,16.44,16.46,0.63,normal
2026-05-14 05:05:19,410,24.85,30.81,99286.59,526207.62,2.51,3.34,3.9,4.19,15.99,19.25,19.94,20.04,20.05,0.63,normal
2026-05-14 05:05:24,410,24.81,30.88,99285.62,519401.47,2.53,3.36,3.93,4.23,16.09,19.39,20.08,20.18,20.2,0.63,normal
2026-05-14 05:05:29,411,24.8,30.93,99286.38,527020.06,2.32,3.09,3.61,3.89,14.75,17.78,18.42,18.51,18.52,0.63,normal
2026-05-14 05:05:34,410,24.82,30.91,99286,524993.56,2.27,3.02,3.54,3.81,14.4,17.36,17.99,18.08,18.09,0.63,normal
2026-05-14 05:05:39,409,24.52,30.87,99284.95,529883.56,2.26,3.01,3.52,3.79,14.35,17.3,17.92,18.01,18.03,0.63,normal
2026-05-14 05:05:44,409,24.49,31.03,99285.23,538663.88,2.18,2.9,3.39,3.65,13.83,16.67,17.27,17.36,17.37,0.63,normal
2026-05-14 05:05:49,408,24.5,31.13,99284.11,536547,2.11,2.81,3.28,3.53,13.42,16.16,16.75,16.83,16.84,0.63,normal
2026-05-14 05:05:54,407,24.51,31.23,99284.12,530295.19,2.04,2.71,3.16,3.4,12.96,15.6,16.16,16.24,16.25,0.63,normal
2026-05-14 05:05:59,408,24.42,31.26,99282.36,534028.69,1.97,2.62,3.06,3.29,12.56,15.12,15.66,15.74,15.75,0.63,normal
2026-05-14 05:06:04,407,24.41,31.36,99282.67,531533.88,1.98,2.63,3.07,3.3,12.59,15.16,15.7,15.77,15.79,0.63,normal
2026-05-14 05:06:09,406,24.55,31.45,99283.27,527020.06,2.01,2.67,3.12,3.36,12.82,15.43,15.98,16.06,16.07,0.63,normal
2026-05-14 05:06:14,407,24.6,31.38,99286.12,529062.25,1.78,2.36,2.75,2.96,11.32,13.62,14.1,14.17,14.18,0.63,normal
2026-05-14 05:06:19,409,24.58,31.25,99284.97,532778.38,1.63,2.16,2.52,2.71,10.37,12.48,12.92,12.99,13,0.63,normal
2026-05-14 05:06:24,410,24.48,31.17,99284.05,530295.19,1.57,2.08,2.43,2.61,10,12.03,12.46,12.52,12.53,0.63,normal
2026-05-14 05:06:29,413,24.46,31.19,99284.3,534028.69,1.41,1.86,2.18,2.34,8.98,10.8,11.18,11.23,11.24,0.63,normal
2026-05-14 05:06:34,414,24.36,31.28,99285.56,531533.88,1.29,1.71,1.99,2.14,8.24,9.91,10.26,10.31,10.32,0.63,normal
2026-05-14 05:06:39,414,24.37,31.41,99285.52,534028.69,1.44,1.91,2.23,2.39,9.19,11.05,11.44,11.5,11.51,0.63,normal
2026-05-14 05:06:44,414,24.41,31.42,99284.63,530295.19,1.47,1.94,2.27,2.44,9.34,11.24,11.63,11.69,11.7,0.63,normal
2026-05-14 05:06:49,415,24.42,31.41,99283.52,531948.06,1.6,2.12,2.48,2.66,10.21,12.28,12.72,12.78,12.79,0.63,normal
2026-05-14 05:06:54,416,24.42,31.38,99282.98,532778.38,1.59,2.1,2.45,2.64,10.13,12.18,12.61,12.67,12.68,0.63,normal
2026-05-14 05:06:59,415,24.46,31.41,99283.09,531533.88,1.55,2.05,2.4,2.57,9.9,11.9,12.32,12.38,12.39,0.63,normal
2026-05-14 05:07:04,416,24.51,31.39,99283.3,527427.25,1.65,2.2,2.57,2.76,10.54,12.68,13.14,13.2,13.21,0.64,normal
2026-05-14 05:07:09,416,24.56,31.26,99283.59,529883.56,1.74,2.31,2.71,2.91,11.03,13.29,13.77,13.84,13.85,0.64,normal
2026-05-14 05:07:14,417,24.54,31.16,99284.54,535704.94,1.63,2.18,2.56,2.75,10.37,12.5,12.96,13.03,13.04,0.64,normal
2026-05-14 05:07:19,416,24.59,31.12,99285.16,533194.5,1.6,2.14,2.52,2.71,10.13,12.23,12.69,12.75,12.76,0.65,normal
2026-05-14 05:07:24,417,24.62,31.07,99286.91,529883.56,1.57,2.12,2.49,2.68,9.97,12.04,12.5,12.56,12.57,0.65,normal
2026-05-14 05:07:29,417,24.61,31.05,99287.76,536547,1.64,2.2,2.58,2.79,10.36,12.52,12.99,13.06,13.07,0.64,normal
2026-05-14 05:07:34,416,24.61,31.04,99286.35,531533.88,1.71,2.3,2.7,2.91,10.84,13.09,13.58,13.65,13.66,0.64,normal
2026-05-14 05:07:39,417,24.62,31.04,99285.4,530707.44,1.83,2.46,2.89,3.11,11.57,13.98,14.5,14.58,14.59,0.65,normal
2026-05-14 05:07:44,417,24.65,31.06,99286.03,531948.06,1.89,2.54,2.99,3.23,11.93,14.42,14.97,15.05,15.06,0.65,normal
2026-05-14 05:07:49,415,24.53,31.09,99283.79,533611.25,1.88,2.54,3,3.23,11.86,14.36,14.91,14.99,15.01,0.66,normal
2026-05-14 05:07:54,416,24.57,31.1,99285.09,531533.88,2.06,2.79,3.3,3.56,12.96,15.7,16.32,16.41,16.42,0.66,normal
2026-05-14 05:07:59,413,24.58,31.11,99285.21,528243.5,2.13,2.9,3.43,3.71,13.37,16.23,16.87,16.97,16.98,0.66,normal
2026-05-14 05:08:04,412,24.44,31.07,99283.91,538663.88,2.09,2.85,3.38,3.65,13.1,15.91,16.55,16.65,16.66,0.66,normal
2026-05-14 05:08:09,412,24.42,31.15,99283.59,536125.62,2.27,3.08,3.65,3.95,14.24,17.28,17.97,18.07,18.09,0.65,normal
2026-05-14 05:08:14,415,24.52,31.25,99284.97,529062.25,2.26,3.08,3.64,3.94,14.22,17.26,17.94,18.04,18.06,0.66,normal
2026-05-14 05:08:19,414,24.54,31.23,99283.81,535704.94,2.1,2.86,3.38,3.65,13.23,16.04,16.68,16.77,16.78,0.65,normal
2026-05-14 05:08:24,412,24.58,31.17,99284.99,528243.5,2.11,2.86,3.38,3.65,13.27,16.09,16.72,16.81,16.83,0.65,normal
2026-05-14 05:08:29,411,24.61,31.14,99285.4,531948.06,1.92,2.59,3.06,3.31,12.09,14.65,15.21,15.3,15.31,0.64,normal
2026-05-14 05:08:34,411,24.64,31.05,99285.18,527427.25,1.81,2.44,2.88,3.1,11.42,13.82,14.35,14.43,14.44,0.65,normal
2026-05-14 05:08:39,408,24.59,30.99,99284.78,534446.75,1.87,2.52,2.97,3.2,11.81,14.29,14.83,14.91,14.92,0.65,normal
2026-05-14 05:08:44,407,24.25,31,99282.7,544680.88,2.02,2.73,3.22,3.47,12.79,15.48,16.07,16.15,16.16,0.65,normal
2026-05-14 05:08:49,407,24.27,31.18,99282.88,543813.06,2.14,2.88,3.39,3.66,13.5,16.34,16.96,17.05,17.06,0.65,normal
2026-05-14 05:08:54,405,24.34,31.36,99282.57,534028.69,2.27,3.05,3.6,3.88,14.36,17.36,18.02,18.11,18.13,0.65,normal
2026-05-14 05:08:59,405,24.35,31.38,99283.7,539089.25,2.27,3.06,3.6,3.88,14.35,17.36,18.01,18.11,18.13,0.65,normal
2026-05-14 05:09:04,405,24.43,31.29,99283.03,531948.06,4.2,5.66,6.66,7.19,26.52,32.09,33.31,33.49,33.51,0.65,normal
2026-05-14 05:09:09,403,24.46,31.21,99282.89,537391.75,4.21,5.67,6.68,7.21,26.6,32.18,33.4,33.58,33.61,0.66,normal
2026-05-14 05:09:14,403,24.47,31.15,99284.58,536547,3.55,4.78,5.63,6.08,22.41,27.11,28.14,28.29,28.32,0.66,normal
2026-05-14 05:09:19,404,24.52,31.1,99283.24,534865.5,3.2,4.3,5.07,5.46,20.25,24.48,25.4,25.53,25.55,0.65,normal
2026-05-14 05:09:24,405,24.53,31.06,99285.12,536547,2.85,3.82,4.49,4.83,18.04,21.79,22.6,22.72,22.73,0.65,normal
2026-05-14 05:09:29,404,24.54,31,99283.76,534028.69,2.58,3.44,4.04,4.35,16.34,19.72,20.45,20.55,20.57,0.65,normal
2026-05-14 05:09:34,405,24.43,31.02,99282.8,538663.88,2.26,3.02,3.54,3.81,14.39,17.35,17.98,18.07,18.08,0.65,normal
2026-05-14 05:09:39,406,24.45,31.08,99282.24,534865.5,1.95,2.59,3.04,3.27,12.36,14.9,15.44,15.52,15.53,0.65,normal
2026-05-14 05:09:44,407,24.51,31.09,99282.69,536969.06,1.78,2.37,2.77,2.98,11.28,13.6,14.09,14.17,14.18,0.65,normal
2026-05-14 05:09:49,409,24.52,31.03,99284.68,531948.06,1.89,2.51,2.94,3.16,12.01,14.47,14.99,15.06,15.08,0.65,normal
2026-05-14 05:09:54,411,24.54,30.96,99284.16,533194.5,2.03,2.7,3.16,3.4,12.93,15.57,16.13,16.21,16.23,0.65,normal
2026-05-14 05:09:59,412,24.51,30.93,99283.3,535284.88,2.23,2.96,3.45,3.71,14.17,17.06,17.67,17.76,17.77,0.65,normal
2026-05-14 05:10:04,412,24.46,30.94,99284.23,537815.12,2.29,3.04,3.55,3.81,14.6,17.57,18.19,18.28,18.3,0.65,normal
2026-05-14 05:10:09,412,24.36,30.97,99285.02,545987.75,2.28,3.02,3.52,3.78,14.5,17.45,18.07,18.15,18.17,0.66,normal
2026-05-14 05:10:14,411,24.33,31.08,99285.12,543380.19,2.1,2.78,3.25,3.5,13.37,16.1,16.67,16.75,16.76,0.66,normal
2026-05-14 05:10:19,413,24.37,31.16,99284.08,538239.19,2.02,2.68,3.13,3.37,12.83,15.46,16.01,16.09,16.1,0.66,normal
2026-05-14 05:10:24,412,24.36,31.2,99282.92,539942,1.96,2.61,3.06,3.29,12.47,15.03,15.57,15.65,15.66,0.66,normal
2026-05-14 05:10:30,411,24.39,31.12,99282.86,537391.75,2.02,2.7,3.17,3.41,12.8,15.45,16.02,16.1,16.11,0.67,normal
2026-05-14 05:10:35,410,24.4,31.09,99283.18,543380.19,2.01,2.69,3.16,3.4,12.71,15.35,15.92,16,16.02,0.67,normal
2026-05-14 05:10:40,410,24.43,31.09,99283,540369.38,1.94,2.61,3.07,3.31,12.26,14.83,15.39,15.47,15.48,0.67,normal
2026-05-14 05:10:45,407,24.44,31.1,99283.77,542085.75,1.9,2.57,3.03,3.27,12.01,14.53,15.09,15.17,15.18,0.68,normal
2026-05-14 05:10:50,407,24.48,31.09,99285.02,536125.62,2.07,2.81,3.31,3.58,13.06,15.82,16.44,16.53,16.54,0.67,normal
2026-05-14 05:10:55,408,24.47,31.07,99282.97,537815.12,2.39,3.23,3.82,4.12,15.05,18.24,18.95,19.05,19.07,0.67,normal
2026-05-14 05:11:00,408,24.46,31.08,99283.94,537391.75,2.3,3.12,3.68,3.98,14.53,17.61,18.29,18.39,18.4,0.67,normal
2026-05-14 05:11:05,407,24.45,31.09,99284.8,537391.75,2.16,2.94,3.47,3.75,13.63,16.52,17.17,17.27,17.28,0.68,normal
2026-05-14 05:11:10,407,24.47,31.12,99284.71,536969.06,1.98,2.69,3.19,3.45,12.43,15.09,15.69,15.78,15.79,0.67,normal
2026-05-14 05:11:15,407,24.49,31.09,99284.59,533194.5,1.86,2.53,3,3.25,11.67,14.17,14.74,14.82,14.83,0.67,normal
2026-05-14 05:11:20,406,24.51,31.03,99285.62,533611.25,1.8,2.45,2.91,3.15,11.27,13.7,14.25,14.33,14.34,0.68,normal
2026-05-14 05:11:25,406,24.52,31.01,99285.27,534446.75,1.67,2.28,2.71,2.94,10.47,12.73,13.25,13.32,13.33,0.68,normal
2026-05-14 05:11:30,408,24.56,30.97,99285.55,531948.06,1.84,2.53,3.01,3.27,11.53,14.04,14.62,14.7,14.71,0.68,normal
2026-05-14 05:11:35,407,24.6,30.82,99285.44,534865.5,2.06,2.85,3.4,3.69,12.86,15.69,16.35,16.45,16.46,0.69,normal
2026-05-14 05:11:40,409,24.58,30.8,99285.69,532362.88,1.99,2.75,3.29,3.58,12.36,15.1,15.75,15.84,15.86,0.69,normal
2026-05-14 05:11:45,411,24.57,30.84,99287.26,534865.5,1.93,2.69,3.22,3.5,12.03,14.7,15.34,15.43,15.45,0.7,normal
2026-05-14 05:11:50,409,24.51,30.88,99286.14,536969.06,1.92,2.67,3.2,3.48,11.91,14.57,15.21,15.3,15.31,0.69,normal
2026-05-14 05:11:55,410,24.41,30.94,99285.86,536969.06,1.92,2.67,3.21,3.49,11.88,14.54,15.18,15.28,15.29,0.69,normal
2026-05-14 05:12:00,408,24.23,31.05,99287.05,542085.75,1.92,2.67,3.21,3.49,11.9,14.56,15.2,15.29,15.31,0.69,normal
2026-05-14 05:12:05,409,24.12,31.22,99284.59,542516.56,2.01,2.81,3.38,3.67,12.49,15.29,15.97,16.07,16.08,0.69,normal
2026-05-14 05:12:10,410,24.21,31.38,99283.47,540797.44,2.1,2.94,3.54,3.85,13.01,15.95,16.66,16.77,16.78,0.7,normal
2026-05-14 05:12:15,410,24.27,31.44,99285,534865.5,2.04,2.87,3.46,3.77,12.62,15.49,16.19,16.3,16.31,0.7,normal
2026-05-14 05:12:20,408,24.27,31.39,99286.31,542085.75,1.96,2.76,3.33,3.62,12.14,14.9,15.57,15.67,15.69,0.69,normal
2026-05-14 05:12:25,408,24.31,31.35,99284.16,541226.19,1.85,2.59,3.12,3.4,11.43,14.02,14.65,14.74,14.76,0.69,normal
2026-05-14 05:12:30,409,24.33,31.3,99282.91,544246.62,1.73,2.43,2.92,3.18,10.71,13.13,13.72,13.81,13.82,0.69,normal
2026-05-14 05:12:35,411,24.35,31.24,99284.47,542516.56,1.73,2.42,2.91,3.16,10.69,13.1,13.69,13.77,13.79,0.69,normal
2026-05-14 05:12:40,410,24.38,31.23,99283.43,539515.25,1.98,2.77,3.33,3.62,12.26,15.03,15.7,15.8,15.81,0.69,normal
2026-05-14 05:12:45,411,24.43,31.14,99284.42,536969.06,2.04,2.85,3.42,3.72,12.62,15.46,16.15,16.25,16.26,0.68,normal
2026-05-14 05:12:50,411,24.47,30.96,99285.13,532778.38,2.17,3.03,3.63,3.94,13.47,16.48,17.2,17.31,17.33,0.68,normal
2026-05-14 05:12:55,412,24.47,30.87,99286.45,539942,2.24,3.11,3.73,4.05,13.91,17,17.74,17.85,17.86,0.68,normal
2026-05-14 05:13:00,412,24.48,30.85,99285.95,540797.44,2.25,3.11,3.72,4.03,13.99,17.08,17.81,17.92,17.93,0.68,normal
2026-05-14 05:13:05,411,24.45,30.85,99283.72,539515.25,2.04,2.81,3.36,3.64,12.71,15.49,16.15,16.24,16.26,0.68,normal
2026-05-14 05:13:10,409,24.49,30.88,99283.94,542948.06,1.85,2.55,3.04,3.29,11.58,14.1,14.69,14.77,14.79,0.67,normal
2026-05-14 05:13:15,407,24.52,30.85,99284.21,537815.12,1.74,2.39,2.85,3.09,10.92,13.29,13.84,13.92,13.93,0.67,normal
2026-05-14 05:13:20,408,24.53,30.8,99285.05,539942,1.63,2.24,2.66,2.88,10.21,12.42,12.93,13,13.01,0.68,normal
2026-05-14 05:13:25,408,24.52,30.77,99285.79,539942,1.61,2.2,2.62,2.84,10.06,12.24,12.74,12.82,12.83,0.68,normal
2026-05-14 05:13:30,408,24.53,30.77,99285.87,540369.38,1.69,2.32,2.76,2.99,10.56,12.86,13.39,13.47,13.48,0.68,normal
2026-05-14 05:13:35,408,24.51,30.75,99285,539515.25,1.75,2.42,2.88,3.12,10.95,13.34,13.9,13.98,14,0.68,normal
2026-05-14 05:13:40,408,24.47,30.78,99284.75,543813.06,1.85,2.56,3.06,3.32,11.51,14.05,14.65,14.74,14.76,0.69,normal
2026-05-14 05:13:45,408,24.44,30.83,99285.74,539942,2.04,2.83,3.39,3.68,12.65,15.47,16.14,16.23,16.25,0.69,normal
2026-05-14 05:13:50,411,24.43,30.84,99282.88,540369.38,2.27,3.17,3.8,4.13,14.11,17.26,18.02,18.13,18.15,0.7,normal
2026-05-14 05:13:55,413,24.4,30.88,99284.39,538663.88,2.31,3.23,3.88,4.22,14.35,17.57,18.34,18.46,18.47,0.69,normal
2026-05-14 05:14:00,413,24.46,30.95,99284.12,537815.12,2.31,3.23,3.88,4.22,14.35,17.57,18.35,18.46,18.48,0.69,normal
2026-05-14 05:14:05,414,24.48,30.91,99284.6,534028.69,2.12,2.96,3.56,3.87,13.12,16.07,16.78,16.89,16.9,0.69,normal
2026-05-14 05:14:10,415,24.51,30.82,99285.01,536125.62,1.93,2.69,3.23,3.52,11.94,14.62,15.27,15.36,15.38,0.69,normal
2026-05-14 05:14:15,415,24.54,30.77,99286.27,535284.88,1.77,2.48,2.97,3.23,11.01,13.47,14.07,14.15,14.17,0.69,normal
2026-05-14 05:14:20,417,24.56,30.76,99284.53,535284.88,1.58,2.2,2.64,2.87,9.84,12.03,12.56,12.63,12.64,0.68,normal
2026-05-14 05:14:25,416,24.54,30.74,99283.93,538663.88,1.52,2.11,2.53,2.75,9.48,11.58,12.08,12.15,12.16,0.68,normal
2026-05-14 05:14:30,414,24.57,30.76,99286.41,535284.88,1.52,2.1,2.51,2.72,9.47,11.56,12.05,12.12,12.13,0.68,normal
2026-05-14 05:14:35,415,24.55,30.76,99284.32,538239.19,1.48,2.04,2.44,2.65,9.26,11.28,11.76,11.83,11.84,0.68,normal
2026-05-14 05:14:40,415,24.54,30.71,99285.95,536125.62,1.48,2.03,2.42,2.62,9.24,11.25,11.71,11.78,11.79,0.67,normal
2026-05-14 05:14:45,414,24.55,30.75,99286.39,539089.25,1.63,2.23,2.65,2.87,10.2,12.41,12.91,12.99,13,0.67,normal
2026-05-14 05:14:50,411,24.52,30.76,99285.09,539089.25,1.78,2.43,2.88,3.12,11.2,13.6,14.15,14.23,14.24,0.66,normal
2026-05-14 05:14:55,411,24.51,30.8,99285.31,539515.25,1.89,2.56,3.03,3.27,11.88,14.4,14.96,15.04,15.06,0.66,normal
2026-05-14 05:15:00,411,24.52,30.85,99285.81,540797.44,1.77,2.39,2.82,3.05,11.15,13.51,14.03,14.1,14.12,0.66,normal
2026-05-14 05:15:05,411,24.49,30.86,99285.21,537391.75,1.78,2.4,2.82,3.04,11.25,13.6,14.12,14.2,14.21,0.65,normal
2026-05-14 05:15:10,411,24.33,30.86,99285.67,543380.19,1.8,2.41,2.84,3.06,11.38,13.75,14.26,14.34,14.35,0.65,normal
2026-05-14 05:15:15,414,24.36,30.99,99285.52,538663.88,1.84,2.47,2.9,3.12,11.63,14.05,14.58,14.66,14.67,0.66,normal
2026-05-14 05:15:20,413,24.38,31.06,99283.31,537391.75,1.93,2.59,3.05,3.29,12.24,14.79,15.34,15.42,15.43,0.66,normal
2026-05-14 05:15:25,414,24.35,31.07,99286.05,542516.56,1.98,2.66,3.13,3.37,12.57,15.18,15.74,15.82,15.84,0.66,normal
2026-05-14 05:15:30,415,24.28,31.1,99286.27,543380.19,2,2.68,3.15,3.39,12.64,15.27,15.84,15.93,15.94,0.66,normal
2026-05-14 05:15:35,413,24.31,31.18,99286.76,539515.25,1.95,2.61,3.07,3.31,12.32,14.89,15.45,15.53,15.54,0.67,normal
2026-05-14 05:15:40,412,24.22,31.18,99285.88,546862.5,1.95,2.62,3.08,3.33,12.34,14.92,15.48,15.56,15.57,0.66,normal
2026-05-14 05:15:45,411,24.2,31.23,99285.48,545115.81,1.89,2.55,2.99,3.23,11.98,14.48,15.03,15.11,15.12,0.66,normal
2026-05-14 05:15:50,412,24.21,31.28,99285.36,542085.75,1.86,2.5,2.94,3.17,11.76,14.21,14.75,14.83,14.84,0.66,normal
2026-05-14 05:15:55,412,24.27,31.3,99285.48,540369.38,1.78,2.4,2.82,3.04,11.26,13.62,14.13,14.21,14.22,0.66,normal
2026-05-14 05:16:00,410,24.29,31.28,99284.93,540797.44,1.82,2.45,2.88,3.1,11.51,13.92,14.44,14.51,14.53,0.66,normal
2026-05-14 05:16:05,409,24.26,31.2,99286.25,542516.56,1.97,2.65,3.11,3.36,12.46,15.06,15.62,15.71,15.72,0.66,normal
2026-05-14 05:16:10,408,24.05,31.2,99285.2,550833.81,2.05,2.75,3.24,3.49,12.96,15.67,16.26,16.34,16.35,0.66,normal
2026-05-14 05:16:15,407,24.08,31.29,99284.27,545987.75,2.1,2.82,3.31,3.57,13.27,16.04,16.64,16.73,16.74,0.66,normal
2026-05-14 05:16:20,407,24.06,31.35,99285.8,547740.06,2.09,2.8,3.29,3.54,13.25,16,16.59,16.68,16.69,0.65,normal
2026-05-14 05:16:25,407,24.07,31.38,99285.95,551724.12,1.99,2.66,3.12,3.36,12.61,15.22,15.78,15.86,15.87,0.65,normal
2026-05-14 05:16:30,408,24.04,31.38,99287.73,551724.12,1.91,2.55,2.98,3.21,12.16,14.66,15.19,15.26,15.28,0.65,normal
2026-05-14 05:16:36,410,23.82,31.36,99282.95,559410,1.79,2.38,2.79,3,11.4,13.73,14.23,14.3,14.31,0.65,normal
2026-05-14 05:16:41,411,23.84,31.47,99282.85,552617.38,1.73,2.29,2.68,2.88,10.99,13.23,13.71,13.77,13.78,0.65,normal
2026-05-14 05:16:46,408,23.94,31.6,99284.06,545987.75,1.76,2.34,2.74,2.94,11.23,13.52,14,14.07,14.08,0.65,normal
2026-05-14 05:16:51,410,24,31.6,99285.3,545115.81,1.82,2.42,2.83,3.04,11.55,13.91,14.41,14.49,14.5,0.65,normal
2026-05-14 05:16:56,411,23.92,31.55,99285.6,553065.06,1.95,2.6,3.04,3.27,12.43,14.98,15.51,15.59,15.6,0.64,normal
2026-05-14 05:17:01,410,23.97,31.59,99284.21,547300.94,2.01,2.67,3.12,3.35,12.82,15.43,15.98,16.06,16.07,0.64,normal
2026-05-14 05:17:06,410,24,31.6,99284.84,544680.88,2.06,2.73,3.19,3.42,13.16,15.83,16.39,16.47,16.48,0.65,normal
2026-05-14 05:17:11,409,24.01,31.62,99284.52,545987.75,2.1,2.78,3.24,3.48,13.39,16.1,16.67,16.75,16.76,0.65,normal
2026-05-14 05:17:16,409,24.09,31.62,99284.73,543813.06,1.91,2.53,2.95,3.17,12.2,14.67,15.18,15.26,15.27,0.65,normal
2026-05-14 05:17:21,408,24.08,31.55,99285.48,547300.94,1.84,2.44,2.85,3.06,11.73,14.12,14.62,14.69,14.7,0.65,normal
2026-05-14 05:17:26,407,24.11,31.44,99285.62,541655.62,1.84,2.45,2.86,3.07,11.72,14.12,14.62,14.69,14.7,0.66,normal
2026-05-14 05:17:31,406,24.12,31.36,99285.45,544680.88,1.83,2.44,2.86,3.07,11.65,14.04,14.54,14.62,14.63,0.66,normal
2026-05-14 05:17:36,406,24.04,31.36,99285.72,546862.5,1.92,2.56,3,3.23,12.2,14.71,15.25,15.32,15.34,0.66,normal
2026-05-14 05:17:41,407,24.1,31.49,99286.36,536969.06,2.04,2.72,3.19,3.44,12.94,15.61,16.18,16.26,16.27,0.66,normal
2026-05-14 05:17:46,405,24.1,31.52,99285.82,538663.88,2.01,2.68,3.14,3.38,12.76,15.38,15.94,16.02,16.04,0.65,normal
2026-05-14 05:17:51,406,24.11,31.5,99284.78,542516.56,1.79,2.39,2.8,3.02,11.39,13.74,14.24,14.31,14.32,0.65,normal
2026-05-14 05:17:56,406,24.18,31.44,99284.48,541226.19,1.68,2.24,2.63,2.83,10.69,12.89,13.36,13.42,13.43,0.65,normal
2026-05-14 05:18:01,409,24.2,31.36,99284.73,539089.25,1.69,2.25,2.63,2.83,10.74,12.94,13.41,13.48,13.49,0.65,normal
2026-05-14 05:18:06,408,24.2,31.27,99285.89,542948.06,1.66,2.21,2.59,2.79,10.55,12.72,13.18,13.24,13.25,0.66,normal
2026-05-14 05:18:11,408,24.2,31.22,99285.24,542516.56,1.68,2.24,2.63,2.83,10.68,12.88,13.35,13.42,13.43,0.65,normal
2026-05-14 05:18:16,407,24.19,31.19,99285.27,542516.56,1.75,2.33,2.73,2.94,11.11,13.39,13.88,13.95,13.96,0.65,normal
2026-05-14 05:18:21,406,24.18,31.19,99285.63,545987.75,1.64,2.18,2.55,2.74,10.4,12.54,12.99,13.06,13.07,0.64,normal
2026-05-14 05:18:26,407,24.2,31.21,99286.05,546862.5,1.67,2.22,2.6,2.79,10.6,12.77,13.23,13.3,13.31,0.65,normal
2026-05-14 05:18:31,406,24.19,31.21,99287.41,545115.81,1.69,2.26,2.64,2.84,10.78,12.99,13.45,13.52,13.53,0.64,normal
2026-05-14 05:18:36,406,24.13,31.21,99286.42,544680.88,1.75,2.33,2.72,2.93,11.12,13.4,13.89,13.96,13.97,0.64,normal
2026-05-14 05:18:41,406,24.1,31.27,99286.84,545987.75,1.83,2.44,2.85,3.07,11.64,14.03,14.54,14.61,14.62,0.65,normal
2026-05-14 05:18:46,406,24.15,31.36,99287.23,541226.19,1.99,2.64,3.09,3.32,12.66,15.24,15.79,15.87,15.88,0.64,normal
2026-05-14 05:18:51,405,24.16,31.36,99286.8,546424.75,2,2.65,3.09,3.32,12.73,15.32,15.86,15.94,15.95,0.64,normal
2026-05-14 05:18:56,404,23.96,31.42,99286.07,547740.06,1.96,2.59,3.02,3.25,12.49,15.02,15.55,15.62,15.64,0.64,normal
2026-05-14 05:19:01,405,23.98,31.55,99285.63,540797.44,1.88,2.48,2.89,3.1,11.97,14.39,14.89,14.96,14.97,0.63,normal
2026-05-14 05:19:06,404,23.93,31.58,99285.54,549503.62,1.94,2.56,2.98,3.2,12.37,14.87,15.38,15.46,15.47,0.64,normal
2026-05-14 05:19:11,404,24,31.61,99288.2,547300.94,1.83,2.41,2.81,3.01,11.67,14.03,14.51,14.58,14.59,0.63,normal
2026-05-14 05:19:16,403,23.96,31.59,99286.27,552617.38,1.76,2.32,2.7,2.9,11.25,13.51,13.98,14.05,14.06,0.64,normal
2026-05-14 05:19:21,403,23.85,31.56,99285.03,558038.12,1.76,2.31,2.69,2.89,11.23,13.49,13.95,14.02,14.03,0.63,normal
2026-05-14 05:19:26,403,23.76,31.64,99286.43,546424.75,1.79,2.35,2.74,2.94,11.41,13.71,14.18,14.25,14.26,0.64,normal
2026-05-14 05:19:31,402,23.77,31.77,99286.71,556673,1.73,2.28,2.65,2.85,11.04,13.27,13.72,13.79,13.8,0.64,normal
2026-05-14 05:19:36,401,23.82,31.81,99284.51,556673,1.67,2.21,2.57,2.76,10.69,12.84,13.29,13.35,13.36,0.64,normal
2026-05-14 05:19:41,401,23.84,31.75,99285,553513.5,1.66,2.18,2.54,2.73,10.58,12.71,13.15,13.21,13.22,0.63,normal
2026-05-14 05:19:46,399,23.89,31.67,99285.76,557127.31,1.57,2.08,2.42,2.59,10.06,12.08,12.5,12.56,12.57,0.64,normal
2026-05-14 05:19:51,400,23.94,31.66,99286.23,549503.62,1.64,2.17,2.52,2.71,10.46,12.58,13.01,13.08,13.09,0.64,normal
2026-05-14 05:19:56,399,23.94,31.62,99285.4,538239.19,1.73,2.29,2.67,2.87,11.05,13.28,13.75,13.82,13.83,0.64,normal
2026-05-14 05:20:01,398,23.97,31.61,99285.41,545551.44,1.96,2.6,3.03,3.26,12.48,15.02,15.55,15.63,15.64,0.64,normal
2026-05-14 05:20:06,398,23.99,31.6,99285.81,549503.62,1.88,2.5,2.92,3.14,11.94,14.39,14.9,14.98,14.99,0.65,normal
2026-05-14 05:20:11,397,24.03,31.54,99287.12,542085.75,1.91,2.55,2.98,3.21,12.16,14.65,15.18,15.25,15.27,0.65,normal
2026-05-14 05:20:16,397,24.03,31.48,99287.64,547740.06,1.93,2.58,3.02,3.25,12.25,14.78,15.32,15.4,15.41,0.65,normal
2026-05-14 05:20:21,398,24.05,31.45,99288.02,547740.06,1.89,2.53,2.96,3.19,11.96,14.43,14.97,15.05,15.06,0.65,normal
2026-05-14 05:20:26,398,24.08,31.42,99287.57,545987.75,1.81,2.43,2.86,3.08,11.44,13.83,14.35,14.42,14.43,0.65,normal
2026-05-14 05:20:31,398,24.12,31.39,99288.28,542516.56,1.93,2.61,3.07,3.32,12.19,14.76,15.33,15.41,15.42,0.66,normal
2026-05-14 05:20:36,397,24.14,31.36,99287.38,539942,2.17,2.93,3.47,3.74,13.66,16.56,17.2,17.29,17.31,0.66,normal
2026-05-14 05:20:41,397,24.18,31.32,99286.85,542948.06,2.31,3.13,3.7,4,14.52,17.61,18.3,18.4,18.42,0.65,normal
2026-05-14 05:20:46,399,24.22,31.26,99286.29,547740.06,2.29,3.11,3.68,3.98,14.41,17.48,18.17,18.27,18.29,0.65,normal
2026-05-14 05:20:51,400,24.26,31.19,99287.39,544246.62,2.2,2.99,3.54,3.82,13.85,16.8,17.46,17.56,17.57,0.65,normal
2026-05-14 05:20:56,399,24.3,31.12,99288.96,540797.44,2.06,2.79,3.31,3.57,12.95,15.71,16.33,16.42,16.43,0.65,normal
2026-05-14 05:21:01,397,24.26,31.07,99287.95,545987.75,1.92,2.61,3.08,3.33,12.08,14.64,15.22,15.3,15.32,0.65,normal
2026-05-14 05:21:06,397,24.25,31.03,99286.98,548179.88,1.87,2.54,3,3.25,11.75,14.26,14.82,14.9,14.91,0.65,normal
2026-05-14 05:21:11,397,24.23,31.07,99287.45,547300.94,1.93,2.61,3.09,3.34,12.12,14.7,15.27,15.36,15.37,0.65,normal
2026-05-14 05:21:16,399,24.23,31.1,99286.46,540797.44,1.97,2.67,3.15,3.4,12.41,15.04,15.62,15.71,15.72,0.65,normal
2026-05-14 05:21:21,399,24.21,31.1,99287.62,542516.56,1.84,2.48,2.93,3.16,11.57,14.02,14.56,14.64,14.65,0.65,normal
2026-05-14 05:21:26,399,24.22,31.11,99286.3,545987.75,1.73,2.33,2.75,2.97,10.89,13.18,13.69,13.77,13.78,0.65,normal
2026-05-14 05:21:31,402,24.25,31.09,99287.14,544246.62,2.3,3.11,3.67,3.97,14.51,17.58,18.26,18.36,18.37,0.65,normal
2026-05-14 05:21:36,403,24.3,31.07,99287.31,540797.44,2.24,3.04,3.59,3.87,14.12,17.11,17.78,17.87,17.89,0.65,normal
2026-05-14 05:21:41,406,24.21,31.08,99288.29,548620.44,2.26,3.06,3.62,3.91,14.25,17.27,17.94,18.04,18.05,0.65,normal
2026-05-14 05:21:46,406,24.17,31.12,99287.46,548179.88,2.33,3.15,3.72,4.02,14.67,17.77,18.46,18.56,18.58,0.65,normal
2026-05-14 05:21:51,407,24.13,31.17,99288.56,550833.81,2.36,3.2,3.78,4.08,14.91,18.06,18.76,18.86,18.88,0.65,normal
2026-05-14 05:21:56,408,24.15,31.22,99287.23,550833.81,2.31,3.12,3.68,3.97,14.57,17.64,18.32,18.42,18.44,0.65,normal
2026-05-14 05:22:01,409,24.17,31.23,99287.23,548179.88,2.12,2.87,3.38,3.65,13.41,16.23,16.85,16.94,16.96,0.65,normal
2026-05-14 05:22:06,410,24.16,31.2,99287.41,548620.44,2,2.7,3.18,3.43,12.63,15.29,15.87,15.96,15.97,0.66,normal
2026-05-14 05:22:11,408,24.14,31.21,99287.57,552617.38,1.93,2.6,3.07,3.31,12.18,14.74,15.3,15.38,15.4,0.65,normal
2026-05-14 05:22:16,407,24.06,31.27,99287.71,554412.56,1.91,2.58,3.04,3.28,12.02,14.56,15.12,15.2,15.21,0.66,normal
2026-05-14 05:22:21,407,24.02,31.33,99287.58,553065.06,1.89,2.56,3.02,3.26,11.9,14.42,14.98,15.06,15.08,0.66,normal
2026-05-14 05:22:26,410,23.8,31.4,99285.56,561711.44,1.99,2.71,3.2,3.46,12.55,15.22,15.82,15.91,15.92,0.66,normal
2026-05-14 05:22:31,410,23.81,31.56,99285.05,561249.69,2.01,2.74,3.24,3.5,12.64,15.34,15.95,16.04,16.05,0.66,normal
2026-05-14 05:22:36,409,23.77,31.63,99288.08,559410,2.29,3.13,3.72,4.02,14.36,17.46,18.16,18.27,18.28,0.66,normal
2026-05-14 05:22:42,410,23.64,31.72,99291.2,564031.94,2.56,3.51,4.18,4.53,16.03,19.51,20.31,20.43,20.45,0.67,normal
2026-05-14 05:22:47,412,23.67,31.85,99289.9,557127.31,2.42,3.32,3.96,4.29,15.13,18.42,19.18,19.29,19.31,0.67,normal
2026-05-14 05:22:52,415,23.73,32.01,99290.56,559410,2.42,3.32,3.95,4.28,15.13,18.41,19.17,19.28,19.3,0.66,normal
2026-05-14 05:22:57,414,23.74,32,99289.89,563101.44,2.26,3.1,3.69,4,14.17,17.24,17.95,18.05,18.06,0.66,normal
2026-05-14 05:23:02,414,23.69,31.97,99289.77,550389.69,2.16,2.96,3.52,3.81,13.56,16.49,17.16,17.26,17.27,0.66,normal
2026-05-14 05:23:07,415,23.67,31.97,99289.66,563566.31,2.06,2.81,3.34,3.61,12.91,15.69,16.32,16.42,16.43,0.66,normal
2026-05-14 05:23:12,417,23.75,31.92,99288.65,555766.62,2.08,2.84,3.37,3.64,13.05,15.85,16.49,16.58,16.6,0.66,normal
2026-05-14 05:23:17,417,23.75,31.86,99289.17,557582.38,2.2,3,3.56,3.84,13.85,16.81,17.48,17.58,17.6,0.66,normal
2026-05-14 05:23:22,418,23.75,31.82,99289.18,558494.69,2.17,2.95,3.49,3.77,13.65,16.56,17.21,17.31,17.32,0.66,normal
2026-05-14 05:23:27,418,23.8,31.78,99287.27,557582.38,2.13,2.89,3.42,3.69,13.39,16.24,16.88,16.98,16.99,0.66,normal
2026-05-14 05:23:32,417,23.8,31.74,99287.91,556219.44,2.13,2.89,3.42,3.7,13.39,16.24,16.88,16.98,16.99,0.66,normal
2026-05-14 05:23:37,416,23.78,31.74,99288.87,561711.44,2.14,2.91,3.43,3.71,13.49,16.35,16.99,17.08,17.1,0.66,normal
2026-05-14 05:23:42,416,23.8,31.74,99286.45,558038.12,2.22,3,3.55,3.83,13.97,16.93,17.59,17.69,17.7,0.66,normal
2026-05-14 05:23:47,418,23.82,31.72,99284.72,559868.75,2.15,2.92,3.45,3.72,13.56,16.44,17.08,17.17,17.19,0.66,normal
2026-05-14 05:23:52,418,23.84,31.71,99286.01,557582.38,2,2.72,3.21,3.47,12.59,15.27,15.87,15.96,15.97,0.66,normal
2026-05-14 05:23:57,420,23.74,31.71,99289.87,558494.69,1.89,2.57,3.04,3.28,11.91,14.45,15.01,15.1,15.11,0.65,normal
2026-05-14 05:24:02,423,23.74,31.86,99290.55,549061.69,1.9,2.58,3.06,3.3,11.97,14.52,15.09,15.18,15.19,0.66,normal
2026-05-14 05:24:07,425,23.74,31.94,99289.16,553513.5,1.82,2.47,2.92,3.16,11.42,13.86,14.4,14.48,14.5,0.66,normal
2026-05-14 05:24:12,425,23.78,31.96,99286.02,555766.62,1.84,2.5,2.95,3.19,11.55,14.01,14.56,14.64,14.66,0.66,normal
2026-05-14 05:24:17,425,23.8,31.9,99286.52,557127.31,1.96,2.66,3.15,3.4,12.35,14.97,15.56,15.65,15.66,0.66,normal
2026-05-14 05:24:22,425,23.74,31.83,99291.27,558494.69,2.06,2.79,3.31,3.57,12.94,15.7,16.31,16.4,16.42,0.66,normal
2026-05-14 05:24:27,427,23.78,31.83,99289.07,557127.31,2.02,2.75,3.25,3.51,12.7,15.4,16.01,16.1,16.12,0.66,normal
2026-05-14 05:24:32,427,23.81,31.85,99290.25,554863.19,1.97,2.68,3.17,3.43,12.42,15.06,15.66,15.74,15.76,0.66,normal
2026-05-14 05:24:37,430,23.72,31.85,99291.03,555314.56,1.88,2.55,3.01,3.25,11.83,14.34,14.9,14.98,14.99,0.65,normal
2026-05-14 05:24:42,426,23.73,31.91,99290.64,554412.56,1.85,2.5,2.96,3.19,11.65,14.12,14.67,14.75,14.76,0.65,normal
2026-05-14 05:24:47,429,23.77,31.93,99291.4,556673,1.81,2.45,2.89,3.12,11.45,13.87,14.4,14.48,14.49,0.65,normal
2026-05-14 05:24:52,431,23.76,31.94,99291.2,557582.38,1.87,2.53,2.98,3.22,11.79,14.28,14.83,14.91,14.92,0.65,normal
2026-05-14 05:24:57,432,23.57,31.93,99290.72,563101.44,1.77,2.39,2.83,3.06,11.13,13.49,14.02,14.09,14.11,0.66,normal
2026-05-14 05:25:02,435,23.54,32.02,99291.59,561249.69,1.74,2.36,2.79,3.02,10.94,13.27,13.79,13.87,13.88,0.66,normal
2026-05-14 05:25:07,437,23.58,32.06,99291.31,559410,1.64,2.24,2.65,2.86,10.32,12.53,13.03,13.1,13.11,0.66,normal
2026-05-14 05:25:12,436,23.61,32.07,99291.61,552170.38,1.69,2.31,2.74,2.96,10.65,12.93,13.44,13.52,13.53,0.65,normal
2026-05-14 05:25:17,438,23.68,32.06,99290.62,551278.62,1.82,2.48,2.94,3.17,11.46,13.91,14.46,14.54,14.55,0.65,normal
2026-05-14 05:25:22,443,23.76,32.01,99290.78,552170.38,1.9,2.58,3.05,3.29,11.93,14.47,15.04,15.13,15.14,0.65,normal
2026-05-14 05:25:27,444,23.77,31.94,99290.79,555766.62,2.03,2.76,3.26,3.52,12.81,15.53,16.14,16.22,16.24,0.66,normal
2026-05-14 05:25:32,443,23.84,31.86,99288.27,548179.88,2.01,2.72,3.21,3.47,12.65,15.34,15.93,16.02,16.03,0.65,normal
2026-05-14 05:25:37,446,23.87,31.78,99287.86,552170.38,1.87,2.54,3,3.24,11.81,14.31,14.87,14.95,14.96,0.66,normal
2026-05-14 05:25:42,448,23.9,31.72,99288.6,554863.19,1.8,2.43,2.87,3.1,11.35,13.75,14.28,14.36,14.37,0.65,normal
2026-05-14 05:25:47,451,23.91,31.68,99289.74,555314.56,2.01,2.71,3.2,3.45,12.71,15.38,15.97,16.05,16.06,0.65,normal
2026-05-14 05:25:52,450,23.91,31.63,99287.85,550833.81,2.2,2.97,3.49,3.77,13.91,16.83,17.46,17.56,17.57,0.65,normal
2026-05-14 05:25:57,450,23.91,31.6,99288.53,557582.38,2.33,3.13,3.69,3.98,14.7,17.78,18.46,18.56,18.57,0.65,normal
2026-05-14 05:26:02,451,23.9,31.58,99288.88,558494.69,2.28,3.07,3.62,3.9,14.44,17.46,18.12,18.21,18.23,0.64,normal
2026-05-14 05:26:07,450,23.93,31.54,99291.12,556673,2.25,3.03,3.56,3.85,14.19,17.17,17.82,17.92,17.93,0.65,normal
2026-05-14 05:26:12,447,23.86,31.59,99288.79,549503.62,2.29,3.08,3.63,3.92,14.49,17.52,18.18,18.28,18.29,0.64,normal
2026-05-14 05:26:17,446,23.8,31.67,99286.85,556673,2.11,2.83,3.33,3.6,13.33,16.12,16.72,16.81,16.83,0.64,normal
2026-05-14 05:26:22,447,23.65,31.73,99291.61,569205.12,1.99,2.67,3.13,3.38,12.58,15.2,15.77,15.85,15.87,0.63,normal
2026-05-14 05:26:27,449,23.58,31.82,99291.06,573508.81,1.81,2.43,2.85,3.07,11.48,13.86,14.38,14.45,14.46,0.63,normal
2026-05-14 05:26:32,450,23.62,31.91,99291.55,565902.19,1.95,2.61,3.07,3.3,12.38,14.95,15.5,15.58,15.59,0.63,normal
2026-05-14 05:26:37,451,23.61,31.95,99291.73,557127.31,1.97,2.63,3.09,3.33,12.5,15.08,15.63,15.72,15.73,0.64,normal
2026-05-14 05:26:42,451,23.54,31.98,99292.03,557582.38,2.02,2.7,3.17,3.41,12.83,15.48,16.04,16.13,16.14,0.64,normal
2026-05-14 05:26:47,452,23.61,32.01,99292.55,558494.69,1.91,2.55,2.99,3.21,12.13,14.62,15.16,15.24,15.25,0.64,normal
2026-05-14 05:26:52,453,23.67,31.98,99291.62,564031.94,1.94,2.59,3.03,3.26,12.34,14.87,15.41,15.49,15.5,0.64,normal
2026-05-14 05:26:57,455,23.71,31.92,99291.51,558494.69,1.99,2.66,3.11,3.35,12.67,15.28,15.83,15.91,15.92,0.64,normal
2026-05-14 05:27:02,455,23.75,31.85,99291.53,561711.44,2.02,2.7,3.16,3.41,12.84,15.49,16.05,16.13,16.15,0.64,normal
2026-05-14 05:27:07,456,23.78,31.78,99288.67,559868.75,1.91,2.55,2.99,3.22,12.11,14.61,15.14,15.22,15.23,0.64,normal
2026-05-14 05:27:12,455,23.82,31.7,99288.77,556219.44,1.87,2.51,2.94,3.17,11.85,14.31,14.84,14.92,14.93,0.65,normal
2026-05-14 05:27:17,454,23.82,31.66,99286.99,562174.06,1.93,2.59,3.05,3.28,12.2,14.75,15.3,15.38,15.39,0.65,normal
2026-05-14 05:27:22,454,23.89,31.61,99288.89,553962.69,1.9,2.56,3.01,3.24,12.03,14.54,15.09,15.17,15.18,0.65,normal
2026-05-14 05:27:27,453,23.97,31.56,99287.74,554863.19,2.13,2.86,3.36,3.63,13.47,16.28,16.89,16.98,17,0.65,normal
2026-05-14 05:27:32,453,24.01,31.49,99288.66,555766.62,2.3,3.09,3.64,3.93,14.54,17.58,18.25,18.34,18.36,0.65,normal
2026-05-14 05:27:37,453,24.04,31.43,99289.55,551278.62,2.15,2.89,3.4,3.66,13.57,16.41,17.02,17.12,17.13,0.64,normal
2026-05-14 05:27:42,453,24.04,31.34,99288.88,557127.31,2.02,2.72,3.2,3.45,12.79,15.47,16.05,16.14,16.15,0.64,normal
2026-05-14 05:27:47,452,23.91,31.33,99289.42,557582.38,2.02,2.72,3.21,3.46,12.79,15.47,16.05,16.14,16.15,0.65,normal
2026-05-14 05:27:52,450,23.81,31.38,99287.21,552170.38,1.89,2.55,3.01,3.25,11.93,14.45,15,15.08,15.09,0.65,normal
2026-05-14 05:27:57,452,23.77,31.5,99289.82,556673,1.58,2.14,2.53,2.73,10,12.11,12.57,12.64,12.65,0.65,normal
2026-05-14 05:28:02,451,23.77,31.57,99290.8,563101.44,1.47,1.99,2.35,2.54,9.29,11.26,11.69,11.76,11.77,0.65,normal
2026-05-14 05:28:07,451,23.71,31.6,99292.64,570632.5,1.46,1.97,2.33,2.51,9.2,11.14,11.57,11.63,11.64,0.65,normal
2026-05-14 05:28:12,452,23.64,31.62,99290.81,566841.94,1.53,2.07,2.45,2.64,9.65,11.69,12.15,12.21,12.22,0.65,normal
2026-05-14 05:28:17,454,23.68,31.73,99290.64,564965.5,1.6,2.17,2.56,2.76,10.1,12.23,12.71,12.78,12.79,0.65,normal
2026-05-14 05:28:22,452,23.69,31.76,99290.38,561711.44,1.82,2.46,2.9,3.13,11.46,13.88,14.42,14.49,14.51,0.64,normal
2026-05-14 05:28:27,453,23.66,31.75,99289.17,565902.19,1.91,2.58,3.04,3.28,12.06,14.6,15.16,15.24,15.25,0.64,normal
2026-05-14 05:28:33,452,23.68,31.75,99289.63,566841.94,2.02,2.71,3.2,3.45,12.75,15.42,16,16.09,16.1,0.64,normal
2026-05-14 05:28:38,452,23.71,31.72,99290.44,558951.94,2.13,2.87,3.37,3.64,13.47,16.29,16.91,17,17.01,0.64,normal
2026-05-14 05:28:43,452,23.7,31.67,99290.78,566841.94,2.06,2.77,3.27,3.52,13.04,15.77,16.36,16.45,16.46,0.64,normal
2026-05-14 05:28:48,452,23.75,31.73,99290.61,557127.31,2.09,2.81,3.3,3.56,13.24,16,16.6,16.69,16.7,0.64,normal
2026-05-14 05:28:53,451,23.78,31.74,99288.58,558951.94,2.18,2.93,3.44,3.71,13.8,16.67,17.3,17.39,17.4,0.65,normal
2026-05-14 05:28:58,452,23.85,31.75,99287.34,560328.31,2.11,2.84,3.34,3.6,13.37,16.16,16.76,16.85,16.86,0.65,normal
2026-05-14 05:29:03,455,23.89,31.72,99287.18,563101.44,2.24,3.01,3.54,3.82,14.16,17.11,17.76,17.85,17.87,0.66,normal
2026-05-14 05:29:08,455,23.95,31.64,99286.98,556219.44,2.23,3,3.53,3.81,14.12,17.07,17.72,17.81,17.82,0.65,normal
2026-05-14 05:29:13,455,24.01,31.56,99287.23,548620.44,2.36,3.18,3.74,4.03,14.92,18.04,18.72,18.82,18.84,0.66,normal
2026-05-14 05:29:18,460,24.11,31.47,99288.54,551724.12,2.37,3.2,3.77,4.07,14.97,18.12,18.81,18.91,18.93,0.66,normal
2026-05-14 05:29:23,461,24.12,31.36,99289.13,553065.06,2.16,2.92,3.45,3.72,13.63,16.51,17.15,17.24,17.25,0.66,normal
2026-05-14 05:29:28,461,24.2,31.27,99288.7,554863.19,2.03,2.75,3.24,3.5,12.83,15.53,16.13,16.22,16.23,0.65,normal
2026-05-14 05:29:33,461,24.27,31.2,99288.79,550389.69,2.11,2.85,3.36,3.63,13.29,16.09,16.71,16.8,16.81,0.66,normal
2026-05-14 05:29:38,459,24.31,31.1,99289.44,548179.88,2.28,3.09,3.65,3.94,14.39,17.43,18.11,18.21,18.22,0.66,normal
2026-05-14 05:29:43,458,24.34,31.05,99287.7,551278.62,2.17,2.94,3.48,3.76,13.71,16.61,17.25,17.35,17.36,0.66,normal
2026-05-14 05:29:48,457,24.4,30.98,99289.31,544680.88,2.21,2.99,3.53,3.81,13.9,16.85,17.5,17.6,17.61,0.67,normal
2026-05-14 05:29:53,458,24.38,30.91,99289.31,547300.94,2.48,3.36,3.97,4.29,15.62,18.93,19.67,19.78,19.79,0.67,normal
2026-05-14 05:29:58,459,24.36,30.89,99289.87,549503.62,2.42,3.29,3.88,4.2,15.27,18.51,19.23,19.34,19.35,0.67,normal
2026-05-14 05:30:03,458,24.37,30.88,99288.08,548620.44,2.42,3.28,3.88,4.19,15.23,18.46,19.18,19.29,19.3,0.67,normal
2026-05-14 05:30:08,457,24.37,30.84,99289.12,549946.31,2.33,3.16,3.73,4.03,14.65,17.76,18.45,18.56,18.57,0.67,normal
2026-05-14 05:30:13,459,24.39,30.83,99288.58,548179.88,2.35,3.19,3.77,4.07,14.77,17.91,18.61,18.72,18.73,0.66,normal
2026-05-14 05:30:18,459,24.44,30.86,99288.13,542948.06,2.48,3.36,3.98,4.3,15.61,18.93,19.67,19.78,19.8,0.66,normal
2026-05-14 05:30:23,459,24.49,30.88,99288.5,543380.19,2.95,4.01,4.74,5.12,18.56,22.51,23.4,23.53,23.55,0.66,normal
2026-05-14 05:30:28,459,24.51,30.85,99288.6,544680.88,2.87,3.9,4.61,4.98,18.06,21.91,22.77,22.89,22.91,0.66,normal
2026-05-14 05:30:33,460,24.47,30.84,99287.36,543813.06,2.64,3.58,4.24,4.58,16.65,20.19,20.97,21.09,21.11,0.66,normal
2026-05-14 05:30:38,459,24.48,30.9,99288.11,545987.75,2.42,3.27,3.87,4.18,15.24,18.46,19.18,19.28,19.3,0.66,normal
2026-05-14 05:30:43,458,24.54,30.95,99287.96,542948.06,2.17,2.94,3.48,3.76,13.69,16.59,17.24,17.33,17.35,0.66,normal
2026-05-14 05:30:48,458,24.51,30.97,99287.61,545987.75,2.03,2.75,3.25,3.51,12.79,15.49,16.1,16.18,16.2,0.66,normal
2026-05-14 05:30:53,456,24.39,30.94,99289.14,547740.06,1.92,2.6,3.07,3.31,12.08,14.64,15.21,15.29,15.3,0.66,normal
2026-05-14 05:30:58,456,24.3,30.92,99288.48,549946.31,1.77,2.4,2.83,3.06,11.15,13.52,14.04,14.12,14.13,0.66,normal
2026-05-14 05:31:03,455,24.27,30.91,99287.6,549061.69,1.64,2.22,2.62,2.83,10.35,12.53,13.02,13.09,13.1,0.65,normal
2026-05-14 05:31:08,455,24.31,30.94,99288.88,547740.06,1.69,2.28,2.69,2.91,10.67,12.92,13.41,13.48,13.5,0.66,normal
2026-05-14 05:31:13,456,24.18,30.95,99287.98,549503.62,2.5,3.38,3.98,4.3,15.81,19.14,19.87,19.98,20,0.66,normal
2026-05-14 05:31:18,457,24.19,31.04,99287.96,550389.69,2.86,3.85,4.54,4.89,18.07,21.86,22.69,22.81,22.83,0.65,normal
2026-05-14 05:31:23,457,24.06,31.1,99287.9,554863.19,2.83,3.81,4.48,4.84,17.9,21.64,22.46,22.58,22.6,0.65,normal
2026-05-14 05:31:28,459,24.07,31.2,99289.38,553513.5,2.55,3.43,4.03,4.35,16.13,19.49,20.23,20.34,20.35,0.65,normal
2026-05-14 05:31:33,460,24.09,31.32,99290.29,551724.12,2.37,3.2,3.77,4.07,14.99,18.14,18.83,18.93,18.95,0.66,normal
2026-05-14 05:31:38,459,24.08,31.4,99289.96,551724.12,2.19,2.96,3.5,3.77,13.85,16.77,17.41,17.51,17.52,0.66,normal
2026-05-14 05:31:43,459,24.15,31.47,99288.64,551724.12,2.07,2.8,3.3,3.56,13.03,15.78,16.39,16.48,16.5,0.65,normal
2026-05-14 05:31:48,460,24.11,31.45,99288.09,549503.62,2.11,2.86,3.38,3.65,13.29,16.11,16.74,16.83,16.84,0.66,normal
2026-05-14 05:31:53,462,24.17,31.54,99288.77,540797.44,2.79,3.79,4.48,4.84,17.56,21.29,22.13,22.25,22.27,0.66,normal
2026-05-14 05:31:58,463,24.24,31.63,99288.94,539089.25,2.78,3.78,4.47,4.83,17.53,21.25,22.09,22.21,22.23,0.66,normal
2026-05-14 05:32:03,463,24.31,31.62,99290.91,538239.19,2.7,3.68,4.35,4.71,16.99,20.62,21.44,21.56,21.57,0.67,normal
2026-05-14 05:32:08,462,24.43,31.56,99289.73,539089.25,2.48,3.38,4.01,4.33,15.61,18.95,19.7,19.81,19.83,0.67,normal
2026-05-14 05:32:13,463,24.51,31.47,99291.63,540369.38,2.3,3.13,3.7,4,14.45,17.54,18.23,18.34,18.35,0.66,normal
2026-05-14 05:32:18,462,24.51,31.3,99289.77,543380.19,2.55,3.48,4.12,4.45,16.05,19.48,20.26,20.37,20.39,0.66,normal
2026-05-14 05:32:23,461,24.51,31.2,99288.96,542516.56,2.67,3.63,4.29,4.64,16.79,20.37,21.17,21.29,21.3,0.66,normal
2026-05-14 05:32:28,461,24.53,31.16,99290.74,536969.06,2.59,3.51,4.15,4.48,16.35,19.82,20.59,20.7,20.72,0.65,normal
2026-05-14 05:32:33,461,24.56,31.08,99291.13,541226.19,2.55,3.44,4.05,4.37,16.09,19.48,20.22,20.33,20.35,0.65,normal
2026-05-14 05:32:38,462,24.64,31.03,99292.03,540369.38,2.46,3.31,3.89,4.19,15.54,18.79,19.5,19.6,19.62,0.64,normal
2026-05-14 05:32:43,459,24.71,30.97,99293.47,536547,2.36,3.16,3.71,3.99,14.98,18.08,18.75,18.84,18.86,0.64,normal
2026-05-14 05:32:48,457,24.7,30.87,99292.63,543380.19,2.2,2.93,3.43,3.69,14,16.87,17.48,17.57,17.58,0.64,normal
2026-05-14 05:32:53,458,24.69,30.84,99290.99,543380.19,2.16,2.87,3.35,3.61,13.77,16.58,17.17,17.25,17.27,0.63,normal
2026-05-14 05:32:58,457,24.71,30.82,99291.74,541226.19,2.15,2.85,3.33,3.57,13.74,16.52,17.1,17.19,17.2,0.63,normal
2026-05-14 05:33:03,458,24.77,30.81,99292.42,538239.19,2.14,2.82,3.29,3.53,13.63,16.39,16.96,17.04,17.05,0.64,normal
2026-05-14 05:33:08,460,24.8,30.78,99292.62,536547,2.14,2.82,3.29,3.53,13.63,16.39,16.96,17.04,17.05,0.64,normal
2026-05-14 05:33:13,459,24.85,30.74,99292.51,535704.94,2.09,2.76,3.22,3.45,13.3,16,16.56,16.64,16.65,0.64,normal
2026-05-14 05:33:18,460,24.93,30.7,99293.2,538239.19,2.04,2.7,3.15,3.38,13,15.63,16.18,16.26,16.28,0.64,normal
2026-05-14 05:33:23,458,25.04,30.63,99291.29,532362.88,1.94,2.58,3.01,3.23,12.38,14.9,15.42,15.5,15.51,0.64,normal
2026-05-14 05:33:28,460,25.1,30.55,99292,530707.44,1.92,2.55,2.98,3.2,12.23,14.72,15.25,15.32,15.33,0.64,normal
2026-05-14 05:33:33,462,25.14,30.48,99292.09,530295.19,1.87,2.48,2.9,3.11,11.89,14.31,14.82,14.89,14.91,0.64,normal
2026-05-14 05:33:38,461,25.23,30.41,99293,526613.5,1.82,2.42,2.83,3.04,11.61,13.98,14.47,14.55,14.56,0.64,normal
2026-05-14 05:33:43,460,25.21,30.28,99293.35,527835.06,1.77,2.34,2.74,2.94,11.24,13.53,14.02,14.09,14.1,0.65,normal
2026-05-14 05:33:48,460,25.15,30.25,99291.9,531948.06,1.85,2.45,2.87,3.08,11.76,14.16,14.67,14.74,14.75,0.65,normal
2026-05-14 05:33:53,461,25.18,30.21,99293.12,529883.56,1.99,2.63,3.08,3.31,12.65,15.23,15.77,15.84,15.86,0.64,normal
2026-05-14 05:33:58,461,25.22,30.23,99293.02,529062.25,1.99,2.63,3.07,3.29,12.71,15.28,15.81,15.89,15.9,0.63,normal
2026-05-14 05:34:03,461,25.28,30.22,99293.76,526207.62,1.77,2.33,2.71,2.9,11.29,13.56,14.02,14.09,14.1,0.63,normal
2026-05-14 05:34:08,463,25.3,30.21,99292.56,522182.56,1.56,2.05,2.39,2.56,10.01,12.01,12.42,12.48,12.49,0.63,normal
2026-05-14 05:34:13,463,25.38,30.18,99292.21,522982.62,1.59,2.09,2.42,2.59,10.21,12.24,12.65,12.71,12.72,0.63,normal
2026-05-14 05:34:18,463,25.38,30.11,99292.7,518218.62,1.68,2.19,2.54,2.72,10.77,12.91,13.33,13.39,13.4,0.63,normal
2026-05-14 05:34:24,466,25.31,30.08,99294.79,522182.56,1.79,2.33,2.7,2.89,11.5,13.77,14.22,14.28,14.29,0.62,normal
2026-05-14 05:34:29,466,25.33,30.08,99294.81,523383.59,1.85,2.41,2.78,2.97,11.9,14.23,14.69,14.76,14.77,0.63,normal
2026-05-14 05:34:34,467,25.34,30.06,99295.23,523785.16,1.82,2.36,2.72,2.91,11.68,13.97,14.42,14.48,14.49,0.62,normal
2026-05-14 05:34:39,467,25.18,30.14,99294.1,527835.06,1.75,2.27,2.61,2.79,11.26,13.45,13.88,13.94,13.95,0.62,normal
2026-05-14 05:34:44,468,25.06,30.48,99292.88,531533.88,1.85,2.4,2.76,2.94,11.95,14.27,14.72,14.78,14.79,0.62,normal
2026-05-14 05:34:49,469,24.97,30.86,99294.01,528243.5,1.97,2.53,2.91,3.1,12.7,15.14,15.61,15.68,15.69,0.61,normal
2026-05-14 05:34:54,469,24.82,31.12,99294.21,537391.75,2.07,2.66,3.05,3.26,13.41,15.98,16.47,16.54,16.55,0.62,normal
2026-05-14 05:34:59,468,24.7,31.23,99292.38,540797.44,2.21,2.83,3.24,3.46,14.29,17.02,17.53,17.61,17.62,0.62,normal
2026-05-14 05:35:04,468,24.59,31.31,99291.92,539515.25,2.42,3.11,3.56,3.79,15.69,18.69,19.25,19.33,19.35,0.62,normal
2026-05-14 05:35:09,469,24.52,31.41,99292.23,545551.44,2.63,3.37,3.86,4.12,17.01,20.26,20.87,20.96,20.97,0.63,normal
2026-05-14 05:35:14,469,24.36,31.51,99292.01,545551.44,2.82,3.61,4.13,4.4,18.24,21.72,22.37,22.47,22.48,0.62,normal
2026-05-14 05:35:19,467,24.29,31.72,99290.58,551724.12,2.73,3.49,3.99,4.25,17.69,21.06,21.68,21.77,21.78,0.62,normal
2026-05-14 05:35:24,468,24.25,31.9,99289.78,545987.75,2.72,3.48,3.97,4.22,17.69,21.04,21.65,21.74,21.75,0.61,normal
2026-05-14 05:35:29,467,24.33,32.06,99290.84,540797.44,2.7,3.44,3.92,4.17,17.55,20.86,21.47,21.55,21.57,0.62,normal
2026-05-14 05:35:34,465,24.17,32.01,99290.51,550389.69,2.63,3.35,3.81,4.05,17.13,20.35,20.93,21.01,21.03,0.61,normal
2026-05-14 05:35:39,466,24.08,32.03,99289.64,552617.38,2.73,3.46,3.93,4.18,17.76,21.09,21.68,21.77,21.78,0.61,normal
2026-05-14 05:35:44,469,24.16,32.21,99288.73,543380.19,2.7,3.41,3.88,4.12,17.6,20.87,21.46,21.54,21.55,0.62,normal
2026-05-14 05:35:49,471,24.11,32.52,99291.16,541226.19,2.63,3.32,3.77,4,17.12,20.3,20.87,20.95,20.96,0.62,normal
2026-05-14 05:35:54,471,24.16,32.8,99291.11,537815.12,2.49,3.15,3.57,3.8,16.24,19.27,19.8,19.88,19.89,0.62,normal
2026-05-14 05:35:59,473,24.11,32.94,99290.7,543380.19,2.39,3.02,3.43,3.65,15.57,18.48,18.99,19.07,19.08,0.62,normal
2026-05-14 05:36:04,472,24.07,32.87,99290.17,545551.44,2.38,3.01,3.41,3.63,15.5,18.38,18.9,18.97,18.98,0.62,normal
2026-05-14 05:36:09,473,24.21,32.85,99291.58,539942,2.28,2.89,3.28,3.48,14.88,17.65,18.14,18.21,18.22,0.61,normal
2026-05-14 05:36:14,473,24.23,32.91,99290.28,539942,25.38,31.82,35.93,38.08,166.1,196.53,201.76,202.5,202.61,0.58,cooking
2026-05-14 05:36:19,475,24.15,32.81,99289.02,541226.19,15.05,18.66,20.93,22.11,98.96,116.74,119.65,120.06,120.12,0.58,cooking
2026-05-14 05:36:24,476,24.2,32.91,99289.86,534446.75,41.89,51.17,56.85,59.82,277.36,325.8,333.21,334.24,334.41,0.54,cooking
2026-05-14 05:36:29,477,24.05,33,99290.27,542948.06,29.74,35.66,39.14,40.95,198.51,232,236.65,237.29,237.4,0.52,cooking
2026-05-14 05:36:34,478,23.97,32.86,99289.2,551724.12,13.85,16.3,17.66,18.37,93.2,108.39,110.28,110.53,110.57,0.52,cooking
2026-05-14 05:36:39,480,23.84,32.82,99289.16,547300.94,30.33,35.13,37.66,38.98,205.47,237.97,241.6,242.08,242.16,0.5,cooking
2026-05-14 05:36:44,480,23.77,33.19,99289.3,549503.62,27.57,31.51,33.46,34.48,187.78,216.77,219.68,220.05,220.12,0.5,cooking
2026-05-14 05:36:49,480,23.71,34.03,99291.73,542085.75,68.88,77.83,81.95,84.11,471.3,542.51,548.97,549.78,549.93,0.51,cooking
2026-05-14 05:36:54,481,23.7,34.17,99291.7,547740.06,55.51,62.12,64.95,66.42,381.22,437.79,442.46,443.03,443.14,0.5,cooking
2026-05-14 05:36:59,484,23.79,34.61,99290.43,530707.44,148.1,164.51,171.04,174.44,1020.08,1169.39,1180.73,1182.08,1182.35,0.5,cooking
2026-05-14 05:37:04,484,23.83,34.89,99287.7,527835.06,91.24,100.62,104.04,105.82,630.19,721.19,727.52,728.25,728.4,0.48,cooking
2026-05-14 05:37:09,486,23.74,34.89,99291.57,520589.72,148.03,162.59,167.59,170.2,1024.04,1170.8,1180.47,1181.56,1181.79,0.5,cooking
2026-05-14 05:37:14,484,23.72,35.24,99292.05,517433.06,183.39,200.97,206.79,209.83,1269.73,1450.94,1462.51,1463.8,1464.07,0.46,cooking
2026-05-14 05:37:19,485,23.76,35.31,99290.8,519006.59,169.95,185.72,190.69,193.28,1177.89,1345.13,1355.38,1356.51,1356.75,0.5,cooking
2026-05-14 05:37:24,485,23.59,34.88,99291.09,539089.25,104.22,114.08,117.28,118.95,721.89,824.7,831.15,831.87,832.02,0.51,cooking
2026-05-14 05:37:29,487,23.76,34.78,99290.52,522982.62,119.32,130.69,134.41,136.36,826.29,944.1,951.56,952.39,952.57,0.51,cooking
2026-05-14 05:37:34,486,23.82,34.65,99287.88,520987.03,60.73,66.47,68.33,69.3,420.71,480.61,484.36,484.78,484.87,0.52,cooking
2026-05-14 05:37:39,487,23.85,34.32,99287.87,529062.25,47.19,51.49,52.81,53.49,327.23,373.56,376.34,376.64,376.7,0.48,cooking
2026-05-14 05:37:44,488,23.75,33.9,99290.02,544680.88,62.96,68.81,70.67,71.63,436.3,498.27,502.08,502.5,502.59,0.53,cooking
2026-05-14 05:37:49,488,23.88,34.05,99288.5,522182.56,393.77,446.22,470.87,483.73,2690.98,3099.77,3137.9,3142.74,3143.62,0.67,cooking
2026-05-14 05:37:54,488,23.91,34.3,99288.81,513154.59,377.64,452.42,496.29,519.17,2522.01,2946.81,3005.53,3013.62,3014.93,0.66,cooking
2026-05-14 05:37:59,486,23.98,34.35,99291.06,516649.84,112.42,136.81,151.62,159.35,745.69,874.99,894.39,897.1,897.53,0.63,cooking
2026-05-14 05:38:04,486,24,34.15,99290.41,517041.16,67.7,82.21,90.98,95.55,449.52,527.15,538.66,540.27,540.53,0.59,cooking
2026-05-14 05:38:09,484,24.07,33.96,99290.62,518612.31,57.68,69.5,76.53,80.19,384.28,449.69,459.02,460.31,460.52,0.58,cooking
2026-05-14 05:38:14,483,24.04,33.76,99288.88,522182.56,80.69,96.6,105.92,110.78,539.07,629.75,642.23,643.95,644.23,0.57,cooking
2026-05-14 05:38:19,483,24.08,33.6,99290.59,521783.44,119.03,142.02,155.37,162.33,796.34,929.46,947.44,949.91,950.31,0.56,cooking
2026-05-14 05:38:24,484,24.12,33.53,99290.72,520589.72,107.76,128.04,139.68,145.75,722.23,842.03,857.82,859.98,860.33,0.54,cooking
2026-05-14 05:38:29,484,24.16,33.46,99290.87,520193.03,107.21,126.25,136.9,142.45,721.22,838.89,853.59,855.57,855.9,0.53,cooking
2026-05-14 05:38:34,483,24.04,33.62,99290.62,508946.31,192.06,228.38,249.27,260.17,1286.77,1500.52,1528.83,1532.7,1533.33,0.59,cooking
2026-05-14 05:38:39,483,24.14,34.49,99292.52,489249.88,275.88,328.77,359.37,375.34,1846.6,2154.6,2195.92,2201.58,2202.51,0.54,cooking
2026-05-14 05:38:44,483,23.98,34.62,99289.38,498903.78,219.77,260.24,283.25,295.26,1474.99,1718.13,1749.55,1753.82,1754.53,0.52,cooking
2026-05-14 05:38:49,485,24.06,34.54,99289.83,500000,228.92,271.12,295.12,307.64,1536.32,1789.64,1822.4,1826.86,1827.6,0.55,cooking
2026-05-14 05:38:54,486,24.11,34.61,99290.12,483360.88,433.58,512.74,557.57,580.95,2911.7,3390.46,3451.81,3460.15,3461.53,0.53,cooking
2026-05-14 05:38:59,488,24.21,34.99,99290.77,463663.12,526.49,619.21,670.83,697.75,3543.83,4120.62,4192.04,4201.69,4203.3,0.53,cooking
2026-05-14 05:39:04,493,24.29,35.08,99290.58,469401.78,364.65,425.28,458.07,475.18,2463.03,2857.72,2903.95,2910.13,2911.17,0.52,cooking
2026-05-14 05:39:09,493,24.3,34.79,99290.91,474293.66,295.76,344.52,370.77,384.46,1998.74,2318.3,2355.42,2360.37,2361.21,0.55,cooking
2026-05-14 05:39:14,494,24.35,34.82,99291.86,469724.78,339.08,391.61,418.93,433.17,2299.57,2661.44,2700.94,2706.15,2707.04,0.52,cooking
2026-05-14 05:39:19,494,24.28,34.35,99291.08,481655.69,174.87,200.69,213.71,220.51,1189,1373.91,1393.13,1395.63,1396.07,0.52,cooking
2026-05-14 05:39:24,496,24.3,34.06,99291.36,488899.5,136.06,155.33,164.8,169.73,927.04,1069.82,1084.04,1085.87,1086.2,0.52,cooking
2026-05-14 05:39:29,498,24.34,33.84,99290.63,489249.88,141.76,161.11,170.37,175.2,967.67,1115.46,1129.61,1131.42,1131.74,0.54,cooking
2026-05-14 05:39:34,499,24.36,33.7,99290.76,491009.34,155.64,178.11,189.29,195.12,1059.47,1223.37,1240.02,1242.17,1242.55,0.56,cooking
2026-05-14 05:39:39,499,24.36,33.7,99289.7,486114.41,160.19,183.69,195.51,201.68,1089.5,1258.69,1276.17,1278.44,1278.84,0.54,cooking
2026-05-14 05:39:44,500,24.33,33.73,99291.69,479962.5,289.72,330.88,351.14,361.71,1973.8,2278.01,2308.39,2312.31,2313,0.52,cooking
2026-05-14 05:39:50,500,24.16,33.84,99291.84,478616.5,371.57,421.92,445.89,458.39,2537.25,2924.13,2960.89,2965.57,2966.41,0.49,cooking
2026-05-14 05:39:55,500,24.1,34.1,99291.27,474623.41,494.31,556.14,583.76,598.17,3387.78,3895.56,3939.8,3945.31,3946.32,0.48,cooking
2026-05-14 05:40:00,503,24.2,34.42,99290.39,461781.28,467.42,523.19,547.08,559.55,3209.93,3686.48,3725.88,3730.71,3731.62,0.51,cooking
2026-05-14 05:40:05,503,24.28,34.67,99289.49,460846.09,420.12,467.98,487.59,497.82,2890.5,3315.8,3349.16,3353.19,3353.96,0.48,cooking
2026-05-14 05:40:10,503,24.29,34.5,99290.55,467473.19,278.1,308.68,320.75,327.04,1916.03,2196.08,2217.17,2219.68,2220.17,0.47,cooking
2026-05-14 05:40:15,503,24.34,34.28,99291.83,472324.72,256.13,283.51,293.97,299.43,1766.58,2023.45,2042.16,2044.35,2044.79,0.48,cooking
2026-05-14 05:40:20,504,24.4,33.98,99289.45,476611.59,220.92,244.61,253.71,258.45,1523.48,1745.15,1761.36,1763.27,1763.65,0.52,cooking
2026-05-14 05:40:25,503,24.46,33.79,99290.18,474293.66,215.23,239.14,248.68,253.65,1482.34,1699.4,1715.94,1717.91,1718.3,0.52,cooking
2026-05-14 05:40:30,503,24.46,33.83,99289.41,441474.47,610.74,676.18,701.25,714.33,4211.98,4824.7,4869.45,4874.71,4875.76,0.49,cooking
2026-05-14 05:40:35,504,24.28,34.09,99290.9,410914.94,1147.03,1260.49,1299.78,1320.28,7933.16,9071.27,9146.77,9155.33,9157.11,0.5,cooking
2026-05-14 05:40:40,504,24.35,34.35,99289.8,380881.53,1804.93,1973.75,2027.56,2055.62,12506.68,14284.58,14394.6,14406.71,14409.32,0.5,cooking
2026-05-14 05:40:45,505,24.45,34.62,99290.59,326218.53,2625.02,2875.44,2957.74,3000.67,18177.51,20769.77,20934.21,20952.5,20956.39,0.52,cooking
2026-05-14 05:40:50,505,24.42,34.46,99290.84,357666.78,1708.7,1862.66,1908.75,1932.79,11854.01,13529.27,13628.12,13638.75,13641.11,0.47,cooking
2026-05-14 05:40:55,508,24.44,34.57,99290.47,364542.53,2352.34,2551.58,2604.53,2632.15,16349.7,18638.99,18763.57,18776.42,18779.41,0.49,cooking
2026-05-14 05:41:00,507,24.54,34.64,99290.16,386050.91,1346.31,1453.86,1478.8,1491.81,9372.93,10674.48,10739.92,10746.36,10747.95,0.47,cooking
2026-05-14 05:41:05,508,24.6,34.38,99290.77,388025.78,973.21,1047.17,1062.08,1069.86,6784.51,7720.3,7764.18,7768.31,7769.38,0.48,cooking
2026-05-14 05:41:10,506,24.62,34.1,99290.49,387365.25,1271.85,1366.19,1383.77,1392.93,8871.98,10091.83,10147.09,10152.15,10153.51,0.48,cooking
2026-05-14 05:41:15,507,24.54,33.76,99288.26,406510.53,722.59,773.9,781.99,786.21,5046,5735.98,5765.31,5767.86,5768.59,0.44,cooking
2026-05-14 05:41:20,507,24.55,33.53,99289.48,414155.72,695.86,744.32,751.33,754.98,4861.69,5524.88,5552.26,5554.58,5555.26,0.48,cooking
2026-05-14 05:41:25,506,24.59,33.5,99288.61,411906.69,964.24,1030.3,1039.1,1043.69,6739.37,7656.87,7693.81,7696.88,7697.8,0.47,cooking
2026-05-14 05:41:30,506,24.62,33.36,99290.17,415163.19,793.93,847.65,854.34,857.84,5550.59,6305.13,6334.95,6337.38,6338.13,0.46,cooking
2026-05-14 05:41:35,506,24.63,33.33,99290.78,407968.12,996.13,1062.18,1069.46,1073.26,6967.49,7912.4,7948.58,7951.44,7952.35,0.47,cooking
2026-05-14 05:41:40,508,24.69,33.82,99291.74,379610.75,2161.86,2313.69,2336.5,2348.4,15100.91,17162.97,17249.16,17256.57,17258.71,0.52,cooking
2026-05-14 05:41:45,509,24.71,33.94,99291.37,367684.03,1800.97,1934.42,1959.18,1972.09,12563.33,14290.48,14368.59,14375.74,14377.66,0.5,cooking
2026-05-14 05:41:50,511,24.78,34.11,99292.12,355062.41,2156.14,2316.52,2346.68,2362.41,15039.39,17107.98,17202.05,17210.7,17213.01,0.48,cooking
2026-05-14 05:41:55,515,24.8,34.01,99291.88,367288.38,1594.88,1715.62,1739.65,1752.19,11119.53,12652.45,12723.93,12730.63,12732.38,0.49,cooking
2026-05-14 05:42:00,515,24.79,33.68,99291.15,383018.5,1302,1400.02,1419.19,1429.19,9078.9,10329.59,10387.46,10392.84,10394.26,0.5,cooking
2026-05-14 05:42:05,512,24.84,33.48,99289.34,388910,1119.11,1203.3,1219.74,1228.32,7803.66,8878.6,8928.29,8932.91,8934.13,0.5,cooking
2026-05-14 05:42:10,514,24.93,33.28,99289.48,391362.5,1084.54,1168.02,1185.51,1194.63,7558.13,8602.38,8652.24,8656.98,8658.2,0.5,cooking
2026-05-14 05:42:15,516,24.85,33,99290.39,407481.09,640.06,688.23,697.64,702.55,4463.2,5078.01,5106.44,5109.08,5109.78,0.46,cooking
2026-05-14 05:42:20,516,24.76,33.01,99291.02,400547.62,798.99,857.27,867.48,872.81,5575.88,6340.87,6374.69,6377.73,6378.56,0.46,cooking
2026-05-14 05:42:25,516,24.76,33.21,99290.11,393392.25,1340.02,1435.81,1451.34,1459.44,9356.22,10636.62,10691.57,10696.4,10697.76,0.47,cooking
2026-05-14 05:42:30,516,24.77,33.38,99291.58,384745.44,1722.46,1842.44,1859.8,1868.85,12033.98,13675.6,13743.38,13749.14,13750.83,0.47,cooking
2026-05-14 05:42:35,515,24.72,33.76,99290.69,377929.5,1812.94,1941.03,1960.79,1971.1,12661.8,14392.07,14465.04,14471.36,14473.17,0.49,cooking
2026-05-14 05:42:40,513,24.81,33.81,99291.1,383880.03,1381.46,1479.09,1494.17,1502.04,9648.21,10966.71,11022.34,11027.16,11028.54,0.48,cooking
2026-05-14 05:42:45,513,24.83,33.63,99291.25,388910,1097.25,1176.52,1189.93,1196.92,7659.13,8708.69,8754.44,8758.51,8759.64,0.5,cooking
2026-05-14 05:42:50,514,24.89,33.69,99288.7,389798.25,1195.23,1281.46,1295.96,1303.53,8343.37,9486.48,9536.21,9540.62,9541.85,0.5,cooking
2026-05-14 05:42:55,515,24.93,33.63,99290.67,390690.56,1201.91,1291.09,1307.72,1316.4,8384.03,9536.84,9589.08,9593.87,9595.16,0.48,cooking
2026-05-14 05:43:00,514,25,33.54,99289.68,387805.34,1208.52,1302.29,1322.4,1332.88,8420.3,9584.94,9641.17,9646.56,9647.94,0.5,cooking
2026-05-14 05:43:05,515,25.08,33.39,99290.13,387805.34,1188.02,1284.52,1307.85,1320.02,8267.13,9417.78,9476.97,9482.88,9484.31,0.53,cooking
2026-05-14 05:43:10,515,25.18,33.23,99289.55,390467.12,1098.96,1187.46,1208.4,1219.33,7649.24,8712.61,8766.67,8772.02,8773.33,0.47,cooking
2026-05-14 05:43:15,516,25.26,33.02,99291.22,391362.5,982.94,1059.66,1076.37,1085.09,6847.55,7795.4,7841.54,7845.98,7847.11,0.5,cooking
2026-05-14 05:43:20,516,25.26,32.83,99291.9,395214.19,920.24,992.17,1007.91,1016.12,6410.49,7298.01,7341.31,7345.49,7346.54,0.47,cooking
2026-05-14 05:43:25,514,25.21,32.96,99290.89,385179.62,1147.2,1234.45,1252.09,1261.29,7997.26,9100.44,9152.24,9157.11,9158.38,0.49,cooking
2026-05-14 05:43:30,514,25.15,33.08,99289.48,387145.56,1261.37,1356.74,1375.65,1385.52,8794.53,10006.74,10063.17,10068.45,10069.83,0.49,cooking
2026-05-14 05:43:35,513,25.14,33.03,99289.91,384962.41,1246.67,1343.44,1364.22,1375.05,8686.01,9887.46,9945.51,9951.08,9952.5,0.51,cooking
2026-05-14 05:43:40,514,25.17,33.1,99290.54,377929.5,1642.51,1770.82,1798.86,1813.48,11442.02,13026.04,13103.25,13110.7,13112.58,0.49,cooking
2026-05-14 05:43:45,514,25.17,33.29,99290.19,359172.22,2970.59,3206.61,3260.6,3288.76,20684.19,23554.3,23697.53,23711.56,23715.04,0.52,cooking
2026-05-14 05:43:50,514,25.16,33.28,99291.07,360690.38,1971.69,2129.94,2167.08,2186.46,13725.04,15632.17,15728.67,15738.21,15740.55,0.51,cooking
2026-05-14 05:43:55,516,25.14,33.41,99290.52,328415.66,3508.52,3807.74,3888.4,3930.48,24380.76,27797.98,27985.65,28005.1,28009.61,0.57,cooking
2026-05-14 05:44:00,514,25.18,33.77,99292.18,294930.88,5314.59,5850.94,6041.81,6141.37,36731.64,42019.18,42378.64,42419.8,42428.25,0.67,cooking
2026-05-14 05:44:05,512,25.15,34.26,99291.63,253905.28,6555.89,7480.82,7933.86,8170.17,44678.89,51553.84,52235.48,52323.3,52338.86,0.7,cooking
2026-05-14 05:44:10,511,25.27,34.69,99292.46,211964.39,7079.79,8315.89,9001.21,9358.67,47679.82,55421.72,56372.48,56500.71,56522.14,0.76,cooking
2026-05-14 05:44:15,510,25.33,34.81,99292.7,223923.03,4862.68,5859.78,6452.87,6762.22,32392.94,37908.6,38695.61,38804.52,38822.13,0.58,cooking
2026-05-14 05:44:20,511,25.35,34.41,99293.16,241168.16,2691.58,3174.05,3444.95,3586.24,18096.77,21056.84,21429.63,21480.15,21488.54,0.52,cooking
2026-05-14 05:44:25,509,25.39,33.87,99294.66,250550.53,2149.32,2482.47,2655.72,2746.09,14575.94,16869.9,17120.44,17153.45,17159.13,0.5,cooking
2026-05-14 05:44:30,511,25.29,33.66,99294.5,261691.8,2045.71,2325.3,2459.21,2529.06,13963.3,16096.49,16301.02,16327.16,16331.84,0.49,cooking
2026-05-14 05:44:35,511,25.19,33.71,99292.2,271690.09,1590.35,1778.63,1858.7,1900.47,10925,12544.44,12677.14,12693.36,12696.43,0.48,cooking
2026-05-14 05:44:40,513,25.24,33.66,99294.74,269971,1774.23,1964.37,2037.26,2075.27,12235.92,14015.96,14145.99,14161.29,14164.33,0.51,cooking
2026-05-14 05:44:45,512,25.15,33.87,99293.16,271906.53,1545.66,1699.9,1753.97,1782.18,10686.97,12222.42,12325.39,12337.12,12339.54,0.51,cooking
2026-05-14 05:44:50,512,25.11,34.19,99291.94,279247.34,1550.9,1695.79,1741.87,1765.9,10746.97,12274.4,12368.77,12379.15,12381.38,0.49,cooking
2026-05-14 05:44:56,513,25.07,34.24,99292.18,279019.06,1536.18,1669.96,1707.56,1727.18,10668.3,12168.21,12252.89,12261.79,12263.82,0.5,cooking
2026-05-14 05:45:01,517,25.16,34.6,99293.13,273212.38,1683.06,1822.41,1857.65,1876.03,11705.61,13339.27,13425.52,13434.26,13436.34,0.48,cooking
2026-05-14 05:45:06,517,25.19,34.69,99293.83,266597.25,1609.11,1739.65,1771.11,1787.53,11197.74,12756.03,12836.05,12844.03,12845.96,0.5,cooking
2026-05-14 05:45:11,517,25.19,34.75,99293.8,251103.48,1917.32,2071.31,2107.52,2126.4,13346.33,15201.01,15294.95,15304.23,15306.51,0.52,cooking
2026-05-14 05:45:16,518,25.16,34.64,99292.8,272557.91,1661.73,1794.28,1824.91,1840.88,11569.4,13175.62,13256.21,13264.13,13266.09,0.51,cooking
2026-05-14 05:45:21,522,25.12,34.78,99292.03,264941.78,1642.35,1771.92,1801,1816.17,11437.91,13023.47,13101.82,13109.45,13111.36,0.51,cooking
2026-05-14 05:45:26,522,25.24,34.71,99295.41,269544.62,1677.85,1810.04,1839.61,1855.03,11685.57,13305.17,13385.06,13392.83,13394.77,0.52,cooking
2026-05-14 05:45:31,522,25.24,34.67,99295.15,273431.25,1509.36,1626.83,1652.24,1665.49,10515.54,11970.56,12041.12,12047.91,12049.62,0.5,cooking
2026-05-14 05:45:36,521,25.28,34.54,99294.84,279247.34,1456.39,1570.17,1595.05,1608.02,10145.45,11549.99,11618.47,11625.08,11626.75,0.49,cooking
2026-05-14 05:45:41,519,25.33,34.4,99295.43,285077.94,1294.54,1393.26,1413.37,1423.86,9023.8,10269.02,10327.7,10333.24,10334.67,0.48,cooking
2026-05-14 05:45:46,521,25.33,34.27,99294.49,293662.19,1125.33,1210.17,1226.83,1235.53,7846.7,8927.84,8977.96,8982.63,8983.86,0.48,cooking
2026-05-14 05:45:51,521,25.32,34,99294.26,298281.38,1111.62,1193.71,1208.77,1216.62,7755.15,8820.83,8868.8,8873.17,8874.35,0.48,cooking
2026-05-14 05:45:56,521,25.35,34.02,99294.89,290167.19,1310.33,1408.19,1426.84,1436.56,9138.86,10396.51,10454.03,10459.34,10460.75,0.49,cooking
2026-05-14 05:46:01,522,25.46,34.19,99294.98,290167.19,1217.26,1307.84,1324.9,1333.8,8490.47,9658.35,9711.5,9716.39,9717.69,0.5,cooking
2026-05-14 05:46:06,521,25.5,33.88,99293.66,297760.97,1045.03,1121.62,1135.29,1142.42,7292.04,8293.11,8337.66,8341.69,8342.79,0.47,cooking
2026-05-14 05:46:11,521,25.52,33.79,99295.19,298803.62,996.72,1068.77,1080.99,1087.36,6957.28,7910.74,7952.34,7956.04,7957.07,0.49,cooking
2026-05-14 05:46:16,520,25.54,33.68,99293.75,302779.41,997.12,1069.04,1081.12,1087.43,6960.49,7914.11,7955.57,7959.26,7960.28,0.47,cooking
2026-05-14 05:46:21,521,25.53,33.42,99294.29,303587.31,994.69,1065.14,1076.13,1081.86,6946.62,7896.18,7936.38,7939.87,7940.86,0.47,cooking
2026-05-14 05:46:26,519,25.55,33.53,99294.7,304128.31,991.69,1061.62,1072.32,1077.9,6926.37,7872.65,7912.45,7915.89,7916.88,0.48,cooking
2026-05-14 05:46:31,518,25.26,33.28,99292.98,317126.03,962.26,1030.51,1041.22,1046.8,6719.9,7638.63,7677.6,7681,7681.96,0.48,cooking
2026-05-14 05:46:36,518,25.3,33.33,99294.13,312195.12,972.97,1041.96,1052.77,1058.41,6794.71,7723.64,7763.03,7766.46,7767.44,0.48,cooking
2026-05-14 05:46:41,518,25.26,33.38,99293.79,315951.88,976.98,1045.43,1055.6,1060.9,6824.77,7756.42,7795.22,7798.55,7799.51,0.5,cooking
2026-05-14 05:46:46,517,25.23,33.45,99291.33,315951.88,959.19,1024.71,1033.3,1037.79,6704.5,7616.94,7653.51,7656.54,7657.45,0.46,cooking
2026-05-14 05:46:51,516,25.25,33.54,99292.09,316537.88,954.68,1019.09,1026.99,1031.11,6674.89,7581.97,7617.65,7620.55,7621.44,0.46,cooking
2026-05-14 05:46:56,516,25.27,33.62,99292.45,320400.5,952.9,1016.33,1023.51,1027.25,6664.51,7568.74,7603.58,7606.36,7607.23,0.46,cooking
2026-05-14 05:47:01,515,25.31,33.49,99292.38,327156.56,884.99,943.62,950.05,953.4,6190.22,7029.64,7061.74,7064.28,7065.08,0.46,cooking
2026-05-14 05:47:06,514,25.24,33.28,99293.41,330003.22,767.76,819.5,825.8,829.08,5368.14,6097.54,6126.18,6128.5,6129.22,0.48,cooking
2026-05-14 05:47:11,511,25.29,33.23,99293.87,332251.78,760.65,811.79,817.93,821.13,5318.76,6041.24,6069.5,6071.79,6072.5,0.47,cooking
2026-05-14 05:47:16,507,25.35,33.19,99292.17,333876.75,747.86,797.52,803.04,805.92,5230.79,5940.29,5967.52,5969.68,5970.36,0.47,cooking
2026-05-14 05:47:21,506,25.34,33.02,99293.11,339185.16,723.83,772.26,777.9,780.85,5061.85,5749.03,5775.71,5777.85,5778.52,0.5,cooking
2026-05-14 05:47:26,502,25.38,32.91,99292.91,341219.59,692.15,738.91,744.68,747.69,4839.2,5496.92,5522.84,5524.95,5525.6,0.49,cooking
2026-05-14 05:47:31,503,25.42,32.86,99291.83,343278.59,683.61,730.54,736.86,740.15,4777.71,5428.3,5454.58,5456.77,5457.43,0.47,cooking
2026-05-14 05:47:36,501,25.51,32.87,99293.11,339860.59,675.79,722.6,729.19,732.63,4722.05,5365.77,5392.12,5394.35,5395.01,0.48,cooking
2026-05-14 05:47:41,500,25.57,32.86,99292.2,342589.5,670.41,717.22,724.07,727.64,4683.55,5322.64,5349.13,5351.38,5352.04,0.49,cooking
2026-05-14 05:47:46,502,25.65,32.8,99292.41,341561.03,668.15,715.28,722.51,726.28,4666.58,5304.16,5331,5333.31,5333.98,0.48,cooking
2026-05-14 05:47:51,502,25.57,32.65,99292.79,348180.91,660.16,706.62,713.67,717.34,4611.1,5240.92,5267.32,5269.6,5270.26,0.46,cooking
2026-05-14 05:47:56,503,25.48,32.54,99293.86,350325,655.1,700.6,707.1,710.49,4577.15,5201.33,5227,5229.17,5229.81,0.47,cooking
2026-05-14 05:48:01,503,25.45,32.53,99294.18,351769.16,656.91,702.86,709.63,713.16,4589.1,5215.42,5241.44,5243.66,5244.31,0.47,cooking
2026-05-14 05:48:06,504,25.46,32.57,99294.83,354325.25,651.94,697.54,704.26,707.76,4554.37,5175.96,5201.78,5203.98,5204.63,0.49,cooking
2026-05-14 05:48:11,501,25.41,32.83,99294.58,352132.06,643.97,689.38,696.32,699.95,4497.8,5112.28,5138.12,5140.36,5141,0.49,cooking
2026-05-14 05:48:16,499,25.42,32.98,99295.42,358417.91,636.87,681.39,687.94,691.35,4449.09,5056.27,5081.48,5083.63,5084.26,0.47,cooking
2026-05-14 05:48:21,500,25.42,32.94,99296.29,361071.94,600.45,642.18,648.14,651.26,4195.32,4767.46,4791,4792.99,4793.58,0.47,cooking
2026-05-14 05:48:26,499,25.28,32.82,99295.73,365714.28,567.94,606.91,612.15,614.89,3969.29,4509.79,4531.61,4533.43,4533.98,0.44,cooking
2026-05-14 05:48:31,499,25.22,32.81,99295.02,376263.09,562.39,600.15,604.64,606.98,3932.59,4466.68,4487.53,4489.21,4489.73,0.45,cooking
2026-05-14 05:48:36,498,25.26,32.88,99296.11,367684.03,562.42,600.29,604.89,607.28,3932.46,4466.74,4487.69,4489.39,4489.92,0.48,cooking
2026-05-14 05:48:41,498,25.32,32.83,99295.48,377094.47,553.86,592.08,597.37,600.13,3870.38,4397.76,4419.24,4421.04,4421.58,0.48,cooking
2026-05-14 05:48:46,497,25.27,32.9,99295.77,377511.53,548.49,586.22,591.36,594.04,3833.2,4355.32,4376.47,4378.24,4378.77,0.47,cooking
2026-05-14 05:48:51,496,25.17,32.98,99294.31,383233.53,548.35,586.24,591.5,594.25,3831.82,4354.02,4375.31,4377.1,4377.63,0.49,cooking
2026-05-14 05:48:56,497,25.17,33.09,99295.2,380457,550.67,588.72,594.01,596.77,3848,4372.41,4393.8,4395.6,4396.13,0.48,cooking
2026-05-14 05:49:01,498,25.24,33.27,99296.14,378138.84,557.63,596.36,601.88,604.76,3896.18,4427.48,4449.32,4451.17,4451.71,0.49,cooking
2026-05-14 05:49:06,499,25.22,33.33,99296.59,378978.53,561.64,600.5,605.95,608.79,3924.5,4459.43,4481.3,4483.14,4483.69,0.48,cooking
2026-05-14 05:49:11,498,25.3,33.52,99295.93,376055.81,563.49,602.41,607.82,610.65,3937.58,4474.19,4496.07,4497.91,4498.45,0.47,cooking
2026-05-14 05:49:16,496,25.33,33.36,99297.25,382803.75,553.52,591.47,596.54,599.19,3868.63,4395.36,4416.59,4418.36,4418.89,0.47,cooking
2026-05-14 05:49:21,496,25.39,33.03,99297.16,387145.56,512.42,547.55,552.26,554.71,3581.36,4068.98,4088.64,4090.27,4090.76,0.48,cooking
2026-05-14 05:49:26,495,25.45,32.83,99297.18,384312.25,487.87,521.28,525.72,528.04,3409.89,3874.09,3892.77,3894.32,3894.79,0.48,cooking
2026-05-14 05:49:31,495,25.48,32.72,99296.38,387585.16,477.67,510.56,515.05,517.4,3338.2,3792.94,3811.38,3812.93,3813.39,0.47,cooking
2026-05-14 05:49:36,494,25.45,32.56,99296.84,391138.28,465.8,497.83,502.18,504.45,3255.32,3698.71,3716.66,3718.16,3718.61,0.48,cooking
2026-05-14 05:49:41,495,25.39,32.52,99296.2,393165.69,451.1,482.34,486.73,489.02,3152.03,3581.71,3599.3,3600.78,3601.22,0.49,cooking
2026-05-14 05:49:46,496,25.28,32.62,99297.21,392487.53,449.19,480.22,484.54,486.79,3138.91,3566.67,3584.11,3585.58,3586.02,0.47,cooking
2026-05-14 05:49:51,498,25.26,32.94,99297.68,394073.5,469.3,501.93,506.61,509.05,3278.95,3726.14,3744.56,3746.12,3746.58,0.47,cooking
2026-05-14 05:49:56,497,25.1,33.14,99295.35,395901.81,463.11,494.89,499.16,501.39,3236.71,3677.44,3695.23,3696.71,3697.16,0.46,cooking
2026-05-14 05:50:02,496,25.11,33.44,99294.48,399142.47,455.95,487.52,491.95,494.27,3185.94,3620.23,3638,3639.5,3639.95,0.5,cooking
2026-05-14 05:50:07,495,24.99,33.39,99294.55,407238.03,442.48,473.87,478.8,481.37,3090,3512.47,3530.4,3531.96,3532.41,0.48,cooking
2026-05-14 05:50:12,494,24.95,33.52,99295.41,408700.84,429.05,459.12,463.6,465.93,2997.14,3406.3,3423.35,3424.81,3425.24,0.44,cooking
2026-05-14 05:50:17,494,24.82,33.55,99295.91,413153.12,417.26,446.06,450.04,452.12,2915.86,3313.18,3329.35,3330.71,3331.12,0.46,cooking
2026-05-14 05:50:22,493,24.96,33.83,99295.09,406026.97,414.4,442.88,446.73,448.74,2896.17,3290.6,3306.55,3307.89,3308.28,0.47,cooking
2026-05-14 05:50:27,494,25.02,33.83,99294.11,403865.12,414.42,443.05,447.03,449.11,2895.9,3290.55,3306.64,3307.99,3308.4,0.47,cooking
2026-05-14 05:50:32,496,25.08,33.67,99294.42,404343.53,409.52,437.81,441.74,443.79,2861.71,3251.7,3267.59,3268.93,3269.33,0.47,cooking
2026-05-14 05:50:37,496,25.01,33.55,99296.21,408212.09,392.59,419.52,423.14,425.03,2743.82,3117.43,3132.51,3133.76,3134.14,0.46,cooking
2026-05-14 05:50:42,496,24.85,33.64,99297.05,414658.84,378.52,404.99,408.9,410.93,2644.26,3005.16,3020.16,3021.44,3021.81,0.48,cooking
2026-05-14 05:50:47,495,24.81,33.65,99297.08,415668.75,368.3,394.01,397.77,399.73,2572.96,2924.05,2938.6,2939.84,2940.2,0.47,cooking
2026-05-14 05:50:52,495,24.82,33.69,99296.73,418728.28,362.43,387.2,390.46,392.16,2533.23,2878.01,2891.85,2892.99,2893.34,0.48,cooking
2026-05-14 05:50:57,496,24.83,33.76,99295.98,413153.12,357.3,381.54,384.61,386.21,2497.82,2837.49,2850.97,2852.07,2852.41,0.46,cooking
2026-05-14 05:51:02,495,24.85,33.77,99296.12,414658.84,353.53,377.44,380.4,381.95,2471.71,2807.69,2820.94,2822.02,2822.36,0.47,cooking
2026-05-14 05:51:07,496,24.88,33.83,99296.3,410174.25,348.53,372.9,376.48,378.36,2434.81,2767.1,2780.9,2782.07,2782.42,0.47,cooking
2026-05-14 05:51:12,497,24.86,33.7,99296.94,422878.38,336.7,360.21,363.65,365.45,2352.2,2673.18,2686.48,2687.61,2687.94,0.47,cooking
2026-05-14 05:51:17,499,24.93,33.54,99296.12,420016.41,318.09,340.15,343.28,344.91,2222.53,2525.57,2538,2539.05,2539.36,0.45,cooking
2026-05-14 05:51:22,500,25.01,33.52,99295.57,415163.19,312.49,333.96,336.87,338.39,2183.9,2481.33,2493.37,2494.37,2494.67,0.46,cooking
2026-05-14 05:51:27,500,25.01,33.47,99294.16,416429.44,307.85,329.09,332.03,333.56,2151.27,2444.4,2456.33,2457.34,2457.63,0.47,cooking
2026-05-14 05:51:32,500,25.01,33.42,99294.63,416683.62,301.8,322.69,325.62,327.14,2108.84,2396.3,2408.05,2409.04,2409.34,0.48,cooking
2026-05-14 05:51:37,503,24.94,33.31,99294.2,423140.5,298.56,319.34,322.33,323.89,2085.9,2370.42,2382.15,2383.15,2383.44,0.5,cooking
2026-05-14 05:51:42,501,24.86,33.3,99296.34,424984.44,298.13,318.83,321.78,323.32,2083.08,2367.13,2378.8,2379.78,2380.08,0.47,cooking
2026-05-14 05:51:47,503,24.77,33.22,99296.16,433622.69,296.85,317.35,320.2,321.69,2074.38,2357.06,2368.59,2369.55,2369.84,0.45,cooking
2026-05-14 05:51:52,504,24.85,33.09,99296.48,433898.31,279.12,298.75,301.71,303.26,1949.65,2215.91,2227.06,2228.02,2228.3,0.49,cooking
2026-05-14 05:51:57,505,24.85,33.1,99296.84,430342.5,274.62,294.03,297.02,298.59,1917.97,2180.07,2191.13,2192.08,2192.36,0.47,cooking
2026-05-14 05:52:02,506,24.97,33.24,99294.19,424720.03,287.76,307.99,311.04,312.63,2010.02,2284.52,2296,2296.99,2297.28,0.47,cooking
2026-05-14 05:52:07,506,24.89,33.14,99293.68,431976.38,287.45,307.78,310.94,312.58,2007.51,2281.88,2293.48,2294.48,2294.77,0.48,cooking
2026-05-14 05:52:12,506,24.93,33.14,99293.8,424984.44,286.47,306.71,309.83,311.45,2000.79,2274.19,2285.72,2286.72,2287,0.48,cooking
2026-05-14 05:52:17,508,24.98,33.06,99293.7,430885.75,285.89,306.09,309.21,310.84,1996.72,2269.58,2281.09,2282.09,2282.37,0.47,cooking
2026-05-14 05:52:22,508,25.01,32.98,99293.45,428183.16,284.45,304.37,307.32,308.85,1987.1,2258.33,2269.62,2270.58,2270.86,0.49,cooking
2026-05-14 05:52:27,507,25.03,32.96,99294.18,431430.38,280.67,300.53,303.62,305.22,1960.14,2228.05,2239.38,2240.36,2240.64,0.49,cooking
2026-05-14 05:52:32,507,24.97,32.74,99295.45,438637.81,266.42,285.17,288.01,289.49,1860.9,2115.06,2125.72,2126.64,2126.9,0.46,cooking
2026-05-14 05:52:37,507,24.95,32.62,99296.22,434450.56,261.99,280.41,283.18,284.63,1830.03,2079.95,2090.4,2091.3,2091.56,0.47,cooking
2026-05-14 05:52:42,506,24.95,32.72,99295.73,432249.91,265.55,284.07,286.76,288.16,1855.25,2108.36,2118.83,2119.72,2119.98,0.47,cooking
2026-05-14 05:52:47,509,25.01,32.75,99294.68,435281.62,262.91,281.52,284.41,285.92,1836.13,2087.09,2097.7,2098.62,2098.88,0.47,cooking
2026-05-14 05:52:52,510,25.02,32.72,99293.41,430342.5,260.02,278.26,280.99,282.41,1816.35,2064.35,2074.69,2075.58,2075.84,0.48,cooking
2026-05-14 05:52:57,512,25.08,32.72,99295.7,431157.91,257.28,275.1,277.62,278.93,1797.7,2042.77,2052.81,2053.66,2053.91,0.46,cooking
2026-05-14 05:53:02,512,25.09,32.64,99295.16,433622.69,254.64,272.34,274.87,276.19,1779.16,2021.79,2031.77,2032.62,2032.87,0.49,cooking
2026-05-14 05:53:07,511,25.09,32.54,99294.4,436953.28,246.19,263.62,266.33,267.74,1719.32,1954.32,1964.27,1965.13,1965.38,0.49,cooking
2026-05-14 05:53:12,511,25.09,32.44,99295.47,437793.94,242.04,258.98,261.48,262.79,1690.8,1921.59,1931.19,1932.01,1932.25,0.45,cooking
2026-05-14 05:53:17,514,25,32.37,99294,442332.62,238.28,254.82,257.16,258.39,1664.93,1891.94,1901.26,1902.04,1902.28,0.47,cooking
2026-05-14 05:53:22,515,25.03,32.41,99294.52,440904.19,237.11,253.51,255.81,257.01,1656.81,1882.64,1891.88,1892.65,1892.88,0.47,cooking
2026-05-14 05:53:27,514,25.08,32.43,99295.89,438919.84,238.14,254.87,257.39,258.7,1663.44,1890.59,1900.09,1900.91,1901.15,0.48,cooking
2026-05-14 05:53:32,514,25.05,32.33,99295.11,443770.31,234.2,250.65,253.12,254.41,1635.9,1859.29,1868.63,1869.43,1869.66,0.46,cooking
2026-05-14 05:53:37,514,24.98,32.26,99293.73,448140.03,223.53,239.38,241.86,243.15,1561.05,1774.46,1783.5,1784.29,1784.51,0.48,cooking
2026-05-14 05:53:42,511,24.79,32.22,99296.54,458678.62,215.31,230.45,232.73,233.93,1503.96,1709.35,1717.95,1718.69,1718.9,0.46,cooking
2026-05-14 05:53:47,510,24.79,32.22,99295.12,458063.06,204.69,218.82,220.77,221.79,1430.4,1625.31,1633.25,1633.92,1634.11,0.46,cooking
2026-05-14 05:53:52,509,24.81,32.33,99295.64,450803.44,208.15,222.41,224.31,225.3,1454.79,1652.85,1660.82,1661.48,1661.68,0.47,cooking
2026-05-14 05:53:57,510,24.83,32.38,99295.62,453800.12,208.64,222.91,224.8,225.78,1458.31,1656.8,1664.78,1665.44,1665.64,0.48,cooking
2026-05-14 05:54:02,510,24.94,32.43,99293.41,455313.47,204.61,218.92,221.03,222.12,1429.38,1624.46,1632.56,1633.25,1633.45,0.49,cooking
2026-05-14 05:54:07,508,24.93,32.27,99294.55,456836.94,193.56,207.14,209.18,210.24,1352.08,1536.69,1544.39,1545.06,1545.25,0.48,cooking
2026-05-14 05:54:12,510,24.84,32.21,99294.87,452896.94,186,199.07,201.04,202.07,1299.18,1476.6,1484.03,1484.67,1484.85,0.48,cooking
2026-05-14 05:54:17,510,24.59,32.14,99292.78,471021.16,185.07,197.87,199.66,200.59,1293.21,1469.47,1476.67,1477.27,1477.45,0.46,cooking
2026-05-14 05:54:22,509,24.72,32.19,99293.78,464293.81,185.13,197.94,199.73,200.66,1293.64,1469.96,1477.17,1477.77,1477.95,0.45,cooking
2026-05-14 05:54:27,511,24.77,32.23,99293.62,462406.88,186.1,198.77,200.41,201.26,1300.88,1477.85,1484.92,1485.5,1485.67,0.47,cooking
2026-05-14 05:54:32,510,24.71,32.22,99292.13,465560.34,184.24,196.57,198.01,198.75,1288.43,1463.35,1470.14,1470.69,1470.86,0.46,cooking
2026-05-14 05:54:37,510,24.65,32.19,99293.57,472651.75,183.42,195.66,197.06,197.79,1282.76,1456.85,1463.58,1464.12,1464.29,0.48,cooking
2026-05-14 05:54:42,509,24.51,32.13,99292.29,475284.28,180.51,192.63,194.07,194.82,1262.22,1433.65,1440.34,1440.88,1441.05,0.48,cooking
2026-05-14 05:54:47,508,24.56,32.18,99291.85,470048.19,178.08,190.18,191.71,192.51,1244.94,1414.24,1420.97,1421.52,1421.69,0.46,cooking
2026-05-14 05:54:52,508,24.54,32.31,99292.41,473307.16,179.27,191.54,193.17,194.02,1252.96,1423.52,1430.39,1430.96,1431.13,0.47,cooking
2026-05-14 05:54:57,506,24.56,32.36,99292.95,473307.16,180.14,192.4,193.97,194.79,1259.29,1430.58,1437.41,1437.97,1438.14,0.48,cooking
2026-05-14 05:55:02,506,24.55,32.31,99290.32,471672.03,179.51,191.76,193.36,194.19,1254.75,1425.5,1432.33,1432.9,1433.07,0.47,cooking
2026-05-14 05:55:07,506,24.62,32.33,99291.86,471346.38,179.09,191.17,192.64,193.41,1252.21,1422.36,1429.05,1429.59,1429.76,0.45,cooking
2026-05-14 05:55:12,505,24.7,32.36,99292.9,469724.78,178.09,189.93,191.25,191.94,1245.6,1414.57,1421.06,1421.57,1421.74,0.46,cooking
2026-05-14 05:55:18,506,24.74,32.27,99294.18,470372.06,172.37,183.66,184.81,185.4,1205.99,1369.31,1375.45,1375.92,1376.08,0.46,cooking
2026-05-14 05:55:23,505,24.84,32.22,99294.55,466833.81,164.37,175.04,176.05,176.58,1150.25,1305.86,1311.62,1312.06,1312.21,0.46,cooking
2026-05-14 05:55:28,505,24.84,32.18,99294.16,471346.38,162.1,172.32,173.08,173.47,1135.05,1288.12,1293.53,1293.92,1294.06,0.45,cooking
2026-05-14 05:55:33,506,24.86,32.1,99292.98,466196.22,161.51,171.7,172.45,172.84,1130.96,1283.47,1288.86,1289.25,1289.39,0.45,cooking
2026-05-14 05:55:38,505,24.9,32.04,99293.73,466833.81,159.66,169.86,170.7,171.15,1117.65,1268.58,1274.03,1274.44,1274.57,0.46,cooking
2026-05-14 05:55:43,505,24.93,32.06,99293.15,461781.28,159.94,170.33,171.33,171.85,1119.19,1270.62,1276.24,1276.67,1276.81,0.48,cooking
2026-05-14 05:55:48,506,24.95,32.01,99292.9,465560.34,161.49,171.96,172.94,173.45,1130.1,1282.96,1288.61,1289.04,1289.18,0.45,cooking
2026-05-14 05:55:53,505,25.04,32.01,99292.94,462720.28,162.11,172.7,173.76,174.31,1134.27,1287.84,1293.58,1294.03,1294.17,0.48,cooking
2026-05-14 05:55:58,504,25.07,31.96,99293.56,461781.28,159.69,170.19,171.29,171.87,1117.15,1268.51,1274.24,1274.69,1274.83,0.47,cooking
2026-05-14 05:56:03,504,25.04,31.86,99294.45,463663.12,156.49,166.91,168.08,168.69,1094.52,1243.01,1248.73,1249.18,1249.33,0.45,cooking
2026-05-14 05:56:08,503,24.93,31.69,99295.4,474623.41,153.58,163.76,164.87,165.45,1074.26,1219.93,1225.5,1225.94,1226.08,0.47,cooking
2026-05-14 05:56:13,502,24.88,31.65,99295.06,473307.16,149.89,159.88,161.01,161.6,1048.34,1190.58,1196.07,1196.51,1196.64,0.47,cooking
2026-05-14 05:56:18,500,24.95,31.69,99294.23,475947,147.51,157.58,158.9,159.58,1031.09,1171.4,1177.02,1177.48,1177.62,0.48,cooking
2026-05-14 05:56:23,499,24.91,31.66,99293.97,473635.53,144.4,154.45,155.9,156.65,1008.85,1146.46,1152.14,1152.62,1152.76,0.46,cooking
2026-05-14 05:56:28,497,24.91,31.59,99294.86,475947,141.56,151.55,153.08,153.88,988.73,1123.82,1129.5,1130,1130.14,0.46,cooking
2026-05-14 05:56:33,498,24.92,31.65,99293.22,469079.25,138.72,148.4,149.82,150.56,969.12,1101.35,1106.83,1107.3,1107.43,0.46,cooking
2026-05-14 05:56:38,497,24.99,31.75,99294.14,470048.19,137.99,147.56,148.92,149.63,964.2,1095.66,1101.05,1101.51,1101.64,0.47,cooking
2026-05-14 05:56:43,497,25.03,31.72,99294.66,471346.38,135.91,145.29,146.59,147.27,949.74,1079.16,1084.43,1084.88,1085.01,0.46,cooking
2026-05-14 05:56:48,496,24.97,31.64,99294.66,474953.62,135.41,144.63,145.82,146.44,946.59,1075.36,1080.49,1080.92,1081.04,0.46,cooking
2026-05-14 05:56:53,496,25.07,31.59,99295.44,476611.59,134.64,143.72,144.84,145.42,941.34,1069.27,1074.3,1074.71,1074.84,0.44,cooking
2026-05-14 05:56:58,496,25.14,31.52,99295.23,476279.06,132.12,141.01,142.09,142.65,923.77,1049.28,1054.2,1054.6,1054.72,0.46,cooking
2026-05-14 05:57:03,496,25.21,31.45,99294.97,469724.78,128.94,137.68,138.78,139.36,901.39,1023.96,1028.82,1029.22,1029.34,0.48,cooking
2026-05-14 05:57:08,495,25.27,31.36,99296.73,471021.16,126.2,134.89,136.08,136.7,881.91,1002.05,1006.92,1007.33,1007.45,0.48,cooking
2026-05-14 05:57:13,493,25.34,31.29,99296.41,470696.41,124.96,133.78,135.14,135.84,872.75,992,997.03,997.46,997.59,0.5,cooking
2026-05-14 05:57:18,493,25.31,31.18,99296.82,470048.19,123.37,132.13,133.52,134.24,861.52,979.33,984.34,984.77,984.9,0.47,cooking
2026-05-14 05:57:23,493,25.23,31.07,99294.86,479625.28,121.66,130.23,131.54,132.22,849.71,965.79,970.67,971.09,971.21,0.46,cooking
2026-05-14 05:57:28,491,25.17,30.98,99295.61,479962.5,121.25,129.68,130.89,131.53,847.17,962.71,967.47,967.87,967.99,0.45,cooking
2026-05-14 05:57:33,492,25.14,30.96,99294.45,480638.34,119.95,128.24,129.4,130.01,838.15,952.39,957.05,957.45,957.56,0.44,cooking
2026-05-14 05:57:38,495,25.12,30.99,99294.7,480977,117.88,125.95,127.02,127.58,823.91,936.07,940.58,940.96,941.07,0.47,cooking
2026-05-14 05:57:43,493,25.12,31.05,99294.3,477946.31,116.33,124.25,125.28,125.81,813.18,923.81,928.22,928.59,928.7,0.47,cooking
2026-05-14 05:57:48,493,25.12,31.08,99294.59,479962.5,114.61,122.37,123.33,123.84,801.26,910.19,914.49,914.84,914.95,0.45,cooking
2026-05-14 05:57:53,493,25.2,31.12,99296.66,479288.56,111.94,119.52,120.47,120.96,782.57,888.97,893.17,893.52,893.62,0.46,cooking
2026-05-14 05:57:58,491,25.23,31.09,99296.69,478616.5,110.68,118.18,119.12,119.61,773.8,879,883.16,883.5,883.61,0.45,cooking
2026-05-14 05:58:03,492,25.19,31.08,99295.78,473635.53,110.39,117.97,118.99,119.52,771.5,876.56,880.81,881.16,881.26,0.47,cooking
2026-05-14 05:58:08,491,25.17,31.05,99296.12,479625.28,110.37,118.03,119.12,119.69,771.13,876.29,880.61,880.97,881.08,0.47,cooking
2026-05-14 05:58:13,491,25.11,30.97,99296.07,485078.16,109.98,117.61,118.69,119.26,768.47,873.24,877.54,877.91,878.01,0.47,cooking
2026-05-14 05:58:18,489,24.98,30.94,99294.92,491716.69,109.62,117.2,118.27,118.82,766,870.41,874.67,875.03,875.14,0.47,cooking
2026-05-14 05:58:23,488,25.01,30.99,99293.97,488899.5,110.14,117.74,118.79,119.33,769.68,874.55,878.82,879.17,879.28,0.46,cooking
2026-05-14 05:58:28,488,25.08,30.97,99294.4,484733.72,109.21,116.74,117.78,118.32,763.18,867.16,871.39,871.74,871.85,0.49,cooking
2026-05-14 05:58:33,488,24.95,30.93,99295.45,490304.03,107.5,115.04,116.18,116.77,750.88,853.42,857.7,858.07,858.18,0.48,cooking
2026-05-14 05:58:38,488,24.93,30.89,99293.46,499634.06,103.39,110.72,111.87,112.47,721.98,820.7,824.88,825.25,825.35,0.48,cooking
2026-05-14 05:58:43,488,24.93,30.94,99292,491716.69,100.21,107.25,108.3,108.86,699.95,795.54,799.53,799.88,799.98,0.47,cooking
2026-05-14 05:58:48,487,24.94,31.02,99291.91,492426.06,100.59,107.73,108.85,109.44,702.43,798.48,802.56,802.91,803.01,0.46,cooking
2026-05-14 05:58:53,487,24.91,31,99292.98,493850.97,99.88,107.09,108.31,108.95,697.2,792.73,796.89,797.26,797.36,0.49,cooking
2026-05-14 05:58:58,488,24.87,31,99292.68,497087.38,97.81,105,106.3,106.98,682.41,776.14,780.34,780.72,780.82,0.5,cooking
2026-05-14 05:59:03,488,24.9,31.05,99292.11,494208.5,96.82,104.22,105.74,106.54,674.86,768.02,772.43,772.85,772.95,0.5,cooking
2026-05-14 05:59:08,488,24.9,31.07,99293.95,493493.97,95.94,103.54,105.26,106.16,668.05,760.71,765.32,765.77,765.88,0.5,cooking
2026-05-14 05:59:13,487,24.85,31.04,99295.34,490656.44,94.96,102.61,104.42,105.37,660.92,752.81,757.49,757.95,758.06,0.5,cooking
2026-05-14 05:59:18,488,24.87,31.08,99293.95,492426.06,94.56,102.12,103.88,104.8,658.28,749.71,754.31,754.77,754.88,0.49,cooking
2026-05-14 05:59:23,486,24.78,31.04,99294.33,498175.62,93.08,100.34,101.92,102.74,648.48,738.23,742.59,743.01,743.12,0.48,cooking
2026-05-14 05:59:28,487,24.8,31.14,99294.41,491716.69,91.17,98.25,99.77,100.57,635.22,723.09,727.34,727.75,727.85,0.5,cooking
2026-05-14 05:59:33,484,24.85,31.2,99293.34,493850.97,89.69,96.69,98.21,99,624.86,711.34,715.55,715.95,716.05,0.5,cooking
2026-05-14 05:59:38,485,24.69,31.2,99293.33,506679.88,88.46,95.25,96.65,97.39,616.54,701.68,705.73,706.11,706.21,0.47,cooking
2026-05-14 05:59:43,486,24.82,31.31,99293.68,494925.09,89.05,95.73,97.02,97.7,621.01,706.53,710.46,710.83,710.92,0.47,cooking
2026-05-14 05:59:48,484,24.87,31.31,99294.62,494208.5,89.4,96.07,97.33,97.99,623.55,709.34,713.26,713.62,713.72,0.47,cooking
2026-05-14 05:59:53,484,24.92,31.26,99293.67,498175.62,87.8,94.32,95.53,96.16,612.49,696.71,700.52,700.87,700.96,0.47,cooking
2026-05-14 05:59:58,481,24.83,31.11,99294.79,503317.78,84.86,91.08,92.2,92.78,592.09,673.39,677.01,677.34,677.43,0.47,cooking
2026-05-14 06:00:03,482,24.84,31.03,99294.21,503317.78,82.19,88.14,89.16,89.69,573.65,652.29,655.73,656.04,656.13,0.45,cooking
2026-05-14 06:00:08,484,24.79,31.03,99295.32,508946.31,79.14,84.75,85.63,86.09,552.68,628.24,631.44,631.72,631.8,0.44,cooking
2026-05-14 06:00:13,483,24.84,31.08,99295.14,502206.97,78.11,83.56,84.36,84.77,545.69,620.15,623.23,623.5,623.57,0.46,cooking
2026-05-14 06:00:18,483,24.74,31.07,99295.66,510087.19,78.42,83.79,84.51,84.88,548.06,622.68,625.68,625.93,626.01,0.47,cooking
2026-05-14 06:00:23,483,24.69,31.02,99295.41,512000,77.56,82.79,83.42,83.75,542.34,616.02,618.91,619.14,619.21,0.45,cooking
2026-05-14 06:00:28,485,24.48,30.96,99293.03,519796.97,75.77,80.94,81.62,81.97,529.65,601.72,604.6,604.84,604.91,0.48,cooking
2026-05-14 06:00:33,483,24.53,31.1,99293.18,515869.03,74.46,79.57,80.25,80.61,520.4,591.26,594.12,594.36,594.43,0.46,cooking
2026-05-14 06:00:38,484,24.58,31.15,99293.11,508567.16,74.94,80.14,80.88,81.26,523.66,595.06,597.98,598.23,598.3,0.47,cooking
2026-05-14 06:00:43,484,24.58,31.15,99293.81,510850.59,75.06,80.28,81.03,81.42,524.43,595.95,598.89,599.14,599.22,0.45,cooking
2026-05-14 06:00:49,480,24.65,31.18,99295.41,507056.19,74.84,80.08,80.87,81.27,522.78,594.15,597.12,597.38,597.45,0.45,cooking
2026-05-14 06:00:54,481,24.6,31.19,99293.97,506679.88,75.21,80.45,81.22,81.61,525.43,597.11,600.08,600.33,600.4,0.45,cooking
2026-05-14 06:00:59,481,24.63,31.2,99294.02,512000,74.86,80.01,80.71,81.08,523.16,594.42,597.31,597.55,597.62,0.45,cooking
2026-05-14 06:01:04,480,24.69,31.19,99295.35,513540.62,73.02,78.03,78.71,79.06,510.3,579.79,582.6,582.83,582.9,0.45,cooking
2026-05-14 06:01:09,481,24.6,31.07,99294.23,515869.03,70.81,75.73,76.43,76.79,494.78,562.24,565.01,565.25,565.32,0.45,cooking
2026-05-14 06:01:14,480,24.41,31.06,99292.4,520193.03,67.98,72.75,73.46,73.83,474.9,539.73,542.44,542.67,542.73,0.46,cooking
2026-05-14 06:01:19,480,24.46,31.12,99292.73,517825.53,66.16,70.83,71.55,71.93,462.07,525.21,527.88,528.11,528.17,0.47,cooking
2026-05-14 06:01:24,481,24.39,31.19,99293.05,518218.62,64.7,69.22,69.88,70.23,452.02,513.7,516.26,516.48,516.54,0.46,cooking
2026-05-14 06:01:29,481,24.56,31.34,99292.81,505180.06,63.97,68.48,69.17,69.53,446.8,507.84,510.41,510.63,510.69,0.45,cooking
2026-05-14 06:01:34,481,24.67,31.4,99295.45,504806.5,64.93,69.61,70.4,70.81,453.26,515.36,518.06,518.3,518.37,0.47,cooking
2026-05-14 06:01:39,477,24.77,31.39,99294.87,504061.03,64.52,69.29,70.17,70.63,450.09,511.95,514.74,515,515.06,0.48,cooking
2026-05-14 06:01:44,479,24.82,31.3,99295.88,504806.5,63.91,68.75,69.71,70.22,445.59,507.02,509.89,510.15,510.22,0.48,cooking
2026-05-14 06:01:49,476,24.85,31.2,99294.95,504806.5,63.8,68.57,69.49,69.96,444.97,506.21,509.02,509.28,509.35,0.46,cooking
2026-05-14 06:01:54,476,24.92,31.14,99294.92,501469.16,62.68,67.3,68.15,68.59,437.27,497.36,500.06,500.31,500.37,0.46,cooking
2026-05-14 06:01:59,476,25.03,31.06,99294.27,500000,61.47,66.01,66.85,67.28,428.85,487.78,490.44,490.68,490.74,0.47,cooking
2026-05-14 06:02:04,475,25.09,30.94,99295.45,499268.66,60.04,64.47,65.27,65.69,418.92,476.47,479.05,479.29,479.35,0.46,cooking
2026-05-14 06:02:09,475,25.06,30.84,99295.85,502206.97,59,63.36,64.17,64.59,411.57,468.13,470.69,470.92,470.98,0.46,cooking
2026-05-14 06:02:14,474,25.06,30.79,99296.02,497449.59,59.27,63.66,64.46,64.89,413.49,470.32,472.88,473.12,473.18,0.47,cooking
2026-05-14 06:02:19,472,25,30.74,99296.77,509326.03,60.03,64.47,65.28,65.71,418.81,476.36,478.96,479.19,479.26,0.47,cooking
2026-05-14 06:02:24,470,25.01,30.71,99296.34,505928.84,59.94,64.35,65.15,65.57,418.2,475.65,478.22,478.45,478.52,0.48,cooking
2026-05-14 06:02:29,473,25.11,30.74,99295.6,498903.78,60.95,65.37,66.12,66.52,425.39,483.71,486.26,486.49,486.55,0.47,cooking
2026-05-14 06:02:34,470,24.95,30.6,99297.16,509706.31,60.32,64.64,65.35,65.72,421.12,478.78,481.26,481.48,481.54,0.47,cooking
2026-05-14 06:02:39,469,25.04,30.57,99295.22,507056.19,59.1,63.26,63.9,64.24,412.75,469.14,471.52,471.72,471.78,0.46,cooking
2026-05-14 06:02:44,468,25.09,30.62,99295.36,501469.16,58.6,62.71,63.34,63.66,409.3,465.19,467.53,467.73,467.79,0.47,cooking
2026-05-14 06:02:49,467,25.15,30.63,99295.27,501469.16,59.25,63.4,64.01,64.33,413.92,470.42,472.77,472.97,473.03,0.48,cooking
2026-05-14 06:02:54,465,25.28,30.67,99299.11,496725.69,59.52,63.73,64.38,64.72,415.67,472.49,474.89,475.09,475.15,0.47,cooking
2026-05-14 06:02:59,463,25.45,30.71,99299.88,492071.12,57.74,61.85,62.5,62.84,403.23,458.37,460.72,460.92,460.98,0.45,cooking
2026-05-14 06:03:04,463,25.42,30.48,99299.29,492426.06,56.3,60.31,60.96,61.3,393.08,446.86,449.17,449.37,449.42,0.46,cooking
2026-05-14 06:03:09,462,25.36,30.32,99298.22,497087.38,55.97,59.95,60.58,60.91,390.87,444.32,446.59,446.79,446.85,0.46,cooking
2026-05-14 06:03:14,461,25.4,30.2,99298.48,500366.47,55.53,59.45,60.05,60.37,387.8,440.79,443.03,443.22,443.28,0.46,cooking
2026-05-14 06:03:19,463,25.42,30.15,99298.62,502576.69,54.03,57.85,58.43,58.74,377.39,428.95,431.12,431.31,431.36,0.47,cooking
2026-05-14 06:03:24,462,25.42,30.1,99298.18,499634.06,52.99,56.85,57.53,57.88,369.81,420.54,422.78,422.98,423.04,0.51,cooking
2026-05-14 06:03:29,462,25.44,30.1,99298.68,500733.5,52.07,55.92,56.63,57,363.21,413.14,415.39,415.6,415.65,0.49,cooking
2026-05-14 06:03:34,462,25.44,30.02,99297.45,500000,51.07,54.84,55.52,55.88,356.3,405.26,407.46,407.66,407.71,0.48,normal
2026-05-14 06:03:39,464,25.47,30.01,99298.26,493850.97,50.26,53.99,54.69,55.06,350.58,398.79,400.98,401.18,401.23,0.5,normal
2026-05-14 06:03:44,462,25.45,29.99,99298.35,497087.38,49.72,53.44,54.16,54.53,346.71,394.44,396.64,396.84,396.89,0.51,normal
2026-05-14 06:03:49,464,25.42,30.03,99299.1,496003.88,49.95,53.77,54.55,54.96,348.13,396.19,398.47,398.68,398.74,0.51,normal
2026-05-14 06:03:54,465,25.23,30.01,99298.12,507810.56,50.64,54.5,55.28,55.69,353.03,401.73,404.02,404.24,404.29,0.48,normal
2026-05-14 06:03:59,465,25.09,29.99,99296.43,515479.5,50.42,54.22,54.96,55.35,351.62,400.05,402.29,402.5,402.55,0.49,normal
2026-05-14 06:04:04,466,24.84,30,99298.57,523785.16,49.13,52.86,53.6,53.99,342.52,389.75,391.95,392.16,392.22,0.5,normal
2026-05-14 06:04:09,463,24.74,30.15,99296.15,527020.06,47.86,51.52,52.27,52.66,333.61,379.66,381.83,382.04,382.09,0.49,normal
2026-05-14 06:04:14,463,24.78,30.33,99297.48,518612.31,46.52,50.09,50.83,51.22,324.19,368.97,371.1,371.3,371.35,0.49,normal
2026-05-14 06:04:19,464,24.84,30.45,99297.8,515479.5,46.04,49.65,50.45,50.87,320.65,365.07,367.25,367.47,367.52,0.51,normal
2026-05-14 06:04:24,461,24.88,30.6,99297.73,508567.16,46.04,49.67,50.49,50.92,320.6,365.04,367.24,367.46,367.51,0.5,normal
2026-05-14 06:04:29,460,24.84,30.61,99298.73,512000,46.3,49.88,50.64,51.04,322.6,367.2,369.34,369.55,369.6,0.48,normal
2026-05-14 06:04:34,461,24.84,30.62,99298.27,514314.41,45.48,48.9,49.57,49.91,317.16,360.84,362.86,363.05,363.1,0.48,normal
2026-05-14 06:04:39,460,24.83,30.63,99297.87,517433.06,45.18,48.56,49.21,49.54,315.07,358.44,360.43,360.61,360.66,0.48,normal
2026-05-14 06:04:44,460,24.87,30.69,99298.7,508946.31,45.61,49.05,49.72,50.07,318.07,361.89,363.92,364.11,364.15,0.47,normal
2026-05-14 06:04:49,459,24.91,30.67,99298.45,513927.22,45.23,48.62,49.26,49.6,315.48,358.9,360.89,361.07,361.12,0.47,normal
2026-05-14 06:04:54,459,24.92,30.66,99298.53,508188.59,45.15,48.55,49.21,49.56,314.84,358.21,360.22,360.4,360.45,0.48,normal
2026-05-14 06:04:59,459,24.94,30.64,99298.38,511616.28,45.33,48.75,49.42,49.77,316.05,359.61,361.63,361.81,361.86,0.49,normal
2026-05-14 06:05:04,457,24.94,30.57,99297.43,519006.59,44.52,47.9,48.57,48.92,310.41,353.21,355.21,355.39,355.44,0.49,normal
2026-05-14 06:05:09,456,24.96,30.51,99297.47,514702.19,43.34,46.61,47.25,47.59,302.16,343.79,345.73,345.91,345.96,0.48,normal
2026-05-14 06:05:14,455,25.01,30.54,99298.37,508946.31,41.77,44.9,45.51,45.82,291.31,331.42,333.26,333.43,333.48,0.47,normal
2026-05-14 06:05:19,455,24.88,30.47,99298.57,518612.31,41.39,44.5,45.1,45.41,288.63,328.38,330.21,330.38,330.42,0.47,normal
2026-05-14 06:05:24,454,24.82,30.47,99301.13,520987.03,41.24,44.35,44.95,45.27,287.6,327.21,329.05,329.22,329.26,0.46,normal
2026-05-14 06:05:29,455,24.75,30.39,99299.89,528652.56,41.03,44.11,44.71,45.03,286.11,325.52,327.34,327.51,327.55,0.46,normal
2026-05-14 06:05:34,453,24.89,30.44,99300.34,523383.59,40.49,43.49,44.06,44.35,282.42,321.26,323.02,323.18,323.23,0.46,normal
2026-05-14 06:05:39,453,24.89,30.48,99300.45,524590.19,39.7,42.62,43.15,43.43,277,315.05,316.75,316.9,316.95,0.46,normal
2026-05-14 06:05:44,452,24.96,30.5,99298.27,520589.72,38.54,41.35,41.83,42.08,269.01,305.9,307.52,307.66,307.7,0.46,normal
2026-05-14 06:05:49,449,25.05,30.47,99295.46,518612.31,37.84,40.57,41.03,41.26,264.16,300.34,301.92,302.06,302.09,0.46,normal
2026-05-14 06:05:54,448,25.06,30.31,99296.53,518612.31,37.1,39.75,40.18,40.41,259.02,294.47,295.99,296.12,296.16,0.47,normal
2026-05-14 06:05:59,447,25.06,30.22,99297.73,520193.03,36.44,39.04,39.45,39.67,254.43,289.23,290.72,290.85,290.89,0.48,normal
2026-05-14 06:06:04,446,25.1,30.22,99298.28,516259.12,35.67,38.21,38.61,38.83,249.06,283.12,284.58,284.71,284.74,0.49,normal
2026-05-14 06:06:09,447,25.13,30.28,99299.05,514702.19,35.23,37.72,38.11,38.32,246.02,279.65,281.07,281.2,281.23,0.48,normal
2026-05-14 06:06:15,447,24.96,30.26,99298.59,518612.31,34.5,36.92,37.29,37.48,240.97,273.87,275.25,275.37,275.4,0.48,normal
2026-05-14 06:06:20,446,24.95,30.41,99299.55,519796.97,35.48,38.01,38.41,38.61,247.79,281.68,283.12,283.24,283.28,0.48,normal
2026-05-14 06:06:25,449,24.92,30.41,99301.67,520193.03,36.14,38.71,39.12,39.34,252.32,286.84,288.31,288.44,288.48,0.46,normal
2026-05-14 06:06:30,448,24.9,30.41,99299.11,520987.03,36.23,38.82,39.24,39.45,252.98,287.6,289.08,289.21,289.25,0.47,normal
2026-05-14 06:06:35,447,24.91,30.42,99300.03,522182.56,35.92,38.49,38.9,39.11,250.83,285.14,286.61,286.74,286.78,0.47,normal
2026-05-14 06:06:40,448,25.03,30.55,99299.3,517433.06,35.85,38.41,38.81,39.03,250.34,284.59,286.05,286.18,286.21,0.47,normal
2026-05-14 06:06:45,449,25.07,30.51,99299.11,516649.84,36.12,38.73,39.17,39.41,252.1,286.66,288.16,288.3,288.34,0.46,normal
2026-05-14 06:06:50,450,25.08,30.38,99299.52,516649.84,36.11,38.71,39.14,39.37,252.09,286.62,288.12,288.25,288.28,0.47,normal
2026-05-14 06:06:55,451,25.07,30.29,99298.66,520193.03,35.45,38.01,38.44,38.66,247.48,281.39,282.86,282.99,283.03,0.47,normal
2026-05-14 06:07:00,450,25.08,30.24,99298.02,517041.16,34.53,37.03,37.45,37.67,241,274.03,275.47,275.6,275.64,0.48,normal
2026-05-14 06:07:05,451,25.06,30.23,99297.16,518612.31,33.72,36.18,36.6,36.83,235.34,267.62,269.04,269.17,269.2,0.49,normal
2026-05-14 06:07:10,451,25.03,30.21,99298.08,517041.16,33.1,35.56,36.01,36.25,230.93,262.68,264.11,264.24,264.28,0.49,normal
2026-05-14 06:07:15,451,24.98,30.21,99299.59,520589.72,32.38,34.85,35.35,35.62,225.73,256.87,258.34,258.48,258.52,0.49,normal
2026-05-14 06:07:20,449,24.98,30.26,99300.62,520589.72,31.75,34.25,34.81,35.1,221.1,251.75,253.26,253.41,253.45,0.51,normal
2026-05-14 06:07:25,448,24.79,30.22,99301.12,532362.88,31.11,33.67,34.31,34.65,216.38,246.56,248.14,248.3,248.34,0.51,normal
2026-05-14 06:07:30,449,24.75,30.26,99300.75,526207.62,30.62,33.15,33.79,34.13,212.96,242.68,244.25,244.41,244.45,0.49,normal
2026-05-14 06:07:35,451,24.74,30.39,99298.97,526613.5,30.64,33.17,33.8,34.13,213.11,242.84,244.4,244.56,244.59,0.49,normal
2026-05-14 06:07:40,449,24.81,30.43,99299.69,531533.88,30.91,33.45,34.09,34.42,215.02,245,246.57,246.73,246.77,0.49,normal
2026-05-14 06:07:45,450,24.8,30.36,99300.64,532362.88,29.55,31.96,32.54,32.85,205.61,234.24,235.72,235.87,235.9,0.49,normal
2026-05-14 06:07:50,451,24.76,30.38,99298.6,531948.06,28.67,31.04,31.63,31.94,199.45,227.27,228.74,228.88,228.92,0.5,normal
2026-05-14 06:07:55,453,24.77,30.39,99299.48,531120.31,28.72,31.1,31.71,32.03,199.72,227.6,229.08,229.23,229.26,0.49,normal
2026-05-14 06:08:00,453,24.75,30.35,99297.66,536547,28.44,30.79,31.38,31.69,197.81,225.41,226.86,227.01,227.05,0.49,normal
2026-05-14 06:08:05,454,24.79,30.34,99299.12,533194.5,27.84,30.11,30.66,30.95,193.68,220.65,222.05,222.19,222.22,0.48,normal
2026-05-14 06:08:10,453,24.62,30.36,99298.57,536547,27.55,29.77,30.29,30.56,191.78,218.43,219.78,219.92,219.95,0.49,normal
2026-05-14 06:08:15,450,24.52,30.45,99297.86,542516.56,27.26,29.42,29.92,30.17,189.81,216.15,217.46,217.59,217.62,0.49,normal
2026-05-14 06:08:20,450,24.58,30.51,99295.91,537391.75,26.66,28.75,29.22,29.47,185.65,211.38,212.65,212.77,212.8,0.49,normal
2026-05-14 06:08:25,449,24.69,30.56,99298.71,531533.88,26.27,28.34,28.8,29.04,183,208.35,209.6,209.72,209.76,0.49,normal
2026-05-14 06:08:30,450,24.65,30.54,99298.05,534028.69,25.85,27.86,28.3,28.53,180.09,205.01,206.22,206.33,206.36,0.48,normal
2026-05-14 06:08:35,452,24.71,30.53,99299.63,534865.5,25.76,27.74,28.16,28.37,179.49,204.29,205.47,205.59,205.61,0.48,normal
2026-05-14 06:08:40,454,24.76,30.53,99299.05,528243.5,26.28,28.29,28.7,28.92,183.19,208.47,209.67,209.78,209.81,0.48,normal
2026-05-14 06:08:45,453,24.86,30.61,99300.06,524993.56,27.22,29.28,29.68,29.89,189.81,215.96,217.18,217.29,217.32,0.47,normal
2026-05-14 06:08:50,452,24.94,30.57,99298.62,523785.16,27.39,29.43,29.83,30.03,191,217.29,218.5,218.61,218.64,0.47,normal
2026-05-14 06:08:55,453,24.92,30.52,99299.23,528243.5,27.25,29.26,29.63,29.82,190.08,216.2,217.38,217.49,217.52,0.46,normal
2026-05-14 06:09:00,451,24.84,30.41,99299.03,525802.31,26.93,28.89,29.23,29.41,187.92,213.69,214.83,214.93,214.96,0.47,normal
2026-05-14 06:09:05,451,24.91,30.42,99298.49,520589.72,26.58,28.48,28.79,28.95,185.57,210.97,212.06,212.15,212.18,0.46,normal
2026-05-14 06:09:10,451,24.94,30.45,99299.62,521783.44,26.64,28.5,28.78,28.93,186.06,211.47,212.53,212.62,212.64,0.46,normal
2026-05-14 06:09:15,451,25.07,30.54,99299.34,520589.72,26.26,28.08,28.34,28.47,183.51,208.52,209.55,209.64,209.66,0.46,normal
2026-05-14 06:09:20,451,25.17,30.57,99301.14,515479.5,26.16,27.96,28.21,28.34,182.79,207.7,208.71,208.8,208.82,0.47,normal
2026-05-14 06:09:25,453,25.22,30.45,99301.34,519006.59,25.53,27.29,27.53,27.66,178.41,202.72,203.71,203.79,203.82,0.46,normal
2026-05-14 06:09:30,452,25.27,30.33,99303.16,518612.31,24.39,26.09,26.34,26.47,170.36,193.61,194.58,194.66,194.68,0.47,normal
2026-05-14 06:09:35,453,25.12,30.21,99300.54,526613.5,23.39,25.04,25.29,25.42,163.37,185.69,186.62,186.7,186.73,0.47,normal
2026-05-14 06:09:40,454,25.13,30.22,99300.23,522982.62,22.87,24.48,24.73,24.86,159.7,181.52,182.44,182.52,182.54,0.47,normal
2026-05-14 06:09:45,456,25.15,30.27,99300.45,521783.44,23.26,24.92,25.19,25.33,162.42,184.64,185.59,185.67,185.7,0.48,normal
2026-05-14 06:09:50,457,25.06,30.26,99300.84,524187.34,24.04,25.79,26.09,26.25,167.8,190.82,191.83,191.92,191.94,0.48,normal
2026-05-14 06:09:55,457,25.05,30.33,99299.55,519401.47,25.19,27.06,27.4,27.59,175.72,199.88,200.97,201.07,201.1,0.49,normal
2026-05-14 06:10:00,458,25.06,30.41,99299.34,519796.97,25.54,27.45,27.82,28.01,178.14,202.66,203.78,203.88,203.91,0.5,normal
2026-05-14 06:10:05,460,24.83,30.3,99301.7,532362.88,25.26,27.15,27.52,27.71,176.14,200.39,201.51,201.61,201.64,0.48,normal
2026-05-14 06:10:10,460,24.74,30.29,99300.56,536125.62,24.24,26.06,26.41,26.6,169.01,192.29,193.37,193.47,193.49,0.48,normal
2026-05-14 06:10:15,464,24.56,30.3,99297.27,548179.88,22.9,24.63,24.98,25.16,159.62,181.63,182.66,182.76,182.78,0.48,normal
2026-05-14 06:10:20,464,24.61,30.39,99299.55,545551.44,21.78,23.44,23.77,23.94,151.83,172.78,173.76,173.85,173.88,0.47,normal
2026-05-14 06:10:25,464,24.76,30.47,99300.87,529062.25,21.08,22.68,23.01,23.17,146.92,167.19,168.14,168.23,168.26,0.47,normal
2026-05-14 06:10:30,466,24.88,30.62,99298.83,521783.44,21.1,22.73,23.07,23.25,147.04,167.36,168.33,168.42,168.45,0.48,normal
2026-05-14 06:10:35,466,25,30.68,99299.23,526613.5,21.23,22.89,23.25,23.44,147.88,168.35,169.35,169.45,169.47,0.49,normal
2026-05-14 06:10:40,466,25.15,30.62,99300.1,520987.03,21.35,23.05,23.45,23.65,148.69,169.32,170.36,170.46,170.48,0.49,normal
2026-05-14 06:10:45,468,25.04,30.46,99299.36,527427.25,21.39,23.1,23.5,23.71,148.87,169.56,170.6,170.7,170.73,0.49,normal
2026-05-14 06:10:50,471,25.09,30.34,99300.18,528243.5,21.24,22.93,23.32,23.52,147.92,168.44,169.47,169.57,169.59,0.48,normal
2026-05-14 06:10:55,471,24.99,30.27,99302.54,531948.06,21.49,23.23,23.64,23.86,149.57,170.37,171.43,171.53,171.56,0.5,normal
2026-05-14 06:11:00,472,24.86,30.19,99300.48,539942,20.72,22.43,22.86,23.08,144.15,164.25,165.3,165.41,165.43,0.49,normal
2026-05-14 06:11:05,474,24.94,30.18,99298.59,535704.94,19.84,21.5,21.93,22.16,137.94,157.22,158.25,158.36,158.38,0.5,normal
2026-05-14 06:11:10,473,25.03,30.43,99298.98,519401.47,20.05,21.74,22.19,22.42,139.36,158.87,159.92,160.03,160.06,0.5,normal
2026-05-14 06:11:15,473,25.1,30.71,99299.4,516649.84,21.01,22.78,23.24,23.48,146.07,166.5,167.6,167.72,167.74,0.48,normal
2026-05-14 06:11:20,474,25.15,30.7,99301.02,515869.03,21.57,23.4,23.9,24.15,149.9,170.91,172.05,172.17,172.2,0.5,normal
2026-05-14 06:11:25,474,25.25,30.69,99301.21,515479.5,20.97,22.76,23.25,23.5,145.7,166.13,167.26,167.38,167.4,0.49,normal
2026-05-14 06:11:30,478,25.3,30.66,99301.08,511616.28,20.42,22.16,22.63,22.88,141.88,161.77,162.87,162.98,163.01,0.49,normal
2026-05-14 06:11:35,476,25.42,30.6,99301.24,516259.12,19.83,21.52,21.97,22.21,137.8,157.11,158.16,158.27,158.3,0.47,normal
2026-05-14 06:11:40,474,25.38,30.37,99300.88,514702.19,19.78,21.42,21.83,22.05,137.54,156.74,157.76,157.86,157.89,0.46,normal
2026-05-14 06:11:45,477,25.37,30.21,99301.09,513927.22,19.78,21.39,21.77,21.98,137.67,156.83,157.81,157.91,157.93,0.47,normal
2026-05-14 06:11:51,476,25.42,30.2,99302.43,515479.5,20.02,21.63,22.01,22.2,139.39,158.75,159.73,159.83,159.85,0.47,normal
2026-05-14 06:11:56,478,25.39,30.12,99303.44,513154.59,20.36,21.97,22.34,22.53,141.74,161.41,162.39,162.48,162.51,0.45,normal
2026-05-14 06:12:01,476,25.36,30.11,99302.19,511233.16,20.18,21.78,22.14,22.33,140.55,160.04,161.01,161.1,161.12,0.45,normal
2026-05-14 06:12:06,475,25.27,30.01,99301.77,524590.19,19.79,21.35,21.69,21.87,137.87,156.97,157.91,158,158.02,0.46,normal
2026-05-14 06:12:11,475,25.31,30.01,99300.11,522582.28,19.55,21.08,21.41,21.59,136.17,155.02,155.94,156.03,156.05,0.46,normal
2026-05-14 06:12:16,474,25.37,30.04,99300.78,515869.03,19.43,20.96,21.29,21.47,135.36,154.11,155.03,155.12,155.14,0.47,normal
2026-05-14 06:12:21,475,25.51,30.21,99302.3,509326.03,19.1,20.62,20.96,21.14,133.03,151.48,152.4,152.49,152.51,0.47,normal
2026-05-14 06:12:26,473,25.63,30.28,99298.3,509326.03,18.86,20.36,20.71,20.89,131.31,149.53,150.45,150.54,150.56,0.48,normal
2026-05-14 06:12:31,471,25.66,30.17,99298.6,505554.19,18.56,20.05,20.41,20.59,129.2,147.15,148.07,148.16,148.18,0.48,normal
2026-05-14 06:12:36,472,25.61,30,99299.34,508946.31,18.48,19.98,20.34,20.53,128.58,146.47,147.39,147.48,147.5,0.49,normal
2026-05-14 06:12:41,473,25.37,29.81,99302.21,521783.44,17.84,19.3,19.66,19.85,124.08,141.37,142.27,142.36,142.38,0.48,normal
2026-05-14 06:12:46,473,25.39,29.77,99303.18,526207.62,17.89,19.37,19.74,19.93,124.42,141.78,142.7,142.79,142.81,0.49,normal
2026-05-14 06:12:51,473,25.24,29.73,99302.01,526207.62,17.64,19.12,19.5,19.7,122.68,139.83,140.74,140.84,140.86,0.49,normal
2026-05-14 06:12:56,472,25.32,29.85,99302.91,525397.62,17.65,19.17,19.59,19.81,122.6,139.81,140.77,140.87,140.89,0.5,normal
2026-05-14 06:13:01,471,25.29,29.82,99303.22,530295.19,17.18,18.71,19.15,19.38,119.27,136.08,137.05,137.16,137.18,0.5,normal
2026-05-14 06:13:06,471,25.04,29.79,99300.5,538663.88,16.36,17.83,18.27,18.49,113.55,129.58,130.52,130.62,130.65,0.49,normal
2026-05-14 06:13:11,469,24.97,29.84,99300.2,541226.19,15.3,16.68,17.09,17.3,106.18,121.18,122.06,122.15,122.18,0.49,normal
2026-05-14 06:13:16,469,25,29.99,99298.91,536969.06,14.75,16.07,16.46,16.66,102.39,116.84,117.68,117.77,117.79,0.47,normal
2026-05-14 06:13:21,469,25.05,30.06,99299.03,531948.06,14.85,16.14,16.51,16.7,103.13,117.63,118.45,118.54,118.56,0.47,normal
2026-05-14 06:13:26,471,25.04,30.12,99300.02,531120.31,15.32,16.63,16.99,17.17,106.48,121.41,122.23,122.32,122.34,0.47,normal
2026-05-14 06:13:31,472,24.92,30.09,99300.07,540369.38,15.83,17.16,17.51,17.69,110.05,125.44,126.27,126.35,126.37,0.48,normal
2026-05-14 06:13:36,475,25.07,30.12,99300.39,529062.25,15.91,17.25,17.6,17.78,110.62,126.09,126.93,127.01,127.03,0.48,normal
2026-05-14 06:13:41,473,25.07,30.09,99298.81,534446.75,15.71,17.04,17.39,17.57,109.19,124.47,125.3,125.39,125.41,0.48,normal
2026-05-14 06:13:46,472,25.12,30.1,99300.83,524187.34,15.75,17.08,17.44,17.62,109.46,124.79,125.62,125.71,125.73,0.49,normal
2026-05-14 06:13:51,470,25.24,30.17,99301.62,524187.34,15.4,16.71,17.05,17.23,107.06,122.05,122.86,122.95,122.97,0.48,normal
2026-05-14 06:13:56,470,25.3,30.18,99302.11,519796.97,15.02,16.29,16.62,16.79,104.42,119.03,119.82,119.9,119.92,0.49,normal
2026-05-14 06:14:01,470,25.32,30.07,99302.26,524993.56,15.15,16.41,16.74,16.91,105.33,120.05,120.83,120.91,120.93,0.49,normal
2026-05-14 06:14:06,470,25.31,29.96,99303.21,523785.16,14.8,16.03,16.34,16.51,102.96,117.33,118.09,118.17,118.18,0.49,normal
2026-05-14 06:14:11,469,25.32,29.99,99302.6,517041.16,15.86,17.18,17.51,17.69,110.28,125.68,126.5,126.59,126.61,0.5,normal
2026-05-14 06:14:16,468,25.41,30.01,99301.7,519006.59,15.95,17.27,17.6,17.78,110.91,126.39,127.21,127.3,127.32,0.49,normal
2026-05-14 06:14:21,467,25.47,29.9,99301.39,519006.59,15.53,16.8,17.11,17.27,108.05,123.1,123.88,123.96,123.97,0.49,normal
2026-05-14 06:14:26,463,25.61,29.87,99300.41,514314.41,15.28,16.51,16.81,16.96,106.32,121.11,121.87,121.95,121.96,0.48,normal
2026-05-14 06:14:31,462,25.59,29.8,99301.3,515479.5,15.39,16.63,16.92,17.07,107.13,122.02,122.77,122.85,122.87,0.48,normal
2026-05-14 06:14:36,461,25.52,29.69,99301.7,513927.22,15.25,16.48,16.77,16.91,106.19,120.94,121.69,121.76,121.78,0.48,normal
2026-05-14 06:14:41,459,25.39,29.65,99302.89,523785.16,15.73,16.98,17.27,17.42,109.5,124.7,125.46,125.53,125.55,0.48,normal
2026-05-14 06:14:46,460,25.46,29.67,99301.27,523383.59,15.72,16.96,17.24,17.39,109.51,124.69,125.44,125.51,125.53,0.48,normal
2026-05-14 06:14:51,461,25.37,29.65,99301.91,526207.62,15.68,16.9,17.16,17.3,109.21,124.33,125.06,125.13,125.15,0.48,normal
2026-05-14 06:14:56,462,25.33,29.73,99302.22,526613.5,15.39,16.58,16.83,16.96,107.23,122.05,122.76,122.83,122.85,0.48,normal
2026-05-14 06:15:01,463,25.41,29.87,99303.54,522982.62,15.24,16.42,16.67,16.8,106.23,120.91,121.61,121.68,121.7,0.48,normal
2026-05-14 06:15:06,465,25.32,29.82,99303.71,527427.25,15.03,16.2,16.45,16.58,104.71,119.2,119.9,119.97,119.98,0.49,normal
2026-05-14 06:15:11,464,25.27,29.77,99302.82,533611.25,14.78,15.93,16.18,16.31,102.94,117.19,117.88,117.95,117.97,0.48,normal
2026-05-14 06:15:16,462,25.18,29.67,99301.45,536547,13.73,14.8,15.04,15.16,95.67,108.91,109.55,109.61,109.63,0.49,normal
2026-05-14 06:15:21,462,25.23,29.71,99300.92,533611.25,13.08,14.09,14.31,14.42,91.12,103.73,104.34,104.39,104.41,0.49,normal
2026-05-14 06:15:26,463,25.38,29.87,99302.4,524187.34,12.93,13.93,14.15,14.26,90.1,102.56,103.16,103.22,103.23,0.48,normal
2026-05-14 06:15:31,464,25.46,29.94,99303.53,523785.16,12.61,13.59,13.8,13.91,87.86,100.02,100.61,100.66,100.68,0.48,normal
2026-05-14 06:15:36,464,25.49,29.87,99302.92,519006.59,12.57,13.56,13.78,13.89,87.51,99.64,100.24,100.3,100.31,0.48,normal
2026-05-14 06:15:41,463,25.45,29.77,99303.1,522982.62,12.89,13.91,14.14,14.27,89.72,102.17,102.79,102.85,102.86,0.47,normal
2026-05-14 06:15:46,460,25.39,29.7,99303.19,522982.62,13.33,14.39,14.64,14.76,92.84,105.72,106.36,106.43,106.44,0.48,normal
2026-05-14 06:15:51,461,25.49,29.72,99303.35,516649.84,13.43,14.51,14.77,14.9,93.52,106.51,107.17,107.23,107.25,0.48,normal
2026-05-14 06:15:56,461,25.34,29.6,99303.24,531120.31,13.33,14.41,14.68,14.81,92.76,105.67,106.33,106.4,106.42,0.48,normal
2026-05-14 06:16:01,462,25.36,29.64,99302.8,527020.06,12.78,13.83,14.09,14.23,88.93,101.32,101.97,102.04,102.05,0.5,normal
2026-05-14 06:16:06,460,25.48,29.74,99301.8,520987.03,12.81,13.89,14.17,14.31,89.06,101.51,102.18,102.25,102.27,0.51,normal
2026-05-14 06:16:11,461,25.47,29.67,99304.09,526613.5,12.89,13.98,14.28,14.43,89.55,102.1,102.78,102.86,102.87,0.5,normal
2026-05-14 06:16:16,461,25.39,29.62,99302.47,523785.16,12.9,14,14.31,14.47,89.59,102.16,102.86,102.93,102.95,0.5,normal
2026-05-14 06:16:21,461,25.15,29.56,99301.65,537391.75,12.84,13.95,14.26,14.42,89.16,101.68,102.39,102.46,102.48,0.51,normal
2026-05-14 06:16:26,461,25.22,29.62,99301.19,535284.88,12.34,13.42,13.72,13.87,85.73,97.78,98.46,98.53,98.54,0.5,normal
2026-05-14 06:16:31,460,25.21,29.66,99300.38,537815.12,11.68,12.7,12.98,13.13,81.11,92.51,93.16,93.22,93.24,0.5,normal
2026-05-14 06:16:36,457,25.2,29.72,99300.83,537815.12,11.13,12.09,12.36,12.51,77.27,88.14,88.75,88.81,88.83,0.5,normal
2026-05-14 06:16:41,457,25.26,29.96,99302.52,527020.06,11,11.95,12.21,12.35,76.42,87.15,87.75,87.81,87.82,0.49,normal
2026-05-14 06:16:46,457,25.36,30.1,99301.21,527427.25,10.72,11.64,11.9,12.03,74.46,84.92,85.5,85.56,85.58,0.5,normal
2026-05-14 06:16:51,458,25.45,30.1,99302.38,526207.62,10.52,11.42,11.67,11.79,73.05,83.3,83.87,83.93,83.94,0.5,normal
2026-05-14 06:16:56,459,25.37,29.93,99302.26,528652.56,10.52,11.42,11.66,11.79,73.08,83.33,83.89,83.95,83.96,0.5,normal
2026-05-14 06:17:01,459,25.32,29.79,99301.04,531533.88,11.09,12.04,12.3,12.43,77.1,87.9,88.5,88.56,88.57,0.5,normal
2026-05-14 06:17:06,459,25.35,29.73,99303.2,529062.25,11.72,12.73,13.01,13.16,81.38,92.81,93.45,93.52,93.53,0.5,normal
2026-05-14 06:17:11,462,25.28,29.68,99303.49,530707.44,11.84,12.89,13.2,13.36,82.18,93.77,94.44,94.51,94.52,0.51,normal
2026-05-14 06:17:16,463,25.3,29.71,99302.62,529062.25,11.58,12.63,12.95,13.11,80.3,91.67,92.34,92.41,92.43,0.51,normal
2026-05-14 06:17:21,464,25.25,29.68,99301.04,533611.25,11.16,12.18,12.5,12.66,77.37,88.33,88.99,89.06,89.08,0.51,normal
2026-05-14 06:17:26,465,25.24,29.69,99301.61,533194.5,10.95,11.94,12.25,12.41,75.91,86.66,87.3,87.37,87.39,0.5,normal
2026-05-14 06:17:31,465,25.33,29.76,99303.03,527427.25,11.13,12.13,12.44,12.59,77.2,88.12,88.76,88.83,88.85,0.49,normal
2026-05-14 06:17:37,464,25.2,29.77,99300.57,529883.56,11.46,12.48,12.78,12.94,79.54,90.76,91.41,91.48,91.5,0.49,normal
2026-05-14 06:17:42,463,25.19,29.78,99301.84,534028.69,12.09,13.15,13.46,13.62,83.92,95.74,96.42,96.49,96.51,0.49,normal
2026-05-14 06:17:47,461,25.12,29.78,99300.7,537391.75,11.97,13.01,13.31,13.46,83.11,94.8,95.46,95.53,95.54,0.48,normal
2026-05-14 06:17:52,460,24.95,29.78,99301.48,543813.06,11.69,12.69,12.97,13.11,81.21,92.61,93.24,93.31,93.32,0.48,normal
2026-05-14 06:17:57,460,25.02,29.83,99301.07,545987.75,11.07,12,12.24,12.37,76.92,87.68,88.26,88.32,88.34,0.48,normal
2026-05-14 06:18:02,458,25.07,29.86,99299.69,539089.25,10.59,11.48,11.71,11.82,73.63,83.93,84.48,84.53,84.55,0.48,normal
2026-05-14 06:18:07,459,25.11,29.87,99299.64,535284.88,10.31,11.17,11.39,11.5,71.71,81.72,82.25,82.31,82.32,0.48,normal
2026-05-14 06:18:12,459,25.11,29.85,99300.05,539942,10.04,10.87,11.08,11.19,69.85,79.6,80.11,80.16,80.18,0.48,normal
2026-05-14 06:18:17,458,25.14,29.84,99297.58,534865.5,9.35,10.12,10.31,10.41,65.04,74.11,74.58,74.63,74.64,0.48,normal
2026-05-14 06:18:22,456,25.24,29.98,99300.31,531948.06,9.17,9.93,10.12,10.22,63.78,72.68,73.15,73.2,73.21,0.48,normal
2026-05-14 06:18:27,454,25.27,30.06,99299.83,527835.06,9.09,9.85,10.05,10.15,63.16,71.99,72.47,72.52,72.53,0.48,normal
2026-05-14 06:18:32,455,25.27,30.02,99300.98,526207.62,9.07,9.84,10.04,10.14,63.05,71.88,72.36,72.41,72.42,0.47,normal
2026-05-14 06:18:37,455,25.31,29.99,99301.42,524590.19,9.4,10.2,10.4,10.51,65.37,74.51,75.01,75.06,75.07,0.47,normal
2026-05-14 06:18:42,455,25.34,29.94,99301.43,526207.62,9.82,10.65,10.86,10.98,68.25,77.8,78.31,78.37,78.38,0.48,normal
2026-05-14 06:18:47,453,25.32,29.88,99302.95,526613.5,10.15,11,11.22,11.34,70.58,80.45,80.98,81.03,81.05,0.48,normal
2026-05-14 06:18:52,454,25.32,29.83,99301.98,524993.56,10.31,11.17,11.39,11.5,71.7,81.72,82.25,82.3,82.31,0.48,normal
2026-05-14 06:18:57,453,25.35,29.82,99302.36,522182.56,10.65,11.54,11.76,11.88,74.08,84.43,84.97,85.03,85.04,0.49,normal
2026-05-14 06:19:02,452,25.33,29.78,99302.78,530295.19,10.42,11.28,11.5,11.61,72.43,82.54,83.08,83.13,83.15,0.49,normal
2026-05-14 06:19:07,452,25.39,29.82,99302.25,524187.34,9.79,10.61,10.81,10.92,68.11,77.62,78.13,78.18,78.19,0.49,normal
2026-05-14 06:19:12,452,25.44,29.84,99302.66,521384.94,9.75,10.56,10.77,10.88,67.82,77.29,77.79,77.84,77.85,0.49,normal
2026-05-14 06:19:17,452,25.47,29.83,99302.26,523383.59,9.73,10.55,10.76,10.87,67.63,77.09,77.6,77.65,77.66,0.49,normal
2026-05-14 06:19:22,453,25.5,29.76,99302.93,522982.62,9.65,10.47,10.69,10.8,67.09,76.49,77,77.05,77.07,0.49,normal
2026-05-14 06:19:27,453,25.57,29.75,99302.27,518612.31,9.93,10.78,11.01,11.12,69.01,78.68,79.21,79.27,79.28,0.49,normal
2026-05-14 06:19:32,451,25.57,29.68,99301.71,522582.28,10.03,10.89,11.11,11.23,69.74,79.51,80.04,80.1,80.11,0.49,normal
2026-05-14 06:19:37,451,25.51,29.56,99302.7,521384.94,9.87,10.7,10.92,11.04,68.59,78.19,78.71,78.77,78.78,0.49,normal
2026-05-14 06:19:42,450,25.44,29.49,99303.48,528243.5,9.34,10.13,10.35,10.46,64.9,73.99,74.49,74.54,74.55,0.5,normal
2026-05-14 06:19:47,450,25.14,29.47,99301.13,536969.06,8.69,9.43,9.64,9.74,60.41,68.87,69.34,69.39,69.4,0.49,normal
2026-05-14 06:19:52,449,25.14,29.58,99300.31,540369.38,8.27,8.97,9.16,9.26,57.45,65.5,65.94,65.99,66,0.5,normal
2026-05-14 06:19:57,448,25.22,29.66,99302.12,536547,8.2,8.9,9.08,9.18,56.99,64.98,65.41,65.46,65.47,0.49,normal
2026-05-14 06:20:02,448,25.32,29.8,99302.2,529062.25,8.16,8.85,9.04,9.13,56.68,64.62,65.06,65.1,65.11,0.5,normal
2026-05-14 06:20:07,445,25.39,29.87,99302.19,525802.31,8.17,8.86,9.05,9.14,56.77,64.72,65.15,65.2,65.21,0.49,normal
2026-05-14 06:20:12,444,25.51,29.87,99301.36,517825.53,8.6,9.34,9.53,9.64,59.79,68.17,68.63,68.68,68.69,0.5,normal
2026-05-14 06:20:17,444,25.57,29.79,99303.79,520589.72,8.55,9.29,9.49,9.59,59.4,67.74,68.2,68.25,68.26,0.5,normal
2026-05-14 06:20:22,444,25.52,29.65,99302.47,521783.44,8.29,9.01,9.21,9.32,57.58,65.68,66.13,66.18,66.19,0.5,normal
2026-05-14 06:20:27,442,25.52,29.58,99301.94,521783.44,8.52,9.27,9.48,9.59,59.18,67.51,67.98,68.03,68.04,0.49,normal
2026-05-14 06:20:32,444,25.49,29.51,99301.79,522582.28,8.76,9.53,9.74,9.85,60.88,69.43,69.91,69.96,69.97,0.49,normal
2026-05-14 06:20:37,443,25.43,29.49,99302.46,526207.62,9.08,9.86,10.08,10.19,63.07,71.92,72.42,72.47,72.48,0.49,normal
2026-05-14 06:20:42,442,25.36,29.44,99302.19,534028.69,9.22,10.02,10.25,10.37,64.02,73.03,73.54,73.59,73.6,0.49,normal
2026-05-14 06:20:47,441,25.44,29.44,99301.23,528243.5,8.96,9.76,9.99,10.11,62.22,70.99,71.5,71.55,71.56,0.5,normal
2026-05-14 06:20:52,441,25.52,29.51,99301.89,523383.59,8.45,9.21,9.44,9.56,58.65,66.93,67.42,67.47,67.48,0.5,normal
2026-05-14 06:20:57,441,25.56,29.53,99301.49,522182.56,8.31,9.06,9.3,9.42,57.62,65.78,66.27,66.32,66.33,0.49,normal
2026-05-14 06:21:02,441,25.63,29.56,99302.16,518218.62,7.98,8.71,8.94,9.06,55.32,63.16,63.63,63.68,63.69,0.49,normal
2026-05-14 06:21:07,442,25.61,29.54,99302.23,520589.72,7.54,8.24,8.45,8.56,52.28,59.7,60.15,60.2,60.21,0.48,normal
2026-05-14 06:21:12,443,25.54,29.42,99300.83,525802.31,7.52,8.22,8.44,8.55,52.16,59.56,60.01,60.06,60.07,0.49,normal
2026-05-14 06:21:17,443,25.56,29.42,99300.51,524187.34,7.37,8.06,8.28,8.39,51.09,58.35,58.8,58.85,58.86,0.49,normal
2026-05-14 06:21:22,443,25.65,29.5,99299.23,517825.53,7.09,7.75,7.97,8.08,49.11,56.1,56.53,56.58,56.59,0.49,normal
2026-05-14 06:21:27,443,25.67,29.53,99299.55,518612.31,7.22,7.9,8.12,8.24,49.97,57.09,57.54,57.59,57.6,0.49,normal
2026-05-14 06:21:32,445,25.71,29.49,99298.69,515479.5,7.22,7.91,8.14,8.26,50.01,57.14,57.6,57.65,57.66,0.49,normal
2026-05-14 06:21:37,446,25.72,29.44,99299.08,515479.5,7.09,7.77,8,8.12,49.07,56.08,56.54,56.59,56.6,0.5,normal
2026-05-14 06:21:42,445,25.74,29.41,99300.02,519006.59,6.74,7.4,7.62,7.74,46.65,53.32,53.76,53.81,53.82,0.49,normal
2026-05-14 06:21:47,444,25.68,29.32,99300.37,524993.56,6.73,7.39,7.61,7.73,46.57,53.23,53.67,53.71,53.72,0.49,normal
2026-05-14 06:21:52,445,25.57,29.19,99301.98,526613.5,6.83,7.5,7.72,7.84,47.28,54.04,54.48,54.53,54.54,0.49,normal
2026-05-14 06:21:57,443,25.52,29.18,99299.4,529062.25,7.21,7.91,8.15,8.27,49.92,57.05,57.51,57.57,57.58,0.49,normal
2026-05-14 06:22:02,445,25.56,29.22,99301.51,526207.62,7.24,7.94,8.17,8.29,50.16,57.31,57.77,57.82,57.83,0.49,normal
2026-05-14 06:22:07,445,25.62,29.33,99300.28,519796.97,7.32,8.02,8.25,8.37,50.71,57.94,58.39,58.44,58.46,0.5,normal
2026-05-14 06:22:12,443,25.8,29.51,99299.77,513540.62,7.42,8.13,8.36,8.48,51.36,58.69,59.16,59.21,59.22,0.5,normal
2026-05-14 06:22:17,443,25.73,29.4,99299.95,524590.19,7.43,8.14,8.37,8.49,51.48,58.82,59.28,59.34,59.35,0.49,normal
2026-05-14 06:22:22,440,25.71,29.18,99298.84,527427.25,7.32,8.02,8.25,8.37,50.66,57.89,58.35,58.4,58.41,0.49,normal
2026-05-14 06:22:27,441,25.66,29.1,99298.83,527427.25,7.05,7.73,7.95,8.07,48.8,55.77,56.22,56.27,56.28,0.49,normal
2026-05-14 06:22:32,441,25.77,29.17,99299.98,520589.72,6.72,7.37,7.59,7.7,46.51,53.15,53.58,53.63,53.64,0.49,normal
2026-05-14 06:22:37,442,25.81,29.25,99300.76,519796.97,6.37,6.98,7.18,7.29,44.08,50.37,50.78,50.82,50.83,0.49,normal
2026-05-14 06:22:42,441,25.85,29.28,99300.59,517041.16,6.12,6.71,6.9,7,42.41,48.46,48.84,48.88,48.89,0.48,normal
2026-05-14 06:22:47,442,25.85,29.23,99300.95,516649.84,6.19,6.78,6.97,7.07,42.9,49.01,49.4,49.44,49.45,0.49,normal
2026-05-14 06:22:52,441,25.74,29.12,99299.09,520987.03,6.54,7.16,7.36,7.46,45.33,51.78,52.18,52.23,52.24,0.49,normal
2026-05-14 06:22:57,441,25.75,29.09,99298.99,519401.47,6.7,7.33,7.54,7.64,46.44,53.05,53.46,53.51,53.52,0.49,normal
2026-05-14 06:23:02,442,25.69,29.1,99297.64,519401.47,7.11,7.78,7.99,8.1,49.27,56.28,56.71,56.76,56.77,0.48,normal
2026-05-14 06:23:07,441,25.73,29.2,99298.86,521783.44,7.19,7.85,8.06,8.17,49.83,56.9,57.33,57.38,57.39,0.47,normal
2026-05-14 06:23:12,443,25.58,29.19,99300.96,522182.56,7.28,7.95,8.15,8.25,50.51,57.65,58.08,58.13,58.14,0.48,normal
2026-05-14 06:23:17,440,25.56,29.2,99300.39,524187.34,7.46,8.14,8.34,8.45,51.7,59.03,59.46,59.51,59.52,0.48,normal
2026-05-14 06:23:22,439,25.44,29.21,99299.08,531533.88,7.29,7.96,8.16,8.27,50.52,57.69,58.12,58.17,58.18,0.48,normal
2026-05-14 06:23:27,438,25.46,29.26,99299.84,535704.94,7.1,7.76,7.96,8.07,49.22,56.2,56.63,56.67,56.68,0.48,normal
2026-05-14 06:23:32,436,25.61,29.36,99298.32,520987.03,6.98,7.62,7.82,7.92,48.37,55.23,55.64,55.69,55.7,0.48,normal
2026-05-14 06:23:37,435,25.58,29.4,99298.88,525802.31,6.84,7.46,7.65,7.75,47.44,54.16,54.56,54.6,54.61,0.48,normal
2026-05-14 06:23:42,434,25.5,29.36,99301.02,527020.06,6.9,7.52,7.71,7.81,47.86,54.63,55.03,55.07,55.08,0.48,normal
2026-05-14 06:23:48,436,25.39,29.33,99302.36,534446.75,6.94,7.58,7.77,7.87,48.15,54.97,55.38,55.43,55.44,0.49,normal
2026-05-14 06:23:53,435,25.28,29.35,99301.3,538239.19,6.8,7.42,7.62,7.72,47.13,53.81,54.21,54.26,54.27,0.49,normal
2026-05-14 06:23:58,435,25.35,29.42,99299.94,536969.06,7.04,7.7,7.91,8.02,48.76,55.69,56.13,56.17,56.18,0.5,normal
2026-05-14 06:24:03,434,25.37,29.49,99300.07,532362.88,6.95,7.62,7.84,7.96,48.11,54.98,55.43,55.47,55.49,0.5,normal
2026-05-14 06:24:08,435,25.42,29.53,99299.55,531533.88,7.04,7.74,7.98,8.1,48.7,55.68,56.14,56.2,56.21,0.5,normal
2026-05-14 06:24:13,435,25.42,29.58,99301.12,528652.56,7.22,7.94,8.2,8.33,49.91,57.08,57.56,57.62,57.63,0.5,normal
2026-05-14 06:24:18,438,25.46,29.62,99302.21,523383.59,7.14,7.87,8.12,8.26,49.36,56.47,56.95,57.01,57.02,0.5,normal
2026-05-14 06:24:23,440,25.52,29.63,99303.41,519401.47,6.86,7.55,7.8,7.93,47.39,54.22,54.68,54.74,54.75,0.5,normal
2026-05-14 06:24:28,439,25.44,29.55,99301.31,529883.56,6.26,6.88,7.1,7.22,43.25,49.47,49.89,49.94,49.95,0.5,normal
2026-05-14 06:24:33,437,25.33,29.44,99301.95,534028.69,5.7,6.27,6.47,6.57,39.43,45.09,45.47,45.51,45.52,0.49,normal
2026-05-14 06:24:38,437,25.3,29.46,99301.12,537815.12,5.71,6.28,6.47,6.58,39.52,45.19,45.57,45.61,45.62,0.5,normal
2026-05-14 06:24:43,439,25.31,29.51,99301.48,533194.5,5.85,6.43,6.62,6.72,40.5,46.3,46.68,46.72,46.73,0.49,normal
2026-05-14 06:24:48,438,25.38,29.63,99302.19,528243.5,6.34,6.96,7.16,7.27,43.87,50.15,50.55,50.6,50.61,0.49,normal
2026-05-14 06:24:53,440,25.54,29.79,99301.37,527427.25,6.72,7.37,7.58,7.69,46.53,53.18,53.6,53.65,53.66,0.49,normal
2026-05-14 06:24:58,439,25.63,29.74,99300.88,522582.28,6.65,7.28,7.48,7.59,46.08,52.64,53.05,53.09,53.1,0.5,normal
2026-05-14 06:25:03,441,25.73,29.61,99300.12,519006.59,6.57,7.19,7.38,7.49,45.53,52.01,52.41,52.45,52.46,0.5,normal
2026-05-14 06:25:08,442,25.74,29.46,99299.52,519401.47,6.46,7.07,7.26,7.36,44.77,51.14,51.53,51.57,51.58,0.5,normal
2026-05-14 06:25:13,444,25.82,29.39,99301.69,518612.31,6.35,6.94,7.13,7.22,43.98,50.22,50.61,50.65,50.66,0.5,normal
2026-05-14 06:25:18,445,25.83,29.3,99300.99,517433.06,6.21,6.78,6.96,7.05,43.02,49.12,49.49,49.53,49.54,0.49,normal
2026-05-14 06:25:23,445,25.83,29.22,99301.91,519796.97,6.4,6.99,7.17,7.26,44.4,50.69,51.07,51.11,51.12,0.49,normal
2026-05-14 06:25:28,445,25.74,29.13,99300.34,520987.03,6.41,7,7.17,7.27,44.45,50.75,51.12,51.17,51.17,0.5,normal
2026-05-14 06:25:33,446,25.69,29.09,99299.94,522182.56,6.3,6.87,7.05,7.14,43.7,49.88,50.25,50.29,50.3,0.49,normal
2026-05-14 06:25:38,445,25.67,29.15,99298.37,524993.56,5.95,6.49,6.65,6.73,41.29,47.12,47.47,47.5,47.51,0.49,normal
2026-05-14 06:25:43,443,25.77,29.25,99300.09,520987.03,5.85,6.38,6.53,6.61,40.6,46.33,46.67,46.71,46.71,0.49,normal
2026-05-14 06:25:48,444,25.87,29.3,99303.23,517825.53,5.85,6.38,6.53,6.61,40.63,46.36,46.7,46.73,46.74,0.5,normal
2026-05-14 06:25:53,444,25.94,29.23,99303.59,514702.19,5.7,6.21,6.36,6.44,39.59,45.17,45.49,45.53,45.53,0.49,normal
2026-05-14 06:25:58,444,26.03,29.18,99305,514314.41,5.7,6.21,6.35,6.43,39.56,45.14,45.46,45.5,45.51,0.49,normal
2026-05-14 06:26:03,444,25.69,28.98,99300.62,528243.5,5.77,6.28,6.43,6.51,40.07,45.72,46.04,46.08,46.09,0.49,normal
2026-05-14 06:26:08,443,25.75,29.01,99300.68,526613.5,5.51,5.99,6.13,6.2,38.25,43.64,43.94,43.98,43.98,0.49,normal
2026-05-14 06:26:13,442,25.77,29.07,99300.6,528243.5,5.42,5.9,6.03,6.1,37.66,42.95,43.25,43.29,43.29,0.49,normal
2026-05-14 06:26:18,441,25.89,29.18,99302.36,521783.44,5.26,5.71,5.84,5.91,36.52,41.65,41.94,41.97,41.98,0.49,normal
2026-05-14 06:26:23,440,26.06,29.35,99300.43,514702.19,5.32,5.79,5.92,5.99,36.95,42.15,42.45,42.48,42.49,0.49,normal
2026-05-14 06:26:28,440,26.13,29.23,99298.45,515090.53,5.5,5.99,6.14,6.21,38.19,43.58,43.9,43.93,43.94,0.49,normal
2026-05-14 06:26:33,441,26.04,29.04,99302.79,519006.59,5.67,6.18,6.33,6.41,39.35,44.91,45.24,45.28,45.28,0.49,normal
2026-05-14 06:26:38,440,26.02,28.96,99301.46,514702.19,5.75,6.27,6.42,6.5,39.9,45.54,45.87,45.91,45.92,0.49,normal
2026-05-14 06:26:43,440,26,28.95,99301.7,519006.59,5.53,6.03,6.18,6.25,38.34,43.76,44.08,44.11,44.12,0.5,normal
2026-05-14 06:26:48,439,25.94,28.86,99302.27,517825.53,5.15,5.62,5.76,5.84,35.72,40.78,41.08,41.12,41.12,0.49,normal
2026-05-14 06:26:53,441,26.05,28.93,99302.61,519401.47,5.06,5.52,5.67,5.74,35.08,40.05,40.35,40.38,40.39,0.49,normal
2026-05-14 06:26:58,442,26.15,28.95,99298.95,513540.62,5.18,5.66,5.81,5.89,35.92,41.02,41.33,41.36,41.37,0.49,normal
2026-05-14 06:27:03,443,26.19,28.95,99299.68,515090.53,5.17,5.65,5.8,5.87,35.81,40.89,41.2,41.24,41.24,0.49,normal
2026-05-14 06:27:08,443,26.16,28.88,99299.52,512769.16,5.67,6.19,6.36,6.45,39.29,44.87,45.21,45.25,45.26,0.49,normal
2026-05-14 06:27:13,443,26.11,28.79,99301.67,517825.53,6.03,6.59,6.77,6.87,41.79,47.73,48.09,48.13,48.14,0.5,normal
2026-05-14 06:27:18,443,25.98,28.71,99302.09,520193.03,6.32,6.92,7.11,7.2,43.81,50.04,50.43,50.47,50.48,0.49,normal
2026-05-14 06:27:23,447,25.97,28.71,99302.81,519796.97,6.14,6.71,6.89,6.98,42.54,48.58,48.95,48.99,49,0.48,normal
2026-05-14 06:27:28,445,25.92,28.76,99301.25,517433.06,6.12,6.68,6.86,6.95,42.4,48.41,48.78,48.82,48.83,0.49,normal
2026-05-14 06:27:33,445,25.87,28.79,99302.28,522582.28,6.44,7.04,7.23,7.32,44.65,50.99,51.37,51.42,51.43,0.49,normal
2026-05-14 06:27:38,444,25.91,28.83,99302.85,521783.44,6.35,6.94,7.12,7.22,44.01,50.26,50.64,50.68,50.69,0.49,normal
2026-05-14 06:27:43,446,25.89,28.84,99301.43,520193.03,6.12,6.68,6.86,6.95,42.42,48.43,48.8,48.84,48.85,0.5,normal
2026-05-14 06:27:48,446,25.86,28.8,99302.22,522582.28,5.91,6.46,6.63,6.72,40.97,46.79,47.14,47.18,47.19,0.5,normal
2026-05-14 06:27:53,445,25.81,28.8,99300.62,528652.56,5.72,6.25,6.42,6.51,39.68,45.31,45.65,45.69,45.7,0.5,normal
2026-05-14 06:27:58,444,25.88,28.87,99301.14,521384.94,5.66,6.18,6.35,6.44,39.2,44.77,45.11,45.15,45.16,0.5,normal
2026-05-14 06:28:03,446,25.86,28.87,99300.21,522982.62,5.62,6.15,6.32,6.41,38.92,44.46,44.81,44.85,44.86,0.51,normal
2026-05-14 06:28:08,448,25.88,28.87,99299.13,522582.28,5.29,5.8,5.96,6.05,36.67,41.89,42.22,42.26,42.27,0.5,normal
2026-05-14 06:28:13,447,25.92,28.89,99301.81,525802.31,4.96,5.43,5.59,5.67,34.36,39.26,39.57,39.6,39.61,0.5,normal
2026-05-14 06:28:18,447,25.91,28.94,99302.04,517825.53,4.89,5.36,5.51,5.59,33.87,38.69,39,39.03,39.04,0.5,normal
2026-05-14 06:28:23,446,25.84,28.93,99301.14,518218.62,4.83,5.29,5.44,5.52,33.48,38.25,38.55,38.59,38.6,0.5,normal
2026-05-14 06:28:28,448,25.88,28.94,99300.35,518218.62,5.03,5.51,5.66,5.75,34.84,39.8,40.11,40.15,40.16,0.5,normal
2026-05-14 06:28:33,445,25.82,28.91,99299.52,522182.56,5.04,5.52,5.68,5.76,34.9,39.87,40.19,40.22,40.23,0.51,normal
2026-05-14 06:28:38,444,25.8,28.93,99300.27,523383.59,5.17,5.66,5.82,5.9,35.8,40.9,41.22,41.26,41.26,0.5,normal
2026-05-14 06:28:43,446,25.74,28.95,99299.85,522582.28,5.4,5.91,6.07,6.16,37.41,42.73,43.07,43.1,43.11,0.5,normal
2026-05-14 06:28:48,446,25.8,29.04,99300.18,519006.59,5.4,5.91,6.08,6.16,37.41,42.74,43.07,43.11,43.12,0.5,normal
2026-05-14 06:28:53,445,25.73,29.08,99299.34,523383.59,5.24,5.74,5.89,5.98,36.31,41.48,41.8,41.84,41.85,0.5,normal
2026-05-14 06:28:58,448,25.81,29.13,99300.66,520987.03,5.34,5.84,6,6.09,36.96,42.22,42.55,42.59,42.6,0.51,normal
2026-05-14 06:29:03,449,25.86,29.17,99300.72,520987.03,5.3,5.8,5.97,6.05,36.69,41.92,42.25,42.29,42.3,0.51,normal
2026-05-14 06:29:08,450,25.99,29.21,99301.64,516259.12,5.2,5.7,5.86,5.95,35.99,41.13,41.46,41.49,41.5,0.51,normal
2026-05-14 06:29:13,451,26.14,29.23,99298.36,516649.84,5.19,5.69,5.86,5.94,35.91,41.04,41.37,41.41,41.42,0.51,normal
2026-05-14 06:29:18,452,26.25,29.1,99298.55,510468.59,5.45,5.97,6.15,6.24,37.73,43.12,43.46,43.5,43.51,0.5,normal
2026-05-14 06:29:23,450,26.38,29.01,99298.71,508946.31,5.45,5.97,6.14,6.23,37.74,43.12,43.46,43.5,43.51,0.5,normal
2026-05-14 06:29:28,450,26.43,28.86,99296.36,506679.88,5.44,5.95,6.12,6.21,37.65,43.02,43.36,43.4,43.4,0.51,normal
2026-05-14 06:29:33,452,26.4,28.69,99297.55,512000,5.2,5.69,5.86,5.94,36.01,41.15,41.47,41.51,41.52,0.51,normal
2026-05-14 06:29:38,455,26.48,28.61,99299.26,505928.84,4.81,5.26,5.41,5.49,33.3,38.05,38.35,38.38,38.39,0.5,normal
2026-05-14 06:29:43,457,26.54,28.58,99296.45,504806.5,4.8,5.26,5.4,5.48,33.25,37.98,38.28,38.31,38.32,0.5,normal
2026-05-14 06:29:48,459,26.54,28.48,99298.37,503689.12,5.05,5.53,5.68,5.77,34.95,39.93,40.24,40.28,40.29,0.51,normal
2026-05-14 06:29:53,461,26.49,28.41,99297.71,504806.5,5.15,5.65,5.82,5.9,35.67,40.76,41.09,41.13,41.14,0.52,normal
2026-05-14 06:29:59,460,26.48,28.39,99298.73,505180.06,4.91,5.4,5.57,5.65,33.97,38.85,39.17,39.21,39.21,0.52,normal
2026-05-14 06:30:04,461,26.52,28.4,99299.48,502206.97,4.85,5.34,5.51,5.6,33.53,38.35,38.68,38.71,38.72,0.51,normal
2026-05-14 06:30:09,459,26.44,28.33,99299.16,506304.09,4.67,5.14,5.31,5.4,32.24,36.89,37.21,37.25,37.25,0.52,normal
2026-05-14 06:30:14,460,26.33,28.26,99297.82,513540.62,4.55,5.02,5.2,5.29,31.44,35.99,36.3,36.34,36.35,0.52,normal
2026-05-14 06:30:19,463,26.33,28.34,99297.64,513154.59,4.73,5.22,5.41,5.5,32.64,37.36,37.7,37.74,37.75,0.52,normal
2026-05-14 06:30:24,463,26.32,28.38,99297.65,511233.16,5.01,5.54,5.74,5.85,34.58,39.6,39.96,40,40.01,0.52,normal
2026-05-14 06:30:29,462,26.26,28.43,99295.46,512384.28,5.29,5.85,6.06,6.17,36.52,41.82,42.2,42.24,42.25,0.51,normal
2026-05-14 06:30:34,464,26.31,28.5,99296.66,508188.59,5.47,6.05,6.27,6.39,37.73,43.21,43.61,43.65,43.66,0.51,normal
2026-05-14 06:30:39,467,26.35,28.52,99295.88,503317.78,5.5,6.1,6.33,6.45,37.95,43.48,43.89,43.93,43.94,0.51,normal
2026-05-14 06:30:44,467,26.35,28.56,99296.56,506304.09,5.46,6.05,6.28,6.4,37.61,43.09,43.5,43.55,43.56,0.51,normal
2026-05-14 06:30:49,466,26.32,28.57,99296.45,508567.16,5.56,6.17,6.42,6.54,38.29,43.89,44.31,44.36,44.37,0.52,normal
2026-05-14 06:30:54,468,26.25,28.64,99295.83,512384.28,5.62,6.26,6.52,6.65,38.7,44.39,44.83,44.89,44.9,0.51,normal
2026-05-14 06:30:59,468,26.24,28.7,99296.98,510850.59,5.52,6.15,6.41,6.54,37.97,43.56,44,44.05,44.06,0.5,normal
2026-05-14 06:31:04,468,26.24,28.77,99296.38,513927.22,5.18,5.77,6.02,6.15,35.63,40.88,41.29,41.34,41.35,0.5,normal
2026-05-14 06:31:09,469,26.2,28.79,99296.22,513154.59,4.83,5.38,5.61,5.73,33.21,38.1,38.49,38.54,38.55,0.5,normal
2026-05-14 06:31:14,470,26.1,28.83,99298.73,517041.16,4.74,5.28,5.5,5.61,32.59,37.38,37.76,37.8,37.81,0.5,normal
2026-05-14 06:31:19,470,26.01,28.85,99299.91,517433.06,4.57,5.08,5.29,5.39,31.43,36.04,36.4,36.44,36.45,0.49,normal
2026-05-14 06:31:24,470,25.96,28.95,99300.36,521384.94,4.28,4.76,4.95,5.05,29.5,33.82,34.15,34.19,34.19,0.49,normal
2026-05-14 06:31:29,472,25.96,29.06,99301.09,518612.31,4.42,4.9,5.1,5.2,30.42,34.87,35.21,35.25,35.26,0.49,normal
2026-05-14 06:31:34,471,25.97,29.08,99298.34,513927.22,4.65,5.16,5.36,5.47,32.03,36.71,37.07,37.11,37.12,0.5,normal
2026-05-14 06:31:39,474,26.22,29.32,99296.44,506304.09,4.69,5.21,5.41,5.51,32.35,37.08,37.43,37.47,37.48,0.5,normal
2026-05-14 06:31:44,476,26.41,29.28,99298.38,507433.09,4.62,5.11,5.31,5.41,31.82,36.46,36.8,36.84,36.85,0.5,normal
2026-05-14 06:31:49,474,26.44,29.06,99299.48,505928.84,4.37,4.84,5.02,5.11,30.11,34.5,34.82,34.85,34.86,0.5,normal
2026-05-14 06:31:54,475,26.44,28.84,99298.14,511233.16,4.23,4.68,4.85,4.94,29.14,33.38,33.69,33.73,33.73,0.5,normal
2026-05-14 06:31:59,476,26.42,28.63,99300.15,508946.31,4.32,4.79,4.96,5.06,29.79,34.12,34.44,34.48,34.49,0.51,normal
2026-05-14 06:32:04,478,26.38,28.55,99297.96,511233.16,4.32,4.78,4.96,5.06,29.76,34.09,34.41,34.45,34.46,0.5,normal
2026-05-14 06:32:09,480,26.34,28.56,99297.53,510850.59,4.27,4.72,4.9,4.99,29.42,33.7,34.01,34.05,34.06,0.5,normal
2026-05-14 06:32:14,477,26.27,28.54,99297.14,511616.28,4.47,4.95,5.14,5.24,30.85,35.34,35.67,35.71,35.72,0.5,normal
2026-05-14 06:32:19,476,26.26,28.57,99296.66,509326.03,4.9,5.42,5.62,5.72,33.77,38.68,39.04,39.08,39.09,0.5,normal
2026-05-14 06:32:24,476,26.16,28.6,99297.75,515090.53,5.13,5.67,5.88,5.99,35.38,40.52,40.89,40.93,40.94,0.51,normal
2026-05-14 06:32:29,477,26.12,28.62,99296.19,520193.03,5,5.53,5.73,5.84,34.47,39.48,39.84,39.88,39.89,0.5,normal
2026-05-14 06:32:34,477,26.17,28.69,99296.53,513540.62,4.93,5.46,5.66,5.77,34.01,38.96,39.32,39.37,39.38,0.51,normal
2026-05-14 06:32:39,479,26.11,28.69,99296.97,519401.47,4.9,5.42,5.62,5.73,33.76,38.68,39.03,39.08,39.09,0.5,normal
2026-05-14 06:32:44,479,26.16,28.75,99296.3,513540.62,4.74,5.25,5.45,5.55,32.71,37.47,37.82,37.86,37.87,0.51,normal
2026-05-14 06:32:49,478,26.13,28.78,99297.04,520193.03,4.87,5.39,5.59,5.7,33.58,38.47,38.82,38.87,38.87,0.5,normal
2026-05-14 06:32:54,479,26.08,28.72,99298.11,518218.62,4.8,5.31,5.51,5.61,33.08,37.89,38.24,38.28,38.29,0.5,normal
2026-05-14 06:32:59,479,26.02,28.71,99299.77,522182.56,4.68,5.18,5.37,5.47,32.3,36.99,37.33,37.37,37.38,0.5,normal
2026-05-14 06:33:04,478,26.06,28.79,99299.28,517041.16,4.69,5.2,5.39,5.49,32.37,37.08,37.43,37.47,37.47,0.5,normal
2026-05-14 06:33:09,479,26.04,28.88,99301.07,517433.06,4.41,4.89,5.07,5.16,30.43,34.85,35.18,35.22,35.23,0.5,normal
2026-05-14 06:33:14,479,26.07,28.99,99298.77,517041.16,4.59,5.08,5.28,5.38,31.63,36.24,36.58,36.62,36.63,0.51,normal
2026-05-14 06:33:19,478,26.09,28.98,99296.94,513927.22,4.99,5.53,5.75,5.86,34.36,39.37,39.75,39.79,39.8,0.51,normal
2026-05-14 06:33:24,480,26.15,28.98,99296.19,514314.41,5.18,5.75,5.97,6.09,35.65,40.87,41.26,41.31,41.32,0.51,normal
2026-05-14 06:33:29,479,26.11,28.9,99299.2,515090.53,5.02,5.58,5.79,5.91,34.61,39.67,40.05,40.1,40.11,0.5,normal
2026-05-14 06:33:34,481,26.1,28.85,99295.69,512769.16,4.95,5.49,5.7,5.81,34.12,39.1,39.47,39.51,39.52,0.49,normal
2026-05-14 06:33:39,481,26.13,28.85,99295.63,520193.03,4.81,5.33,5.53,5.63,33.19,38.02,38.37,38.41,38.42,0.48,normal
2026-05-14 06:33:44,481,26.19,28.84,99296.47,517041.16,4.71,5.2,5.39,5.48,32.52,37.23,37.56,37.6,37.61,0.48,normal
2026-05-14 06:33:49,481,26.21,28.81,99295.89,513927.22,4.47,4.93,5.1,5.19,30.89,35.35,35.66,35.69,35.7,0.48,normal
2026-05-14 06:33:54,481,26.22,28.82,99295.66,512384.28,4.24,4.67,4.83,4.91,29.33,33.56,33.84,33.88,33.88,0.48,normal
2026-05-14 06:33:59,481,26.26,28.81,99295.55,511233.16,4.29,4.71,4.86,4.94,29.65,33.91,34.19,34.23,34.23,0.48,normal
2026-05-14 06:34:04,480,26.28,28.8,99295.23,510087.19,4.37,4.8,4.95,5.03,30.27,34.6,34.89,34.92,34.93,0.48,normal
2026-05-14 06:34:09,478,26.35,28.79,99295.57,507810.56,4.34,4.76,4.9,4.98,30.07,34.37,34.65,34.68,34.68,0.48,normal
2026-05-14 06:34:14,478,26.41,28.76,99294.52,507810.56,4.16,4.56,4.7,4.77,28.83,32.95,33.21,33.24,33.24,0.48,normal
2026-05-14 06:34:19,476,26.54,28.78,99295.81,502576.69,4.18,4.59,4.72,4.79,28.97,33.11,33.37,33.4,33.41,0.48,normal
2026-05-14 06:34:24,476,26.58,28.72,99297.21,501101.06,4.14,4.53,4.67,4.73,28.65,32.74,33,33.03,33.03,0.48,normal
2026-05-14 06:34:29,476,26.65,28.65,99297.32,498175.62,3.95,4.33,4.45,4.51,27.34,31.24,31.49,31.52,31.52,0.48,normal
2026-05-14 06:34:34,476,26.63,28.54,99295.88,500733.5,3.81,4.17,4.29,4.35,26.39,30.15,30.38,30.41,30.42,0.47,normal
2026-05-14 06:34:39,477,26.53,28.34,99297.05,507056.19,3.62,3.96,4.07,4.13,25.07,28.64,28.86,28.88,28.89,0.47,normal
2026-05-14 06:34:44,479,26.48,28.26,99297.78,507810.56,3.52,3.85,3.95,4.01,24.41,27.88,28.1,28.12,28.12,0.47,normal
2026-05-14 06:34:49,479,26.5,28.29,99295.55,505554.19,3.61,3.95,4.05,4.11,25.02,28.57,28.79,28.81,28.82,0.48,normal
2026-05-14 06:34:54,479,26.46,28.27,99298.2,508567.16,4.09,4.47,4.59,4.65,28.36,32.39,32.63,32.66,32.67,0.47,normal
2026-05-14 06:34:59,480,26.43,28.26,99297.19,512769.16,4.33,4.73,4.85,4.92,29.99,34.25,34.51,34.53,34.54,0.48,normal
2026-05-14 06:35:04,481,26.25,28.21,99296.17,518612.31,4.35,4.75,4.88,4.94,30.13,34.41,34.67,34.7,34.71,0.48,normal
2026-05-14 06:35:09,481,26.2,28.28,99295.11,517825.53,4.37,4.77,4.9,4.97,30.27,34.56,34.83,34.86,34.86,0.48,normal
2026-05-14 06:35:14,482,26.17,28.31,99294.8,519006.59,4.38,4.79,4.92,4.99,30.38,34.69,34.96,34.99,34.99,0.47,normal
2026-05-14 06:35:19,482,26.25,28.48,99295.22,517041.16,4.22,4.62,4.74,4.81,29.27,33.43,33.68,33.71,33.72,0.47,normal
2026-05-14 06:35:24,480,26.15,28.53,99294.12,518612.31,3.94,4.3,4.42,4.48,27.28,31.15,31.39,31.42,31.42,0.47,normal
2026-05-14 06:35:29,480,26.14,28.55,99293.78,514314.41,3.94,4.31,4.43,4.49,27.33,31.22,31.46,31.48,31.49,0.47,normal
2026-05-14 06:35:34,480,26.21,28.66,99295.85,513927.22,4,4.38,4.5,4.56,27.74,31.68,31.92,31.95,31.96,0.46,normal
2026-05-14 06:35:39,480,26.26,28.7,99296.08,513154.59,4.29,4.7,4.83,4.9,29.73,33.96,34.23,34.26,34.26,0.47,normal
2026-05-14 06:35:44,478,26.25,28.64,99296.34,519401.47,4.37,4.78,4.92,4.99,30.24,34.55,34.82,34.85,34.86,0.47,normal
2026-05-14 06:35:49,477,26.11,28.56,99295.89,519796.97,4.18,4.58,4.72,4.78,28.94,33.08,33.34,33.37,33.38,0.46,normal
2026-05-14 06:35:54,475,26.07,28.55,99298.87,525397.62,4.17,4.57,4.71,4.78,28.86,32.98,33.25,33.28,33.28,0.47,normal
2026-05-14 06:35:59,475,26.06,28.61,99299.05,519006.59,4.15,4.55,4.69,4.77,28.7,32.81,33.08,33.11,33.11,0.47,normal
2026-05-14 06:36:04,473,26.16,28.79,99296.77,512384.28,3.99,4.39,4.52,4.59,27.61,31.57,31.83,31.86,31.87,0.47,normal
2026-05-14 06:36:09,475,25.98,28.68,99297.55,529883.56,3.88,4.26,4.4,4.47,26.83,30.68,30.94,30.97,30.97,0.47,normal
2026-05-14 06:36:14,476,26.02,28.59,99297.04,531948.06,3.63,3.99,4.12,4.18,25.08,28.68,28.93,28.95,28.96,0.47,normal
2026-05-14 06:36:19,475,25.95,28.55,99298.89,530707.44,3.55,3.91,4.04,4.11,24.55,28.09,28.33,28.36,28.36,0.47,normal
2026-05-14 06:36:24,475,25.89,28.57,99298.77,539942,3.31,3.65,3.77,3.84,22.85,26.15,26.37,26.4,26.41,0.47,normal
2026-05-14 06:36:30,474,25.95,28.6,99298.23,525802.31,3.15,3.48,3.6,3.67,21.78,24.93,25.16,25.18,25.19,0.47,normal
2026-05-14 06:36:35,472,25.96,28.66,99297.66,527020.06,3.12,3.45,3.57,3.64,21.57,24.69,24.91,24.94,24.95,0.47,normal
2026-05-14 06:36:40,471,25.95,28.71,99297.33,519796.97,3.06,3.38,3.5,3.57,21.12,24.18,24.4,24.43,24.43,0.47,normal
2026-05-14 06:36:45,470,26.05,28.81,99297.14,518218.62,3.09,3.42,3.54,3.6,21.33,24.42,24.64,24.67,24.67,0.48,normal
2026-05-14 06:36:50,470,26.16,28.9,99294.95,517433.06,2.97,3.28,3.4,3.47,20.48,23.46,23.67,23.7,23.7,0.48,normal
2026-05-14 06:36:55,467,26.15,28.78,99294.5,517433.06,3.08,3.41,3.54,3.6,21.25,24.34,24.57,24.6,24.6,0.48,normal
2026-05-14 06:37:00,468,26.18,28.72,99294.68,519401.47,3.31,3.67,3.81,3.88,22.83,26.16,26.4,26.43,26.43,0.48,normal
2026-05-14 06:37:05,466,26.15,28.65,99293.59,519796.97,3.48,3.86,4,4.08,24.01,27.51,27.76,27.79,27.8,0.48,normal
2026-05-14 06:37:10,464,26.17,28.64,99293.89,517825.53,3.42,3.78,3.93,4,23.55,26.98,27.23,27.26,27.26,0.48,normal
2026-05-14 06:37:15,463,26.29,28.69,99294.92,517041.16,3.5,3.88,4.02,4.1,24.12,27.64,27.9,27.93,27.93,0.49,normal
2026-05-14 06:37:20,462,26.31,28.62,99295.45,517825.53,3.63,4.03,4.19,4.27,25.04,28.7,28.98,29.01,29.02,0.5,normal
2026-05-14 06:37:25,463,26.19,28.45,99295.62,525397.62,3.72,4.14,4.31,4.4,25.62,29.38,29.67,29.7,29.71,0.5,normal
2026-05-14 06:37:30,462,26.19,28.42,99295.29,523785.16,3.47,3.86,4.03,4.11,23.86,27.38,27.65,27.69,27.69,0.5,normal
2026-05-14 06:37:35,464,26.14,28.45,99293.63,521384.94,3.33,3.71,3.87,3.95,22.89,26.27,26.54,26.57,26.58,0.5,normal
2026-05-14 06:37:40,464,26.18,28.54,99294.77,525397.62,3.33,3.71,3.87,3.95,22.87,26.24,26.51,26.55,26.55,0.5,normal
2026-05-14 06:37:45,463,26.07,28.56,99295.23,520987.03,3.42,3.82,3.98,4.07,23.5,26.97,27.25,27.28,27.29,0.5,normal
2026-05-14 06:37:50,462,26.04,28.56,99296.88,528652.56,3.47,3.88,4.06,4.14,23.88,27.41,27.7,27.73,27.74,0.5,normal
2026-05-14 06:37:55,460,26.11,28.57,99293.91,526613.5,3.23,3.61,3.77,3.86,22.16,25.44,25.71,25.75,25.75,0.5,normal
2026-05-14 06:38:00,461,26.04,28.58,99297,524993.56,2.91,3.26,3.41,3.49,19.94,22.91,23.16,23.19,23.2,0.5,normal
2026-05-14 06:38:05,459,26.04,28.59,99295.72,527427.25,2.87,3.23,3.38,3.46,19.72,22.67,22.91,22.95,22.95,0.5,normal
2026-05-14 06:38:10,458,26.02,28.64,99297.16,523383.59,2.99,3.37,3.53,3.62,20.53,23.6,23.87,23.9,23.91,0.5,normal
2026-05-14 06:38:15,457,26.15,28.82,99294.01,517825.53,3.16,3.56,3.74,3.84,21.65,24.9,25.19,25.23,25.24,0.51,normal
2026-05-14 06:38:20,456,26.23,28.84,99293.12,517825.53,3.24,3.65,3.84,3.94,22.15,25.49,25.79,25.83,25.84,0.5,normal
2026-05-14 06:38:25,454,26.27,28.7,99293.1,520589.72,3.27,3.7,3.9,4,22.39,25.77,26.08,26.12,26.13,0.5,normal
2026-05-14 06:38:30,454,26.28,28.53,99292.93,521384.94,3.34,3.78,3.99,4.1,22.86,26.33,26.64,26.68,26.69,0.5,normal
2026-05-14 06:38:35,455,26.17,28.44,99294.7,521384.94,3.44,3.9,4.12,4.23,23.49,27.06,27.4,27.44,27.45,0.5,normal
2026-05-14 06:38:40,457,26.08,28.42,99294.7,529062.25,3.29,3.73,3.94,4.05,22.43,25.85,26.18,26.22,26.23,0.5,normal
2026-05-14 06:38:45,456,25.94,28.44,99296.98,535704.94,3.31,3.76,3.97,4.09,22.59,26.04,26.37,26.41,26.42,0.5,normal
2026-05-14 06:38:50,453,25.81,28.45,99295.58,544246.62,3.35,3.81,4.03,4.14,22.9,26.39,26.73,26.77,26.78,0.5,normal
2026-05-14 06:38:55,456,25.92,28.57,99296.84,533194.5,3.3,3.75,3.96,4.07,22.54,25.97,26.3,26.34,26.35,0.5,normal
2026-05-14 06:39:00,454,26.1,28.8,99291.88,522182.56,3.08,3.5,3.7,3.8,21.06,24.28,24.58,24.62,24.63,0.5,normal
2026-05-14 06:39:05,452,26.25,28.92,99292.67,517825.53,2.91,3.3,3.48,3.58,19.84,22.87,23.15,23.19,23.19,0.5,normal
2026-05-14 06:39:10,451,26.34,28.78,99293.34,515479.5,2.78,3.16,3.33,3.42,19.03,21.92,22.19,22.22,22.23,0.5,normal
2026-05-14 06:39:15,452,26.41,28.67,99294.45,517433.06,2.78,3.15,3.32,3.41,18.99,21.87,22.14,22.18,22.18,0.5,normal
2026-05-14 06:39:20,451,26.38,28.53,99294.06,513540.62,3,3.4,3.59,3.68,20.52,23.63,23.92,23.96,23.96,0.5,normal
2026-05-14 06:39:25,452,26.32,28.45,99294.23,515869.03,3.38,3.83,4.04,4.15,23.12,26.63,26.95,26.99,27,0.49,normal
2026-05-14 06:39:30,451,26.27,28.46,99293.85,515479.5,3.56,4.03,4.24,4.36,24.33,28.02,28.36,28.4,28.41,0.49,normal
2026-05-14 06:39:35,450,26.28,28.51,99292.34,515090.53,3.5,3.95,4.16,4.27,23.92,27.54,27.87,27.91,27.92,0.49,normal
2026-05-14 06:39:40,449,26.31,28.52,99293.34,515090.53,3.39,3.82,4.02,4.13,23.17,26.67,26.98,27.02,27.03,0.49,normal
2026-05-14 06:39:45,448,26.27,28.45,99293.17,521384.94,3.42,3.85,4.05,4.15,23.39,26.91,27.22,27.26,27.27,0.49,normal
2026-05-14 06:39:50,449,26.25,28.39,99294.48,522182.56,3.29,3.71,3.89,3.99,22.57,25.95,26.25,26.29,26.29,0.49,normal
2026-05-14 06:39:55,450,26.2,28.39,99293.32,519796.97,3.39,3.81,4,4.09,23.21,26.68,26.98,27.02,27.03,0.5,normal
2026-05-14 06:40:00,453,26.18,28.4,99294.27,520193.03,3.31,3.72,3.9,3.99,22.7,26.09,26.39,26.42,26.43,0.5,normal
2026-05-14 06:40:05,451,26.19,28.43,99292.66,522582.28,3.22,3.61,3.79,3.88,22.06,25.36,25.64,25.68,25.68,0.5,normal
2026-05-14 06:40:10,451,26.17,28.47,99292,524590.19,3.19,3.59,3.76,3.86,21.89,25.16,25.45,25.48,25.49,0.5,normal
2026-05-14 06:40:15,453,26.16,28.46,99293.52,521384.94,3.1,3.49,3.66,3.75,21.24,24.43,24.7,24.74,24.75,0.5,normal
2026-05-14 06:40:20,454,26.08,28.51,99294.97,520193.03,3.07,3.46,3.63,3.72,21.05,24.21,24.49,24.52,24.53,0.5,normal
2026-05-14 06:40:25,455,26.07,28.56,99294.1,524590.19,3.19,3.59,3.77,3.87,21.82,25.1,25.39,25.43,25.43,0.5,normal
2026-05-14 06:40:30,454,26.05,28.58,99296.7,525397.62,3.24,3.66,3.84,3.94,22.22,25.56,25.86,25.89,25.9,0.5,normal
2026-05-14 06:40:35,454,25.99,28.64,99295.74,527427.25,3.42,3.85,4.05,4.16,23.4,26.92,27.24,27.28,27.29,0.51,normal
2026-05-14 06:40:40,452,26.05,28.67,99295.45,522982.62,3.51,3.96,4.16,4.27,24.01,27.63,27.95,27.99,28,0.51,normal
2026-05-14 06:40:45,453,25.96,28.68,99297.4,524590.19,3.6,4.06,4.28,4.39,24.6,28.32,28.65,28.7,28.7,0.52,normal
2026-05-14 06:40:50,452,25.97,28.72,99296.61,526613.5,3.77,4.26,4.49,4.61,25.76,29.66,30.02,30.06,30.07,0.52,normal
2026-05-14 06:40:55,453,25.83,28.73,99295.01,530707.44,3.95,4.48,4.73,4.86,26.99,31.1,31.48,31.53,31.54,0.53,normal
2026-05-14 06:41:00,455,25.73,28.76,99292.7,539515.25,3.86,4.38,4.63,4.76,26.35,30.37,30.75,30.8,30.81,0.53,normal
2026-05-14 06:41:05,455,25.81,28.79,99295.4,532778.38,3.73,4.25,4.49,4.62,25.47,29.37,29.75,29.79,29.8,0.53,normal
2026-05-14 06:41:10,457,25.92,28.91,99295.45,524187.34,3.58,4.08,4.32,4.44,24.43,28.17,28.54,28.59,28.59,0.53,normal
2026-05-14 06:41:15,454,25.8,28.9,99295.4,529062.25,3.53,4.02,4.25,4.38,24.07,27.76,28.12,28.16,28.17,0.52,normal
2026-05-14 06:41:20,455,25.84,28.9,99293.63,527020.06,3.42,3.89,4.13,4.25,23.3,26.88,27.23,27.27,27.28,0.53,normal
2026-05-14 06:41:25,456,25.94,28.93,99295.38,526613.5,3.39,3.86,4.09,4.21,23.08,26.63,26.98,27.02,27.03,0.52,normal
2026-05-14 06:41:30,456,25.9,28.87,99296.27,530295.19,3.27,3.73,3.95,4.07,22.3,25.73,26.06,26.11,26.12,0.52,normal
2026-05-14 06:41:35,457,25.9,28.89,99296.09,527020.06,3.27,3.72,3.95,4.07,22.26,25.69,26.02,26.07,26.07,0.52,normal
2026-05-14 06:41:40,456,25.84,28.87,99293.73,531533.88,3.58,4.08,4.32,4.45,24.39,28.13,28.5,28.55,28.56,0.52,normal
2026-05-14 06:41:45,456,25.83,28.87,99295.71,531948.06,3.73,4.25,4.5,4.63,25.4,29.3,29.68,29.73,29.74,0.52,normal
2026-05-14 06:41:50,457,25.89,28.91,99295.23,528243.5,3.81,4.34,4.61,4.74,25.96,29.95,30.35,30.4,30.41,0.52,normal
2026-05-14 06:41:55,458,25.94,28.97,99295.66,523785.16,3.74,4.28,4.54,4.68,25.5,29.43,29.82,29.87,29.88,0.52,normal
2026-05-14 06:42:00,458,26,29.01,99296.42,523383.59,3.68,4.21,4.47,4.61,25.09,28.96,29.35,29.4,29.41,0.52,normal
2026-05-14 06:42:05,457,25.99,28.91,99297.32,529062.25,3.49,3.99,4.24,4.37,23.77,27.44,27.81,27.86,27.87,0.52,normal
2026-05-14 06:42:10,455,25.95,28.84,99296.18,527427.25,3.27,3.74,3.98,4.1,22.27,25.72,26.07,26.11,26.12,0.52,normal
2026-05-14 06:42:15,455,25.94,28.8,99297.09,530707.44,3.11,3.56,3.79,3.9,21.17,24.45,24.78,24.83,24.83,0.52,normal
2026-05-14 06:42:20,454,25.89,28.81,99296.3,531533.88,2.96,3.39,3.61,3.72,20.17,23.3,23.62,23.66,23.66,0.52,normal
2026-05-14 06:42:25,453,25.97,28.98,99294.21,524993.56,2.87,3.28,3.49,3.6,19.52,22.54,22.85,22.89,22.9,0.52,normal
2026-05-14 06:42:30,453,26.1,29.19,99292.38,519796.97,3.09,3.54,3.76,3.87,21.03,24.29,24.62,24.66,24.67,0.52,normal
2026-05-14 06:42:35,452,26.31,29.31,99292.95,517041.16,3.51,4.01,4.25,4.38,23.88,27.57,27.94,27.99,27.99,0.51,normal
2026-05-14 06:42:40,453,26.46,29.18,99292.87,513154.59,3.51,4.01,4.25,4.38,23.92,27.6,27.97,28.02,28.03,0.51,normal
2026-05-14 06:42:46,455,26.49,28.93,99293.99,511233.16,3.55,4.04,4.28,4.41,24.18,27.89,28.26,28.3,28.31,0.51,normal
2026-05-14 06:42:51,456,26.46,28.72,99294.23,513927.22,3.54,4.03,4.26,4.38,24.17,27.87,28.22,28.27,28.28,0.51,normal
2026-05-14 06:42:56,459,26.36,28.56,99292.81,515479.5,3.31,3.77,3.98,4.09,22.63,26.08,26.41,26.45,26.46,0.51,normal
2026-05-14 06:43:01,459,26.31,28.49,99293.38,516649.84,2.98,3.38,3.57,3.67,20.34,23.44,23.73,23.77,23.77,0.51,normal
2026-05-14 06:43:06,459,26.19,28.43,99293.66,522182.56,2.67,3.03,3.2,3.29,18.28,21.06,21.32,21.35,21.35,0.51,normal
2026-05-14 06:43:11,458,26.12,28.45,99292.07,526613.5,2.54,2.87,3.03,3.11,17.33,19.97,20.21,20.24,20.25,0.51,normal
2026-05-14 06:43:16,458,26.1,28.52,99293.6,521783.44,2.54,2.88,3.03,3.12,17.36,20,20.24,20.27,20.28,0.52,normal
2026-05-14 06:43:21,460,26.07,28.61,99295.06,519796.97,2.54,2.89,3.05,3.13,17.38,20.03,20.28,20.31,20.31,0.52,normal
2026-05-14 06:43:26,459,26.14,28.74,99292.24,524187.34,2.67,3.04,3.21,3.3,18.23,21.02,21.29,21.32,21.33,0.53,normal
2026-05-14 06:43:31,457,26.11,28.68,99292.44,521384.94,2.74,3.12,3.31,3.4,18.71,21.57,21.85,21.89,21.89,0.53,normal
2026-05-14 06:43:36,459,26.05,28.67,99293.79,526207.62,2.76,3.15,3.34,3.44,18.81,21.7,21.99,22.03,22.03,0.54,normal
2026-05-14 06:43:41,461,26.07,28.67,99292.38,527020.06,2.87,3.27,3.48,3.58,19.53,22.54,22.84,22.88,22.89,0.53,normal
2026-05-14 06:43:46,461,26.06,28.65,99293.78,523785.16,2.95,3.37,3.58,3.69,20.1,23.2,23.51,23.55,23.56,0.53,normal
2026-05-14 06:43:51,462,26.05,28.66,99294.74,520987.03,3.13,3.58,3.8,3.91,21.35,24.64,24.97,25.01,25.02,0.53,normal
2026-05-14 06:43:56,461,25.98,28.66,99296.05,520589.72,2.99,3.42,3.62,3.73,20.39,23.53,23.84,23.88,23.89,0.53,normal
2026-05-14 06:44:01,460,25.95,28.7,99295.96,527020.06,2.76,3.14,3.33,3.43,18.79,21.68,21.96,22,22,0.53,normal
2026-05-14 06:44:06,461,26,28.77,99294.81,523785.16,2.47,2.81,2.98,3.06,16.84,19.42,19.67,19.71,19.71,0.53,normal
2026-05-14 06:44:11,460,25.97,28.78,99294.15,527427.25,2.38,2.71,2.87,2.96,16.25,18.74,18.98,19.01,19.02,0.54,normal
2026-05-14 06:44:16,459,25.99,28.76,99293.96,520987.03,2.32,2.65,2.8,2.88,15.84,18.27,18.5,18.53,18.54,0.54,normal
2026-05-14 06:44:21,458,25.93,28.73,99294.7,527020.06,2.33,2.65,2.81,2.89,15.9,18.34,18.58,18.61,18.61,0.53,normal
2026-05-14 06:44:26,456,25.98,28.78,99294.3,528652.56,2.6,2.96,3.14,3.23,17.77,20.49,20.75,20.79,20.79,0.53,normal
2026-05-14 06:44:31,455,26.03,28.85,99293.64,522982.62,3.16,3.6,3.81,3.92,21.53,24.84,25.16,25.2,25.21,0.53,normal
2026-05-14 06:44:36,453,26.02,28.85,99293.27,519796.97,3.56,4.06,4.3,4.43,24.24,27.97,28.34,28.38,28.39,0.54,normal
2026-05-14 06:44:41,452,26.12,28.93,99293.05,518612.31,3.55,4.05,4.3,4.42,24.21,27.93,28.3,28.35,28.36,0.54,normal
2026-05-14 06:44:46,451,26.21,28.89,99293.95,514702.19,3.49,3.99,4.23,4.36,23.78,27.44,27.8,27.85,27.86,0.55,normal
2026-05-14 06:44:51,451,26.21,28.81,99294.42,515869.03,3.45,3.95,4.19,4.32,23.49,27.12,27.49,27.54,27.54,0.55,normal
2026-05-14 06:44:56,452,26.16,28.72,99293.51,519796.97,3.34,3.83,4.07,4.2,22.75,26.28,26.64,26.68,26.69,0.55,normal
2026-05-14 06:45:01,453,26.13,28.69,99291.99,523785.16,3.25,3.72,3.96,4.09,22.07,25.5,25.86,25.9,25.91,0.55,normal
2026-05-14 06:45:06,453,26.1,28.66,99294.91,522582.28,3.09,3.55,3.78,3.9,21.04,24.32,24.66,24.7,24.71,0.54,normal
2026-05-14 06:45:11,454,26.14,28.7,99293.58,519401.47,2.91,3.34,3.56,3.67,19.8,22.87,23.19,23.23,23.24,0.55,normal
2026-05-14 06:45:16,456,26.12,28.72,99292.61,521783.44,2.84,3.26,3.48,3.59,19.32,22.32,22.64,22.68,22.69,0.55,normal
2026-05-14 06:45:21,455,26.1,28.77,99291.55,519401.47,2.96,3.4,3.63,3.75,20.09,23.23,23.56,23.6,23.61,0.55,normal
2026-05-14 06:45:26,454,26.22,28.85,99292.38,519401.47,2.99,3.45,3.68,3.81,20.28,23.46,23.81,23.85,23.86,0.55,normal
2026-05-14 06:45:31,455,26.21,28.82,99291.81,519796.97,2.87,3.32,3.55,3.67,19.46,22.53,22.86,22.91,22.92,0.55,normal
2026-05-14 06:45:36,454,26.34,28.81,99293.13,512769.16,2.8,3.24,3.47,3.59,18.99,21.99,22.32,22.36,22.37,0.55,normal
2026-05-14 06:45:41,454,26.51,28.82,99293.45,512384.28,2.72,3.15,3.38,3.5,18.45,21.37,21.69,21.73,21.74,0.55,normal
2026-05-14 06:45:46,453,26.55,28.64,99292.55,515869.03,2.75,3.19,3.42,3.53,18.66,21.61,21.94,21.98,21.99,0.54,normal
2026-05-14 06:45:51,453,26.46,28.49,99292.3,512000,2.83,3.28,3.51,3.64,19.2,22.24,22.57,22.62,22.62,0.55,normal
2026-05-14 06:45:56,451,26.4,28.44,99292.16,517041.16,2.73,3.16,3.38,3.5,18.51,21.43,21.75,21.79,21.8,0.55,normal
2026-05-14 06:46:01,449,26.35,28.48,99292.19,520193.03,2.56,2.97,3.18,3.29,17.38,20.12,20.43,20.47,20.47,0.55,normal
2026-05-14 06:46:06,449,26.39,28.49,99293.99,515479.5,2.56,2.97,3.18,3.29,17.35,20.1,20.4,20.44,20.45,0.55,normal
2026-05-14 06:46:11,449,26.4,28.52,99292.67,514702.19,2.41,2.79,2.99,3.1,16.31,18.89,19.18,19.21,19.22,0.55,normal
2026-05-14 06:46:16,450,26.4,28.56,99292.52,513154.59,2.4,2.79,2.99,3.09,16.29,18.87,19.15,19.19,19.2,0.55,normal
2026-05-14 06:46:21,449,26.37,28.5,99293.77,517825.53,2.61,3.03,3.24,3.36,17.69,20.49,20.8,20.84,20.85,0.55,normal
2026-05-14 06:46:26,447,26.4,28.56,99294.12,517041.16,3.17,3.67,3.94,4.07,21.49,24.88,25.26,25.31,25.32,0.54,normal
2026-05-14 06:46:31,449,26.37,28.57,99292.96,519006.59,3.34,3.86,4.14,4.28,22.64,26.21,26.61,26.66,26.67,0.54,normal
2026-05-14 06:46:36,449,26.3,28.52,99292.16,522182.56,3.36,3.88,4.15,4.29,22.82,26.41,26.8,26.85,26.86,0.53,normal
2026-05-14 06:46:41,448,26.27,28.53,99291.77,524590.19,3.42,3.94,4.21,4.34,23.23,26.86,27.25,27.3,27.31,0.53,normal
2026-05-14 06:46:46,449,26.33,28.57,99291.46,518218.62,3.38,3.89,4.14,4.28,22.99,26.57,26.95,27,27.01,0.53,normal
2026-05-14 06:46:51,450,26.4,28.66,99293.92,515090.53,3.12,3.58,3.82,3.94,21.24,24.54,24.88,24.93,24.93,0.53,normal
2026-05-14 06:46:56,450,26.42,28.59,99292.12,513927.22,3.1,3.55,3.78,3.9,21.07,24.35,24.69,24.73,24.74,0.53,normal
2026-05-14 06:47:01,450,26.5,28.58,99294.38,513154.59,2.92,3.34,3.56,3.67,19.83,22.91,23.23,23.27,23.28,0.54,normal
2026-05-14 06:47:06,451,26.47,28.51,99292.75,516259.12,2.82,3.24,3.45,3.56,19.17,22.15,22.46,22.5,22.51,0.54,normal
2026-05-14 06:47:11,451,26.32,28.38,99293.64,524590.19,2.96,3.39,3.62,3.73,20.1,23.23,23.55,23.59,23.6,0.54,normal
2026-05-14 06:47:16,452,26.22,28.37,99292.89,526207.62,3.02,3.47,3.7,3.82,20.54,23.74,24.07,24.12,24.12,0.54,normal
2026-05-14 06:47:21,450,26.24,28.47,99290.91,520987.03,3.03,3.48,3.7,3.82,20.59,23.79,24.13,24.17,24.18,0.54,normal
2026-05-14 06:47:26,453,26.3,28.6,99290.65,517041.16,2.96,3.39,3.61,3.73,20.13,23.25,23.58,23.62,23.63,0.54,normal
2026-05-14 06:47:31,451,26.31,28.58,99292.3,516259.12,2.93,3.36,3.58,3.7,19.94,23.04,23.36,23.4,23.41,0.54,normal
2026-05-14 06:47:36,453,26.34,28.6,99292.45,521384.94,2.8,3.21,3.42,3.53,19.02,21.98,22.29,22.33,22.33,0.54,normal
2026-05-14 06:47:41,453,26.16,28.49,99291.87,534446.75,2.71,3.11,3.31,3.42,18.4,21.26,21.56,21.6,21.61,0.54,normal
2026-05-14 06:47:46,454,26.12,28.43,99291.25,533611.25,2.66,3.06,3.26,3.37,18.1,20.92,21.22,21.26,21.27,0.55,normal
2026-05-14 06:47:51,454,26.18,28.46,99290.93,529883.56,2.55,2.94,3.13,3.23,17.33,20.04,20.32,20.36,20.37,0.56,normal
2026-05-14 06:47:56,457,26.1,28.47,99290.92,529062.25,2.52,2.91,3.11,3.21,17.09,19.78,20.07,20.11,20.11,0.56,normal
2026-05-14 06:48:01,456,26.2,28.53,99291.38,524993.56,2.49,2.88,3.09,3.19,16.88,19.55,19.84,19.88,19.89,0.56,normal
2026-05-14 06:48:06,455,26.3,28.66,99292.19,519401.47,2.51,2.9,3.11,3.22,16.99,19.67,19.97,20.01,20.02,0.55,normal
2026-05-14 06:48:11,456,26.3,28.6,99293.41,523383.59,2.68,3.1,3.33,3.45,18.13,21,21.33,21.37,21.38,0.56,normal
2026-05-14 06:48:16,457,26.3,28.51,99294.59,523785.16,3.01,3.49,3.75,3.88,20.35,23.58,23.94,23.99,24,0.55,normal
2026-05-14 06:48:21,459,25.94,28.39,99298.83,540369.38,2.99,3.47,3.73,3.86,20.22,23.44,23.81,23.86,23.86,0.56,normal
2026-05-14 06:48:26,457,25.87,28.49,99298.3,542516.56,2.79,3.23,3.47,3.6,18.85,21.84,22.18,22.23,22.24,0.55,normal
2026-05-14 06:48:31,459,25.99,28.63,99294.14,534028.69,2.66,3.09,3.31,3.43,18.03,20.89,21.22,21.26,21.27,0.55,normal
2026-05-14 06:48:36,458,26.06,28.71,99292.3,530295.19,2.49,2.88,3.09,3.2,16.86,19.52,19.82,19.86,19.87,0.55,normal
2026-05-14 06:48:42,460,26.13,28.75,99291.51,525397.62,2.46,2.85,3.06,3.16,16.69,19.32,19.62,19.65,19.66,0.55,normal
2026-05-14 06:48:47,460,26.24,28.83,99291.31,522582.28,2.29,2.65,2.84,2.93,15.49,17.94,18.21,18.25,18.25,0.55,normal
2026-05-14 06:48:52,458,26.31,28.77,99291.88,521384.94,2.34,2.71,2.91,3.01,15.89,18.4,18.68,18.71,18.72,0.55,normal
2026-05-14 06:48:57,458,26.31,28.66,99292.74,518218.62,2.67,3.09,3.31,3.42,18.06,20.91,21.23,21.27,21.28,0.56,normal
2026-05-14 06:49:02,460,26.24,28.57,99292.98,524187.34,2.98,3.45,3.7,3.83,20.22,23.41,23.77,23.81,23.82,0.55,normal
2026-05-14 06:49:07,459,26.1,28.43,99292.73,532778.38,3.18,3.68,3.94,4.08,21.54,24.94,25.31,25.36,25.37,0.55,normal
2026-05-14 06:49:12,459,25.92,28.47,99295.66,538239.19,3.07,3.56,3.81,3.94,20.82,24.11,24.48,24.52,24.53,0.55,normal
2026-05-14 06:49:17,460,25.98,28.56,99295.34,539089.25,2.9,3.36,3.6,3.73,19.67,22.78,23.12,23.17,23.18,0.56,normal
2026-05-14 06:49:22,461,25.75,28.59,99295.23,549503.62,2.64,3.05,3.27,3.39,17.85,20.67,20.99,21.03,21.04,0.56,normal
2026-05-14 06:49:27,460,25.7,28.68,99295.64,555766.62,2.55,2.96,3.18,3.29,17.3,20.04,20.35,20.39,20.4,0.56,normal
2026-05-14 06:49:32,461,25.6,28.84,99294.48,556219.44,2.52,2.93,3.14,3.25,17.05,19.76,20.07,20.11,20.12,0.57,normal
2026-05-14 06:49:37,461,25.6,29.03,99293.9,548620.44,2.74,3.18,3.42,3.54,18.52,21.47,21.8,21.85,21.86,0.56,normal
2026-05-14 06:49:42,461,25.64,29.09,99291.88,544680.88,2.88,3.35,3.6,3.74,19.46,22.57,22.93,22.98,22.98,0.57,normal
2026-05-14 06:49:47,462,25.68,29.15,99292.84,541226.19,2.83,3.29,3.54,3.68,19.11,22.17,22.52,22.57,22.58,0.57,normal
2026-05-14 06:49:52,465,25.8,29.17,99294.68,533611.25,2.6,3.03,3.27,3.39,17.6,20.41,20.74,20.78,20.79,0.56,normal
2026-05-14 06:49:57,466,25.81,29.14,99292.05,539942,2.4,2.8,3.01,3.12,16.22,18.82,19.12,19.16,19.17,0.57,normal
2026-05-14 06:50:02,467,25.92,29.05,99293.38,534028.69,2.39,2.78,2.99,3.11,16.13,18.71,19.01,19.05,19.06,0.56,normal
2026-05-14 06:50:07,467,25.88,28.93,99293.93,537391.75,2.33,2.71,2.92,3.03,15.72,18.23,18.53,18.57,18.57,0.56,normal
2026-05-14 06:50:12,467,25.9,28.87,99294.71,536547,2.41,2.8,3.02,3.13,16.25,18.86,19.16,19.2,19.21,0.56,normal
2026-05-14 06:50:17,466,25.86,28.8,99292.84,537815.12,2.54,2.97,3.19,3.31,17.18,19.93,20.26,20.3,20.31,0.56,normal
2026-05-14 06:50:22,465,25.79,28.78,99292.69,539942,2.61,3.05,3.28,3.4,17.66,20.49,20.82,20.86,20.87,0.56,normal
2026-05-14 06:50:27,465,25.9,28.9,99293.48,530707.44,2.58,3,3.23,3.35,17.44,20.22,20.55,20.59,20.6,0.56,normal
2026-05-14 06:50:32,464,25.91,28.88,99294,536969.06,2.49,2.89,3.11,3.22,16.82,19.51,19.81,19.85,19.86,0.56,normal
2026-05-14 06:50:37,466,25.82,28.86,99294.44,534028.69,2.43,2.83,3.04,3.15,16.43,19.05,19.35,19.39,19.4,0.56,normal
2026-05-14 06:50:42,465,25.75,28.87,99293.09,542085.75,2.57,2.99,3.21,3.33,17.41,20.18,20.5,20.54,20.55,0.56,normal
2026-05-14 06:50:47,466,25.78,28.89,99293.12,534446.75,2.75,3.19,3.43,3.55,18.6,21.55,21.89,21.94,21.94,0.55,normal
2026-05-14 06:50:52,465,25.75,28.91,99292.4,539515.25,2.68,3.11,3.34,3.46,18.11,20.99,21.32,21.36,21.37,0.55,normal
2026-05-14 06:50:57,464,25.85,29.04,99292.73,532778.38,2.55,2.96,3.17,3.29,17.25,19.98,20.29,20.34,20.34,0.55,normal
2026-05-14 06:51:02,465,26,29.15,99293.46,526613.5,2.34,2.72,2.92,3.02,15.86,18.37,18.66,18.7,18.7,0.56,normal
2026-05-14 06:51:07,463,26.1,29.09,99289.83,525397.62,2.23,2.59,2.78,2.88,15.09,17.49,17.77,17.8,17.81,0.56,normal
2026-05-14 06:51:12,465,26.21,28.98,99291.24,523383.59,2.23,2.6,2.79,2.89,15.1,17.5,17.78,17.82,17.82,0.56,normal
2026-05-14 06:51:17,465,26.28,28.84,99289.95,523383.59,2.32,2.7,2.9,3.01,15.67,18.18,18.47,18.5,18.51,0.56,normal
2026-05-14 06:51:22,465,26.38,28.71,99291.6,517433.06,2.44,2.84,3.06,3.17,16.49,19.13,19.43,19.47,19.48,0.56,normal
2026-05-14 06:51:27,467,26.44,28.56,99290.7,517825.53,2.57,2.99,3.22,3.34,17.35,20.13,20.45,20.5,20.5,0.56,normal
2026-05-14 06:51:32,468,26.41,28.43,99291.25,520589.72,3.01,3.51,3.78,3.92,20.32,23.58,23.96,24.01,24.02,0.55,normal
2026-05-14 06:51:37,468,26.32,28.37,99291.59,521783.44,3.28,3.83,4.12,4.27,22.18,25.73,26.14,26.19,26.2,0.55,normal
2026-05-14 06:51:42,469,26.26,28.39,99291.18,523383.59,3.28,3.82,4.12,4.27,22.18,25.72,26.14,26.19,26.2,0.55,normal
2026-05-14 06:51:47,469,26.35,28.47,99290.44,520987.03,3.29,3.83,4.13,4.28,22.24,25.79,26.21,26.26,26.27,0.56,normal
2026-05-14 06:51:52,466,26.35,28.46,99288.57,521384.94,3.22,3.76,4.04,4.2,21.76,25.24,25.65,25.7,25.71,0.56,normal
2026-05-14 06:51:57,467,26.48,28.47,99287.78,515869.03,2.99,3.49,3.76,3.9,20.17,23.41,23.79,23.84,23.85,0.56,normal
2026-05-14 06:52:02,468,26.62,28.49,99290.04,510468.59,2.78,3.24,3.49,3.62,18.74,21.75,22.1,22.15,22.16,0.55,normal
2026-05-14 06:52:07,467,26.74,28.4,99290.48,507056.19,2.4,2.8,3.02,3.13,16.23,18.83,19.14,19.18,19.18,0.55,normal
2026-05-14 06:52:12,467,26.81,28.26,99290.79,505554.19,2.28,2.65,2.86,2.96,15.39,17.85,18.13,18.17,18.18,0.56,normal
2026-05-14 06:52:17,470,26.77,28.1,99292.2,511233.16,2.29,2.66,2.87,2.97,15.45,17.92,18.21,18.24,18.25,0.56,normal
2026-05-14 06:52:22,471,26.69,27.97,99290.98,514314.41,2.41,2.8,3.02,3.13,16.26,18.86,19.17,19.21,19.21,0.55,normal
2026-05-14 06:52:27,473,26.6,27.89,99289.36,523383.59,2.49,2.9,3.12,3.24,16.87,19.56,19.87,19.91,19.92,0.55,normal
2026-05-14 06:52:32,470,26.48,27.84,99289.54,531533.88,2.45,2.85,3.06,3.17,16.56,19.2,19.5,19.54,19.55,0.55,normal
2026-05-14 06:52:37,471,26.57,27.93,99289.92,519796.97,2.47,2.87,3.09,3.2,16.72,19.38,19.69,19.73,19.73,0.55,normal
2026-05-14 06:52:42,469,26.6,28.01,99289.59,517041.16,2.39,2.78,2.99,3.1,16.2,18.78,19.07,19.11,19.12,0.55,normal
2026-05-14 06:52:47,471,26.54,27.99,99288.42,520193.03,2.38,2.77,2.98,3.08,16.13,18.69,18.99,19.03,19.03,0.55,normal
2026-05-14 06:52:52,470,26.55,27.97,99290.26,519401.47,2.25,2.62,2.81,2.91,15.22,17.65,17.92,17.96,17.97,0.56,normal
2026-05-14 06:52:57,471,26.56,27.94,99290.24,524590.19,2.09,2.43,2.62,2.71,14.17,16.43,16.68,16.72,16.72,0.55,normal
2026-05-14 06:53:02,468,26.38,27.88,99288.38,530707.44,1.93,2.25,2.41,2.5,13.08,15.16,15.4,15.43,15.43,0.56,normal
2026-05-14 06:53:07,469,26.39,27.9,99290.57,528652.56,1.94,2.26,2.43,2.51,13.15,15.25,15.49,15.52,15.52,0.55,normal
2026-05-14 06:53:12,471,26.45,28.05,99289.12,522582.28,1.98,2.3,2.46,2.55,13.39,15.51,15.75,15.78,15.79,0.55,normal
2026-05-14 06:53:17,474,26.41,28.08,99291.36,520193.03,2.07,2.4,2.57,2.66,14.02,16.24,16.48,16.52,16.52,0.55,normal
2026-05-14 06:53:22,473,26.26,28.05,99288.36,531948.06,2.3,2.66,2.85,2.95,15.62,18.08,18.36,18.39,18.4,0.55,normal
2026-05-14 06:53:27,473,26.12,28.05,99287.11,535704.94,2.46,2.83,3.03,3.13,16.66,19.28,19.56,19.6,19.61,0.54,normal
2026-05-14 06:53:32,474,26.14,28.18,99285.9,534028.69,2.38,2.74,2.93,3.03,16.18,18.72,18.99,19.02,19.03,0.54,normal
2026-05-14 06:53:37,474,26.2,28.33,99286.04,536969.06,2.33,2.68,2.86,2.95,15.83,18.3,18.57,18.6,18.61,0.55,normal
2026-05-14 06:53:42,475,26.3,28.39,99286.39,530707.44,2.22,2.55,2.72,2.81,15.11,17.46,17.71,17.74,17.74,0.54,normal
2026-05-14 06:53:47,475,26.42,28.49,99287.98,527427.25,2.19,2.52,2.68,2.76,14.92,17.24,17.48,17.51,17.52,0.54,normal
2026-05-14 06:53:52,476,26.48,28.4,99286.46,523383.59,2.29,2.63,2.8,2.88,15.58,18,18.25,18.28,18.29,0.55,normal
2026-05-14 06:53:57,473,26.51,28.3,99288.73,523383.59,2.4,2.76,2.93,3.03,16.35,18.89,19.15,19.19,19.19,0.55,normal
2026-05-14 06:54:02,471,26.42,28.19,99288.16,521384.94,2.37,2.72,2.9,2.99,16.11,18.61,18.87,18.91,18.91,0.55,normal
2026-05-14 06:54:07,472,26.34,28.15,99288.37,522582.28,2.88,3.31,3.52,3.64,19.56,22.61,22.93,22.97,22.98,0.55,normal
2026-05-14 06:54:12,470,26.34,28.19,99287.8,524187.34,3.03,3.48,3.71,3.83,20.58,23.8,24.14,24.18,24.19,0.55,normal
2026-05-14 06:54:17,468,26.41,28.21,99288.37,522982.62,2.73,3.14,3.35,3.46,18.53,21.43,21.74,21.78,21.78,0.55,normal
2026-05-14 06:54:22,468,26.39,28.19,99287.17,522582.28,2.53,2.91,3.11,3.21,17.2,19.89,20.17,20.21,20.21,0.55,normal
2026-05-14 06:54:27,468,26.49,28.25,99286.34,517041.16,2.4,2.77,2.95,3.05,16.33,18.88,19.15,19.19,19.19,0.54,normal
2026-05-14 06:54:32,468,26.52,28.25,99287.02,516259.12,2.51,2.89,3.08,3.17,17.07,19.73,20.01,20.04,20.05,0.54,normal
2026-05-14 06:54:37,470,26.56,28.26,99286.98,513927.22,2.56,2.94,3.13,3.23,17.37,20.08,20.36,20.4,20.41,0.55,normal
2026-05-14 06:54:42,470,26.56,28.18,99286.23,516259.12,2.53,2.91,3.09,3.19,17.23,19.9,20.18,20.22,20.22,0.54,normal
2026-05-14 06:54:48,470,26.52,28.13,99288.45,519006.59,2.47,2.84,3.02,3.11,16.83,19.45,19.71,19.75,19.75,0.54,normal
2026-05-14 06:54:53,471,26.51,28.1,99287.01,516649.84,2.34,2.68,2.85,2.94,15.96,18.43,18.68,18.71,18.72,0.54,normal
2026-05-14 06:54:58,470,26.52,28.06,99286.39,516649.84,2.41,2.76,2.94,3.03,16.42,18.96,19.22,19.26,19.26,0.54,normal
2026-05-14 06:55:03,471,26.39,28.04,99288.78,518218.62,2.46,2.82,3,3.09,16.76,19.36,19.63,19.66,19.67,0.54,normal
2026-05-14 06:55:08,471,26.35,28.04,99288.33,522982.62,2.46,2.82,3,3.1,16.71,19.31,19.58,19.61,19.62,0.55,normal
2026-05-14 06:55:13,470,26.27,28.07,99287.47,523383.59,2.55,2.93,3.13,3.23,17.29,19.99,20.28,20.32,20.32,0.55,normal
2026-05-14 06:55:18,470,26.13,28.12,99286.12,524590.19,2.47,2.86,3.06,3.16,16.78,19.42,19.71,19.75,19.75,0.55,normal
2026-05-14 06:55:23,466,26.08,28.23,99285.57,524590.19,2.44,2.82,3.03,3.13,16.54,19.15,19.44,19.48,19.49,0.55,normal
2026-05-14 06:55:28,466,26.1,28.39,99286.48,525802.31,2.39,2.76,2.96,3.07,16.16,18.72,19.01,19.04,19.05,0.55,normal
2026-05-14 06:55:33,465,26.18,28.47,99285.65,525802.31,2.7,3.13,3.36,3.48,18.24,21.14,21.47,21.51,21.52,0.55,normal
2026-05-14 06:55:38,466,26.14,28.57,99286.27,532778.38,2.77,3.22,3.46,3.59,18.71,21.7,22.04,22.09,22.1,0.55,normal
2026-05-14 06:55:43,465,26.01,28.58,99289.89,539942,2.71,3.15,3.39,3.51,18.3,21.22,21.55,21.6,21.61,0.55,normal
2026-05-14 06:55:48,465,26,28.55,99288.87,538239.19,2.6,3.03,3.26,3.38,17.58,20.39,20.72,20.76,20.77,0.55,normal
2026-05-14 06:55:53,467,26.09,28.62,99284.45,529883.56,2.57,3,3.23,3.35,17.37,20.15,20.48,20.52,20.53,0.55,normal
2026-05-14 06:55:58,469,26.19,28.72,99284.93,526613.5,2.41,2.81,3.03,3.15,16.27,18.88,19.19,19.23,19.23,0.55,normal
2026-05-14 06:56:03,469,26.26,28.65,99284.74,524187.34,2.17,2.53,2.73,2.84,14.63,16.98,17.26,17.3,17.3,0.55,normal
2026-05-14 06:56:08,471,26.35,28.57,99284.07,519401.47,2.11,2.47,2.66,2.77,14.25,16.55,16.82,16.86,16.86,0.55,normal
2026-05-14 06:56:13,471,26.3,28.42,99284.31,525802.31,2.12,2.47,2.67,2.77,14.27,16.57,16.85,16.88,16.89,0.56,normal
2026-05-14 06:56:18,472,26.42,28.4,99286.95,524187.34,2.19,2.56,2.76,2.87,14.77,17.15,17.43,17.47,17.48,0.56,normal
2026-05-14 06:56:23,472,26.5,28.38,99285.59,523383.59,2.22,2.6,2.81,2.92,15,17.42,17.71,17.75,17.76,0.56,normal
2026-05-14 06:56:28,472,26.48,28.3,99286.33,517041.16,2.42,2.83,3.06,3.18,16.3,18.94,19.25,19.3,19.3,0.56,normal
2026-05-14 06:56:33,471,26.52,28.25,99284.3,519006.59,2.56,2.99,3.23,3.36,17.24,20.02,20.36,20.4,20.41,0.56,normal
2026-05-14 06:56:38,471,26.43,28.13,99285.59,520589.72,2.51,2.94,3.17,3.3,16.93,19.67,19.99,20.04,20.05,0.56,normal
2026-05-14 06:56:43,470,26.49,28.14,99283.16,518612.31,2.55,2.98,3.22,3.35,17.2,19.97,20.3,20.35,20.36,0.56,normal
2026-05-14 06:56:48,470,26.48,28.16,99284.51,514314.41,2.44,2.86,3.1,3.22,16.48,19.15,19.47,19.51,19.52,0.57,normal
2026-05-14 06:56:53,469,26.41,28.18,99285.71,524187.34,2.37,2.78,3.01,3.12,15.97,18.55,18.87,18.91,18.92,0.57,normal
2026-05-14 06:56:58,467,26.36,28.13,99284.3,524187.34,2.2,2.58,2.79,2.9,14.81,17.21,17.5,17.54,17.55,0.57,normal
2026-05-14 06:57:03,467,26.26,28.14,99283.5,526207.62,2.06,2.42,2.63,2.73,13.87,16.13,16.41,16.45,16.45,0.58,normal
2026-05-14 06:57:08,467,26.35,28.24,99284.59,525397.62,2.01,2.36,2.56,2.66,13.5,15.7,15.98,16.02,16.02,0.58,normal
2026-05-14 06:57:13,465,26.4,28.31,99283.69,526207.62,2.3,2.71,2.94,3.06,15.51,18.04,18.35,18.39,18.4,0.57,normal
2026-05-14 06:57:18,466,26.37,28.2,99285.27,528652.56,2.64,3.1,3.37,3.5,17.74,20.63,20.99,21.04,21.05,0.57,normal
2026-05-14 06:57:23,465,26.32,28.21,99283.19,526613.5,2.75,3.24,3.51,3.66,18.49,21.51,21.89,21.94,21.95,0.57,normal
2026-05-14 06:57:28,464,26.33,28.22,99283.68,526613.5,2.77,3.26,3.54,3.69,18.63,21.68,22.06,22.11,22.12,0.56,normal
2026-05-14 06:57:33,465,26.3,28.18,99283.95,527835.06,2.67,3.15,3.42,3.56,17.99,20.93,21.29,21.34,21.35,0.56,normal
2026-05-14 06:57:38,464,26.24,28.17,99283.33,531533.88,2.67,3.15,3.42,3.56,17.94,20.88,21.25,21.3,21.31,0.57,normal
2026-05-14 06:57:43,464,26.16,28.17,99283.19,533611.25,2.62,3.1,3.37,3.51,17.61,20.5,20.87,20.92,20.93,0.57,normal
2026-05-14 06:57:48,463,26.11,28.2,99283.06,531948.06,2.49,2.95,3.2,3.34,16.73,19.48,19.84,19.88,19.89,0.56,normal
2026-05-14 06:57:53,463,26.05,28.28,99282.55,530707.44,2.54,3.01,3.27,3.41,17.08,19.89,20.25,20.3,20.31,0.56,normal
2026-05-14 06:57:58,461,26,28.32,99285.34,537815.12,2.46,2.91,3.17,3.3,16.55,19.27,19.62,19.67,19.67,0.57,normal
2026-05-14 06:58:03,458,26.12,28.43,99282.02,529472.62,2.37,2.8,3.04,3.17,15.91,18.53,18.86,18.91,18.91,0.56,normal
2026-05-14 06:58:08,457,26.26,28.53,99282.42,527020.06,2.31,2.73,2.96,3.09,15.49,18.04,18.36,18.41,18.41,0.56,normal
2026-05-14 06:58:13,457,26.32,28.46,99283.5,525397.62,2.13,2.51,2.73,2.84,14.3,16.65,16.94,16.98,16.99,0.56,normal
2026-05-14 06:58:18,457,26.33,28.37,99282.71,524590.19,2.03,2.39,2.6,2.71,13.62,15.85,16.13,16.17,16.18,0.56,normal
2026-05-14 06:58:23,458,26.38,28.34,99283.45,521783.44,1.86,2.2,2.39,2.49,12.49,14.54,14.8,14.83,14.84,0.56,normal
2026-05-14 06:58:28,459,26.39,28.29,99282.26,520589.72,2.08,2.46,2.68,2.79,13.99,16.29,16.58,16.62,16.63,0.57,normal
2026-05-14 06:58:33,460,26.46,28.29,99282.29,517433.06,2.28,2.7,2.94,3.06,15.29,17.81,18.14,18.18,18.19,0.57,normal
2026-05-14 06:58:38,461,26.47,28.29,99283.81,520193.03,2.23,2.64,2.87,2.99,14.95,17.41,17.73,17.78,17.78,0.56,normal
2026-05-14 06:58:43,459,26.43,28.22,99283.76,520589.72,2.16,2.57,2.8,2.91,14.51,16.91,17.22,17.27,17.27,0.57,normal
2026-05-14 06:58:48,458,26.4,28.18,99284.04,521783.44,2.25,2.67,2.92,3.04,15.07,17.58,17.91,17.95,17.96,0.57,normal
2026-05-14 06:58:53,457,26.32,28.16,99284.19,526613.5,2.41,2.87,3.13,3.27,16.14,18.82,19.18,19.23,19.24,0.57,normal
2026-05-14 06:58:58,456,26.19,28.15,99284.55,536547,2.49,2.97,3.24,3.39,16.66,19.44,19.81,19.86,19.87,0.57,normal
2026-05-14 06:59:03,454,26.25,28.23,99285.08,529883.56,2.51,2.99,3.28,3.42,16.77,19.58,19.96,20.01,20.02,0.57,normal
2026-05-14 06:59:08,455,26.24,28.29,99286.38,530707.44,2.72,3.25,3.55,3.71,18.22,21.26,21.67,21.73,21.74,0.56,normal
2026-05-14 06:59:13,455,26.11,28.32,99286,535284.88,2.89,3.44,3.75,3.92,19.32,22.54,22.97,23.03,23.04,0.55,normal
2026-05-14 06:59:18,457,25.96,28.37,99288.37,540797.44,2.91,3.45,3.76,3.93,19.47,22.7,23.13,23.19,23.2,0.55,normal
2026-05-14 06:59:23,457,26.06,28.53,99284.28,530295.19,2.67,3.17,3.45,3.6,17.93,20.9,21.28,21.33,21.34,0.55,normal
2026-05-14 06:59:28,457,26.13,28.72,99283.82,526613.5,2.65,3.14,3.42,3.57,17.79,20.73,21.11,21.17,21.17,0.56,normal
2026-05-14 06:59:33,458,26.24,28.88,99283.23,519796.97,2.8,3.31,3.61,3.76,18.79,21.89,22.29,22.34,22.35,0.55,normal
2026-05-14 06:59:38,460,26.3,28.79,99282.77,519796.97,2.79,3.3,3.59,3.74,18.71,21.79,22.18,22.24,22.25,0.55,normal
2026-05-14 06:59:43,460,26.43,28.72,99284.72,520987.03,2.75,3.25,3.54,3.69,18.45,21.49,21.88,21.94,21.94,0.56,normal
2026-05-14 06:59:48,458,26.43,28.56,99282.31,515479.5,3.5,4.14,4.51,4.69,23.51,27.38,27.88,27.94,27.95,0.56,normal
2026-05-14 06:59:53,459,26.42,28.44,99282.63,521783.44,3.43,4.06,4.42,4.6,23.07,26.86,27.35,27.41,27.42,0.56,normal
2026-05-14 06:59:58,459,26.47,28.35,99282.2,519401.47,3.29,3.89,4.23,4.41,22.06,25.69,26.16,26.22,26.23,0.56,normal
2026-05-14 07:00:03,459,26.56,28.34,99283.63,515090.53,3.05,3.61,3.93,4.1,20.49,23.86,24.3,24.35,24.36,0.56,normal
2026-05-14 07:00:08,458,26.62,28.31,99285.94,515479.5,2.79,3.31,3.6,3.75,18.74,21.83,22.23,22.29,22.3,0.57,normal
2026-05-14 07:00:13,459,26.55,28.19,99284.67,517041.16,2.54,3.01,3.28,3.42,17.03,19.84,20.21,20.26,20.27,0.57,normal
2026-05-14 07:00:18,459,26.45,28.14,99287.03,524993.56,2.32,2.76,3.01,3.14,15.54,18.12,18.47,18.51,18.52,0.56,normal
2026-05-14 07:00:23,458,26.21,28.07,99285.63,534865.5,2.6,3.09,3.38,3.53,17.4,20.29,20.68,20.73,20.74,0.57,normal
2026-05-14 07:00:28,457,26.24,28.16,99285.98,531533.88,2.76,3.29,3.59,3.75,18.44,21.52,21.93,21.99,22,0.57,normal
2026-05-14 07:00:33,458,26.16,28.19,99284.27,542948.06,2.74,3.28,3.59,3.76,18.35,21.42,21.84,21.9,21.91,0.57,normal
2026-05-14 07:00:38,459,26.18,28.27,99283.47,534865.5,2.56,3.06,3.36,3.52,17.07,19.95,20.35,20.4,20.41,0.57,normal
2026-05-14 07:00:43,458,26.14,28.33,99283.48,534865.5,2.31,2.78,3.05,3.19,15.44,18.05,18.41,18.46,18.47,0.57,normal
2026-05-14 07:00:48,458,26.04,28.31,99284.79,535284.88,2.31,2.77,3.05,3.19,15.4,18,18.37,18.42,18.43,0.57,normal
2026-05-14 07:00:54,459,26.03,28.37,99282.97,536969.06,2.37,2.84,3.12,3.27,15.78,18.45,18.82,18.87,18.88,0.56,normal
2026-05-14 07:00:59,461,26.01,28.42,99283.8,537815.12,2.35,2.82,3.09,3.24,15.66,18.3,18.67,18.72,18.73,0.57,normal
2026-05-14 07:01:04,459,26.04,28.49,99282.34,533611.25,2.31,2.77,3.04,3.18,15.41,18.01,18.37,18.42,18.43,0.56,normal
2026-05-14 07:01:09,458,25.93,28.5,99286.46,539089.25,2.53,3.04,3.34,3.5,16.91,19.77,20.17,20.22,20.23,0.57,normal
2026-05-14 07:01:14,459,25.93,28.57,99287.04,531533.88,2.6,3.12,3.43,3.59,17.31,20.25,20.66,20.71,20.72,0.57,normal
2026-05-14 07:01:19,461,26.02,28.69,99283.12,527835.06,2.49,2.99,3.29,3.45,16.57,19.39,19.79,19.84,19.85,0.58,normal
2026-05-14 07:01:24,462,26.18,28.81,99284.48,529062.25,2.31,2.78,3.06,3.21,15.38,18,18.37,18.42,18.43,0.57,normal
2026-05-14 07:01:29,462,26.28,28.78,99283.7,525802.31,2,2.41,2.65,2.78,13.31,15.58,15.9,15.95,15.96,0.57,normal
2026-05-14 07:01:34,465,26.28,28.66,99284.45,528243.5,1.94,2.33,2.57,2.7,12.89,15.09,15.4,15.45,15.45,0.58,normal
2026-05-14 07:01:39,465,26.32,28.47,99282.41,522982.62,2.01,2.42,2.67,2.8,13.37,15.65,15.98,16.02,16.03,0.57,normal
2026-05-14 07:01:44,466,26.33,28.42,99283.22,524187.34,1.95,2.35,2.59,2.72,12.98,15.19,15.51,15.55,15.56,0.58,normal
2026-05-14 07:01:49,468,26.32,28.37,99281.98,528243.5,1.9,2.3,2.54,2.66,12.68,14.85,15.16,15.2,15.21,0.58,normal
2026-05-14 07:01:54,467,26.36,28.37,99283.29,524187.34,2.06,2.48,2.74,2.87,13.68,16.02,16.35,16.4,16.41,0.58,normal
2026-05-14 07:01:59,466,26.44,28.41,99282.52,520193.03,2.05,2.47,2.73,2.86,13.61,15.94,16.28,16.33,16.33,0.58,normal
2026-05-14 07:02:04,465,26.48,28.41,99281.61,520193.03,2.31,2.79,3.08,3.23,15.34,17.97,18.35,18.4,18.41,0.58,normal
2026-05-14 07:02:09,466,26.43,28.3,99282.34,522182.56,2.43,2.94,3.24,3.4,16.14,18.91,19.32,19.37,19.38,0.58,normal
2026-05-14 07:02:14,464,26.17,28.19,99282.19,536969.06,2.4,2.91,3.21,3.37,15.97,18.72,19.12,19.17,19.18,0.58,normal
2026-05-14 07:02:19,462,26.13,28.22,99281.61,537391.75,2.23,2.7,2.99,3.14,14.84,17.39,17.77,17.82,17.83,0.58,normal
2026-05-14 07:02:24,463,26.14,28.28,99280.55,535284.88,2.07,2.51,2.77,2.91,13.75,16.11,16.46,16.51,16.52,0.58,normal
2026-05-14 07:02:29,462,26.11,28.35,99280.41,534028.69,2.13,2.58,2.86,3,14.15,16.58,16.94,16.99,17,0.59,normal
2026-05-14 07:02:34,463,26.13,28.43,99279.71,534446.75,2.16,2.63,2.91,3.06,14.34,16.83,17.2,17.25,17.26,0.59,normal
2026-05-14 07:02:39,462,26.09,28.41,99280.01,536125.62,2.06,2.51,2.78,2.92,13.63,16,16.36,16.41,16.42,0.59,normal
2026-05-14 07:02:44,461,25.99,28.38,99281.38,539942,2.03,2.47,2.74,2.89,13.43,15.77,16.12,16.17,16.18,0.59,normal
2026-05-14 07:02:49,461,25.98,28.42,99281.51,540369.38,2.06,2.51,2.78,2.93,13.65,16.02,16.38,16.43,16.44,0.58,normal
2026-05-14 07:02:54,457,26.02,28.51,99277.96,534028.69,2.01,2.45,2.71,2.85,13.33,15.64,15.99,16.04,16.04,0.58,normal
2026-05-14 07:02:59,457,26.15,28.62,99280.12,529062.25,2.17,2.63,2.91,3.06,14.39,16.88,17.25,17.3,17.31,0.58,normal
2026-05-14 07:03:04,454,26.28,28.58,99279.76,530295.19,2.2,2.67,2.95,3.1,14.64,17.15,17.52,17.57,17.58,0.58,normal
2026-05-14 07:03:09,454,26.18,28.4,99279.22,531533.88,2.02,2.44,2.69,2.82,13.42,15.72,16.05,16.1,16.11,0.58,normal
2026-05-14 07:03:14,456,26.13,28.34,99278.75,537391.75,1.87,2.25,2.48,2.6,12.42,14.54,14.85,14.89,14.9,0.58,normal
2026-05-14 07:03:19,456,26.1,28.35,99280.44,535284.88,1.8,2.17,2.39,2.51,12.02,14.07,14.36,14.4,14.4,0.58,normal
2026-05-14 07:03:24,454,26.08,28.37,99279.29,534865.5,1.85,2.23,2.45,2.57,12.32,14.42,14.72,14.76,14.76,0.58,normal
2026-05-14 07:03:29,455,26.1,28.43,99280.54,529472.62,2.01,2.42,2.66,2.79,13.42,15.7,16.02,16.06,16.07,0.58,normal
2026-05-14 07:03:34,455,26.05,28.43,99281.2,536969.06,2.09,2.51,2.76,2.89,13.93,16.29,16.62,16.67,16.68,0.58,normal
2026-05-14 07:03:39,454,26.04,28.42,99280.36,538663.88,2.08,2.5,2.74,2.87,13.87,16.21,16.54,16.59,16.6,0.58,normal
2026-05-14 07:03:44,453,26.03,28.44,99282.18,533194.5,1.97,2.37,2.6,2.72,13.18,15.4,15.71,15.76,15.76,0.58,normal
2026-05-14 07:03:49,453,25.97,28.48,99284.8,534028.69,1.83,2.19,2.41,2.52,12.2,14.26,14.54,14.58,14.59,0.58,normal
2026-05-14 07:03:54,452,26,28.57,99281.17,529472.62,1.73,2.08,2.28,2.39,11.57,13.52,13.79,13.83,13.84,0.58,normal
2026-05-14 07:03:59,451,25.99,28.59,99283.91,533194.5,1.82,2.19,2.4,2.52,12.16,14.21,14.5,14.54,14.55,0.59,normal
2026-05-14 07:04:04,452,26.07,28.64,99281.56,531120.31,1.81,2.17,2.39,2.5,12.05,14.09,14.38,14.42,14.43,0.59,normal
2026-05-14 07:04:09,450,26.08,28.66,99281.02,534446.75,1.75,2.11,2.32,2.43,11.69,13.68,13.96,14,14.01,0.59,normal
2026-05-14 07:04:14,451,26.06,28.63,99281.2,536969.06,1.82,2.19,2.41,2.53,12.12,14.18,14.47,14.51,14.52,0.59,normal
2026-05-14 07:04:19,452,26.03,28.6,99281.78,538663.88,2.11,2.54,2.8,2.94,14.04,16.43,16.77,16.82,16.83,0.6,normal
2026-05-14 07:04:24,453,26.19,28.7,99282.09,528243.5,2.12,2.56,2.82,2.96,14.11,16.52,16.87,16.91,16.92,0.59,normal
2026-05-14 07:04:29,455,26.28,28.7,99280.5,525802.31,1.97,2.37,2.62,2.75,13.08,15.32,15.64,15.69,15.69,0.6,normal
2026-05-14 07:04:34,456,26.4,28.65,99281.01,524590.19,1.86,2.24,2.47,2.6,12.35,14.46,14.77,14.81,14.82,0.6,normal
2026-05-14 07:04:39,456,26.54,28.59,99282.79,521384.94,1.84,2.23,2.46,2.58,12.26,14.36,14.67,14.71,14.72,0.6,normal
2026-05-14 07:04:44,457,26.64,28.48,99281.69,518218.62,2.12,2.57,2.84,2.98,14.1,16.53,16.89,16.94,16.95,0.6,normal
2026-05-14 07:04:49,457,26.62,28.27,99281.16,518612.31,2.21,2.68,2.97,3.11,14.71,17.24,17.61,17.66,17.67,0.6,normal
2026-05-14 07:04:54,455,26.5,28.1,99282.36,527427.25,2.15,2.61,2.89,3.03,14.29,16.75,17.12,17.17,17.18,0.6,normal
2026-05-14 07:04:59,456,26.46,28.08,99281.36,526613.5,2.16,2.63,2.91,3.05,14.34,16.82,17.19,17.24,17.25,0.61,normal
2026-05-14 07:05:04,456,26.52,28.18,99281.7,522182.56,2.11,2.57,2.85,3,14.01,16.44,16.81,16.86,16.87,0.61,normal
2026-05-14 07:05:09,457,26.49,28.17,99280.83,520193.03,2.02,2.47,2.74,2.88,13.41,15.75,16.1,16.15,16.16,0.6,normal
2026-05-14 07:05:14,459,26.49,28.16,99281.08,523383.59,2.01,2.45,2.72,2.86,13.29,15.61,15.96,16.01,16.02,0.6,normal
2026-05-14 07:05:19,460,26.49,28.17,99280.7,523383.59,2.19,2.68,2.97,3.13,14.52,17.05,17.43,17.49,17.5,0.6,normal
2026-05-14 07:05:24,456,26.54,28.21,99282.96,520193.03,2.09,2.56,2.84,2.99,13.87,16.29,16.66,16.71,16.72,0.6,normal
2026-05-14 07:05:29,456,26.51,28.19,99281.4,523785.16,2.11,2.58,2.86,3.01,14.01,16.45,16.82,16.88,16.88,0.59,normal
2026-05-14 07:05:34,454,26.4,28.11,99281.45,528652.56,2.03,2.48,2.75,2.89,13.45,15.79,16.15,16.2,16.21,0.59,normal
2026-05-14 07:05:39,455,26.4,28.15,99281.82,524993.56,1.95,2.38,2.64,2.77,12.89,15.14,15.48,15.53,15.54,0.59,normal
2026-05-14 07:05:44,454,26.46,28.23,99282.38,520193.03,1.86,2.27,2.52,2.65,12.29,14.43,14.76,14.81,14.81,0.59,normal
2026-05-14 07:05:49,454,26.52,28.34,99283.05,519401.47,1.83,2.24,2.49,2.62,12.12,14.24,14.57,14.62,14.62,0.6,normal
2026-05-14 07:05:54,455,26.48,28.3,99280.8,522982.62,1.9,2.32,2.59,2.72,12.53,14.74,15.08,15.13,15.13,0.6,normal
2026-05-14 07:05:59,453,26.47,28.22,99281.01,522182.56,2.14,2.63,2.93,3.08,14.18,16.67,17.06,17.11,17.12,0.6,normal
2026-05-14 07:06:04,453,26.54,28.25,99282.08,520193.03,2.28,2.8,3.12,3.28,15.05,17.7,18.11,18.17,18.18,0.6,normal
2026-05-14 07:06:09,452,26.58,28.29,99282.84,518218.62,2.21,2.71,3.03,3.19,14.59,17.17,17.57,17.63,17.64,0.6,normal
2026-05-14 07:06:14,450,26.61,28.22,99283.09,522182.56,2.07,2.55,2.84,2.99,13.67,16.09,16.47,16.52,16.53,0.6,normal
2026-05-14 07:06:19,452,26.52,28.09,99282.52,525802.31,1.89,2.33,2.6,2.74,12.5,14.72,15.07,15.12,15.12,0.6,normal
2026-05-14 07:06:24,451,26.54,28.05,99283.5,525397.62,2.04,2.51,2.8,2.95,13.43,15.81,16.19,16.24,16.25,0.6,normal
2026-05-14 07:06:29,451,26.41,28,99281.64,527835.06,2.08,2.56,2.86,3.02,13.76,16.2,16.58,16.64,16.65,0.59,normal
2026-05-14 07:06:34,448,26.39,28.01,99281.97,530707.44,2.04,2.5,2.79,2.94,13.44,15.82,16.19,16.24,16.25,0.59,normal
2026-05-14 07:06:39,449,26.35,28.05,99282.47,531948.06,2.17,2.66,2.97,3.13,14.3,16.82,17.22,17.28,17.29,0.59,normal
2026-05-14 07:06:44,451,26.31,28.09,99281.88,531120.31,2.18,2.68,2.99,3.16,14.41,16.95,17.35,17.41,17.42,0.59,normal
2026-05-14 07:06:49,453,26.29,28.13,99282.03,528243.5,2.41,2.97,3.31,3.49,15.95,18.76,19.21,19.27,19.28,0.59,normal
2026-05-14 07:06:54,451,26.29,28.21,99281.55,531120.31,2.54,3.13,3.49,3.68,16.78,19.74,20.21,20.28,20.29,0.59,normal
2026-05-14 07:07:00,449,26.29,28.22,99281.84,528243.5,2.47,3.04,3.39,3.58,16.33,19.22,19.67,19.74,19.75,0.58,normal
2026-05-14 07:07:05,451,26.38,28.27,99282.47,526613.5,2.36,2.91,3.25,3.42,15.6,18.36,18.79,18.85,18.86,0.59,normal
2026-05-14 07:07:10,451,26.42,28.25,99282.52,526613.5,2.26,2.79,3.12,3.29,14.94,17.59,18.01,18.07,18.08,0.59,normal
2026-05-14 07:07:15,452,26.37,28.19,99283.59,527020.06,2.32,2.86,3.2,3.38,15.27,17.99,18.43,18.49,18.5,0.58,normal
2026-05-14 07:07:20,451,26.36,28.19,99283.13,524993.56,2.39,2.95,3.3,3.48,15.72,18.52,18.98,19.04,19.05,0.59,normal
2026-05-14 07:07:25,447,26.25,28.16,99283.33,531948.06,2.36,2.91,3.26,3.44,15.53,18.3,18.74,18.81,18.82,0.58,normal
2026-05-14 07:07:30,449,26.18,28.2,99282.62,531533.88,2.49,3.08,3.44,3.63,16.4,19.33,19.8,19.87,19.88,0.59,normal
2026-05-14 07:07:35,448,26.15,28.28,99284,529883.56,2.57,3.18,3.56,3.75,16.96,19.98,20.47,20.54,20.55,0.58,normal
2026-05-14 07:07:40,449,26.05,28.33,99286.11,542516.56,2.55,3.14,3.51,3.7,16.79,19.77,20.25,20.31,20.33,0.57,normal
2026-05-14 07:07:45,450,26.11,28.34,99285.15,539942,2.5,3.07,3.43,3.61,16.47,19.39,19.85,19.91,19.92,0.57,normal
2026-05-14 07:07:50,450,26.26,28.45,99283.84,534865.5,2.4,2.95,3.29,3.46,15.89,18.69,19.13,19.19,19.2,0.57,normal
2026-05-14 07:07:55,449,26.31,28.45,99282.96,532778.38,2.14,2.63,2.92,3.08,14.18,16.67,17.06,17.11,17.12,0.57,normal
2026-05-14 07:08:00,448,26.43,28.43,99283.58,522982.62,2.11,2.59,2.88,3.03,13.95,16.4,16.78,16.83,16.84,0.58,normal
2026-05-14 07:08:05,450,26.59,28.39,99285.59,526207.62,2.04,2.51,2.8,2.95,13.49,15.87,16.25,16.3,16.31,0.58,normal
2026-05-14 07:08:10,451,26.47,28.19,99284.92,531533.88,2.08,2.57,2.87,3.03,13.72,16.16,16.55,16.61,16.62,0.58,normal
2026-05-14 07:08:15,451,26.46,28.07,99283.45,529472.62,2.21,2.73,3.06,3.23,14.58,17.18,17.6,17.66,17.67,0.58,normal
2026-05-14 07:08:20,450,26.47,28.03,99284.54,529472.62,2.37,2.93,3.29,3.48,15.56,18.35,18.81,18.87,18.88,0.59,normal
2026-05-14 07:08:25,450,26.49,28.05,99284.19,529062.25,2.25,2.79,3.14,3.32,14.75,17.42,17.86,17.92,17.93,0.59,normal
2026-05-14 07:08:30,450,26.46,28.04,99284.95,529472.62,2.03,2.53,2.85,3.02,13.32,15.73,16.14,16.2,16.21,0.59,normal
2026-05-14 07:08:35,450,26.47,28.04,99285.45,528652.56,2.06,2.57,2.9,3.07,13.49,15.95,16.37,16.43,16.44,0.59,normal
2026-05-14 07:08:40,452,26.54,28.07,99286.41,527835.06,1.89,2.37,2.67,2.83,12.41,14.68,15.07,15.12,15.13,0.59,normal
2026-05-14 07:08:45,451,26.56,28.13,99286.89,524993.56,1.86,2.33,2.64,2.79,12.2,14.43,14.81,14.87,14.88,0.59,normal
2026-05-14 07:08:50,452,26.55,28.07,99288.23,525397.62,1.96,2.46,2.78,2.95,12.82,15.18,15.58,15.64,15.65,0.59,normal
2026-05-14 07:08:55,449,26.6,28.07,99287.7,519796.97,2.29,2.87,3.25,3.44,14.99,17.74,18.21,18.28,18.29,0.58,normal
2026-05-14 07:09:00,449,26.55,28.03,99287.2,523383.59,2.47,3.1,3.5,3.71,16.19,19.16,19.67,19.74,19.75,0.58,normal
2026-05-14 07:09:05,448,26.57,28.04,99288.48,522982.62,2.58,3.24,3.66,3.88,16.89,19.99,20.52,20.6,20.61,0.59,normal
2026-05-14 07:09:10,447,26.57,28.06,99288.39,525397.62,2.55,3.2,3.61,3.83,16.66,19.71,20.24,20.32,20.33,0.59,normal
2026-05-14 07:09:15,446,26.48,28.04,99286.84,527427.25,2.4,3.02,3.42,3.63,15.71,18.61,19.11,19.18,19.19,0.58,normal
2026-05-14 07:09:20,446,26.47,28.09,99285.46,524187.34,2.38,3,3.4,3.6,15.58,18.45,18.96,19.03,19.04,0.58,normal
2026-05-14 07:09:25,445,26.46,28.17,99286.16,524187.34,2.31,2.91,3.3,3.5,15.09,17.88,18.37,18.44,18.46,0.59,normal
2026-05-14 07:09:30,447,26.41,28.21,99285.16,526613.5,2.11,2.66,3.02,3.2,13.76,16.31,16.76,16.83,16.84,0.59,normal
2026-05-14 07:09:35,447,26.47,28.23,99284.83,522582.28,1.98,2.49,2.83,3,12.89,15.28,15.7,15.76,15.77,0.59,normal
2026-05-14 07:09:40,445,26.29,28.16,99283.97,533611.25,1.95,2.46,2.79,2.97,12.72,15.08,15.5,15.56,15.57,0.59,normal
2026-05-14 07:09:45,445,26.35,28.19,99285.63,529883.56,1.93,2.44,2.76,2.93,12.59,14.93,15.34,15.4,15.41,0.58,normal
2026-05-14 07:09:50,446,26.36,28.21,99285.62,531948.06,1.91,2.41,2.73,2.9,12.46,14.77,15.18,15.24,15.25,0.59,normal
2026-05-14 07:09:55,445,26.29,28.2,99284.45,535284.88,1.85,2.34,2.66,2.82,12.09,14.34,14.74,14.79,14.8,0.59,normal
2026-05-14 07:10:00,446,26.27,28.24,99286.02,532362.88,1.82,2.31,2.62,2.79,11.89,14.11,14.5,14.56,14.57,0.59,normal
2026-05-14 07:10:05,444,26.18,28.27,99285.61,533194.5,1.86,2.35,2.67,2.84,12.09,14.35,14.75,14.81,14.82,0.59,normal
2026-05-14 07:10:10,445,26.16,28.35,99285.7,532778.38,1.98,2.51,2.85,3.03,12.87,15.29,15.72,15.78,15.79,0.59,normal
2026-05-14 07:10:15,444,26.11,28.49,99286.58,531533.88,2.02,2.56,2.91,3.09,13.15,15.61,16.05,16.12,16.13,0.59,normal
2026-05-14 07:10:20,445,26.08,28.57,99285.52,532778.38,2.01,2.54,2.89,3.07,13.11,15.55,15.99,16.05,16.06,0.58,normal
2026-05-14 07:10:25,446,26.11,28.58,99286.4,533194.5,1.92,2.42,2.75,2.92,12.53,14.85,15.26,15.32,15.33,0.58,normal
2026-05-14 07:10:30,448,26.07,28.58,99285.51,531120.31,1.8,2.27,2.57,2.72,11.76,13.94,14.31,14.37,14.38,0.58,normal
2026-05-14 07:10:35,448,26.16,28.64,99286.31,528243.5,1.74,2.19,2.48,2.63,11.38,13.47,13.84,13.89,13.9,0.58,normal
2026-05-14 07:10:40,449,26.29,28.67,99286.62,529883.56,1.83,2.3,2.6,2.76,11.98,14.18,14.56,14.62,14.63,0.58,normal
2026-05-14 07:10:45,448,26.38,28.64,99285.74,527020.06,1.93,2.43,2.74,2.91,12.64,14.97,15.37,15.42,15.43,0.58,normal
2026-05-14 07:10:50,450,26.41,28.53,99286.3,520193.03,2.02,2.54,2.87,3.04,13.19,15.63,16.05,16.11,16.12,0.58,normal
2026-05-14 07:10:55,448,26.46,28.48,99287.91,520193.03,2.06,2.59,2.93,3.11,13.47,15.95,16.39,16.45,16.46,0.57,normal
2026-05-14 07:11:00,448,26.53,28.42,99286.15,522582.28,2.18,2.74,3.1,3.29,14.27,16.89,17.34,17.41,17.42,0.57,normal
2026-05-14 07:11:05,450,26.54,28.36,99286.48,520589.72,2.35,2.96,3.34,3.54,15.39,18.22,18.71,18.78,18.79,0.57,normal
2026-05-14 07:11:10,450,26.48,28.27,99287.58,523785.16,2.27,2.85,3.22,3.41,14.83,17.56,18.03,18.1,18.11,0.57,normal
2026-05-14 07:11:15,450,26.45,28.24,99288.06,524993.56,2.24,2.81,3.17,3.36,14.65,17.34,17.8,17.86,17.87,0.57,normal
2026-05-14 07:11:20,450,26.4,28.21,99288.95,524590.19,2.32,2.9,3.28,3.47,15.17,17.95,18.42,18.49,18.5,0.56,normal
2026-05-14 07:11:25,450,26.43,28.26,99288.34,521783.44,2.47,3.09,3.48,3.69,16.17,19.12,19.62,19.69,19.7,0.56,normal
2026-05-14 07:11:30,452,26.43,28.28,99287.89,520589.72,2.33,2.91,3.28,3.47,15.28,18.06,18.53,18.59,18.6,0.56,normal
2026-05-14 07:11:35,450,26.49,28.32,99288.16,521783.44,2.24,2.8,3.15,3.34,14.71,17.39,17.84,17.9,17.91,0.57,normal
2026-05-14 07:11:40,450,26.55,28.31,99286.88,521384.94,2.06,2.57,2.9,3.07,13.49,15.95,16.36,16.42,16.43,0.57,normal
2026-05-14 07:11:45,450,26.64,28.31,99286.73,517433.06,1.92,2.41,2.71,2.87,12.6,14.9,15.29,15.34,15.35,0.58,normal
2026-05-14 07:11:50,450,26.72,28.24,99287.87,517041.16,1.92,2.41,2.72,2.88,12.53,14.84,15.24,15.29,15.3,0.58,normal
2026-05-14 07:11:55,450,26.77,28.22,99287.45,513154.59,1.81,2.28,2.58,2.74,11.82,14.01,14.39,14.44,14.45,0.59,normal
2026-05-14 07:12:00,448,26.75,28.11,99287.42,516259.12,1.86,2.35,2.67,2.84,12.14,14.39,14.79,14.85,14.86,0.6,normal
2026-05-14 07:12:05,445,26.8,28.08,99287.52,512384.28,1.9,2.41,2.74,2.91,12.38,14.69,15.11,15.17,15.18,0.59,normal
2026-05-14 07:12:10,444,26.81,28.06,99289.04,515090.53,1.87,2.37,2.7,2.87,12.16,14.44,14.85,14.91,14.92,0.59,normal
2026-05-14 07:12:15,444,26.86,28.03,99291.05,512000,1.76,2.24,2.56,2.72,11.46,13.62,14.01,14.07,14.08,0.6,normal
2026-05-14 07:12:20,444,26.83,27.99,99291.22,514314.41,1.59,2.03,2.32,2.47,10.34,12.3,12.66,12.71,12.72,0.6,normal
2026-05-14 07:12:25,443,26.8,27.95,99291.84,512000,1.48,1.88,2.15,2.29,9.59,11.4,11.73,11.78,11.79,0.6,normal
2026-05-14 07:12:30,442,26.8,27.95,99291.75,511233.16,1.46,1.87,2.13,2.27,9.48,11.28,11.62,11.66,11.67,0.6,normal
2026-05-14 07:12:35,444,26.76,27.95,99291.29,512769.16,1.46,1.87,2.13,2.27,9.45,11.25,11.58,11.63,11.64,0.6,normal
2026-05-14 07:12:40,443,26.73,27.96,99290.58,513154.59,1.47,1.88,2.15,2.29,9.52,11.33,11.67,11.72,11.73,0.6,normal
2026-05-14 07:12:45,442,26.77,28.02,99291.56,512769.16,1.48,1.89,2.16,2.31,9.57,11.4,11.74,11.79,11.79,0.6,normal
2026-05-14 07:12:50,441,26.87,28.05,99292.02,510850.59,1.51,1.93,2.21,2.36,9.77,11.64,11.99,12.04,12.04,0.6,normal
2026-05-14 07:12:55,441,26.87,27.98,99290.95,508567.16,1.49,1.9,2.18,2.32,9.65,11.48,11.83,11.88,11.88,0.59,normal
2026-05-14 07:13:00,440,26.9,27.96,99293.73,510850.59,1.72,2.2,2.51,2.67,11.16,13.27,13.66,13.72,13.73,0.59,normal
2026-05-14 07:13:05,439,26.81,27.92,99291.33,508946.31,1.98,2.52,2.87,3.06,12.83,15.26,15.7,15.76,15.77,0.59,normal
2026-05-14 07:13:10,438,26.74,27.94,99291.2,514314.41,2.35,3,3.42,3.64,15.29,18.17,18.7,18.78,18.79,0.6,normal
2026-05-14 07:13:16,436,26.67,27.92,99291.69,520987.03,2.51,3.2,3.65,3.88,16.29,19.37,19.93,20.01,20.02,0.6,normal
2026-05-14 07:13:21,436,26.63,27.94,99292.48,521783.44,2.44,3.11,3.55,3.78,15.88,18.88,19.42,19.5,19.51,0.6,normal
2026-05-14 07:13:26,435,26.58,28.02,99292.02,520987.03,2.31,2.94,3.35,3.57,14.98,17.81,18.33,18.4,18.42,0.6,normal
2026-05-14 07:13:31,434,26.61,28.11,99292.53,520987.03,2.27,2.89,3.3,3.51,14.73,17.52,18.03,18.1,18.11,0.6,normal
2026-05-14 07:13:36,432,26.6,28.12,99291.27,521783.44,2.27,2.9,3.31,3.52,14.77,17.56,18.07,18.14,18.15,0.6,normal
2026-05-14 07:13:41,431,26.65,28.13,99292.67,519401.47,2.25,2.87,3.27,3.48,14.63,17.39,17.9,17.97,17.98,0.6,normal
2026-05-14 07:13:46,430,26.72,28.17,99291.2,514314.41,2.27,2.89,3.3,3.51,14.73,17.51,18.02,18.09,18.1,0.6,normal
2026-05-14 07:13:51,429,26.71,28.13,99291.91,516259.12,2.29,2.92,3.33,3.54,14.86,17.67,18.19,18.26,18.27,0.6,normal
2026-05-14 07:13:56,428,26.68,28.04,99292.43,520589.72,2.66,3.39,3.87,4.12,17.25,20.51,21.11,21.19,21.21,0.61,normal
2026-05-14 07:14:01,428,26.71,28.04,99292.95,517433.06,2.77,3.53,4.03,4.29,17.98,21.38,22,22.09,22.1,0.61,normal
2026-05-14 07:14:06,428,26.72,28.07,99291.91,519796.97,2.65,3.38,3.85,4.1,17.22,20.47,21.06,21.14,21.16,0.61,normal
2026-05-14 07:14:11,428,26.71,28.06,99291.97,518612.31,2.43,3.1,3.54,3.76,15.79,18.77,19.32,19.4,19.41,0.61,normal
2026-05-14 07:14:16,429,26.75,28.06,99292.33,515090.53,2.28,2.9,3.31,3.53,14.78,17.58,18.09,18.17,18.18,0.61,normal
2026-05-14 07:14:21,430,26.81,28.09,99292.04,514702.19,2.24,2.86,3.26,3.48,14.51,17.26,17.77,17.84,17.86,0.61,normal
2026-05-14 07:14:26,429,26.81,28.05,99292.02,513540.62,2.1,2.69,3.08,3.28,13.6,16.2,16.68,16.75,16.76,0.61,normal
2026-05-14 07:14:31,428,26.85,28.01,99292.5,513927.22,1.95,2.5,2.86,3.05,12.6,15.01,15.46,15.53,15.54,0.61,normal
2026-05-14 07:14:36,428,26.89,28,99292.33,512000,1.89,2.42,2.78,2.96,12.23,14.57,15.01,15.07,15.08,0.61,normal
2026-05-14 07:14:41,429,27.02,27.96,99293.02,504061.03,1.93,2.48,2.84,3.03,12.5,14.9,15.35,15.41,15.42,0.61,normal
2026-05-14 07:14:46,429,27.02,27.87,99294,508188.59,1.86,2.4,2.75,2.93,12.04,14.36,14.8,14.86,14.87,0.61,normal
2026-05-14 07:14:51,430,27.02,27.78,99293.05,507056.19,1.67,2.14,2.46,2.63,10.77,12.84,13.23,13.29,13.3,0.61,normal
2026-05-14 07:14:56,431,27.02,27.76,99293.54,506304.09,1.75,2.25,2.58,2.75,11.28,13.45,13.87,13.92,13.93,0.61,normal
2026-05-14 07:15:01,431,26.99,27.73,99293.63,515479.5,1.95,2.52,2.9,3.09,12.61,15.05,15.52,15.59,15.6,0.62,normal
2026-05-14 07:15:06,432,26.84,27.66,99291.95,516259.12,2.1,2.71,3.12,3.33,13.58,16.2,16.7,16.77,16.78,0.61,normal
2026-05-14 07:15:11,432,26.8,27.7,99292.23,512000,2.11,2.72,3.12,3.33,13.62,16.25,16.75,16.82,16.83,0.61,normal
2026-05-14 07:15:16,432,26.8,27.82,99291.73,517041.16,2.14,2.76,3.17,3.39,13.83,16.5,17.01,17.09,17.1,0.61,normal
2026-05-14 07:15:21,433,26.75,27.85,99293.24,519401.47,1.99,2.57,2.95,3.15,12.86,15.34,15.82,15.89,15.9,0.61,normal
2026-05-14 07:15:26,431,26.72,27.87,99292.95,517041.16,1.83,2.36,2.71,2.89,11.82,14.1,14.53,14.59,14.6,0.61,normal
2026-05-14 07:15:31,429,26.68,27.88,99291.95,520987.03,1.65,2.12,2.43,2.6,10.65,12.7,13.09,13.14,13.15,0.61,normal
2026-05-14 07:15:36,430,26.58,27.87,99292.23,523785.16,1.51,1.95,2.23,2.38,9.77,11.65,12.01,12.06,12.07,0.61,normal
2026-05-14 07:15:41,428,26.58,27.94,99292.39,518218.62,1.58,2.03,2.33,2.49,10.2,12.17,12.54,12.6,12.6,0.62,normal
2026-05-14 07:15:46,427,26.63,28.02,99292.81,520193.03,1.67,2.15,2.47,2.64,10.77,12.85,13.25,13.3,13.31,0.62,normal
2026-05-14 07:15:51,428,26.65,28,99292.84,527835.06,1.73,2.24,2.58,2.75,11.19,13.36,13.78,13.84,13.85,0.62,normal
2026-05-14 07:15:56,430,26.63,28.01,99294.1,524993.56,1.86,2.4,2.77,2.96,11.99,14.32,14.77,14.83,14.84,0.62,normal
2026-05-14 07:16:01,430,26.65,28.01,99293.45,521783.44,1.89,2.45,2.82,3.01,12.19,14.56,15.02,15.09,15.1,0.62,normal
2026-05-14 07:16:06,433,26.54,28.01,99290.9,524187.34,1.98,2.57,2.96,3.16,12.74,15.23,15.72,15.79,15.8,0.61,normal
2026-05-14 07:16:11,432,26.57,28.04,99292.33,526613.5,2.04,2.65,3.05,3.26,13.12,15.69,16.19,16.26,16.28,0.61,normal
2026-05-14 07:16:16,432,26.64,28.11,99291.43,522182.56,2.08,2.71,3.12,3.34,13.42,16.04,16.56,16.63,16.64,0.61,normal
2026-05-14 07:16:21,431,26.65,28.13,99290.98,522182.56,2.04,2.65,3.06,3.27,13.11,15.68,16.19,16.26,16.27,0.61,normal
2026-05-14 07:16:26,431,26.65,28.09,99292.76,519796.97,2.09,2.72,3.14,3.36,13.41,16.05,16.57,16.65,16.66,0.61,normal
2026-05-14 07:16:31,430,26.7,28.07,99291.39,520589.72,2.1,2.74,3.16,3.38,13.49,16.15,16.68,16.75,16.76,0.61,normal
2026-05-14 07:16:36,432,26.68,28.05,99290.58,526207.62,2.12,2.76,3.18,3.41,13.63,16.31,16.83,16.91,16.92,0.61,normal
2026-05-14 07:16:41,431,26.74,28.03,99290.14,523383.59,2.05,2.66,3.07,3.29,13.19,15.77,16.28,16.35,16.36,0.61,normal
2026-05-14 07:16:46,432,26.75,28.02,99290.05,520987.03,1.95,2.53,2.92,3.12,12.54,15,15.48,15.55,15.56,0.61,normal
2026-05-14 07:16:51,432,26.82,28.04,99290.36,515869.03,2.3,2.98,3.44,3.68,14.78,17.67,18.24,18.32,18.33,0.62,normal
2026-05-14 07:16:56,432,26.95,28.06,99290.19,513154.59,2.46,3.2,3.69,3.95,15.85,18.95,19.56,19.65,19.67,0.61,normal
2026-05-14 07:17:01,431,26.99,27.96,99290.92,504433.5,2.43,3.15,3.64,3.89,15.61,18.67,19.27,19.35,19.37,0.61,normal
2026-05-14 07:17:06,430,27.01,27.85,99290.14,505928.84,2.28,2.97,3.42,3.66,14.7,17.58,18.14,18.22,18.23,0.61,normal
2026-05-14 07:17:11,430,27.07,27.79,99291.35,507433.09,2.12,2.76,3.18,3.4,13.66,16.34,16.86,16.94,16.95,0.61,normal
2026-05-14 07:17:16,431,27.06,27.72,99291.42,503317.78,2.06,2.68,3.1,3.31,13.21,15.81,16.33,16.4,16.41,0.62,normal
2026-05-14 07:17:21,432,27.05,27.67,99291.23,502946.97,1.92,2.51,2.91,3.11,12.35,14.79,15.28,15.35,15.36,0.61,normal
2026-05-14 07:17:26,433,27,27.62,99292.7,499634.06,1.91,2.49,2.89,3.09,12.26,14.68,15.17,15.24,15.25,0.62,normal
2026-05-14 07:17:31,434,26.91,27.59,99291,504061.03,2.01,2.63,3.05,3.27,12.92,15.49,16,16.07,16.08,0.62,normal
2026-05-14 07:17:36,433,26.89,27.61,99290.14,502206.97,2.14,2.8,3.25,3.48,13.71,16.43,16.98,17.06,17.07,0.62,normal
2026-05-14 07:17:41,433,26.84,27.62,99289.32,503317.78,2.19,2.87,3.33,3.57,14.03,16.83,17.39,17.48,17.49,0.62,normal
2026-05-14 07:17:46,432,26.79,27.68,99290.52,504806.5,2.25,2.95,3.43,3.67,14.42,17.3,17.88,17.96,17.98,0.62,normal
2026-05-14 07:17:51,433,26.79,27.74,99290.3,505554.19,2.35,3.07,3.57,3.82,15.02,18.02,18.62,18.71,18.72,0.61,normal
2026-05-14 07:17:56,431,26.8,27.75,99289.79,506304.09,2.38,3.11,3.61,3.87,15.26,18.29,18.9,18.99,19,0.62,normal
2026-05-14 07:18:01,432,26.89,27.86,99290.31,501837.78,2.31,3.03,3.5,3.75,14.85,17.79,18.38,18.46,18.48,0.62,normal
2026-05-14 07:18:06,432,26.88,27.85,99290.75,505554.19,2.05,2.67,3.1,3.32,13.13,15.73,16.25,16.32,16.33,0.62,normal
2026-05-14 07:18:11,433,26.87,27.79,99290.82,505180.06,1.82,2.37,2.75,2.94,11.66,13.96,14.42,14.49,14.5,0.62,normal
2026-05-14 07:18:16,434,26.78,27.77,99290.28,508946.31,1.62,2.11,2.44,2.61,10.39,12.44,12.84,12.9,12.91,0.62,normal
2026-05-14 07:18:21,435,26.76,27.78,99290.79,509706.31,1.56,2.04,2.35,2.51,10.06,12.03,12.42,12.48,12.49,0.61,normal
2026-05-14 07:18:26,438,26.72,27.8,99289.93,512769.16,1.64,2.13,2.45,2.62,10.52,12.58,12.99,13.05,13.05,0.61,normal
2026-05-14 07:18:31,436,26.68,27.8,99291.62,518612.31,1.69,2.19,2.53,2.7,10.85,12.98,13.39,13.45,13.46,0.61,normal
2026-05-14 07:18:36,439,26.56,27.8,99291.18,524993.56,1.67,2.17,2.5,2.67,10.74,12.84,13.25,13.31,13.32,0.61,normal
2026-05-14 07:18:41,438,26.59,27.9,99291.35,520987.03,1.75,2.27,2.62,2.8,11.26,13.46,13.89,13.96,13.97,0.62,normal
2026-05-14 07:18:46,437,26.42,27.91,99291.56,519401.47,1.74,2.27,2.62,2.8,11.22,13.42,13.85,13.91,13.92,0.62,normal
2026-05-14 07:18:51,438,26.42,28.03,99291.48,505928.84,1.75,2.27,2.63,2.81,11.23,13.44,13.88,13.94,13.95,0.62,normal
2026-05-14 07:18:56,436,26.55,28.13,99291.02,496364.53,1.8,2.34,2.71,2.9,11.54,13.82,14.27,14.33,14.34,0.62,normal
2026-05-14 07:19:01,437,26.68,28.26,99290.68,496364.53,1.9,2.47,2.86,3.06,12.17,14.57,15.05,15.12,15.13,0.62,normal
2026-05-14 07:19:06,436,26.81,28.21,99291.41,492071.12,1.8,2.34,2.7,2.89,11.54,13.81,14.26,14.32,14.33,0.62,normal
2026-05-14 07:19:11,436,26.89,28.14,99291.95,490304.03,1.77,2.3,2.66,2.85,11.36,13.6,14.04,14.1,14.11,0.61,normal
2026-05-14 07:19:16,435,26.96,28.01,99294.18,489952.16,1.78,2.31,2.67,2.86,11.45,13.69,14.13,14.2,14.21,0.61,normal
2026-05-14 07:19:21,435,27.01,27.92,99293.07,478616.5,1.74,2.26,2.61,2.79,11.22,13.42,13.85,13.91,13.92,0.62,normal
2026-05-14 07:19:26,434,26.86,27.79,99292.84,468114.28,1.85,2.4,2.77,2.97,11.9,14.24,14.69,14.76,14.77,0.62,normal
2026-05-14 07:19:31,435,26.88,27.77,99292.59,471346.38,2.09,2.72,3.13,3.35,13.45,16.08,16.6,16.67,16.68,0.62,normal
2026-05-14 07:19:37,434,26.82,27.74,99292.52,478952.28,2.08,2.7,3.11,3.33,13.39,16.01,16.52,16.6,16.61,0.62,normal
2026-05-14 07:19:42,433,26.75,27.74,99291.2,485768.5,2.01,2.62,3.02,3.23,12.96,15.5,16,16.07,16.08,0.62,normal
2026-05-14 07:19:47,435,26.73,27.74,99290.24,481655.69,2.02,2.63,3.03,3.24,13,15.54,16.04,16.12,16.13,0.62,normal
2026-05-14 07:19:52,436,26.76,27.81,99288.51,482677.34,2.05,2.67,3.08,3.3,13.16,15.75,16.26,16.33,16.34,0.62,normal
2026-05-14 07:19:57,437,26.89,27.89,99291.57,477278.03,2.04,2.66,3.08,3.3,13.11,15.69,16.21,16.28,16.29,0.62,normal
2026-05-14 07:20:02,438,27.02,27.9,99292.39,475284.28,1.95,2.55,2.95,3.16,12.49,14.97,15.46,15.53,15.55,0.62,normal
2026-05-14 07:20:07,437,27.04,27.76,99293.54,478952.28,1.8,2.35,2.73,2.92,11.51,13.8,14.27,14.33,14.34,0.63,normal
2026-05-14 07:20:12,439,27,27.63,99292.43,461469.12,1.58,2.07,2.41,2.58,10.11,12.13,12.54,12.6,12.61,0.63,normal
2026-05-14 07:20:17,439,27.02,27.6,99293.98,464609.81,1.66,2.17,2.52,2.7,10.6,12.72,13.14,13.21,13.22,0.62,normal
2026-05-14 07:20:22,438,27.08,27.61,99293.48,467473.19,1.67,2.19,2.54,2.72,10.71,12.85,13.28,13.34,13.35,0.62,normal
2026-05-14 07:20:27,440,27.17,27.62,99292.55,465560.34,1.72,2.25,2.61,2.8,11.04,13.23,13.67,13.74,13.75,0.62,normal
2026-05-14 07:20:32,439,27.11,27.52,99293.41,471346.38,1.87,2.44,2.82,3.02,11.98,14.35,14.82,14.89,14.9,0.63,normal
2026-05-14 07:20:37,440,27.02,27.47,99294.12,478952.28,1.88,2.45,2.84,3.04,12.04,14.42,14.89,14.96,14.97,0.63,normal
2026-05-06 14:50:02,457,28.87,27.69,100549.57,261691.8,2.21,2.38,2.41,2.43,15.43,17.55,17.65,17.66,17.66,0.46,normal
2026-05-06 14:50:07,453,28.87,27.67,100549.17,260692.47,2.2,2.37,2.4,2.42,15.35,17.47,17.56,17.57,17.58,0.46,normal
2026-05-06 14:50:12,452,28.87,27.66,100549.7,259109.31,2.03,2.18,2.21,2.22,14.15,16.09,16.18,16.19,16.19,0.46,normal
2026-05-06 14:50:17,453,28.88,27.65,100551.55,259306.16,1.96,2.1,2.13,2.14,13.64,15.52,15.6,15.61,15.61,0.47,normal
2026-05-06 14:50:22,453,28.89,27.71,100550.79,258324.92,1.9,2.04,2.07,2.08,13.24,15.06,15.14,15.15,15.15,0.47,normal
2026-05-06 14:50:27,452,28.87,27.76,100550.46,257351.09,1.78,1.91,1.94,1.95,12.4,14.11,14.19,14.19,14.2,0.47,normal
2026-05-06 14:50:32,450,28.87,27.77,100548.96,257351.09,1.7,1.83,1.85,1.86,11.84,13.47,13.55,13.56,13.56,0.47,normal
2026-05-06 14:50:37,450,28.87,27.89,100551.17,257739.75,1.56,1.68,1.71,1.72,10.91,12.41,12.48,12.49,12.49,0.47,normal
2026-05-06 14:50:42,449,28.88,28.01,100550.16,254663.02,1.49,1.6,1.63,1.64,10.39,11.83,11.89,11.9,11.9,0.47,normal
2026-05-06 14:50:47,451,28.88,28.04,100549.64,259503.3,1.63,1.75,1.78,1.79,11.36,12.92,13,13,13.01,0.47,normal
2026-05-06 14:50:52,450,28.86,27.92,100550.41,258520.58,1.66,1.78,1.81,1.82,11.57,13.16,13.24,13.24,13.24,0.47,normal
2026-05-06 14:50:57,450,28.87,28,100549.12,254283.58,1.58,1.7,1.73,1.74,11.05,12.57,12.64,12.65,12.65,0.47,normal
2026-05-06 14:51:02,450,28.87,28,100549.13,256577.3,1.54,1.65,1.67,1.69,10.72,12.19,12.26,12.27,12.27,0.47,normal
2026-05-06 14:51:07,449,28.88,27.97,100548.54,257545.27,1.53,1.64,1.66,1.68,10.65,12.12,12.18,12.19,12.19,0.47,normal
2026-05-06 14:51:12,449,28.89,27.99,100548.97,255616.58,1.5,1.62,1.64,1.65,10.48,11.92,11.99,11.99,11.99,0.47,normal
2026-05-06 14:51:17,448,28.88,28.17,100550.01,254663.02,1.49,1.6,1.62,1.63,10.37,11.8,11.87,11.87,11.87,0.47,normal
2026-05-06 14:51:22,448,28.87,28.29,100548.84,255616.58,1.44,1.54,1.56,1.58,10.02,11.39,11.46,11.46,11.47,0.47,normal
2026-05-06 14:51:27,449,28.86,28.15,100549.75,258716.53,1.34,1.44,1.45,1.46,9.32,10.6,10.66,10.66,10.66,0.47,normal
2026-05-06 14:51:32,450,28.86,27.94,100549.6,259898.48,1.25,1.34,1.36,1.37,8.71,9.91,9.97,9.97,9.97,0.47,normal
2026-05-06 14:51:38,449,28.86,27.9,100547.98,258324.92,1.37,1.47,1.48,1.49,9.52,10.83,10.89,10.9,10.9,0.46,normal
2026-05-06 14:51:43,448,28.86,27.94,100548.36,255043.59,1.77,1.9,1.92,1.94,12.35,14.04,14.12,14.12,14.13,0.47,normal
2026-05-06 14:51:48,449,28.87,28.06,100548.38,258324.92,2.09,2.24,2.27,2.28,14.56,16.56,16.65,16.66,16.66,0.47,normal
2026-05-06 14:51:53,449,28.87,28.14,100548.88,257351.09,2.17,2.33,2.36,2.38,15.17,17.25,17.34,17.35,17.35,0.47,normal
2026-05-06 14:51:58,451,28.84,28.19,100548.46,257157.2,2.3,2.47,2.5,2.52,16.07,18.27,18.37,18.38,18.38,0.47,normal
2026-05-06 14:52:03,450,28.84,28.28,100548.91,259306.16,2.34,2.51,2.54,2.56,16.32,18.55,18.65,18.66,18.67,0.47,normal
2026-05-06 14:52:08,450,28.84,28.36,100547.24,261691.8,2.43,2.61,2.64,2.65,16.95,19.27,19.37,19.38,19.39,0.46,normal
2026-05-06 14:52:13,449,28.86,28.41,100548.62,260294.86,2.58,2.77,2.8,2.82,18.04,20.51,20.62,20.63,20.63,0.46,normal
2026-05-06 14:52:18,448,28.86,28.45,100547.73,258324.92,2.55,2.74,2.77,2.78,17.83,20.27,20.37,20.38,20.39,0.46,normal
2026-05-06 14:52:23,447,28.85,28.49,100548.89,258716.53,2.43,2.6,2.63,2.64,16.94,19.25,19.35,19.36,19.36,0.46,normal
2026-05-06 14:52:28,446,28.85,28.42,100548.53,261091.28,2.39,2.57,2.59,2.61,16.72,19.01,19.11,19.12,19.12,0.46,normal
2026-05-06 14:52:33,445,28.84,28.37,100549.39,259306.16,2.2,2.35,2.38,2.39,15.34,17.44,17.53,17.53,17.54,0.46,normal
2026-05-06 14:52:38,446,28.85,28.18,100547.31,261291.14,2.15,2.3,2.32,2.34,15.02,17.07,17.16,17.17,17.17,0.46,normal
2026-05-06 14:52:43,446,28.86,27.92,100548.42,259700.73,2.2,2.35,2.37,2.38,15.34,17.43,17.52,17.53,17.53,0.46,normal
2026-05-06 14:52:48,446,28.86,27.77,100548.35,257934.52,2.25,2.41,2.43,2.45,15.75,17.89,17.98,17.99,17.99,0.46,normal
2026-05-06 14:52:53,446,28.87,27.67,100547.84,257157.2,2.07,2.22,2.24,2.25,14.49,16.47,16.55,16.56,16.56,0.46,normal
2026-05-06 14:52:58,444,28.88,27.7,100548.17,256963.61,2,2.14,2.16,2.17,14.01,15.92,16,16,16,0.46,normal
2026-05-06 14:53:03,446,28.88,27.68,100548.2,258129.56,1.97,2.11,2.13,2.14,13.76,15.64,15.72,15.72,15.72,0.46,normal
2026-05-06 14:53:08,446,28.89,27.6,100548.97,258324.92,1.78,1.91,1.92,1.93,12.45,14.15,14.22,14.22,14.23,0.46,normal
2026-05-06 14:53:13,448,28.87,27.62,100548.6,260294.86,1.74,1.86,1.88,1.89,12.18,13.84,13.91,13.92,13.92,0.46,normal
2026-05-06 14:53:18,448,28.87,27.89,100547.95,260294.86,1.85,1.98,1.99,2,12.91,14.67,14.74,14.75,14.75,0.46,normal
2026-05-06 14:53:23,449,28.87,28.07,100547.41,259700.73,2.16,2.31,2.33,2.34,15.08,17.13,17.21,17.22,17.22,0.47,normal
2026-05-06 14:53:28,450,28.88,28.2,100546.49,261091.28,2.23,2.38,2.4,2.41,15.55,17.67,17.76,17.77,17.77,0.46,normal
2026-05-06 14:53:33,449,28.89,28.3,100548.41,260096.52,2.24,2.4,2.42,2.43,15.69,17.82,17.91,17.91,17.92,0.46,normal
2026-05-06 14:53:38,451,28.87,28.37,100549.98,261091.28,2.26,2.41,2.43,2.44,15.78,17.92,18.01,18.02,18.02,0.46,normal
2026-05-06 14:53:43,451,28.85,28.42,100549.2,262295.09,2.4,2.56,2.58,2.59,16.78,19.06,19.15,19.16,19.16,0.45,normal
2026-05-06 14:53:48,453,28.84,28.47,100548.13,261291.14,2.53,2.7,2.72,2.73,17.71,20.11,20.2,20.21,20.21,0.45,normal
2026-05-06 14:53:53,454,28.84,28.5,100548.73,260493.52,2.48,2.64,2.66,2.67,17.33,19.68,19.77,19.78,19.78,0.45,normal
2026-05-06 14:53:58,456,28.84,28.48,100547.73,260294.86,2.53,2.69,2.71,2.72,17.69,20.08,20.17,20.18,20.18,0.45,normal
2026-05-06 14:54:03,456,28.84,28.29,100548.84,259700.73,2.65,2.82,2.84,2.84,18.54,21.05,21.14,21.15,21.15,0.45,normal
2026-05-06 14:54:08,456,28.84,28.09,100547.91,259109.31,2.62,2.79,2.8,2.81,18.34,20.82,20.91,20.91,20.91,0.45,normal
2026-05-06 14:54:13,455,28.84,27.91,100548.02,259503.3,2.79,2.96,2.98,2.98,19.5,22.13,22.23,22.24,22.24,0.45,normal
2026-05-06 14:54:18,454,28.85,27.83,100546.76,260096.52,2.89,3.07,3.08,3.09,20.21,22.93,23.03,23.04,23.04,0.44,normal
2026-05-06 14:54:23,455,28.86,27.84,100548.12,260493.52,2.87,3.05,3.06,3.07,20.07,22.78,22.88,22.88,22.89,0.44,normal
2026-05-06 14:54:28,453,28.86,27.7,100547.08,259306.16,2.82,3,3.01,3.02,19.75,22.42,22.51,22.52,22.52,0.44,normal
2026-05-06 14:54:33,451,28.86,27.56,100547.45,261491.31,2.8,2.98,2.99,2.99,19.63,22.28,22.37,22.38,22.38,0.44,normal
2026-05-06 14:54:38,450,28.87,27.45,100546.62,260493.52,2.88,3.06,3.07,3.08,20.19,22.91,23,23.01,23.01,0.44,normal
2026-05-06 14:54:43,450,28.88,27.41,100547.37,260493.52,3.21,3.41,3.42,3.42,22.47,25.5,25.6,25.61,25.61,0.45,normal
2026-05-06 14:54:48,449,28.88,27.38,100546.08,260692.47,3.4,3.61,3.62,3.63,23.81,27.01,27.12,27.13,27.13,0.46,normal
2026-05-06 14:54:53,448,28.89,27.36,100546.24,261892.58,3.43,3.64,3.65,3.66,24.01,27.25,27.36,27.37,27.37,0.46,normal
2026-05-06 14:54:58,449,28.88,27.55,100545.24,262093.67,3.38,3.59,3.6,3.61,23.67,26.86,26.97,26.98,26.98,0.45,normal
2026-05-06 14:55:03,448,28.88,27.84,100545.76,258912.77,3.24,3.44,3.45,3.46,22.69,25.75,25.85,25.86,25.86,0.45,normal
2026-05-06 14:55:08,448,28.87,28.08,100546.33,260294.86,3.33,3.53,3.55,3.55,23.32,26.46,26.56,26.57,26.57,0.44,normal
2026-05-06 14:55:13,447,28.88,28.22,100545.91,259109.31,3.44,3.65,3.66,3.67,24.1,27.33,27.44,27.45,27.45,0.44,normal
2026-05-06 14:55:18,448,28.88,28.3,100545.45,257545.27,3.64,3.86,3.87,3.88,25.5,28.93,29.04,29.05,29.05,0.44,normal
2026-05-06 14:55:23,449,28.88,28.33,100545.33,258129.56,3.66,3.88,3.89,3.89,25.61,29.05,29.17,29.18,29.18,0.45,normal
2026-05-06 14:55:28,449,28.88,28.37,100546.44,258324.92,3.92,4.15,4.16,4.17,27.44,31.12,31.25,31.25,31.26,0.45,normal
2026-05-06 14:55:33,447,28.88,28.34,100545.45,258324.92,4.3,4.57,4.58,4.58,30.17,34.22,34.35,34.36,34.36,0.45,normal
2026-05-06 14:55:38,445,28.85,28.22,100544.72,260096.52,4.6,4.87,4.89,4.89,32.21,36.54,36.68,36.69,36.7,0.45,normal
2026-05-06 14:55:43,446,28.85,28.23,100545.66,260891.72,4.79,5.08,5.09,5.1,33.59,38.1,38.25,38.26,38.26,0.44,normal
2026-05-06 14:55:48,444,28.85,28.1,100547.08,260493.52,4.77,5.06,5.07,5.08,33.45,37.94,38.08,38.09,38.1,0.44,normal
2026-05-06 14:55:53,443,28.84,28.09,100546.48,261691.8,4.91,5.2,5.21,5.22,34.39,39.01,39.16,39.17,39.17,0.45,normal
2026-05-06 14:55:58,445,28.82,28.18,100545.07,261291.14,5.03,5.33,5.34,5.35,35.25,39.98,40.13,40.14,40.15,0.45,normal
2026-05-06 14:56:03,445,28.83,28.31,100545.87,261291.14,5.25,5.56,5.57,5.58,36.8,41.74,41.9,41.91,41.91,0.45,normal
2026-05-06 14:56:08,446,28.82,28.39,100545.81,260493.52,5.45,5.78,5.79,5.79,38.22,43.34,43.51,43.52,43.52,0.44,normal
2026-05-06 14:56:13,445,28.81,28.35,100545.47,263713.62,5.29,5.61,5.62,5.62,37.12,42.09,42.25,42.26,42.27,0.45,normal
2026-05-06 14:56:18,445,28.82,28.05,100544.94,263103.81,5.31,5.62,5.64,5.64,37.2,42.19,42.35,42.36,42.36,0.45,normal
2026-05-06 14:56:23,443,28.83,27.98,100545.43,260692.47,5.36,5.68,5.69,5.7,37.54,42.58,42.74,42.75,42.76,0.46,normal
2026-05-06 14:56:28,440,28.84,28.1,100545.14,261291.14,5.43,5.76,5.77,5.78,38.04,43.15,43.32,43.33,43.33,0.45,normal
2026-05-06 14:56:33,438,28.85,28.23,100546.71,260692.47,5.46,5.79,5.8,5.81,38.28,43.42,43.59,43.6,43.61,0.45,normal
2026-05-06 14:56:38,439,28.84,28.31,100546.59,260891.72,5.55,5.89,5.9,5.91,38.93,44.15,44.33,44.34,44.34,0.45,normal
2026-05-06 14:56:43,441,28.84,28.28,100547.12,260096.52,5.84,6.19,6.21,6.22,40.94,46.43,46.61,46.62,46.63,0.45,normal
2026-05-06 14:56:48,443,28.85,28.33,100547.14,260692.47,5.95,6.31,6.33,6.34,41.72,47.32,47.51,47.52,47.52,0.46,normal
2026-05-06 14:56:53,443,28.85,28.35,100545.54,258912.77,6.41,6.8,6.82,6.83,44.89,50.92,51.12,51.14,51.14,0.46,normal
2026-05-06 14:56:58,443,28.85,28.39,100547.1,259700.73,6.53,6.93,6.96,6.97,45.74,51.89,52.1,52.12,52.12,0.46,normal
2026-05-06 14:57:03,443,28.84,28.22,100548.89,260891.72,6.51,6.91,6.94,6.95,45.59,51.72,51.94,51.95,51.96,0.46,normal
2026-05-06 14:57:08,442,28.84,28.19,100548.28,261091.28,6.16,6.54,6.57,6.58,43.12,48.93,49.13,49.15,49.15,0.46,normal
2026-05-06 14:57:13,442,28.84,28.29,100547.79,260493.52,5.64,5.99,6.01,6.03,39.47,44.79,44.98,44.99,44.99,0.45,normal
2026-05-06 14:57:18,441,28.84,28.27,100547.9,261892.58,5.73,6.09,6.11,6.12,40.11,45.51,45.7,45.72,45.72,0.46,normal
2026-05-06 14:57:23,441,28.84,28.28,100547.41,261291.14,5.89,6.26,6.29,6.3,41.25,46.81,47.01,47.02,47.03,0.46,normal
2026-05-06 14:57:28,439,28.84,28.35,100546.02,260294.86,6.13,6.52,6.55,6.57,42.94,48.73,48.94,48.95,48.96,0.47,normal
2026-05-06 14:57:33,440,28.82,28.38,100545.68,261091.28,6.13,6.52,6.55,6.57,42.89,48.69,48.9,48.91,48.92,0.47,normal
2026-05-06 14:57:38,440,28.82,28.2,100546.19,260096.52,5.87,6.25,6.29,6.31,41.07,46.63,46.83,46.85,46.86,0.48,normal
2026-05-06 14:57:43,439,28.84,28.02,100545.78,262093.67,5.83,6.21,6.25,6.28,40.79,46.31,46.52,46.54,46.55,0.47,normal
2026-05-06 14:57:48,438,28.84,28.04,100546.14,257934.52,5.94,6.33,6.37,6.39,41.56,47.19,47.4,47.42,47.42,0.47,normal
2026-05-06 14:57:53,437,28.84,28.19,100546.05,260891.72,6.16,6.56,6.6,6.63,43.08,48.92,49.14,49.16,49.16,0.46,normal
2026-05-06 14:57:58,436,28.84,28.33,100546.37,260294.86,6.29,6.7,6.74,6.76,43.98,49.93,50.15,50.17,50.18,0.46,normal
2026-05-06 14:58:04,435,28.83,28.37,100545.23,260096.52,6.25,6.66,6.7,6.72,43.74,49.66,49.88,49.9,49.9,0.47,normal
2026-05-06 14:58:09,434,28.83,28.11,100546.59,260493.52,6.37,6.79,6.83,6.85,44.59,50.62,50.85,50.86,50.87,0.47,normal
2026-05-06 14:58:14,436,28.84,27.83,100546.41,260891.72,6.22,6.63,6.67,6.69,43.55,49.45,49.67,49.69,49.69,0.47,normal
2026-05-06 14:58:19,435,28.84,27.8,100547.09,260294.86,6.06,6.45,6.5,6.52,42.36,48.1,48.32,48.34,48.34,0.48,normal
2026-05-06 14:58:24,435,28.83,28.03,100547.12,259898.48,6.16,6.57,6.62,6.65,43.1,48.95,49.17,49.19,49.2,0.48,normal
2026-05-06 14:58:29,435,28.81,28.22,100544.61,259700.73,6.67,7.12,7.17,7.2,46.65,52.98,53.23,53.25,53.25,0.47,normal
2026-05-06 14:58:34,433,28.79,28.4,100545.31,260493.52,6.65,7.09,7.14,7.17,46.49,52.79,53.04,53.06,53.06,0.47,normal
2026-05-06 14:58:39,433,28.8,28.49,100544.76,260493.52,6.51,6.94,6.98,7.01,45.5,51.67,51.91,51.93,51.93,0.47,normal
2026-05-06 14:58:44,434,28.79,28.53,100545.39,260891.72,6.47,6.9,6.94,6.97,45.24,51.37,51.61,51.62,51.63,0.47,normal
2026-05-06 14:58:49,433,28.79,28.54,100544.47,260692.47,6.43,6.86,6.91,6.93,45.01,51.11,51.34,51.36,51.37,0.48,normal
2026-05-06 14:58:54,434,28.79,28.53,100545.95,260294.86,6.43,6.86,6.91,6.94,44.98,51.08,51.32,51.34,51.34,0.49,normal
2026-05-06 14:58:59,432,28.78,28.47,100544.88,260493.52,6.6,7.05,7.1,7.13,46.15,52.42,52.67,52.69,52.69,0.49,normal
2026-05-06 14:59:04,433,28.78,28.28,100544.5,263917.53,6.56,7,7.06,7.09,45.83,52.06,52.31,52.33,52.34,0.49,normal
2026-05-06 14:59:09,434,28.79,28,100546.02,264326.28,6.56,7.01,7.07,7.11,45.88,52.13,52.38,52.4,52.41,0.48,normal
2026-05-06 14:59:14,436,28.79,27.76,100544.18,263103.81,6.44,6.88,6.95,6.98,45.01,51.14,51.39,51.41,51.42,0.49,normal
2026-05-06 14:59:19,438,28.79,27.62,100543.94,264326.28,6.2,6.63,6.69,6.73,43.32,49.23,49.47,49.49,49.5,0.49,normal
2026-05-06 14:59:24,436,28.81,27.52,100545.22,263510.03,6.13,6.56,6.62,6.66,42.83,48.68,48.92,48.94,48.95,0.48,normal
2026-05-06 14:59:29,437,28.81,27.52,100545.83,262698.81,6.26,6.69,6.75,6.79,43.73,49.69,49.94,49.96,49.96,0.48,normal
2026-05-06 14:59:34,437,28.82,27.63,100545.08,263713.62,6.5,6.94,7,7.03,45.4,51.58,51.83,51.85,51.86,0.48,normal
2026-05-06 14:59:39,438,28.81,27.57,100545.24,263306.75,6.86,7.32,7.38,7.41,47.92,54.44,54.7,54.72,54.73,0.48,normal
2026-05-06 14:59:44,438,28.8,27.42,100544.27,265147.59,7.43,7.93,8,8.03,51.9,58.96,59.25,59.27,59.28,0.49,normal
2026-05-06 14:59:49,435,28.8,27.34,100544.9,264121.75,7.43,7.95,8.02,8.06,51.95,59.03,59.32,59.35,59.35,0.49,normal
2026-05-06 14:59:54,434,28.81,27.29,100544.88,262496.78,7.39,7.91,7.99,8.03,51.6,58.65,58.94,58.97,58.98,0.5,normal
2026-05-06 14:59:59,433,28.82,27.24,100545.32,263713.62,7.19,7.7,7.78,7.82,50.18,57.04,57.33,57.36,57.37,0.5,normal
2026-05-06 15:00:04,433,28.82,27.23,100544.55,264531.12,7.17,7.68,7.76,7.81,50.03,56.88,57.17,57.2,57.2,0.5,normal
2026-05-06 15:00:09,433,28.83,27.18,100545.29,261291.14,6.9,7.4,7.48,7.52,48.17,54.77,55.06,55.08,55.09,0.49,normal
2026-05-06 15:00:14,429,28.83,27.15,100545.04,263103.81,6.65,7.13,7.21,7.25,46.44,52.79,53.07,53.09,53.1,0.49,normal
2026-05-06 15:00:19,429,28.82,27.13,100544.73,262093.67,7.09,7.6,7.68,7.73,49.47,56.25,56.54,56.57,56.58,0.49,normal
2026-05-06 15:00:24,428,28.83,27.13,100545.98,261691.8,7.59,8.14,8.23,8.27,53.01,60.27,60.58,60.61,60.62,0.48,normal
2026-05-06 15:00:29,428,28.83,27.19,100545.84,260294.86,7.79,8.35,8.44,8.48,54.39,61.84,62.15,62.18,62.19,0.49,normal
2026-05-06 15:00:34,431,28.83,27.52,100544.13,260692.47,8.11,8.69,8.79,8.84,56.6,64.35,64.69,64.72,64.73,0.49,normal
2026-05-06 15:00:39,432,28.81,27.63,100544.77,259109.31,8.12,8.7,8.81,8.86,56.64,64.41,64.75,64.78,64.79,0.49,normal
2026-05-06 15:00:44,430,28.81,27.59,100545.22,262295.09,8.34,8.94,9.05,9.1,58.19,66.17,66.52,66.55,66.56,0.49,normal
2026-05-06 15:00:49,433,28.8,27.46,100546.21,263510.03,8.75,9.39,9.5,9.56,61.08,69.46,69.83,69.86,69.87,0.49,normal
2026-05-06 15:00:54,431,28.81,27.36,100545.66,261291.14,9.42,10.11,10.23,10.29,65.78,74.8,75.2,75.23,75.24,0.49,normal
2026-05-06 15:00:59,431,28.81,27.3,100544.74,262093.67,9.67,10.38,10.5,10.57,67.52,76.78,77.19,77.23,77.24,0.49,normal
2026-05-06 15:01:04,430,28.8,27.3,100546.8,260891.72,9.57,10.27,10.39,10.45,66.75,75.91,76.32,76.36,76.37,0.49,normal
2026-05-06 15:01:09,429,28.8,27.42,100543.63,262295.09,9.79,10.51,10.64,10.7,68.34,77.72,78.14,78.18,78.19,0.49,normal
2026-05-06 15:01:14,431,28.79,27.62,100544.47,261291.14,9.82,10.54,10.66,10.73,68.56,77.97,78.38,78.42,78.43,0.49,normal
2026-05-06 15:01:19,431,28.8,27.84,100544.67,261491.31,9.6,10.29,10.41,10.47,66.97,76.15,76.56,76.59,76.6,0.48,normal
2026-05-06 15:01:24,431,28.8,27.68,100544.73,263103.81,9.22,9.89,10,10.05,64.4,73.21,73.6,73.63,73.64,0.48,normal
2026-05-06 15:01:29,429,28.75,27.77,100547.45,260891.72,9.08,9.72,9.83,9.88,63.39,72.06,72.43,72.46,72.47,0.47,normal
2026-05-06 15:01:34,429,28.75,28.04,100544.99,261091.28,8.93,9.56,9.65,9.7,62.4,70.92,71.28,71.31,71.32,0.47,normal
2026-05-06 15:01:39,430,28.75,28.2,100546.24,261091.28,8.64,9.23,9.32,9.36,60.34,68.57,68.91,68.93,68.94,0.47,normal
2026-05-06 15:01:44,430,28.73,28.26,100546.22,262698.81,8.47,9.05,9.13,9.17,59.21,67.27,67.6,67.62,67.63,0.48,normal
2026-05-06 15:01:49,431,28.73,28.31,100545.33,262093.67,8.67,9.26,9.33,9.37,60.58,68.82,69.15,69.18,69.19,0.47,normal
2026-05-06 15:01:54,431,28.67,28.27,100545.2,264121.75,9.21,9.83,9.9,9.94,64.4,73.14,73.48,73.51,73.52,0.47,normal
2026-05-06 15:01:59,430,28.65,28.2,100544.73,265147.59,9.76,10.41,10.48,10.52,68.26,77.51,77.87,77.9,77.91,0.47,normal
2026-05-06 15:02:04,430,28.64,28.27,100544.19,265147.59,9.97,10.63,10.7,10.74,69.73,79.19,79.55,79.58,79.59,0.48,normal
2026-05-06 15:02:09,429,28.64,28.34,100544.86,263306.75,10.04,10.71,10.78,10.82,70.25,79.77,80.14,80.16,80.17,0.48,normal
2026-05-06 15:02:14,428,28.66,28.38,100544.88,264531.12,10.17,10.85,10.92,10.96,71.12,80.77,81.14,81.17,81.18,0.49,normal
2026-05-06 15:02:19,426,28.67,28.39,100546.09,264121.75,10.54,11.25,11.34,11.38,73.69,83.71,84.1,84.13,84.14,0.49,normal
2026-05-06 15:02:24,425,28.63,28.38,100548.16,263713.62,11.08,11.83,11.92,11.97,77.42,87.95,88.37,88.41,88.42,0.49,normal
2026-05-06 15:02:29,427,28.64,28.43,100548.91,263103.81,11.06,11.81,11.91,11.96,77.3,87.82,88.24,88.28,88.29,0.48,normal
2026-05-06 15:02:34,427,28.66,28.45,100549.99,261091.28,10.73,11.47,11.56,11.62,74.98,85.19,85.6,85.63,85.64,0.49,normal
2026-05-06 15:02:39,427,28.66,28.46,100549.11,262496.78,10.77,11.51,11.62,11.68,75.22,85.48,85.91,85.94,85.95,0.5,normal
2026-05-06 15:02:44,427,28.67,28.48,100546.58,262295.09,10.75,11.5,11.61,11.67,75.08,85.33,85.76,85.79,85.8,0.49,normal
2026-05-06 15:02:49,427,28.69,28.49,100547.84,262295.09,10.55,11.29,11.4,11.45,73.7,83.76,84.18,84.21,84.22,0.49,normal
2026-05-06 15:02:54,427,28.68,28.51,100548.09,261291.14,10.11,10.81,10.92,10.97,70.6,80.23,80.63,80.67,80.68,0.49,normal
2026-05-06 15:02:59,428,28.69,28.52,100546.66,260096.52,10.28,11,11.11,11.16,71.85,81.65,82.06,82.09,82.1,0.48,normal
2026-05-06 15:03:04,428,28.71,28.51,100546.16,259898.48,10.78,11.54,11.65,11.71,75.33,85.61,86.04,86.07,86.08,0.49,normal
2026-05-06 15:03:09,429,28.67,28.49,100546.06,263713.62,11.12,11.91,12.04,12.1,77.66,88.27,88.73,88.77,88.78,0.5,normal
2026-05-06 15:03:14,428,28.62,28.64,100546.88,262496.78,11.52,12.35,12.49,12.56,80.39,91.41,91.89,91.93,91.94,0.49,normal
2026-05-06 15:03:19,430,28.63,28.84,100546.35,260891.72,11.64,12.48,12.63,12.7,81.28,92.42,92.9,92.95,92.96,0.49,normal
2026-05-06 15:03:24,431,28.64,28.96,100546.54,259700.73,11.54,12.36,12.5,12.57,80.54,91.56,92.04,92.08,92.09,0.49,normal
2026-05-06 15:03:29,430,28.65,28.95,100546.07,258520.58,11.55,12.38,12.52,12.59,80.62,91.67,92.15,92.19,92.2,0.5,normal
2026-05-06 15:03:34,429,28.65,28.8,100547.05,259898.48,11.5,12.34,12.48,12.56,80.26,91.26,91.75,91.79,91.8,0.5,normal
2026-05-06 15:03:39,429,28.67,28.68,100546.38,261691.8,12.33,13.24,13.4,13.49,86.02,97.83,98.36,98.41,98.42,0.5,normal
2026-05-06 15:03:44,427,28.67,28.6,100545.47,262698.81,13.31,14.3,14.49,14.58,92.81,105.58,106.16,106.22,106.23,0.5,normal
2026-05-06 15:03:49,428,28.68,28.6,100546.13,262093.67,13.89,14.92,15.12,15.23,96.84,110.17,110.78,110.84,110.85,0.5,normal
2026-05-06 15:03:54,428,28.7,28.66,100544.42,260096.52,14.05,15.1,15.3,15.4,98.01,111.5,112.11,112.17,112.19,0.49,normal
2026-05-06 15:03:59,425,28.7,28.69,100543.62,260692.47,14.01,15.05,15.24,15.35,97.69,111.13,111.74,111.8,111.81,0.48,normal
2026-05-06 15:04:04,425,28.7,28.7,100545.12,260891.72,13.85,14.89,15.09,15.2,96.55,109.85,110.47,110.52,110.54,0.49,normal
2026-05-06 15:04:09,427,28.7,28.73,100547.2,260692.47,13.25,14.27,14.48,14.59,92.36,105.12,105.72,105.78,105.79,0.5,normal
2026-05-06 15:04:14,427,28.69,28.74,100546.62,261491.31,13.14,14.16,14.37,14.48,91.57,104.23,104.83,104.89,104.91,0.5,normal
2026-05-06 15:04:20,429,28.7,28.72,100547.38,261892.58,13.47,14.51,14.72,14.84,93.85,106.82,107.44,107.5,107.52,0.49,normal
2026-05-06 15:04:25,429,28.68,28.81,100547.69,260692.47,13.99,15.06,15.28,15.39,97.52,110.98,111.61,111.67,111.69,0.49,normal
2026-05-06 15:04:30,430,28.69,28.95,100545.35,260294.86,14.62,15.73,15.95,16.06,101.96,116.02,116.67,116.73,116.75,0.49,normal
2026-05-06 15:04:35,431,28.7,28.93,100546.73,260294.86,14.99,16.11,16.32,16.43,104.57,118.96,119.61,119.67,119.69,0.48,normal
2026-05-06 15:04:40,431,28.72,28.94,100546.94,259898.48,15.39,16.51,16.7,16.8,107.39,122.11,122.76,122.82,122.84,0.47,normal
2026-05-06 15:04:45,432,28.73,28.98,100546.44,257545.27,15.09,16.16,16.33,16.42,105.4,119.81,120.42,120.48,120.49,0.47,normal
2026-05-06 15:04:50,434,28.73,29.01,100547.29,258716.53,14.13,15.12,15.26,15.33,98.72,112.19,112.75,112.79,112.81,0.48,normal
2026-05-06 15:04:55,435,28.74,29.03,100547.23,259109.31,13.83,14.79,14.93,15,96.62,109.8,110.34,110.39,110.4,0.47,normal
2026-05-06 15:05:00,436,28.73,29.12,100547.82,258716.53,13.6,14.54,14.66,14.73,95.02,107.97,108.5,108.54,108.56,0.48,normal
2026-05-06 15:05:05,437,28.73,29.31,100547.38,258324.92,13.59,14.53,14.66,14.73,95,107.94,108.47,108.51,108.53,0.47,normal
2026-05-06 15:05:10,436,28.71,29.59,100548.81,257545.27,13.2,14.12,14.25,14.31,92.25,104.83,105.34,105.39,105.4,0.48,normal
2026-05-06 15:05:15,437,28.69,29.84,100548.34,258520.58,13.16,14.07,14.2,14.27,91.92,104.46,104.97,105.01,105.03,0.48,normal
2026-05-06 15:05:20,437,28.67,29.89,100548.88,259109.31,13.12,14.04,14.17,14.24,91.63,104.14,104.66,104.71,104.72,0.48,normal
2026-05-06 15:05:25,438,28.66,30,100549.28,258520.58,12.92,13.84,14,14.07,90.2,102.54,103.08,103.12,103.14,0.5,normal
2026-05-06 15:05:30,438,28.66,29.96,100549.55,257351.09,13.03,14.01,14.2,14.3,90.9,103.41,103.99,104.04,104.06,0.52,normal
2026-05-06 15:05:35,442,28.68,29.82,100549.36,257157.2,13.16,14.19,14.42,14.53,91.68,104.37,104.99,105.05,105.06,0.52,normal
2026-05-06 15:05:40,444,28.69,29.63,100548.41,258324.92,13.67,14.77,15.03,15.17,95.16,108.39,109.07,109.13,109.15,0.52,normal
2026-05-06 15:05:45,446,28.7,29.27,100548.89,258716.53,14.2,15.36,15.64,15.79,98.82,112.58,113.29,113.36,113.37,0.51,normal
2026-05-06 15:05:50,444,28.72,29.4,100548.88,257934.52,14.55,15.72,16,16.15,101.24,115.32,116.04,116.11,116.13,0.49,normal
2026-05-06 15:05:55,446,28.73,29.34,100549.28,258324.92,14.95,16.13,16.39,16.53,104.11,118.54,119.25,119.32,119.34,0.49,normal
2026-05-06 15:06:00,447,28.72,29.03,100549.19,258129.56,14.93,16.08,16.32,16.45,104.06,118.44,119.12,119.19,119.21,0.48,normal
2026-05-06 15:06:05,447,28.76,28.93,100547.29,260096.52,15.09,16.23,16.45,16.57,105.19,119.69,120.36,120.43,120.44,0.49,normal
2026-05-06 15:06:10,448,28.78,28.88,100546.59,258520.58,15.26,16.4,16.62,16.74,106.45,121.1,121.77,121.83,121.85,0.49,normal
2026-05-06 15:06:15,447,28.79,28.94,100547.64,259700.73,15.65,16.81,17.02,17.13,109.14,124.15,124.83,124.89,124.9,0.49,normal
2026-05-06 15:06:20,449,28.79,28.76,100546.45,259898.48,15.84,17.02,17.24,17.35,110.52,125.72,126.41,126.47,126.49,0.49,normal
2026-05-06 15:06:25,450,28.8,28.43,100547.81,259898.48,15.51,16.65,16.85,16.96,108.2,123.06,123.72,123.78,123.8,0.48,normal
2026-05-06 15:06:30,449,28.8,28.08,100548.01,262093.67,15.52,16.65,16.85,16.95,108.28,123.14,123.79,123.85,123.87,0.49,normal
2026-05-06 15:06:35,451,28.81,27.9,100549.88,262496.78,14.83,15.91,16.1,16.19,103.47,117.67,118.29,118.35,118.37,0.49,normal
2026-05-06 15:06:40,451,28.81,27.9,100548.05,258912.77,15.31,16.43,16.63,16.74,106.8,121.46,122.12,122.17,122.19,0.49,normal
2026-05-06 15:06:45,449,28.8,28.06,100548.8,260692.47,15.91,17.09,17.32,17.44,110.94,126.2,126.9,126.96,126.98,0.5,normal
2026-05-06 15:06:50,449,28.81,28.17,100548.32,260096.52,15.75,16.95,17.18,17.31,109.82,124.96,125.67,125.74,125.75,0.51,normal
2026-05-06 15:06:55,451,28.82,28.24,100546.75,261091.28,15.62,16.83,17.09,17.22,108.88,123.93,124.65,124.72,124.74,0.51,normal
2026-05-06 15:07:00,453,28.83,28.19,100548.48,262496.78,15.75,17.02,17.32,17.47,109.62,124.85,125.63,125.7,125.72,0.53,normal
2026-05-06 15:07:05,453,28.83,28.06,100548.78,262901.16,15.9,17.25,17.61,17.8,110.49,125.97,126.82,126.9,126.92,0.53,normal
2026-05-06 15:07:10,453,28.84,28.02,100549.09,262295.09,16.56,17.99,18.39,18.6,115.01,131.16,132.07,132.17,132.19,0.52,normal
2026-05-06 15:07:15,453,28.84,28.23,100548.89,261091.28,17.89,19.45,19.89,20.12,124.26,141.73,142.71,142.82,142.84,0.52,normal
2026-05-06 15:07:20,452,28.82,28.3,100548.55,259306.16,19.56,21.28,21.77,22.03,135.77,154.89,155.98,156.1,156.12,0.52,normal
2026-05-06 15:07:25,451,28.84,28.35,100549.08,258520.58,21.4,23.28,23.81,24.08,148.63,169.54,170.72,170.85,170.88,0.51,normal
2026-05-06 15:07:30,451,28.85,28.46,100549.25,258520.58,22.35,24.27,24.8,25.07,155.3,177.09,178.3,178.43,178.46,0.5,normal
2026-05-06 15:07:35,452,28.85,28.53,100548.62,257351.09,21.89,23.71,24.17,24.41,152.21,173.47,174.59,174.71,174.74,0.49,normal
2026-05-06 15:07:40,452,28.86,28.48,100547.27,258912.77,21.04,22.73,23.13,23.34,146.47,166.83,167.86,167.96,167.98,0.48,normal
2026-05-06 15:07:45,452,28.86,28.36,100546.24,260891.72,20.06,21.63,21.98,22.16,139.73,159.08,160.03,160.12,160.15,0.49,normal
2026-05-06 15:07:50,453,28.87,28.2,100548.82,259503.3,18.93,20.39,20.7,20.86,131.92,150.15,151.02,151.1,151.13,0.49,normal
2026-05-06 15:07:55,453,28.87,27.96,100545.2,260493.52,51.37,55.29,56.09,56.51,358.1,407.52,409.85,410.07,410.13,0.49,normal
2026-05-06 15:08:00,451,28.86,27.75,100546.7,260692.47,38.44,41.36,41.95,42.25,268.02,304.98,306.71,306.87,306.92,0.49,normal
2026-05-06 15:08:05,453,28.87,27.62,100548.77,260493.52,21.55,23.16,23.47,23.63,150.29,170.98,171.93,172.02,172.04,0.49,normal
2026-05-06 15:08:10,452,28.88,27.51,100545.88,259700.73,18.78,20.18,20.44,20.58,131.02,149.04,149.85,149.93,149.95,0.49,normal
2026-05-06 15:08:15,452,28.87,27.48,100545.91,260294.86,20.43,21.95,22.23,22.38,142.49,162.09,162.98,163.07,163.09,0.49,normal
2026-05-06 15:08:20,452,28.88,27.43,100545.95,261291.14,20.07,21.55,21.82,21.96,140.03,159.27,160.13,160.21,160.23,0.48,normal
2026-05-06 15:08:25,449,28.87,27.49,100546.79,260891.72,19.77,21.21,21.46,21.59,138.01,156.93,157.76,157.84,157.86,0.47,normal
2026-05-06 15:08:30,447,28.86,27.4,100546.94,260891.72,19.16,20.54,20.76,20.88,133.8,152.11,152.9,152.97,152.99,0.47,normal
2026-05-06 15:08:35,446,28.87,27.32,100548.59,262295.09,17.6,18.85,19.04,19.15,122.87,139.68,140.39,140.45,140.47,0.47,normal
2026-05-06 15:08:40,444,28.88,27.26,100548.05,261691.8,15.99,17.12,17.3,17.4,111.64,126.91,127.56,127.61,127.63,0.48,normal
2026-05-06 15:08:45,443,28.88,27.22,100549.69,262093.67,14.73,15.79,15.96,16.05,102.8,116.88,117.49,117.54,117.56,0.49,normal
2026-05-06 15:08:50,443,28.88,27.21,100548.71,263306.75,14.21,15.25,15.45,15.54,99.11,112.72,113.34,113.39,113.41,0.5,normal
2026-05-06 15:08:55,443,28.89,27.22,100547.72,262093.67,14,15.06,15.28,15.39,97.56,111.03,111.66,111.72,111.74,0.51,normal
2026-05-06 15:09:00,441,28.89,27.25,100547.28,260493.52,13.21,14.24,14.47,14.59,91.99,104.74,105.36,105.42,105.44,0.51,normal
2026-05-06 15:09:05,440,28.87,27.24,100549.03,263510.03,11.84,12.79,13.02,13.13,82.44,93.9,94.48,94.53,94.55,0.51,normal
2026-05-06 15:09:10,438,28.86,27.21,100547.91,261691.8,11.41,12.35,12.57,12.69,79.42,90.48,91.05,91.11,91.12,0.5,normal
2026-05-06 15:09:15,438,28.85,27.19,100549.67,262698.81,11.49,12.44,12.68,12.8,79.92,91.07,91.66,91.72,91.73,0.5,normal
2026-05-06 15:09:20,438,28.86,27.2,100549.77,261691.8,11.87,12.87,13.12,13.26,82.55,94.09,94.71,94.77,94.78,0.5,normal
2026-05-06 15:09:25,437,28.87,27.3,100549.49,259503.3,12.65,13.71,13.99,14.14,87.91,100.21,100.87,100.94,100.96,0.5,normal
2026-05-06 15:09:30,436,28.87,28.11,100548.98,258716.53,33.81,36.65,37.4,37.79,235.05,267.93,269.7,269.88,269.92,0.51,normal
2026-05-06 15:09:35,434,28.87,28.19,100548.89,260294.86,35.94,38.96,39.75,40.16,249.84,284.78,286.66,286.86,286.9,0.51,normal
2026-05-06 15:09:40,432,28.87,28.1,100549.84,260692.47,30.43,33.03,33.73,34.1,211.43,241.07,242.7,242.87,242.91,0.51,normal
2026-05-06 15:09:45,430,28.85,28.3,100547.81,260493.52,31.64,34.37,35.11,35.5,219.84,250.69,252.41,252.59,252.63,0.52,normal
2026-05-06 15:09:50,431,28.86,28.62,100549.28,258520.58,33.48,36.35,37.13,37.54,232.63,265.26,267.06,267.25,267.29,0.52,normal
2026-05-06 15:09:55,432,28.86,28.7,100550.4,259503.3,34.44,37.39,38.19,38.6,239.27,272.83,274.68,274.88,274.92,0.5,normal
2026-05-06 15:10:00,431,28.86,28.42,100548.03,261892.58,33.94,36.76,37.48,37.86,236.05,269.01,270.76,270.93,270.97,0.49,normal
2026-05-06 15:10:05,430,28.86,28.14,100549.66,260096.52,37.02,39.95,40.62,40.96,257.79,293.55,295.32,295.5,295.54,0.46,normal
2026-05-06 15:10:10,430,28.87,27.94,100549.41,261091.28,34.41,37.05,37.59,37.88,239.82,272.94,274.51,274.66,274.7,0.47,normal
2026-05-06 15:10:15,428,28.87,27.75,100549.25,259306.16,32.59,35.01,35.47,35.71,227.33,258.6,260.02,260.15,260.19,0.48,normal
2026-05-06 15:10:20,430,28.89,27.64,100548.5,259898.48,30.55,32.78,33.16,33.37,213.21,242.46,243.75,243.86,243.89,0.47,normal
2026-05-06 15:10:26,430,28.89,27.61,100550.43,259700.73,28.35,30.4,30.75,30.93,197.88,225,226.18,226.29,226.32,0.49,normal
2026-05-06 15:10:31,431,28.89,27.59,100550.06,260891.72,27.23,29.21,29.56,29.74,190.02,216.09,217.24,217.34,217.37,0.49,normal
2026-05-06 15:10:36,430,28.9,27.53,100549.92,259898.48,25.52,27.37,27.69,27.86,178.13,202.55,203.62,203.72,203.74,0.49,normal
2026-05-06 15:10:41,429,28.9,27.49,100550.55,259700.73,42.27,45.27,45.75,46,295.13,335.5,337.22,337.37,337.41,0.47,cooking
2026-05-06 15:10:46,430,28.89,27.49,100550.58,262496.78,42.07,45.02,45.46,45.69,293.89,334.01,335.68,335.83,335.87,0.48,cooking
2026-05-06 15:10:51,430,28.86,27.66,100550.24,259306.16,40.13,42.9,43.28,43.48,280.44,318.65,320.2,320.33,320.37,0.47,cooking
2026-05-06 15:10:56,432,28.87,27.73,100550.36,260692.47,41.38,44.21,44.59,44.79,289.2,328.57,330.16,330.29,330.33,0.48,cooking
2026-05-06 15:11:01,432,28.87,27.61,100549.91,261892.58,30.94,33.06,33.35,33.49,216.25,245.7,246.88,246.98,247.01,0.49,cooking
2026-05-06 15:11:06,432,28.85,27.48,100549.88,262496.78,22.08,23.59,23.79,23.89,154.34,175.34,176.18,176.25,176.27,0.47,cooking
2026-05-06 15:11:11,431,28.87,27.44,100549.85,261892.58,30.63,32.71,32.98,33.13,214.08,243.21,244.37,244.47,244.5,0.49,cooking
2026-05-06 15:11:16,431,28.89,27.58,100549.27,257934.52,178.72,191.02,192.69,193.57,1248.96,1419.09,1425.99,1426.56,1426.73,0.49,cooking
2026-05-06 15:11:21,429,28.9,27.79,100549.81,254094.3,107,114.49,115.59,116.17,747.47,849.49,853.74,854.1,854.2,0.49,cooking
2026-05-06 15:11:26,434,28.85,29.48,100547.1,256963.61,63.15,67.7,68.47,68.86,440.82,501.21,503.84,504.07,504.14,0.5,cooking
2026-05-06 15:11:31,434,28.83,29.66,100548.14,253152.05,65.32,70.1,70.95,71.4,455.81,518.38,521.16,521.41,521.48,0.51,cooking
2026-05-06 15:11:36,432,28.84,29.86,100548.62,253716.55,75.55,81.2,82.28,82.84,526.89,599.41,602.73,603.04,603.12,0.51,cooking
2026-05-06 15:11:41,433,28.77,29.49,100549.01,258716.53,73.99,79.66,80.83,81.45,515.69,586.9,590.28,590.6,590.68,0.51,cooking
2026-05-06 15:11:46,433,28.74,29.27,100549.9,257545.27,70.54,76.07,77.28,77.91,491.39,559.43,562.76,563.08,563.16,0.52,cooking
2026-05-06 15:11:51,433,28.72,29.48,100553.88,254853.16,69.49,74.91,76.09,76.71,484.06,551.07,554.33,554.65,554.73,0.5,cooking
2026-05-06 15:11:56,433,28.73,29.76,100552.1,251473.48,215.67,232.66,236.45,238.43,1502.07,1710.25,1720.51,1721.51,1721.76,0.49,cooking
2026-05-06 15:12:01,435,28.74,30.82,100552.2,244624.94,297.79,321.46,326.89,329.71,2073.5,2361.24,2375.61,2377.01,2377.36,0.48,cooking
2026-05-06 15:12:06,435,28.74,31.29,100552.91,243925.67,387.88,418.73,425.81,429.5,2700.71,3075.52,3094.25,3096.09,3096.54,0.49,cooking
2026-05-06 15:12:11,435,28.73,31.09,100551.53,247104.25,214.75,232.13,236.3,238.47,1494.5,1702.42,1713.06,1714.12,1714.38,0.48,cooking
2026-05-06 15:12:16,437,28.75,30.43,100552.24,252403.25,108.38,117.17,119.3,120.41,754.17,859.13,864.53,865.07,865.2,0.48,cooking
2026-05-06 15:12:21,437,28.77,29.73,100552.7,254853.16,83.66,90.43,92.06,92.9,582.26,663.26,667.4,667.82,667.92,0.47,cooking
2026-05-06 15:12:26,440,28.74,29.25,100554.13,256963.61,85.25,92.03,93.58,94.39,593.58,675.95,680.06,680.46,680.56,0.45,cooking
2026-05-06 15:12:31,442,28.71,29.24,100552.88,253905.28,173.43,186.97,189.92,191.46,1208.2,1375.44,1383.59,1384.37,1384.57,0.45,cooking
2026-05-06 15:12:36,441,28.71,29.49,100551.44,253152.05,218.5,235.61,239.38,241.34,1521.98,1732.75,1743.06,1744.06,1744.31,0.47,cooking
2026-05-06 15:12:41,441,28.69,29.86,100551.38,249269.72,252.15,271.47,275.45,277.53,1757.48,2000.14,2011.64,2012.73,2013.01,0.46,cooking
2026-05-06 15:12:46,442,28.7,30.4,100550.51,246925.48,347.95,374.8,380.46,383.42,2424.68,2759.8,2775.85,2777.39,2777.78,0.46,cooking
2026-05-06 15:12:51,442,28.72,31.12,100552.22,246925.48,394.4,426.39,434.09,438.1,2744.69,3126.62,3146.22,3148.17,3148.65,0.52,cooking
2026-05-06 15:12:56,443,28.72,30.62,100551.55,247283.27,330.64,358.92,366.58,370.58,2297.45,2619.59,2637.35,2639.19,2639.62,0.49,cooking
2026-05-06 15:13:01,443,28.69,30.62,100553.83,244449.75,262.74,285.13,291.16,294.31,1825.79,2081.67,2095.71,2097.17,2097.51,0.5,cooking
2026-05-06 15:13:06,443,28.72,30.79,100553.8,248362.84,258.56,281.21,287.65,291.01,1795.29,2047.92,2062.29,2063.81,2064.15,0.51,cooking
2026-05-06 15:13:11,444,28.74,30.22,100552.71,251103.48,216.75,235.22,240.19,242.79,1506.24,1717.33,1728.91,1730.11,1730.39,0.49,cooking
2026-05-06 15:13:16,445,28.76,29.68,100553.72,253339.94,150.4,163.08,166.41,168.15,1045.48,1191.76,1199.67,1200.49,1200.68,0.49,cooking
2026-05-06 15:13:21,447,28.77,29.31,100554.3,252030.52,140.81,152.79,156,157.68,978.56,1115.66,1123.17,1123.95,1124.13,0.49,cooking
2026-05-06 15:13:26,448,28.79,29.1,100552.63,255043.59,138,149.62,152.67,154.26,959.31,1093.52,1100.76,1101.5,1101.68,0.46,cooking
2026-05-06 15:13:31,448,28.79,29.08,100555.09,252590.03,136.05,147.28,150.09,151.56,946.34,1078.34,1085.28,1085.98,1086.15,0.47,cooking
2026-05-06 15:13:36,448,28.82,29.05,100551.89,252030.52,138.1,149.51,152.38,153.87,960.55,1094.56,1101.61,1102.33,1102.5,0.47,cooking
2026-05-06 15:13:41,448,28.8,29.07,100553.21,252403.25,250.46,271.07,276.21,278.9,1742.24,1985.18,1997.91,1999.19,1999.5,0.46,cooking
2026-05-06 15:13:46,449,28.78,29.19,100554.26,250550.53,262.93,284.71,290.22,293.1,1828.65,2083.88,2097.36,2098.73,2099.06,0.46,cooking
2026-05-06 15:13:51,450,28.78,29.13,100554.65,252964.42,227.05,245.45,249.88,252.19,1580.05,1799.9,1811.18,1812.31,1812.58,0.46,cooking
2026-05-06 15:13:56,450,28.78,28.92,100553.73,255234.3,140.74,151.94,154.51,155.86,979.9,1115.9,1122.71,1123.38,1123.54,0.49,cooking
2026-05-06 15:14:01,450,28.79,28.86,100554.66,254283.58,114.81,123.76,125.71,126.73,799.79,910.49,915.87,916.39,916.52,0.48,cooking
2026-05-06 15:14:06,449,28.84,28.81,100552.8,253339.94,101.13,108.88,110.47,111.3,704.9,802.22,806.83,807.27,807.38,0.49,cooking
2026-05-06 15:14:11,448,28.87,28.69,100552.77,253152.05,93.81,100.83,102.18,102.89,654.22,744.28,748.41,748.79,748.89,0.48,cooking
2026-05-06 15:14:16,448,28.89,28.54,100553.01,251658.89,91.09,97.92,99.24,99.93,635.24,722.71,726.73,727.1,727.2,0.49,cooking
2026-05-06 15:14:21,448,28.91,28.46,100552.96,253339.94,90.13,96.98,98.36,99.08,628.36,715.03,719.09,719.47,719.57,0.47,cooking
2026-05-06 15:14:26,448,28.89,28.36,100552.46,256192.14,98.79,106.31,107.84,108.63,688.65,783.66,788.13,788.55,788.66,0.5,cooking
2026-05-06 15:14:31,448,28.91,28.32,100552.01,254663.02,123.5,132.94,134.87,135.88,860.86,979.68,985.29,985.82,985.96,0.49,cooking
2026-05-06 15:14:36,447,28.92,28.3,100551.38,255234.3,130.57,141.04,143.49,144.77,908.95,1035.23,1041.61,1042.24,1042.4,0.51,cooking
2026-05-06 15:14:41,449,28.9,28.28,100550.37,253716.55,125.83,136.66,139.63,141.19,874.14,996.82,1003.64,1004.36,1004.52,0.51,cooking
2026-05-06 15:14:46,449,28.91,28.29,100550.12,256000,124.39,135.39,138.58,140.24,863.43,985.11,992.12,992.87,993.04,0.51,cooking
2026-05-06 15:14:51,449,28.93,28.26,100549.36,255808.14,111.52,121.49,124.43,125.97,773.89,883.13,889.5,890.19,890.34,0.51,cooking
2026-05-06 15:14:56,451,28.96,28.25,100552,254853.16,99.78,108.92,111.73,113.19,691.88,789.9,795.8,796.44,796.58,0.53,cooking
2026-05-06 15:15:01,450,28.97,28.25,100551.66,253528.09,94.84,103.51,106.18,107.57,657.61,750.77,756.37,756.98,757.11,0.49,cooking
2026-05-06 15:15:06,450,28.97,28.22,100550.66,253716.55,93.31,101.88,104.53,105.92,646.9,738.6,744.15,744.75,744.88,0.5,cooking
2026-05-06 15:15:11,451,28.97,28.13,100550.95,253528.09,92.8,101.51,104.3,105.76,642.93,734.39,740.07,740.7,740.84,0.5,cooking
2026-05-06 15:15:16,450,28.99,28.12,100551.37,250000,93.21,101.87,104.61,106.03,645.99,737.73,743.36,743.98,744.11,0.5,cooking
2026-05-06 15:15:21,449,28.93,28.63,100549.23,249451.89,239.76,261.82,268.66,272.23,1662.21,1897.89,1912.17,1913.73,1914.07,0.51,cooking
2026-05-06 15:15:26,450,28.95,28.86,100550.11,250918.89,205.07,224.55,230.91,234.23,1420.23,1622.63,1635.4,1636.82,1637.12,0.51,cooking
2026-05-06 15:15:31,450,28.96,28.96,100552.73,247821.88,234.01,256.77,264.47,268.48,1619.42,1851.09,1866.15,1867.84,1868.19,0.5,cooking
2026-05-06 15:15:36,450,28.95,29.07,100552.04,249634.33,242.31,265.37,272.92,276.86,1678.1,1917.31,1932.44,1934.12,1934.48,0.5,cooking
2026-05-06 15:15:41,450,28.92,29.26,100550.98,246746.98,243.78,266.62,273.93,277.74,1689.06,1929.25,1944.15,1945.79,1946.14,0.5,cooking
2026-05-06 15:15:46,449,28.88,29.22,100550.35,249087.81,242.91,265.35,272.36,276.02,1683.83,1922.72,1937.28,1938.87,1939.21,0.51,cooking
2026-05-06 15:15:51,449,28.85,29.36,100550.25,247642.08,241.26,263.64,270.68,274.35,1672.19,1909.59,1924.13,1925.72,1926.07,0.51,cooking
2026-05-06 15:15:56,447,28.82,29.38,100550.67,250183.23,241.53,264.09,271.27,275.02,1673.64,1911.52,1926.22,1927.84,1928.19,0.52,cooking
2026-05-06 15:16:01,446,28.82,29.6,100549.6,247642.08,241.65,264.41,271.74,275.57,1674.08,1912.32,1927.19,1928.83,1929.19,0.49,cooking
2026-05-06 15:16:06,448,28.83,29.99,100549.02,246568.75,242.39,264.96,272.11,275.84,1679.78,1918.41,1933.1,1934.71,1935.06,0.5,cooking
2026-05-06 15:16:11,448,28.85,30.29,100550.1,244100.12,235.61,257.57,264.52,268.15,1632.81,1864.78,1879.07,1880.63,1880.97,0.49,cooking
2026-05-06 15:16:17,448,28.86,30.42,100549.79,246213.03,216.03,236.17,242.57,245.9,1497.03,1709.74,1722.86,1724.3,1724.61,0.48,cooking
2026-05-06 15:16:22,446,28.89,30.39,100550.24,245328.22,210.59,230.28,236.56,239.84,1459.21,1666.64,1679.48,1680.89,1681.19,0.5,cooking
2026-05-06 15:16:27,446,28.9,29.98,100550.65,248001.94,211.63,231.77,238.37,241.81,1465.59,1674.51,1687.73,1689.2,1689.51,0.51,cooking
2026-05-06 15:16:32,446,28.92,29.61,100550.51,246213.03,219.3,239.53,245.82,249.11,1520.31,1735.94,1749.04,1750.47,1750.78,0.49,cooking
2026-05-06 15:16:37,447,28.94,29.47,100553.01,246568.75,226.65,247.03,253.1,256.27,1572.51,1794.66,1807.73,1809.14,1809.45,0.47,cooking
2026-05-06 15:16:42,449,28.81,29.66,100552.02,243925.67,247.66,269.62,276.01,279.34,1719.01,1961.35,1975.36,1976.85,1977.18,0.49,cooking
2026-05-06 15:16:47,450,28.85,29.87,100551.23,242884.25,309.81,337.06,344.87,348.94,2150.88,2453.73,2471.05,2472.89,2473.3,0.49,cooking
2026-05-06 15:16:52,451,28.87,29.84,100551,242366.86,306.83,334.77,343.3,347.74,2127.91,2429.13,2447.15,2449.1,2449.53,0.51,cooking
2026-05-06 15:16:57,453,28.87,29.62,100549.77,244274.81,305.28,334.71,344.53,349.65,2113.25,2415.12,2434.52,2436.69,2437.15,0.53,cooking
2026-05-06 15:17:02,454,28.88,29.83,100550.6,244100.12,301.72,331,340.87,346.01,2088.17,2386.79,2406.14,2408.31,2408.77,0.49,cooking
2026-05-06 15:17:07,452,28.91,30.03,100550.56,239140.59,299.62,328.6,338.32,343.39,2073.84,2370.25,2389.38,2391.52,2391.97,0.49,cooking
2026-05-06 15:17:12,453,28.93,30.06,100551.69,242023.16,298.54,326.34,335.13,339.72,2068.9,2362.8,2380.89,2382.87,2383.3,0.48,cooking
2026-05-06 15:17:17,453,28.94,30.03,100552.42,239812.64,298.57,326.15,334.76,339.26,2069.65,2363.29,2381.17,2383.13,2383.55,0.48,cooking
2026-05-06 15:17:22,451,28.95,29.9,100550.6,240658.05,297.8,325.81,334.82,339.52,2063.15,2356.7,2375,2377.01,2377.45,0.48,cooking
2026-05-06 15:17:27,451,28.96,29.85,100550.91,240997.88,296.45,324.43,333.48,338.2,2053.57,2345.92,2364.21,2366.24,2366.67,0.48,cooking
2026-05-06 15:17:32,451,28.93,29.78,100549.95,243403.84,294.29,321.89,330.72,335.33,2039.06,2329.04,2347.04,2349.03,2349.45,0.51,cooking
2026-05-06 15:17:37,452,28.89,29.63,100550.24,243751.48,293.98,321.15,329.65,334.08,2037.81,2326.95,2344.57,2346.5,2346.92,0.5,cooking
2026-05-06 15:17:42,451,28.9,29.63,100548.79,242366.86,294.43,321.91,330.65,335.2,2040.3,2330.24,2348.14,2350.11,2350.53,0.51,cooking
2026-05-06 15:17:47,453,28.9,29.77,100549.75,242366.86,299.08,326.83,335.56,340.11,2072.91,2367.21,2385.23,2387.21,2387.64,0.47,cooking
2026-05-06 15:17:52,453,28.91,29.94,100550.28,242194.89,306.46,333.59,341.46,345.56,2127.19,2427.01,2444.3,2446.14,2446.55,0.47,cooking
2026-05-06 15:17:57,452,28.94,30.13,100550.82,239644.28,325.07,353.4,361.39,365.55,2257.41,2574.84,2592.79,2594.68,2595.1,0.48,cooking
2026-05-06 15:18:02,452,28.95,30.2,100550.24,239308.25,342.46,372.31,380.72,385.11,2378.17,2712.58,2731.49,2733.48,2733.93,0.5,cooking
2026-05-06 15:18:07,450,28.97,29.95,100550.49,239812.64,342.72,372.9,381.57,386.09,2379.25,2714.32,2733.52,2735.55,2736.01,0.48,cooking
2026-05-06 15:18:12,452,28.98,29.74,100549.52,239476.14,336.1,365.89,374.56,379.07,2332.85,2661.72,2680.72,2682.74,2683.2,0.48,cooking
2026-05-06 15:18:17,451,28.97,29.69,100550.41,240827.84,330.08,360.21,369.42,374.23,2289.01,2613.14,2632.58,2634.69,2635.15,0.48,cooking
2026-05-06 15:18:22,450,28.97,29.95,100550.36,238472.28,329.97,360.38,369.83,374.77,2287.53,2611.94,2631.64,2633.79,2634.26,0.51,cooking
2026-05-06 15:18:27,451,28.99,30.58,100551.66,236653.58,333.32,364.37,374.21,379.35,2309.89,2638.06,2658.27,2660.49,2660.97,0.49,cooking
2026-05-06 15:18:32,452,29,30.94,100552.39,234378.58,336.16,367.07,376.64,381.64,2330.62,2661.03,2681.03,2683.21,2683.69,0.49,cooking
2026-05-06 15:18:37,455,29,31.21,100553.8,233576.64,341.49,373.15,383.11,388.3,2366.9,2702.91,2723.47,2725.72,2726.21,0.5,cooking
2026-05-06 15:18:42,454,29.01,31.36,100552.47,234862.39,346.53,378.64,388.73,393.99,2401.86,2742.8,2763.66,2765.94,2766.43,0.48,cooking
2026-05-06 15:18:47,457,29.03,31.14,100553.11,235348.2,353.09,385.5,395.52,400.74,2448.12,2795.09,2816.06,2818.34,2818.84,0.48,cooking
2026-05-06 15:18:52,458,29.04,30.81,100552.28,236489.61,355.68,388.61,398.93,404.32,2465.38,2815.28,2836.66,2838.99,2839.5,0.5,cooking
2026-05-06 15:18:57,458,29.02,30.45,100552.1,239644.28,353.78,386.53,396.79,402.14,2452.27,2800.29,2821.55,2823.87,2824.37,0.48,cooking
2026-05-06 15:19:02,457,29,30.27,100550.74,238973.16,351.72,384.18,394.3,399.58,2438.2,2784.07,2805.11,2807.41,2807.91,0.49,cooking
2026-05-06 15:19:07,458,28.99,30.18,100552.02,239308.25,345.97,378.86,389.62,395.23,2395.98,2737.48,2759.05,2761.45,2761.96,0.52,cooking
2026-05-06 15:19:12,455,28.99,30.17,100552.18,239644.28,341.1,374.17,385.3,391.11,2360.77,2698.32,2720.17,2722.62,2723.14,0.5,cooking
2026-05-06 15:19:17,456,29,30.2,100550.68,238139.53,338.54,370.81,381.4,386.93,2344.37,2678.65,2699.84,2702.19,2702.69,0.49,cooking
2026-05-06 15:19:22,458,29.01,30.22,100550.3,238973.16,338.92,370.32,380.18,385.32,2349.16,2682.61,2703,2705.23,2705.71,0.48,cooking
2026-05-06 15:19:27,457,29,30.18,100550.94,241680.44,337.6,367.78,376.69,381.33,2342.62,2673.29,2692.61,2694.67,2695.13,0.48,cooking
2026-05-06 15:19:32,459,28.98,30.11,100551.61,241509.44,336.21,366.14,374.92,379.49,2333.26,2662.41,2681.54,2683.58,2684.03,0.49,cooking
2026-05-06 15:19:37,460,28.97,30.1,100549.86,240997.88,334.32,363.68,372.06,376.44,2321.15,2647.91,2666.56,2668.53,2668.97,0.49,cooking
2026-05-06 15:19:42,461,28.97,30.06,100550.73,241680.44,335.55,365.01,373.42,377.8,2329.7,2657.64,2676.35,2678.33,2678.78,0.5,cooking
2026-05-06 15:19:47,461,28.99,30.05,100551.86,242194.89,337.44,367.61,376.53,381.17,2341.53,2672.06,2691.37,2693.44,2693.9,0.5,cooking
2026-05-06 15:19:52,461,29.03,30.04,100551.88,240319.17,341.11,372.06,381.44,386.34,2365.87,2700.6,2720.53,2722.69,2723.16,0.5,cooking
2026-05-06 15:19:57,461,29.05,30.02,100554.2,239812.64,343.52,374.15,383.15,387.85,2383.92,2720.29,2739.87,2741.96,2742.43,0.47,cooking
2026-05-06 15:20:02,460,29.05,29.93,100555.36,240658.05,343.99,374.75,383.83,388.57,2386.93,2723.88,2743.57,2745.67,2746.14,0.51,cooking
2026-05-06 15:20:07,460,29.05,29.82,100555.41,240658.05,342.46,372.6,381.24,385.75,2377.49,2712.29,2731.45,2733.48,2733.94,0.47,cooking
2026-05-06 15:20:12,460,29.02,29.79,100552.7,240150.09,337.72,367.34,375.79,380.19,2344.84,2674.87,2693.68,2695.67,2696.12,0.48,cooking
2026-05-06 15:20:17,460,28.99,29.81,100551.18,242539.08,336.06,366.3,375.34,380.05,2331.45,2660.89,2680.3,2682.38,2682.85,0.49,cooking
2026-05-06 15:20:22,460,28.96,29.82,100551.78,240827.84,334.67,364.47,373.2,377.76,2322.58,2650.23,2669.27,2671.3,2671.75,0.49,cooking
2026-05-06 15:20:27,460,28.93,29.86,100550.2,242711.55,332.23,361.98,370.79,375.38,2305.3,2630.78,2649.83,2651.87,2652.32,0.49,cooking
2026-05-06 15:20:32,460,28.93,29.94,100550.59,241168.16,331.67,361.93,371.18,376.01,2300.04,2625.72,2645.24,2647.36,2647.82,0.49,cooking
2026-05-06 15:20:37,458,28.94,30.04,100551.4,241509.44,332.46,361.96,370.54,375.02,2307.57,2632.9,2651.72,2653.72,2654.17,0.47,cooking
2026-05-06 15:20:42,458,28.94,30.09,100551.38,239812.64,333.51,362.2,370.07,374.18,2316.95,2642.11,2660.18,2662.06,2662.49,0.48,cooking
2026-05-06 15:20:47,457,28.97,30.12,100551.15,240150.09,329.47,358.34,366.55,370.83,2287.66,2609.59,2627.9,2629.84,2630.28,0.5,cooking
2026-05-06 15:20:52,458,29,30.01,100551.46,240997.88,327.6,356.02,363.96,368.1,2275.33,2595.05,2613.02,2614.9,2615.33,0.5,cooking
2026-05-06 15:20:57,458,29.02,29.86,100551.25,240658.05,328.69,356.94,364.68,368.72,2283.56,2604,2621.78,2623.63,2624.05,0.48,cooking
2026-05-06 15:21:02,458,28.99,29.73,100550.4,242711.55,331.21,359.64,367.41,371.46,2301.17,2624.01,2641.89,2643.75,2644.18,0.49,cooking
2026-05-06 15:21:07,457,28.97,29.64,100552.21,241680.44,333.27,362.29,370.45,374.71,2314.41,2639.81,2658.19,2660.12,2660.56,0.51,cooking
2026-05-06 15:21:12,457,28.94,29.65,100549.2,244100.12,337.26,367.21,375.94,380.49,2340.78,2670.85,2689.96,2691.99,2692.45,0.51,cooking
2026-05-06 15:21:17,457,28.92,29.68,100549.49,242366.86,340.02,371.34,381.07,386.15,2357.24,2691.51,2711.8,2714.01,2714.49,0.51,cooking
2026-05-06 15:21:22,456,28.95,29.68,100549.49,241338.67,343.73,375.98,386.32,391.71,2381.49,2720.21,2741.26,2743.58,2744.08,0.5,cooking
2026-05-06 15:21:27,458,28.97,29.67,100549.63,240997.88,341.75,373.2,382.95,388.04,2369.34,2705.28,2725.64,2727.85,2728.34,0.48,cooking
2026-05-06 15:21:32,460,28.99,29.72,100550.01,241509.44,340.85,371.45,380.56,385.31,2364.91,2698.94,2718.56,2720.67,2721.14,0.49,cooking
2026-05-06 15:21:37,459,29,29.66,100551.62,240319.17,341.25,371.06,379.5,383.9,2369.66,2702.98,2721.88,2723.87,2724.32,0.49,cooking
2026-05-06 15:21:42,459,28.99,29.52,100549.41,242539.08,344.83,374.87,383.32,387.73,2394.72,2731.43,2750.45,2752.45,2752.9,0.49,cooking
2026-05-06 15:21:47,460,28.95,29.43,100549.3,243751.48,353.17,383.38,391.57,395.84,2453.99,2798.08,2817.05,2819.02,2819.48,0.49,cooking
2026-05-06 15:21:53,460,28.93,29.41,100547.95,243751.48,358.66,389.52,398,402.42,2491.64,2841.34,2860.78,2862.8,2863.27,0.47,cooking
2026-05-06 15:21:58,460,28.92,29.5,100548.58,242884.25,357.97,388.58,396.87,401.2,2487.38,2836.14,2855.35,2857.35,2857.81,0.47,cooking
2026-05-06 15:22:03,458,28.94,29.62,100548.2,240319.17,346.55,376.3,384.43,388.67,2407.75,2745.54,2764.25,2766.2,2766.65,0.48,cooking
2026-05-06 15:22:08,458,28.97,29.69,100548.94,238305.8,340.21,369.56,377.67,381.9,2363.29,2695.1,2713.61,2715.54,2715.98,0.5,cooking
2026-05-06 15:22:13,457,28.98,29.77,100547.5,238472.28,341,370.54,378.75,383.04,2368.56,2701.3,2719.94,2721.9,2722.35,0.45,cooking
2026-05-06 15:22:18,459,28.99,29.79,100549.66,239812.64,343.83,372.84,380.49,384.48,2390.01,2724.48,2742.59,2744.45,2744.89,0.47,cooking
2026-05-06 15:22:23,458,28.99,29.77,100550.9,239644.28,347.05,375.98,383.4,387.27,2413.3,2750.42,2768.38,2770.21,2770.64,0.5,cooking
2026-05-06 15:22:28,458,28.97,29.74,100550.7,239981.25,348.98,378.91,387.07,391.33,2424.67,2764.79,2783.61,2785.56,2786.02,0.5,cooking
2026-05-06 15:22:33,457,28.96,29.75,100552.55,240658.05,347.1,377.31,385.8,390.23,2410.52,2749.41,2768.53,2770.54,2771,0.49,cooking
2026-05-06 15:22:38,459,28.96,29.78,100550.42,240488.5,343.71,373.55,381.89,386.25,2387.14,2722.61,2741.48,2743.46,2743.91,0.5,cooking
2026-05-06 15:22:43,459,28.94,29.75,100549.88,238973.16,343.41,373.22,381.55,385.9,2385.06,2720.24,2739.09,2741.06,2741.52,0.5,cooking
2026-05-06 15:22:48,460,28.92,29.75,100548.91,239140.59,344.74,376.47,386.32,391.46,2390.04,2728.93,2749.48,2751.72,2752.2,0.49,cooking
2026-05-06 15:22:53,461,28.91,29.76,100548.12,240658.05,344.62,376.61,386.68,391.94,2388.56,2727.69,2748.47,2750.75,2751.24,0.48,cooking
2026-05-06 15:22:58,461,28.9,29.85,100548.66,238805.97,344.45,375.63,385.05,389.96,2389.24,2727.15,2747.21,2749.38,2749.85,0.48,cooking
2026-05-06 15:23:03,462,28.88,29.92,100548.28,238805.97,345.23,376.6,386.14,391.11,2394.34,2733.17,2753.39,2755.58,2756.06,0.47,cooking
2026-05-06 15:23:08,462,28.87,30.08,100549.05,237311.7,345.59,376.46,385.57,390.31,2398.18,2736.65,2756.4,2758.52,2758.99,0.48,cooking
2026-05-06 15:23:13,462,28.89,30.14,100550.26,237973.5,346.83,377.46,386.31,390.93,2407.58,2746.8,2766.31,2768.38,2768.84,0.49,cooking
2026-05-06 15:23:18,460,28.88,30.1,100547.99,237807.7,346.55,377.61,386.82,391.63,2404.55,2744.1,2764,2766.14,2766.61,0.5,cooking
2026-05-06 15:23:23,459,28.86,29.95,100546.88,241680.44,344.3,375.12,384.24,389,2389.05,2726.34,2746.08,2748.19,2748.66,0.48,cooking
2026-05-06 15:23:28,460,28.84,29.82,100548.23,243751.48,341.88,373.64,383.66,388.88,2369.43,2705.9,2726.55,2728.81,2729.3,0.49,cooking
2026-05-06 15:23:33,458,28.83,29.83,100548.36,244100.12,342.18,374.5,384.96,390.42,2370.29,2707.77,2728.91,2731.25,2731.75,0.51,cooking
2026-05-06 15:23:38,458,28.84,29.92,100548.39,240319.17,340.81,373.09,383.59,389.06,2360.58,2696.83,2717.97,2720.31,2720.81,0.48,cooking
2026-05-06 15:23:43,459,28.84,30.04,100546.94,237973.5,338.71,370.74,381.13,386.54,2346.18,2680.29,2701.25,2703.57,2704.07,0.5,cooking
2026-05-06 15:23:48,458,28.85,30.16,100547.99,237642.14,336.88,369.5,380.46,386.18,2331.63,2664.95,2686.49,2688.91,2689.42,0.5,cooking
2026-05-06 15:23:53,458,28.85,30.28,100546.99,238139.53,336.99,368.83,379.14,384.52,2334.34,2666.71,2687.55,2689.85,2690.34,0.5,cooking
2026-05-06 15:23:58,457,28.85,30.19,100548.45,240488.5,336.37,367.64,377.5,382.65,2331.23,2662.31,2682.63,2684.86,2685.34,0.48,cooking
2026-05-06 15:24:03,456,28.87,30.03,100549.02,241168.16,327.92,357.89,367.09,371.88,2273.88,2595.96,2615.31,2617.41,2617.87,0.48,cooking
2026-05-06 15:24:08,457,28.9,29.92,100550.12,241509.44,319.91,348.94,357.73,362.32,2218.87,2532.79,2551.48,2553.5,2553.94,0.5,cooking
2026-05-06 15:24:13,457,28.92,29.8,100547.45,242711.55,316.55,345.63,354.62,359.31,2194.75,2505.85,2524.66,2526.71,2527.15,0.48,cooking
2026-05-06 15:24:18,458,28.95,29.66,100548.85,243577.55,316.15,345.35,354.46,359.22,2191.6,2502.51,2521.44,2523.51,2523.96,0.5,cooking
2026-05-06 15:24:23,457,28.96,29.51,100548.93,244274.81,314.92,344.04,353.15,357.91,2182.92,2492.68,2511.57,2513.64,2514.09,0.49,cooking
2026-05-06 15:24:28,456,28.98,29.4,100550.14,245328.22,314.49,342.81,351.28,355.7,2181.83,2490.14,2508.32,2510.28,2510.71,0.5,cooking
2026-05-06 15:24:33,456,28.95,29.32,100550.53,243577.55,312.66,342.05,351.5,356.43,2166.1,2474.28,2493.48,2495.6,2496.05,0.52,cooking
2026-05-06 15:24:38,458,28.96,29.31,100550.07,245681.38,304.55,333.28,342.56,347.4,2109.73,2410.05,2428.83,2430.9,2431.35,0.52,cooking
2026-05-06 15:24:43,458,28.99,29.25,100550.38,246568.75,289.58,316.34,324.7,329.07,2007.31,2292.12,2309.47,2311.37,2311.78,0.48,cooking
2026-05-06 15:24:48,456,29.01,29.21,100550.73,244274.81,281.02,305.91,313.12,316.89,1950.62,2225.56,2241.42,2243.11,2243.49,0.48,cooking
2026-05-06 15:24:53,454,29.03,29.15,100551.03,246746.98,277.65,301.62,308.24,311.7,1928.65,2199.47,2214.58,2216.16,2216.53,0.48,cooking
2026-05-06 15:24:58,453,29.05,29.08,100552.36,246568.75,276.85,300.13,306.23,309.41,1924.6,2193.8,2208.32,2209.81,2210.16,0.46,cooking
2026-05-06 15:25:03,452,29.01,29.04,100547.91,245328.22,280.15,303.29,309.1,312.14,1948.61,2220.46,2234.76,2236.21,2236.55,0.47,cooking
2026-05-06 15:25:08,451,29.03,29.02,100550.1,243230.41,286.32,310.1,316.16,319.32,1991.19,2269.21,2283.95,2285.45,2285.8,0.49,cooking
2026-05-06 15:25:13,450,29.02,29.01,100548.53,243230.41,292.92,317.09,323.16,326.32,2037.44,2321.66,2336.6,2338.11,2338.47,0.5,cooking
2026-05-06 15:25:18,448,29.01,29.1,100546.62,242539.08,304.03,329.37,335.87,339.26,2114.09,2409.42,2425.15,2426.75,2427.13,0.48,cooking
2026-05-06 15:25:23,448,29.02,29.13,100547.38,240150.09,308.01,334.07,340.97,344.58,2140.88,2440.59,2456.88,2458.56,2458.95,0.49,cooking
2026-05-06 15:25:28,446,29.01,29.16,100547.85,238973.16,309.96,335.89,342.6,346.1,2155.16,2456.38,2472.5,2474.15,2474.54,0.48,cooking
2026-05-06 15:25:33,445,29.04,29.14,100548.82,240319.17,305.92,331.58,338.25,341.73,2126.92,2424.3,2440.27,2441.9,2442.29,0.48,cooking
2026-05-06 15:25:38,447,29.06,29.1,100548.28,241338.67,299.51,324.27,330.5,333.75,2083.21,2373.87,2389.18,2390.73,2391.1,0.47,cooking
2026-05-06 15:25:43,447,29.08,29.06,100548.78,241338.67,293.78,317.69,323.49,326.52,2044.24,2328.84,2343.52,2344.99,2345.34,0.47,cooking
2026-05-06 15:25:48,447,29.1,29.06,100548.47,239476.14,290.11,314.6,321.05,324.42,2016.62,2298.84,2314.13,2315.7,2316.07,0.52,cooking
2026-05-06 15:25:53,446,29.07,29.05,100548.68,239476.14,291.1,316.42,323.51,327.22,2021.7,2305.88,2321.89,2323.58,2323.96,0.48,cooking
2026-05-06 15:25:58,446,29.07,29.04,100548.62,242711.55,290.63,316.61,324.27,328.27,2016.77,2301.43,2318.05,2319.83,2320.22,0.48,cooking
2026-05-06 15:26:03,443,29.06,29.01,100547.33,244800.38,290.61,316.79,324.63,328.71,2016.13,2301.05,2317.86,2319.67,2320.07,0.5,cooking
2026-05-06 15:26:08,443,29.05,28.97,100547.47,245152.02,288.07,314.89,323.37,327.79,1996.44,2280.03,2297.47,2299.38,2299.79,0.52,cooking
2026-05-06 15:26:13,444,29.03,28.97,100548.44,239140.59,277.47,303.8,312.38,316.86,1921.72,2195.54,2212.79,2214.71,2215.11,0.5,cooking
2026-05-06 15:26:18,443,29.04,28.98,100548.04,239140.59,258.74,282.65,290.13,294.02,1793.55,2048.03,2063.54,2065.24,2065.6,0.5,cooking
2026-05-06 15:26:23,443,29.07,29.02,100548.64,231989.12,252.75,276.13,283.45,287.26,1752.02,2000.64,2015.8,2017.46,2017.82,0.5,cooking
2026-05-06 15:26:28,443,29.09,29.11,100549.52,229339.31,253.83,277.3,284.64,288.47,1759.45,2009.12,2024.35,2026.01,2026.37,0.49,cooking
2026-05-06 15:26:33,442,29.09,29.16,100549.23,227051,244.81,266.86,273.45,276.89,1698.4,1938.41,1952.56,1954.08,1954.41,0.51,cooking
2026-05-06 15:26:38,442,29.1,29.15,100547.86,231046.94,241.17,262.46,268.61,271.81,1674.16,1910.03,1923.58,1925.02,1925.35,0.47,cooking
2026-05-06 15:26:43,441,29.1,29.08,100548.84,238639.02,248.31,269.26,274.77,277.65,1726.05,1967.59,1980.67,1982.01,1982.32,0.46,cooking
2026-05-06 15:26:48,439,29.11,29,100549.58,242366.86,253.67,274.79,280.19,283.02,1763.96,2010.34,2023.44,2024.78,2025.09,0.48,cooking
2026-05-06 15:26:53,440,29.08,28.99,100549.62,241168.16,256.49,278.11,283.8,286.77,1782.93,2032.41,2045.9,2047.29,2047.61,0.49,cooking
2026-05-06 15:26:58,440,29.06,29.02,100549.05,239476.14,257.22,279.41,285.53,288.72,1786.84,2037.7,2051.69,2053.15,2053.48,0.5,cooking
2026-05-06 15:27:03,438,29.05,29.1,100548.77,239308.25,260.2,284.37,291.99,295.97,1803.39,2059.48,2075.19,2076.91,2077.28,0.52,cooking
2026-05-06 15:27:08,438,29.06,29.16,100547.52,239812.64,267.93,293.06,301.11,305.31,1856.36,2120.37,2136.77,2138.58,2138.97,0.5,cooking
2026-05-06 15:27:13,438,29.05,29.21,100549.02,241338.67,276.58,302.69,311.13,315.53,1915.92,2188.67,2205.74,2207.63,2208.03,0.48,cooking
2026-05-06 15:27:18,439,29.01,29.16,100547.78,240997.88,279.86,305.78,313.91,318.15,1939.85,2215.18,2232,2233.84,2234.24,0.48,cooking
2026-05-06 15:27:24,440,28.99,29.14,100547.23,243057.2,278.07,303.39,311.11,315.14,1928.42,2201.41,2217.74,2219.51,2219.89,0.51,cooking
2026-05-06 15:27:29,439,28.97,29.14,100547.38,242023.16,276.34,300.93,308.14,311.89,1917.81,2188.34,2204.05,2205.72,2206.1,0.49,cooking
2026-05-06 15:27:34,440,28.96,29.14,100547.72,245504.67,277,301.13,307.92,311.46,1923.64,2194.11,2209.38,2210.99,2211.36,0.47,cooking
2026-05-06 15:27:39,439,29.01,29.11,100548.69,246035.56,279.11,303.87,311.09,314.85,1937.2,2210.34,2226.14,2227.82,2228.2,0.51,cooking
2026-05-06 15:27:44,441,29.04,29.1,100548.65,241338.67,278.65,303.96,311.64,315.65,1932.62,2206.08,2222.38,2224.15,2224.53,0.51,cooking
2026-05-06 15:27:49,444,29.06,29.13,100550.07,240658.05,275.28,300.2,307.72,311.65,1909.43,2179.48,2195.51,2197.24,2197.63,0.47,cooking
2026-05-06 15:27:54,443,29.05,29.05,100549.41,242023.16,270.43,294.84,302.16,305.98,1875.99,2141.18,2156.86,2158.55,2158.93,0.49,cooking
2026-05-06 15:27:59,443,29.03,29.02,100550.23,241680.44,266.25,290.02,297.01,300.66,1847.61,2108.35,2123.55,2125.18,2125.54,0.5,cooking
2026-05-06 15:28:04,444,29.01,29.01,100547.77,241851.67,260.99,285.05,292.54,296.44,1809.33,2065.94,2081.53,2083.23,2083.6,0.5,cooking
2026-05-06 15:28:09,445,28.98,29,100548.64,242194.89,260.5,284.64,292.22,296.17,1805.6,2061.9,2077.57,2079.29,2079.66,0.46,cooking
2026-05-06 15:28:14,445,28.96,28.99,100548.66,244274.81,263.59,287.62,294.96,298.79,1827.97,2086.78,2102.28,2103.96,2104.32,0.48,cooking
2026-05-06 15:28:19,442,28.94,29,100547.76,243230.41,268.71,293.63,301.47,305.55,1862.48,2126.88,2143.07,2144.84,2145.23,0.51,cooking
2026-05-06 15:28:24,442,28.95,29.03,100548.62,238973.16,271.36,297.42,306.06,310.57,1878.73,2146.92,2164.07,2165.99,2166.39,0.51,cooking
2026-05-06 15:28:29,442,28.96,29.08,100547.72,238639.02,274.02,300.24,308.9,313.41,1897.31,2168.02,2185.26,2187.18,2187.59,0.51,cooking
2026-05-06 15:28:34,440,28.94,29.09,100549.27,233257.41,276.09,302.19,310.65,315.06,1912.45,2184.78,2201.85,2203.74,2204.15,0.49,cooking
2026-05-06 15:28:39,440,28.93,29.06,100548.08,234378.58,274.32,300.5,309.11,313.6,1899.58,2170.49,2187.68,2189.6,2190,0.5,cooking
2026-05-06 15:28:44,439,28.93,29.04,100547.18,237807.7,269.51,295.45,304.08,308.59,1865.74,2132.19,2149.28,2151.19,2151.59,0.49,cooking
2026-05-06 15:28:49,439,28.95,28.97,100546.63,245681.38,264.43,289.13,296.98,301.08,1832.38,2092.8,2108.89,2110.66,2111.04,0.47,cooking
2026-05-06 15:28:54,443,28.96,28.96,100546.55,236489.61,256.3,279.96,287.33,291.18,1776.76,2028.79,2044.13,2045.8,2046.16,0.49,cooking
2026-05-06 15:28:59,445,28.97,29,100547.27,238805.97,240.61,262.59,269.34,272.86,1668.47,1904.78,1918.97,1920.51,1920.85,0.49,cooking
2026-05-06 15:29:04,447,28.98,28.99,100546.2,238305.8,236.57,258.07,264.61,268.02,1640.78,1872.97,1886.83,1888.32,1888.65,0.49,cooking
2026-05-06 15:29:09,446,29.01,28.97,100546.5,239140.59,234.87,255.99,262.28,265.57,1629.54,1859.75,1873.29,1874.75,1875.07,0.47,cooking
2026-05-06 15:29:14,446,29.03,28.89,100547.19,243230.41,231.92,252.85,259.14,262.42,1608.86,1836.29,1849.74,1851.18,1851.5,0.49,cooking
2026-05-06 15:29:19,444,29.05,28.82,100548.52,245504.67,228.7,249.16,255.21,258.36,1586.96,1810.99,1824.09,1825.49,1825.8,0.5,cooking
2026-05-06 15:29:24,443,29.02,28.78,100549.06,242711.55,226.2,246.75,252.99,256.24,1568.89,1790.89,1804.12,1805.55,1805.87,0.51,cooking
2026-05-06 15:29:29,444,29.01,28.78,100548.16,246213.03,225.57,246.14,252.42,255.7,1564.32,1785.81,1799.07,1800.51,1800.83,0.47,cooking
2026-05-06 15:29:34,444,29.01,28.86,100549.02,240997.88,228.22,249.28,255.85,259.28,1582.05,1806.48,1820.13,1821.62,1821.95,0.48,cooking
2026-05-06 15:29:39,442,29.01,29.03,100547.94,241509.44,233.24,254.44,260.87,264.23,1617.69,1846.6,1860.25,1861.73,1862.05,0.47,cooking
2026-05-06 15:29:44,444,29.01,29.18,100547.3,241509.44,241.66,263.85,270.72,274.3,1675.48,1912.98,1927.34,1928.9,1929.24,0.49,cooking
2026-05-06 15:29:49,443,29.01,29.32,100547.12,242366.86,247.41,270.18,277.24,280.92,1715.26,1958.46,1973.2,1974.81,1975.16,0.48,cooking
2026-05-06 15:29:54,443,29.01,29.33,100546.27,241168.16,245.63,268.08,274.97,278.57,1703.24,1944.49,1958.99,1960.56,1960.91,0.49,cooking
2026-05-06 15:29:59,442,29.04,29.25,100548.41,242884.25,243.58,265.96,272.89,276.5,1688.76,1928.15,1942.63,1944.21,1944.55,0.47,cooking
2026-05-06 15:30:04,442,29.06,29.09,100549.45,243230.41,245.32,267.74,274.62,278.2,1701.11,1942.05,1956.53,1958.1,1958.44,0.48,cooking
2026-05-06 15:30:09,438,29.06,29.01,100548.89,240827.84,247.81,269.7,276.03,279.33,1720.19,1962.57,1976.51,1977.99,1978.33,0.47,cooking
2026-05-06 15:30:14,437,29.05,28.93,100549.05,244449.75,249.21,271.14,277.42,280.7,1730.17,1973.79,1987.73,1989.2,1989.54,0.49,cooking
2026-05-06 15:30:19,438,29.05,28.86,100550.1,246925.48,241.04,262.07,268,271.09,1673.89,1909.29,1922.61,1924.01,1924.33,0.48,cooking
2026-05-06 15:30:24,438,29.08,28.82,100550.16,244274.81,237.81,258.75,264.75,267.89,1651,1883.5,1896.81,1898.22,1898.54,0.5,cooking
2026-05-06 15:30:29,440,29.1,28.84,100549.26,239308.25,234.15,254.36,259.94,262.85,1626.55,1854.93,1867.67,1869.01,1869.31,0.49,cooking
2026-05-06 15:30:34,437,29.09,28.9,100549.82,240319.17,230.88,250.72,256.16,258.99,1604,1829.08,1841.57,1842.87,1843.17,0.5,cooking
2026-05-06 15:30:39,436,29.08,29.02,100548.42,239140.59,228.01,248.12,253.92,256.94,1582.85,1805.82,1818.62,1819.98,1820.28,0.49,cooking
2026-05-06 15:30:44,437,29.07,29.12,100550.21,239308.25,228.58,248.98,254.98,258.11,1586.24,1810.08,1823.12,1824.51,1824.83,0.5,cooking
2026-05-06 15:30:49,438,29.04,29.12,100549.3,241168.16,226.43,246.6,252.51,255.6,1571.38,1793.07,1805.96,1807.33,1807.64,0.48,cooking
2026-05-06 15:30:54,438,29.02,29.13,100548.84,240319.17,224.15,243.85,249.49,252.42,1556.22,1775.32,1787.83,1789.16,1789.46,0.49,cooking
2026-05-06 15:30:59,438,29.02,29.15,100548.73,240827.84,221.67,241.16,246.74,249.65,1538.99,1755.68,1768.06,1769.37,1769.67,0.52,cooking
2026-05-06 15:31:04,439,29.01,29.22,100547.49,243403.84,218.42,237.61,243.09,245.95,1516.44,1729.93,1742.12,1743.41,1743.7,0.5,cooking
2026-05-06 15:31:09,440,29.04,29.22,100547.54,237476.81,215.61,235.2,241.15,244.26,1495.36,1706.97,1719.59,1720.95,1721.25,0.52,cooking
2026-05-06 15:31:14,440,29.06,29.21,100547.24,235024.09,214.92,234.61,240.68,243.84,1490.19,1701.34,1714.07,1715.46,1715.76,0.48,cooking
2026-05-06 15:31:19,438,29.09,29.19,100547.93,235348.2,214.05,233.37,239.17,242.19,1484.86,1694.76,1707.17,1708.51,1708.81,0.47,cooking
2026-05-06 15:31:24,437,29.1,29.17,100547.08,234539.62,212.96,231.9,237.45,240.34,1478.01,1686.47,1698.57,1699.86,1700.15,0.48,cooking
2026-05-06 15:31:29,434,29.09,29.16,100546.85,235673.19,212.92,231.74,237.19,240.03,1477.95,1686.22,1698.21,1699.49,1699.77,0.49,cooking
2026-05-06 15:31:34,434,29.07,29.19,100547.37,237642.14,213.72,232.52,237.91,240.72,1483.75,1692.68,1704.63,1705.9,1706.18,0.49,cooking
2026-05-06 15:31:39,434,29.03,29.24,100546,238973.16,215.49,234.5,239.98,242.83,1495.89,1706.62,1718.72,1720,1720.29,0.48,cooking
2026-05-06 15:31:44,432,29.06,29.26,100547.84,236325.88,219.54,238.63,243.98,246.77,1524.72,1739.04,1751.11,1752.38,1752.67,0.48,cooking
2026-05-06 15:31:49,433,29.08,29.25,100548.51,238305.8,220.82,239.66,244.74,247.4,1534.49,1749.58,1761.4,1762.62,1762.91,0.48,cooking
2026-05-06 15:31:54,433,29.1,29.24,100546.44,240319.17,221.02,239.93,245.06,247.74,1535.75,1751.1,1762.97,1764.21,1764.49,0.48,cooking
2026-05-06 15:31:59,433,29.12,29.21,100546.61,236325.88,219.14,238,243.18,245.88,1522.42,1736.09,1747.96,1749.2,1749.48,0.48,cooking
2026-05-06 15:32:04,431,29.12,29.15,100545.39,230734.56,217.36,236.4,241.81,244.63,1509.23,1721.61,1733.69,1734.96,1735.25,0.48,cooking
2026-05-06 15:32:09,432,29.12,29.06,100545.49,229493.5,215.1,234.3,239.95,242.9,1492.68,1703.32,1715.6,1716.92,1717.21,0.48,cooking
2026-05-06 15:32:14,431,29.09,29,100543.61,229339.31,212.42,231.27,236.76,239.63,1474.33,1682.2,1694.23,1695.52,1695.8,0.49,cooking
2026-05-06 15:32:19,431,29.07,29,100543.86,229647.91,211.12,229.59,234.83,237.56,1465.92,1672.17,1683.88,1685.12,1685.4,0.49,cooking
2026-05-06 15:32:24,433,29.04,29.08,100544.8,238139.53,210.1,228.09,232.98,235.53,1459.77,1664.5,1675.81,1676.98,1677.26,0.5,cooking
2026-05-06 15:32:29,434,29.03,29.23,100543.18,239644.28,208.41,226.74,232,234.73,1446.91,1650.65,1662.3,1663.54,1663.81,0.5,cooking
2026-05-06 15:32:34,433,29.02,29.31,100543.17,248001.94,209.85,228.33,233.64,236.41,1456.83,1662.01,1673.76,1675.01,1675.29,0.48,cooking
2026-05-06 15:32:40,433,29.01,29.3,100543.62,245681.38,209.71,228.31,233.73,236.55,1455.55,1660.77,1672.63,1673.9,1674.18,0.51,cooking
2026-05-06 15:32:45,433,28.97,29.11,100543.66,244624.94,210.27,228.92,234.34,237.17,1459.44,1665.2,1677.09,1678.36,1678.64,0.48,cooking
2026-05-06 15:32:50,433,28.94,29.01,100541.35,243925.67,212.35,230.82,236.01,238.72,1474.7,1682.02,1693.71,1694.94,1695.22,0.48,cooking
2026-05-06 15:32:55,433,28.92,29.1,100541.48,239140.59,211.75,229.84,234.73,237.28,1471.35,1677.63,1688.98,1690.16,1690.43,0.48,cooking
2026-05-06 15:33:00,432,28.91,29.21,100542.66,245504.67,207.91,225.42,230.01,232.41,1445.27,1647.47,1658.4,1659.52,1659.78,0.49,cooking
2026-05-06 15:33:05,432,28.91,29.37,100543.95,248182.27,209.03,226.63,231.24,233.65,1453.12,1656.41,1667.38,1668.5,1668.77,0.51,cooking
2026-05-06 15:33:10,433,28.93,29.44,100543.45,247462.55,212.72,230.87,235.78,238.33,1478.13,1685.33,1696.72,1697.91,1698.18,0.49,cooking
2026-05-06 15:33:15,432,28.93,29.46,100542.96,248906.17,215.27,233.3,237.98,240.41,1496.7,1705.93,1717.15,1718.29,1718.56,0.47,cooking
2026-05-06 15:33:20,433,28.93,29.5,100543.94,249451.89,215.73,233.59,238.11,240.47,1500.38,1709.78,1720.84,1721.96,1722.23,0.47,cooking
2026-05-06 15:33:25,433,28.92,29.49,100544.33,241168.16,215.33,233.32,237.96,240.39,1497.2,1706.43,1717.61,1718.75,1719.02,0.49,cooking
2026-05-06 15:33:30,434,28.91,29.37,100544.7,236489.61,214.64,232.64,237.33,239.77,1492.29,1700.94,1712.14,1713.29,1713.56,0.48,cooking
2026-05-06 15:33:35,434,28.89,29.25,100544.34,237476.81,210.73,229.24,234.53,237.29,1463.1,1669.07,1680.83,1682.07,1682.35,0.51,cooking
2026-05-06 15:33:40,436,28.88,29.24,100543.3,236653.58,205.84,224.25,229.69,232.53,1428.34,1629.97,1641.76,1643.02,1643.3,0.49,cooking
2026-05-06 15:33:45,438,28.89,29.26,100543.59,242023.16,201.23,219.21,224.52,227.29,1396.35,1593.44,1604.96,1606.19,1606.46,0.51,cooking
2026-05-06 15:33:50,436,28.89,29.31,100543.22,242711.55,200.97,218.81,224.01,226.73,1394.83,1591.51,1602.9,1604.11,1604.38,0.47,cooking
2026-05-06 15:33:55,436,28.9,29.29,100543.81,237311.7,199.89,217.79,223.09,225.85,1387,1582.83,1594.29,1595.51,1595.79,0.5,cooking
2026-05-06 15:34:00,432,28.94,29.19,100544.34,236653.58,194.78,212.59,218.05,220.9,1350.7,1542.01,1553.51,1554.76,1555.03,0.51,cooking
2026-05-06 15:34:05,433,28.96,29.09,100544.47,240150.09,189.84,207.68,213.4,216.38,1315.27,1502.38,1514.02,1515.3,1515.58,0.49,cooking
2026-05-06 15:34:10,432,28.95,29.01,100542.94,239140.59,188.22,206.02,211.8,214.81,1303.7,1489.37,1501.02,1502.31,1502.59,0.48,cooking
2026-05-06 15:34:15,432,28.94,28.99,100543.8,239476.14,186.92,204.03,209.29,212.03,1296.14,1479.76,1490.81,1492.01,1492.28,0.47,cooking
2026-05-06 15:34:20,430,28.92,28.9,100543.61,240997.88,189.58,206.82,212.06,214.8,1314.84,1500.93,1512.03,1513.24,1513.5,0.5,cooking
2026-05-06 15:34:25,431,28.9,28.95,100541.96,239140.59,193.28,210.57,215.68,218.34,1341.19,1530.52,1541.59,1542.77,1543.04,0.49,cooking
2026-05-06 15:34:30,430,28.89,28.97,100543.78,238639.02,195.32,212.62,217.64,220.26,1355.75,1546.85,1557.87,1559.05,1559.31,0.47,cooking
2026-05-06 15:34:35,429,28.89,29.07,100543.16,243751.48,196.85,214.21,219.21,221.81,1366.52,1559.02,1570.06,1571.23,1571.5,0.48,cooking
2026-05-06 15:34:40,429,28.9,29.2,100543.4,248543.69,193.67,210.96,216.06,218.72,1343.96,1533.63,1544.69,1545.87,1546.14,0.48,cooking
2026-05-06 15:34:45,427,28.89,29.26,100542.64,248543.69,190.81,208.16,213.44,216.19,1323.32,1510.61,1521.79,1523,1523.27,0.49,cooking
2026-05-06 15:34:50,427,28.88,29.28,100543.08,249451.89,192.43,210,215.38,218.18,1334.42,1523.39,1534.73,1535.96,1536.23,0.48,cooking
2026-05-06 15:34:55,428,28.87,29.23,100542.8,252964.42,192.95,210.68,216.18,219.04,1337.72,1527.36,1538.84,1540.09,1540.36,0.49,cooking
2026-05-06 15:35:00,429,28.86,29.09,100544.64,250366.75,188.42,206.25,212.04,215.06,1305.12,1491,1502.68,1503.97,1504.24,0.5,cooking
2026-05-06 15:35:05,434,28.85,29.03,100543.64,248362.84,184.96,202.77,208.71,211.8,1280.44,1463.31,1475.05,1476.36,1476.64,0.51,cooking
2026-05-06 15:35:10,434,28.85,29.06,100544.06,247462.55,181.6,199.56,205.77,209.01,1256.01,1436.19,1448.14,1449.49,1449.77,0.53,cooking
2026-05-06 15:35:15,438,28.86,29.11,100543.12,248362.84,177.24,195.53,202.24,205.73,1223.99,1400.87,1413.23,1414.66,1414.95,0.54,cooking
2026-05-06 15:35:20,440,28.88,29.11,100543.93,249817.03,170.88,188.67,195.27,198.7,1179.68,1350.42,1362.48,1363.88,1364.16,0.51,cooking
2026-05-06 15:35:25,436,28.92,29.06,100545.4,248543.69,165.76,182.71,188.85,192.05,1145.08,1310.29,1321.71,1323.02,1323.29,0.49,cooking
2026-05-06 15:35:30,435,28.95,29.05,100546.12,245858.34,162.51,178.5,184,186.86,1124.2,1285.33,1295.95,1297.15,1297.4,0.49,cooking
2026-05-06 15:35:35,436,28.97,29.06,100545.88,239140.59,161.3,177.01,182.33,185.11,1116.18,1275.9,1286.3,1287.47,1287.71,0.5,cooking
2026-05-06 15:35:40,434,28.98,29.02,100545.55,242884.25,160.61,175.84,180.8,183.38,1112.4,1270.88,1280.86,1281.96,1282.2,0.49,cooking
2026-05-06 15:35:45,434,28.99,28.9,100546.45,253528.09,160.01,174.76,179.36,181.76,1109.24,1266.57,1276.14,1277.18,1277.41,0.5,cooking
2026-05-06 15:35:50,433,28.96,28.75,100546.59,253905.28,161.3,176.32,181.07,183.55,1117.85,1276.64,1286.41,1287.49,1287.72,0.52,cooking
2026-05-06 15:35:55,433,28.93,28.65,100544.55,257545.27,165.52,180.96,185.85,188.41,1147.03,1310.01,1320.06,1321.16,1321.4,0.48,cooking
2026-05-06 15:36:00,432,28.9,28.65,100543.58,252590.03,169.48,185.27,190.27,192.88,1174.48,1341.34,1351.61,1352.74,1352.98,0.5,cooking
2026-05-06 15:36:05,430,28.88,28.72,100543.27,252590.03,165.68,180.85,185.51,187.94,1148.84,1311.59,1321.39,1322.46,1322.69,0.48,cooking
2026-05-06 15:36:10,431,28.87,28.8,100543.7,253152.05,160.65,174.92,179.08,181.25,1114.96,1272.19,1281.3,1282.27,1282.49,0.48,cooking
2026-05-06 15:36:15,430,28.86,28.94,100545.38,249817.03,157.96,171.81,175.75,177.8,1096.81,1251.16,1259.94,1260.87,1261.08,0.46,cooking
2026-05-06 15:36:20,429,28.86,29.05,100544.62,247821.88,155.11,168.54,172.28,174.23,1077.38,1228.73,1237.21,1238.1,1238.3,0.48,cooking
2026-05-06 15:36:25,427,28.87,29.1,100542.91,246390.77,151.47,165,169,171.08,1051.06,1199.42,1208.08,1209.01,1209.21,0.52,cooking
2026-05-06 15:36:30,427,28.89,29.13,100542.69,248001.94,150.04,163.54,167.56,169.66,1040.99,1188.06,1196.72,1197.65,1197.85,0.48,cooking
2026-05-06 15:36:35,428,28.91,29.2,100543.03,245504.67,150.5,163.8,167.65,169.66,1044.68,1191.89,1200.36,1201.26,1201.46,0.49,cooking
2026-05-06 15:36:40,426,28.92,29.18,100543.23,244624.94,149.6,162.86,166.72,168.73,1038.38,1184.76,1193.22,1194.12,1194.32,0.5,cooking
2026-05-06 15:36:45,427,28.91,29.01,100543.14,248906.17,147.72,160.74,164.48,166.43,1025.49,1169.92,1178.21,1179.08,1179.28,0.49,cooking
2026-05-06 15:36:50,429,28.87,28.92,100543.52,250183.23,149.27,162.27,165.92,167.83,1036.66,1182.41,1190.64,1191.5,1191.7,0.49,cooking
2026-05-06 15:36:55,429,28.86,28.98,100543.41,251658.89,151.06,164.32,168.11,170.08,1048.77,1196.41,1204.83,1205.72,1205.92,0.51,cooking
2026-05-06 15:37:00,430,28.84,29.11,100543.3,247462.55,152.28,165.98,170.08,172.21,1056.48,1205.75,1214.55,1215.49,1215.7,0.51,cooking
2026-05-06 15:37:05,430,28.83,29.16,100543.91,249269.72,155.54,170.14,174.82,177.26,1077.65,1230.93,1240.46,1241.51,1241.74,0.5,cooking
2026-05-06 15:37:10,430,28.82,29.13,100543,254663.02,155.87,171.02,176.14,178.8,1078.73,1233.03,1243.04,1244.16,1244.4,0.51,cooking
2026-05-06 15:37:15,430,28.81,29.08,100542.89,250918.89,155.99,171.1,176.17,178.82,1079.67,1234.01,1243.99,1245.1,1245.34,0.49,cooking
2026-05-06 15:37:20,428,28.83,29.04,100542.89,245681.38,154.55,169.11,173.81,176.26,1070.63,1223.01,1232.53,1233.58,1233.8,0.48,cooking
2026-05-06 15:37:25,428,28.83,29.13,100544.12,243057.2,152.44,166.41,170.72,172.97,1056.95,1206.72,1215.76,1216.74,1216.96,0.49,cooking
2026-05-06 15:37:30,427,28.81,29.17,100543.29,245858.34,150.97,164.37,168.26,170.3,1047.88,1195.62,1204.16,1205.07,1205.28,0.47,cooking
2026-05-06 15:37:35,427,28.84,29.14,100542.42,245328.22,149.5,162.55,166.23,168.15,1038.19,1184.2,1192.47,1193.34,1193.53,0.46,cooking
2026-05-06 15:37:40,427,28.84,29.1,100542.98,238973.16,148.94,161.73,165.23,167.06,1034.75,1179.93,1187.98,1188.82,1189.01,0.47,cooking
2026-05-06 15:37:45,428,28.84,29.08,100543.17,239140.59,149.78,162.55,165.99,167.78,1040.88,1186.75,1194.76,1195.58,1195.78,0.48,cooking
2026-05-06 15:37:51,429,28.86,29.07,100542.22,244274.81,151.24,164.11,167.56,169.36,1051.05,1198.32,1206.38,1207.21,1207.41,0.47,cooking
2026-05-06 15:37:56,429,28.88,29.06,100542.23,252403.25,147.77,160.25,163.55,165.27,1027.18,1170.95,1178.74,1179.54,1179.73,0.49,cooking
2026-05-06 15:38:01,427,28.89,29.05,100543.7,250550.53,146.74,158.96,162.1,163.73,1020.38,1162.92,1170.5,1171.28,1171.46,0.48,cooking
2026-05-06 15:38:06,427,28.87,28.99,100544.13,248182.27,146.33,158.71,161.99,163.7,1017.12,1159.51,1167.24,1168.04,1168.23,0.5,cooking
2026-05-06 15:38:11,425,28.87,28.85,100542.59,252030.52,146.35,159.18,162.83,164.73,1016.15,1159.16,1167.3,1168.16,1168.35,0.5,cooking
2026-05-06 15:38:16,424,28.87,28.78,100543.7,248906.17,146.35,158.93,162.38,164.18,1016.79,1159.46,1167.38,1168.2,1168.39,0.48,cooking
2026-05-06 15:38:21,426,28.9,28.73,100543.96,249634.33,146.04,158.7,162.22,164.06,1014.37,1156.88,1164.88,1165.71,1165.91,0.48,cooking
2026-05-06 15:38:26,423,28.94,28.68,100543.89,247283.27,145.75,158.5,162.12,164,1012.08,1154.47,1162.55,1163.4,1163.6,0.5,cooking
2026-05-06 15:38:31,424,28.94,28.66,100545.9,239981.25,147.03,160.02,163.77,165.72,1020.63,1164.43,1172.7,1173.58,1173.78,0.49,cooking
2026-05-06 15:38:36,423,28.94,28.7,100545.78,235999.08,147.5,160.75,164.71,166.77,1023.35,1167.91,1176.42,1177.33,1177.53,0.49,cooking
2026-05-06 15:38:41,425,28.95,28.73,100544.58,242539.08,148.66,162.72,167.28,169.65,1029.75,1176.39,1185.59,1186.61,1186.83,0.51,cooking
2026-05-06 15:38:46,425,28.95,28.71,100545.37,241338.67,150.08,164.41,169.12,171.58,1039.28,1187.5,1196.91,1197.96,1198.18,0.49,cooking
2026-05-06 15:38:51,428,28.94,28.7,100544.89,237311.7,152.31,166.41,170.83,173.14,1055.73,1205.57,1214.72,1215.72,1215.94,0.49,cooking
2026-05-06 15:38:56,425,28.93,28.69,100544.88,238973.16,154.21,168.5,172.98,175.31,1068.91,1220.62,1229.9,1230.91,1231.13,0.48,cooking
2026-05-06 15:39:01,424,28.92,28.72,100543.77,240319.17,156.38,171.13,175.89,178.37,1083.33,1237.53,1247.17,1248.23,1248.46,0.51,cooking
2026-05-06 15:39:06,426,28.9,28.74,100544.62,243925.67,155.46,170.29,175.15,177.69,1076.55,1230.06,1239.79,1240.88,1241.11,0.49,cooking
2026-05-06 15:39:11,427,28.87,28.64,100544.04,252403.25,153.1,167.67,172.44,174.93,1060.3,1211.44,1221,1222.06,1222.29,0.47,cooking
2026-05-06 15:39:16,425,28.84,28.58,100543.42,252590.03,148.86,162.61,166.91,169.15,1031.86,1178.26,1187.18,1188.15,1188.36,0.48,cooking
2026-05-06 15:39:21,427,28.87,28.64,100543.7,252590.03,145.96,159.4,163.58,165.75,1011.92,1155.41,1164.12,1165.07,1165.27,0.51,cooking
2026-05-06 15:39:26,426,28.9,28.7,100543.76,254094.3,143.27,156.6,160.82,163.02,992.9,1133.93,1142.6,1143.55,1143.76,0.5,cooking
2026-05-06 15:39:31,425,28.89,28.73,100543.7,253905.28,141.14,154.22,158.32,160.46,978.31,1117.17,1125.66,1126.59,1126.79,0.48,cooking
2026-05-06 15:39:36,425,28.9,28.71,100543.5,250918.89,141.14,154.03,157.98,160.03,978.76,1117.36,1125.68,1126.58,1126.78,0.48,cooking
2026-05-06 15:39:41,424,28.89,28.65,100546.21,255425.3,140.63,153.54,157.54,159.62,975.04,1113.25,1121.6,1122.51,1122.71,0.5,cooking
2026-05-06 15:39:46,423,28.87,28.58,100544.66,259306.16,139.22,151.82,155.63,157.61,965.73,1102.3,1110.4,1111.28,1111.47,0.48,cooking
2026-05-06 15:39:51,423,28.85,28.58,100544.73,260891.72,135.16,147.45,151.19,153.14,937.36,1070.02,1077.94,1078.8,1078.99,0.49,cooking
2026-05-06 15:39:56,423,28.89,28.63,100544.48,257351.09,130.81,142.47,145.9,147.69,907.75,1035.84,1043.29,1044.09,1044.27,0.48,cooking
2026-05-06 15:40:01,423,28.91,28.69,100544.87,260096.52,131.54,143.08,146.36,148.07,913.34,1041.88,1049.2,1049.98,1050.15,0.47,cooking
2026-05-06 15:40:06,422,28.91,28.72,100544.18,262093.67,133.65,144.98,147.99,149.56,928.93,1059.01,1066.09,1066.82,1066.99,0.46,cooking
2026-05-06 15:40:11,422,28.89,28.66,100542.99,260096.52,132.71,143.87,146.79,148.31,922.62,1051.67,1058.62,1059.33,1059.5,0.48,cooking
2026-05-06 15:40:16,421,28.87,28.61,100542.49,261291.14,128.81,139.68,142.55,144.04,895.4,1020.71,1027.49,1028.19,1028.35,0.48,cooking
2026-05-06 15:40:21,423,28.87,28.59,100543.33,261691.8,123.99,134.56,137.41,138.9,861.59,982.35,988.98,989.67,989.82,0.47,cooking
2026-05-06 15:40:26,421,28.87,28.58,100544.17,260891.72,118.93,129.19,132.03,133.51,826.15,942.15,948.62,949.3,949.45,0.48,cooking
2026-05-06 15:40:31,420,28.87,28.58,100543.05,263510.03,117.37,127.83,130.9,132.5,814.55,929.47,936.15,936.87,937.03,0.49,cooking
2026-05-06 15:40:36,418,28.84,28.54,100545.15,263510.03,115.38,126.31,129.86,131.71,799.14,912.97,920.13,920.92,921.09,0.51,cooking
2026-05-06 15:40:41,419,28.82,28.48,100543.94,261491.31,113.21,124.33,128.15,130.14,783.13,895.36,902.75,903.58,903.76,0.51,cooking
2026-05-06 15:40:46,418,28.82,28.51,100543.34,263713.62,111.72,122.67,126.43,128.38,772.87,883.6,890.87,891.69,891.86,0.48,cooking
2026-05-06 15:40:51,416,28.82,28.57,100543.09,263917.53,111.81,122.61,126.23,128.12,773.92,884.52,891.64,892.44,892.61,0.49,cooking
2026-05-06 15:40:56,417,28.82,28.62,100545.32,264531.12,114.83,125.77,129.35,131.22,795.25,908.62,915.8,916.59,916.76,0.5,cooking
2026-05-06 15:41:01,417,28.82,28.66,100545.24,263306.75,125.83,137.32,140.83,142.67,872.61,996.18,1003.59,1004.39,1004.57,0.46,cooking
2026-05-06 15:41:06,419,28.8,28.6,100545.68,261691.8,126.77,138.16,141.55,143.31,879.56,1003.8,1011.1,1011.89,1012.06,0.5,cooking
2026-05-06 15:41:11,416,28.78,28.55,100543.88,256577.3,126.03,137.01,140.09,141.71,875.2,998.26,1005.21,1005.94,1006.11,0.49,cooking
2026-05-06 15:41:16,416,28.78,28.58,100544.28,255616.58,126.23,137.03,139.96,141.49,877.08,1000.07,1006.86,1007.56,1007.73,0.5,cooking
2026-05-06 15:41:21,417,28.76,28.61,100545.01,259306.16,127.12,137.99,140.93,142.47,883.31,1007.16,1013.98,1014.69,1014.86,0.49,cooking
2026-05-06 15:41:26,415,28.77,28.62,100545.02,259700.73,125.74,136.46,139.35,140.86,873.8,996.27,1002.99,1003.69,1003.85,0.49,cooking
2026-05-06 15:41:31,416,28.77,28.67,100545.77,263917.53,124.81,135.28,138,139.42,867.77,989.09,995.61,996.27,996.43,0.48,cooking
2026-05-06 15:41:36,417,28.77,28.65,100546.34,264121.75,126.02,136.58,139.32,140.75,876.17,998.66,1005.23,1005.9,1006.06,0.47,cooking
2026-05-06 15:41:41,418,28.77,28.71,100545.64,267642.44,126.52,136.96,139.58,140.94,880.03,1002.78,1009.23,1009.89,1010.04,0.48,cooking
2026-05-06 15:41:46,418,28.77,28.73,100544.34,254473.16,125.42,135.73,138.3,139.64,872.43,994.07,1000.44,1001.08,1001.23,0.49,cooking
2026-05-06 15:41:51,418,28.78,28.72,100546.15,254663.02,123.62,133.98,136.68,138.08,859.47,979.63,986.08,986.74,986.89,0.52,cooking
2026-05-06 15:41:56,418,28.79,28.73,100546.12,252403.25,120.64,130.96,133.75,135.21,838.26,955.79,962.27,962.94,963.1,0.51,cooking
2026-05-06 15:42:01,419,28.81,28.73,100545.22,250183.23,117.78,128.08,130.99,132.51,817.86,932.91,939.44,940.13,940.28,0.48,cooking
2026-05-06 15:42:06,419,28.81,28.72,100544.4,252777.09,117.48,127.84,130.82,132.38,815.59,930.47,937.06,937.76,937.91,0.48,cooking
2026-05-06 15:42:11,421,28.82,28.67,100544.98,252590.03,116.68,127.21,130.36,132.01,809.42,923.84,930.6,931.33,931.49,0.51,cooking
2026-05-06 15:42:16,420,28.82,28.58,100546.38,256963.61,113.23,123.57,126.73,128.38,785.19,896.38,903.06,903.78,903.94,0.49,cooking
2026-05-06 15:42:21,421,28.8,28.55,100546.38,251473.48,112.32,122.72,125.98,127.68,778.51,889.01,895.76,896.5,896.66,0.49,cooking
2026-05-06 15:42:26,422,28.78,28.61,100547.71,249634.33,114.15,125.04,128.61,130.48,790.48,903.2,910.35,911.14,911.31,0.51,cooking
2026-05-06 15:42:31,420,28.78,28.72,100547.95,250918.89,115.08,126.01,129.57,131.43,797.03,910.61,917.77,918.56,918.73,0.49,cooking
2026-05-06 15:42:36,420,28.77,28.77,100546.27,256384.58,113.46,124.08,127.48,129.25,786.15,897.93,904.85,905.62,905.78,0.48,cooking
2026-05-06 15:42:41,419,28.77,28.73,100549.3,258520.58,112.51,123.14,126.59,128.39,779.32,890.29,897.25,898.02,898.19,0.51,cooking
2026-05-06 15:42:46,417,28.79,28.64,100547.3,259898.48,113.9,124.87,128.52,130.42,788.52,901.13,908.35,909.16,909.33,0.48,cooking
2026-05-06 15:42:51,417,28.8,28.57,100546.38,259700.73,113.03,124.09,127.86,129.82,782.08,894.06,901.39,902.22,902.39,0.48,cooking
2026-05-06 15:42:56,418,28.78,28.59,100546.44,256770.31,111.84,122.69,126.35,128.26,774.06,884.75,891.92,892.72,892.89,0.48,cooking
2026-05-06 15:43:01,419,28.77,28.65,100547.37,255234.3,111.62,122.3,125.82,127.66,772.91,883.17,890.19,890.97,891.13,0.5,cooking
2026-05-06 15:43:06,419,28.76,28.68,100548.23,257545.27,111.85,123,126.9,128.94,773.42,884.52,891.96,892.8,892.98,0.53,cooking
2026-05-06 15:43:11,419,28.76,28.69,100548.12,259700.73,113.34,124.53,128.39,130.41,783.96,896.39,903.83,904.67,904.85,0.5,cooking
2026-05-06 15:43:17,419,28.75,28.68,100546.16,260692.47,115.07,126.17,129.89,131.83,796.48,910.29,917.61,918.43,918.61,0.48,cooking
2026-05-06 15:43:22,418,28.73,28.61,100547.2,262901.16,115.97,127.34,131.22,133.25,802.29,917.22,924.76,925.61,925.79,0.48,cooking
2026-05-06 15:43:27,417,28.71,28.46,100548.09,264326.28,114.02,125.04,128.74,130.66,789.22,902.01,909.28,910.1,910.27,0.5,cooking
2026-05-06 15:43:32,417,28.7,28.4,100549.09,259898.48,112.28,122.96,126.46,128.28,777.59,888.43,895.43,896.21,896.38,0.48,cooking
2026-05-06 15:43:37,418,28.69,28.51,100548.19,249634.33,111.5,122.09,125.55,127.35,772.24,882.28,889.22,889.99,890.16,0.5,cooking
2026-05-06 15:43:42,418,28.72,28.65,100547.67,257934.52,110.81,121.49,125.06,126.92,767.1,876.67,883.71,884.5,884.67,0.5,cooking
2026-05-06 15:43:47,417,28.74,28.73,100547.84,263103.81,110.98,121.86,125.58,127.52,767.81,877.8,885.01,885.83,886,0.51,cooking
2026-05-06 15:43:52,417,28.77,28.73,100546.79,262093.67,112.59,123.7,127.53,129.53,778.79,890.46,897.84,898.68,898.85,0.5,cooking
2026-05-06 15:43:57,417,28.81,28.67,100546.54,259306.16,114.12,125.11,128.77,130.69,789.99,902.83,910.07,910.88,911.05,0.49,cooking
2026-05-06 15:44:02,417,28.8,28.53,100547,261691.8,110.93,121.32,124.65,126.38,768.59,877.88,884.66,885.41,885.57,0.49,cooking
2026-05-06 15:44:07,417,28.79,28.45,100547.44,252777.09,109.62,119.65,122.73,124.34,760.12,867.8,874.28,874.98,875.13,0.48,cooking
2026-05-06 15:44:12,417,28.77,28.5,100547.02,248001.94,109.95,119.78,122.68,124.19,762.96,870.65,876.94,877.61,877.76,0.48,cooking
2026-05-06 15:44:17,417,28.77,28.49,100547.55,260692.47,110.23,120.14,123.1,124.64,764.75,872.8,879.16,879.84,879.99,0.49,cooking
2026-05-06 15:44:22,418,28.78,28.48,100547.45,263103.81,109.89,120.14,123.39,125.09,761.51,869.72,876.39,877.12,877.28,0.5,cooking
2026-05-06 15:44:27,418,28.8,28.47,100546.09,263306.75,109.63,119.77,122.95,124.6,759.92,867.76,874.34,875.06,875.22,0.48,cooking
2026-05-06 15:44:32,417,28.81,28.47,100546.98,263917.53,108.32,118.21,121.24,122.82,751.14,857.51,863.9,864.59,864.74,0.49,cooking
2026-05-06 15:44:37,415,28.8,28.51,100547.16,256577.3,107.57,117.77,121.09,122.82,745.01,851.15,857.83,858.57,858.73,0.5,cooking
2026-05-06 15:44:42,417,28.77,28.4,100547.49,263306.75,107.5,117.85,121.29,123.09,744.16,850.45,857.26,858.03,858.19,0.51,cooking
2026-05-06 15:44:47,418,28.75,28.27,100547.96,265353.72,107.28,117.65,121.13,122.95,742.51,848.64,855.49,856.25,856.41,0.51,cooking
2026-05-06 15:44:52,417,28.76,28.27,100548.09,264941.78,106.82,117.09,120.5,122.29,739.48,845.07,851.84,852.59,852.75,0.5,cooking
2026-05-06 15:44:57,415,28.77,28.39,100546.91,265766.94,107.45,117.74,121.14,122.91,743.96,850.11,856.88,857.63,857.79,0.49,cooking
2026-05-06 15:45:02,415,28.77,28.49,100546.63,266597.25,107.58,117.81,121.16,122.91,745.01,851.21,857.92,858.67,858.83,0.51,cooking
2026-05-06 15:45:07,416,28.77,28.58,100546.18,266181.44,109.09,119.26,122.49,124.17,756,863.42,870.04,870.76,870.92,0.5,cooking
2026-05-06 15:45:12,416,28.76,28.61,100546.7,268062.81,111.74,121.97,125.11,126.76,774.81,884.57,891.18,891.9,892.06,0.49,cooking
2026-05-06 15:45:17,415,28.75,28.58,100548.07,267642.44,111.89,122.08,125.19,126.81,775.97,885.81,892.38,893.09,893.25,0.51,cooking
2026-05-06 15:45:22,415,28.74,28.5,100546.98,267014.34,111.59,121.69,124.74,126.33,774,883.46,889.96,890.67,890.82,0.5,cooking
2026-05-06 15:45:27,415,28.73,28.36,100545.88,268273.5,110.45,120.08,122.79,124.2,767.01,874.86,880.96,881.6,881.75,0.48,cooking
2026-05-06 15:45:32,414,28.74,28.39,100547.19,268695.88,110.58,119.96,122.45,123.75,768.58,876.21,882.08,882.68,882.82,0.47,cooking
2026-05-06 15:45:37,414,28.74,28.41,100546,267852.47,109.71,118.85,121.19,122.41,762.86,869.42,875.1,875.67,875.81,0.48,cooking
2026-05-06 15:45:42,412,28.74,28.43,100546.85,267642.44,108.62,118.13,120.84,122.25,754.17,860.3,866.34,866.98,867.12,0.51,cooking
2026-05-06 15:45:47,412,28.75,28.51,100545.64,267642.44,108.11,117.82,120.71,122.21,750.09,856.04,862.26,862.93,863.08,0.48,cooking
2026-05-06 15:45:52,412,28.78,28.56,100543.98,267432.75,109.07,118.77,121.61,123.09,756.95,863.72,869.92,870.58,870.73,0.49,cooking
2026-05-06 15:45:57,412,28.76,28.5,100543.34,267852.47,108.6,118.14,120.87,122.29,753.98,860.12,866.18,866.83,866.97,0.48,cooking
2026-05-06 15:46:02,412,28.74,28.4,100544.8,269544.62,102.12,111.06,113.6,114.93,709.09,808.87,814.54,815.14,815.27,0.5,cooking
2026-05-06 15:46:07,411,28.73,28.32,100543.66,268695.88,97.54,106.28,108.87,110.22,676.79,772.36,777.96,778.56,778.69,0.5,cooking
2026-05-06 15:46:12,412,28.74,28.38,100545.6,271258.28,94.29,102.76,105.27,106.59,654.21,746.61,752.04,752.62,752.75,0.5,cooking
2026-05-06 15:46:17,412,28.74,28.45,100545.71,269971,95.59,104.25,106.86,108.22,663.09,756.86,762.43,763.03,763.16,0.5,cooking
2026-05-06 15:46:22,412,28.75,28.48,100545.52,269119.59,99,107.97,110.68,112.09,686.7,783.83,789.6,790.23,790.36,0.5,cooking
2026-05-06 15:46:27,414,28.73,28.42,100545.27,270398.72,101.39,110.55,113.29,114.73,703.37,802.8,808.68,809.31,809.45,0.46,cooking
2026-05-06 15:46:32,415,28.72,28.42,100545.38,270398.72,102.61,111.91,114.72,116.19,711.74,812.41,818.4,819.04,819.19,0.49,cooking
2026-05-06 15:46:37,416,28.71,28.47,100544.7,272123.31,102.85,112.14,114.93,116.39,713.45,814.32,820.29,820.93,821.08,0.49,cooking
2026-05-06 15:46:42,419,28.71,28.51,100543.5,270184.69,102.48,111.66,114.37,115.79,711.09,811.48,817.36,817.99,818.13,0.48,cooking
2026-05-06 15:46:47,418,28.71,28.54,100544.89,268907.56,102.32,111.35,113.95,115.31,710.27,810.33,816.08,816.69,816.83,0.48,cooking
2026-05-06 15:46:52,417,28.71,28.53,100544.63,269971,101.42,110.26,112.75,114.05,704.28,803.31,808.91,809.5,809.64,0.49,cooking
2026-05-06 15:46:57,417,28.71,28.5,100546.02,270184.69,100.95,109.78,112.28,113.59,700.96,799.58,805.18,805.77,805.91,0.51,cooking
2026-05-06 15:47:02,416,28.7,28.43,100544.29,269971,102.48,111.54,114.15,115.51,711.41,811.64,817.41,818.02,818.16,0.5,cooking
2026-05-06 15:47:07,417,28.69,28.46,100545.18,270613.09,103,111.93,114.42,115.72,715.41,815.92,821.56,822.15,822.29,0.48,cooking
2026-05-06 15:47:12,419,28.68,28.58,100544.35,272123.31,101.15,109.8,112.14,113.36,702.86,801.4,806.83,807.39,807.52,0.48,cooking
2026-05-06 15:47:17,419,28.68,28.6,100544.87,269971,99.83,108.44,110.81,112.04,693.51,790.86,796.29,796.85,796.98,0.48,cooking
2026-05-06 15:47:22,416,28.68,28.58,100545.35,271042.88,99.24,107.78,110.13,111.36,689.43,786.2,791.58,792.14,792.27,0.49,cooking
2026-05-06 15:47:27,416,28.68,28.57,100544.7,271258.28,98.67,107.02,109.22,110.38,685.85,781.86,787.07,787.61,787.73,0.48,cooking
2026-05-06 15:47:32,416,28.67,28.56,100544.9,271690.09,97.56,105.84,108.06,109.21,678.02,772.99,778.18,778.72,778.84,0.5,cooking
2026-05-06 15:47:37,416,28.68,28.64,100545.41,269971,97.11,105.69,108.16,109.46,674.14,769.12,774.58,775.16,775.29,0.51,cooking
2026-05-06 15:47:42,416,28.68,28.67,100545.31,270827.81,96.64,105.72,108.63,110.14,669.57,764.81,770.73,771.39,771.53,0.52,cooking
2026-05-06 15:47:47,420,28.67,28.65,100544.41,270184.69,96.26,105.88,109.25,111.01,665.57,761.21,767.63,768.36,768.51,0.52,cooking
2026-05-06 15:47:52,419,28.66,28.6,100544.7,270827.81,96.51,106.31,109.83,111.67,666.89,762.99,769.57,770.33,770.48,0.53,cooking
2026-05-06 15:47:57,420,28.65,28.64,100544.43,271906.53,97.31,107.17,110.7,112.54,672.44,769.3,775.92,776.68,776.84,0.49,cooking
2026-05-06 15:48:02,421,28.65,28.71,100543.97,272123.31,96.58,105.78,108.79,110.36,668.86,764.21,770.24,770.91,771.06,0.45,cooking
2026-05-06 15:48:07,421,28.64,28.71,100543.71,272775.72,95.14,103.76,106.36,107.72,659.9,753.24,758.78,759.38,759.51,0.47,cooking
2026-05-06 15:48:12,420,28.64,28.7,100544.76,271690.09,93.93,102.3,104.76,106.04,651.88,743.84,749.19,749.76,749.89,0.49,cooking
2026-05-06 15:48:17,420,28.64,28.7,100542.91,272123.31,93.31,101.48,103.8,105.01,647.91,739.07,744.26,744.8,744.93,0.48,cooking
2026-05-06 15:48:22,420,28.64,28.74,100544.53,272340.44,92.66,100.56,102.69,103.8,643.91,734.16,739.11,739.63,739.75,0.49,cooking
2026-05-06 15:48:27,420,28.64,28.77,100543.94,273431.25,93.78,101.58,103.58,104.63,652.12,743.2,748.04,748.54,748.65,0.48,cooking
2026-05-06 15:48:32,420,28.64,28.79,100544.41,271690.09,94.67,102.36,104.23,105.2,658.77,750.47,755.19,755.66,755.78,0.47,cooking
2026-05-06 15:48:37,420,28.63,28.73,100543.59,271690.09,95.4,102.99,104.74,105.66,664.21,756.4,761.02,761.47,761.58,0.47,cooking
2026-05-06 15:48:42,422,28.63,28.73,100543.34,271906.53,95.45,103.07,104.83,105.75,664.58,756.84,761.48,761.93,762.04,0.48,cooking
2026-05-06 15:48:47,421,28.64,28.82,100545.45,271690.09,95.75,103.18,104.77,105.6,667.13,759.4,763.86,764.29,764.4,0.45,cooking
2026-05-06 15:48:52,420,28.68,28.83,100544.7,272123.31,96.16,103.7,105.35,106.22,669.85,762.62,767.16,767.59,767.7,0.47,cooking
2026-05-06 15:48:58,421,28.69,28.84,100544.2,271474.03,94.97,102.59,104.38,105.31,661.07,752.92,757.57,758.03,758.15,0.48,cooking
2026-05-06 15:49:03,421,28.7,28.86,100544.39,269757.62,94.19,101.87,103.75,104.73,655.36,746.63,751.35,751.82,751.94,0.48,cooking
2026-05-06 15:49:08,420,28.7,28.81,100542.89,271258.28,94.07,101.59,103.34,104.25,654.87,745.82,750.4,750.85,750.96,0.46,cooking
2026-05-06 15:49:13,421,28.69,28.77,100543.55,271258.28,93.56,100.95,102.62,103.48,651.6,741.94,746.41,746.85,746.96,0.48,cooking
2026-05-06 15:49:18,422,28.68,28.77,100544.48,271906.53,92.96,100.3,101.95,102.81,647.39,737.14,741.58,742.02,742.13,0.49,cooking
2026-05-06 15:49:23,419,28.68,28.77,100543.83,271690.09,92.21,99.85,101.78,102.78,641.31,730.81,735.54,736.02,736.13,0.52,cooking
2026-05-06 15:49:28,419,28.69,28.74,100543.7,272123.31,91.89,99.86,102.08,103.25,638.18,727.86,732.9,733.43,733.55,0.51,cooking
2026-05-06 15:49:33,419,28.71,28.72,100544.47,271258.28,90.69,98.66,100.94,102.13,629.66,718.31,723.37,723.91,724.03,0.47,cooking
2026-05-06 15:49:38,419,28.71,28.66,100543,271906.53,89.68,97.73,100.11,101.36,622.27,710.15,715.3,715.85,715.98,0.49,cooking
2026-05-06 15:49:43,419,28.71,28.6,100543.49,271906.53,89.99,98.17,100.65,101.94,624.18,712.5,717.76,718.33,718.46,0.49,cooking
2026-05-06 15:49:48,421,28.69,28.58,100545.37,270613.09,90.27,98.63,101.25,102.62,625.71,714.51,719.94,720.53,720.66,0.53,cooking
2026-05-06 15:49:53,420,28.69,28.62,100544.48,271258.28,89.71,98.27,101.07,102.54,621.26,709.85,715.46,716.09,716.22,0.52,cooking
2026-05-06 15:49:58,419,28.68,28.63,100545.73,273212.38,88.43,96.67,99.29,100.65,612.82,699.89,705.25,705.84,705.97,0.5,cooking
2026-05-06 15:50:03,418,28.68,28.66,100544.75,271906.53,86.97,94.84,97.22,98.46,603.24,688.56,693.63,694.18,694.3,0.49,cooking
2026-05-06 15:50:08,417,28.68,28.65,100544.56,272993.88,87.45,95.26,97.56,98.76,606.85,692.5,697.5,698.03,698.15,0.49,cooking
2026-05-06 15:50:13,419,28.67,28.65,100543.05,272557.91,87.53,95.31,97.58,98.77,607.45,693.12,698.09,698.62,698.74,0.5,cooking
2026-05-06 15:50:18,417,28.68,28.66,100543.5,271042.88,86.32,93.84,95.95,97.05,599.46,683.74,688.5,689,689.11,0.48,cooking
2026-05-06 15:50:23,416,28.66,28.68,100543.52,272557.91,85.23,92.72,94.85,95.97,591.76,675.07,679.82,680.32,680.44,0.49,cooking
2026-05-06 15:50:28,416,28.65,28.68,100544.66,274310.22,84.49,91.81,93.84,94.91,586.84,669.28,673.91,674.39,674.5,0.48,cooking
2026-05-06 15:50:33,413,28.63,28.66,100543.15,274751.81,84.67,91.92,93.9,94.92,588.31,670.82,675.38,675.85,675.96,0.49,cooking
2026-05-06 15:50:38,414,28.63,28.69,100542.76,272993.88,84.87,92.18,94.19,95.24,589.6,672.36,676.96,677.45,677.56,0.52,cooking
2026-05-06 15:50:43,414,28.64,28.75,100544.5,272557.91,84.01,91.32,93.37,94.44,583.46,665.48,670.1,670.58,670.69,0.5,cooking
2026-05-06 15:50:48,414,28.67,28.8,100543.27,272775.72,83.53,90.75,92.75,93.79,580.22,661.71,666.27,666.74,666.85,0.49,cooking
2026-05-06 15:50:53,413,28.69,28.77,100545.11,272123.31,83.13,90.16,92.01,92.98,577.87,658.75,663.13,663.59,663.69,0.48,cooking
2026-05-06 15:50:58,413,28.69,28.72,100543,272123.31,82.17,89.03,90.79,91.71,571.32,651.15,655.41,655.85,655.95,0.49,cooking
2026-05-06 15:51:03,413,28.68,28.64,100543.23,272557.91,82.57,89.59,91.47,92.45,573.87,654.26,658.66,659.11,659.22,0.49,cooking
2026-05-06 15:51:08,413,28.67,28.58,100544.54,271906.53,83.74,90.87,92.78,93.78,581.98,663.52,667.98,668.44,668.55,0.49,cooking
2026-05-06 15:51:13,413,28.66,28.57,100544.34,272123.31,82.93,90.01,91.91,92.9,576.32,657.09,661.53,661.99,662.09,0.48,cooking
2026-05-06 15:51:18,413,28.63,28.63,100544.47,275194.84,82.24,89.47,91.53,92.6,571.02,651.4,655.98,656.47,656.58,0.52,cooking
2026-05-06 15:51:23,412,28.63,28.65,100543.77,274089.94,82.63,89.91,92,93.1,573.61,654.4,659.03,659.52,659.63,0.49,cooking
2026-05-06 15:51:28,412,28.62,28.57,100544.08,271042.88,83.38,90.57,92.54,93.57,579.27,660.57,665.1,665.57,665.68,0.49,cooking
2026-05-06 15:51:33,414,28.62,28.61,100544.6,272123.31,83.7,90.98,93.02,94.08,581.34,663.04,667.64,668.13,668.24,0.5,cooking
2026-05-06 15:51:38,413,28.62,28.68,100544.23,273650.47,83.45,90.62,92.59,93.61,579.76,661.11,665.63,666.1,666.21,0.49,cooking
2026-05-06 15:51:43,413,28.62,28.73,100543.38,273212.38,82.27,89.38,91.35,92.37,571.48,651.73,656.22,656.69,656.79,0.5,cooking
2026-05-06 15:51:48,413,28.62,28.73,100543.4,271690.09,81.69,88.58,90.4,91.34,567.87,647.34,651.64,652.08,652.18,0.49,cooking
2026-05-06 15:51:53,411,28.61,28.68,100544.56,273431.25,81.34,88.15,89.91,90.83,565.53,644.58,648.81,649.24,649.35,0.5,cooking
2026-05-06 15:51:58,413,28.61,28.58,100544.99,272557.91,80.35,87.03,88.73,89.61,558.79,636.81,640.95,641.37,641.47,0.49,cooking
2026-05-06 15:52:03,414,28.61,28.56,100543.23,275416.91,79.64,86.11,87.68,88.5,554.17,631.31,635.28,635.67,635.77,0.5,cooking
2026-05-06 15:52:08,414,28.62,28.56,100544.59,274530.84,80.04,86.46,87.97,88.76,557.17,634.59,638.51,638.9,638.99,0.49,cooking
2026-05-06 15:52:13,415,28.63,28.58,100544.2,273650.47,80.07,86.54,88.07,88.88,557.32,634.82,638.77,639.16,639.26,0.5,cooking
2026-05-06 15:52:18,414,28.62,28.61,100544.69,272340.44,79.7,86.34,88.04,88.93,554.19,631.6,635.72,636.14,636.24,0.53,cooking
2026-05-06 15:52:23,416,28.61,28.65,100545.33,273650.47,77.87,84.89,87,88.09,540.2,616.55,621.06,621.54,621.65,0.55,cooking
2026-05-06 15:52:28,417,28.6,28.65,100546.55,273650.47,77.44,84.99,87.54,88.88,535.91,612.59,617.58,618.15,618.26,0.53,cooking
2026-05-06 15:52:33,417,28.61,28.7,100545.28,272993.88,76.49,84.29,87.11,88.58,528.44,604.65,609.9,610.51,610.63,0.52,cooking
2026-05-06 15:52:38,417,28.62,28.75,100545.89,273431.25,77.21,85.16,88.06,89.58,533.28,610.3,615.67,616.29,616.41,0.49,cooking
2026-05-06 15:52:43,417,28.66,28.77,100544.8,272557.91,77.8,85.69,88.52,89.99,537.66,615.12,620.41,621.02,621.14,0.51,cooking
2026-05-06 15:52:48,418,28.68,28.79,100545.68,272557.91,77,84.66,87.34,88.73,532.49,608.95,614.06,614.64,614.76,0.51,cooking
2026-05-06 15:52:53,420,28.71,28.79,100544.95,271258.28,75.78,83.15,85.64,86.94,524.4,599.42,604.3,604.84,604.96,0.5,cooking
2026-05-06 15:52:58,419,28.7,28.73,100545.2,271906.53,76.01,83.23,85.58,86.81,526.42,601.43,606.17,606.69,606.8,0.49,cooking
2026-05-06 15:53:03,419,28.68,28.64,100545.5,272123.31,76.43,83.46,85.64,86.77,529.9,605.02,609.57,610.06,610.17,0.49,cooking
2026-05-06 15:53:08,419,28.67,28.55,100545.71,273870.03,76.52,83.25,85.18,86.18,531.22,606.03,610.31,610.76,610.86,0.47,cooking
2026-05-06 15:53:13,419,28.65,28.49,100545.34,275194.84,75.92,82.5,84.33,85.29,527.28,601.36,605.52,605.96,606.06,0.5,cooking
2026-05-06 15:53:18,422,28.66,28.49,100546.06,273650.47,75.27,81.77,83.57,84.51,522.82,596.24,600.34,600.77,600.87,0.5,cooking
2026-05-06 15:53:23,423,28.66,28.47,100545.08,272993.88,74.44,80.9,82.7,83.64,517.05,589.7,593.78,594.21,594.31,0.51,cooking
2026-05-06 15:53:28,421,28.66,28.5,100545.9,273431.25,74.19,80.78,82.7,83.71,514.88,587.49,591.7,592.15,592.25,0.49,cooking
2026-05-06 15:53:33,420,28.65,28.57,100546.9,273870.03,74.86,81.48,83.39,84.39,519.61,592.83,597.05,597.5,597.6,0.47,cooking
2026-05-06 15:53:38,420,28.64,28.67,100546.19,272993.88,76.93,83.67,85.59,86.6,534.11,609.28,613.56,614.02,614.12,0.47,cooking
2026-05-06 15:53:43,418,28.63,28.75,100545.68,272557.91,76.84,83.48,85.32,86.27,533.78,608.74,612.92,613.36,613.46,0.48,cooking
2026-05-06 15:53:48,419,28.64,28.77,100546.23,276085.19,75.27,81.64,83.34,84.22,523.15,596.4,600.39,600.8,600.89,0.48,cooking
2026-05-06 15:53:53,418,28.65,28.77,100546.45,273431.25,73.66,79.77,81.32,82.13,512.24,583.75,587.54,587.93,588.02,0.48,cooking
2026-05-06 15:53:58,419,28.66,28.78,100545.91,272557.91,72.96,78.87,80.28,81.02,507.77,578.41,582.03,582.39,582.48,0.46,cooking
2026-05-06 15:54:03,419,28.66,28.75,100545.73,273650.47,72.44,78.11,79.35,80,504.62,574.5,577.91,578.24,578.32,0.46,cooking
2026-05-06 15:54:08,418,28.64,28.69,100546.02,271906.53,73.06,78.66,79.81,80.41,509.23,579.54,582.87,583.18,583.26,0.45,cooking
2026-05-06 15:54:13,422,28.66,28.71,100545.05,272123.31,73.03,78.49,79.53,80.07,509.32,579.42,582.63,582.92,583,0.46,cooking
2026-05-06 15:54:18,420,28.67,28.75,100545.24,271690.09,72.7,78.07,79.06,79.57,507.17,576.87,580.01,580.29,580.37,0.47,cooking
2026-05-06 15:54:23,420,28.65,28.72,100544.63,274310.22,72.95,78.35,79.34,79.86,508.93,578.88,582.04,582.33,582.4,0.48,cooking
2026-05-06 15:54:29,418,28.65,28.7,100545.41,272993.88,73.85,79.41,80.49,81.06,514.96,585.9,589.18,589.48,589.56,0.48,cooking
2026-05-06 15:54:34,417,28.66,28.72,100545.52,272557.91,72.95,78.52,79.67,80.26,508.47,578.66,581.98,582.29,582.37,0.47,cooking
2026-05-06 15:54:39,417,28.67,28.74,100545.18,271690.09,71.73,77.2,78.32,78.91,499.96,568.96,572.22,572.53,572.6,0.47,cooking
2026-05-06 15:54:44,416,28.68,28.73,100544.59,272340.44,71.32,76.72,77.79,78.36,497.2,565.75,568.95,569.25,569.33,0.46,cooking
2026-05-06 15:54:49,415,28.67,28.72,100545.03,272993.88,70.7,76.02,77.05,77.59,493.05,560.95,564.08,564.38,564.45,0.47,cooking
2026-05-06 15:54:54,414,28.67,28.72,100544,273431.25,69.35,74.6,75.65,76.2,483.49,550.16,553.27,553.56,553.64,0.46,cooking
2026-05-06 15:54:59,414,28.66,28.71,100544.33,273431.25,67.95,73.09,74.12,74.65,473.72,539.03,542.07,542.36,542.43,0.47,cooking
2026-05-06 15:55:04,412,28.64,28.73,100546.26,272775.72,67.34,72.46,73.5,74.04,469.48,534.23,537.27,537.56,537.63,0.47,cooking
2026-05-06 15:55:09,413,28.62,28.7,100546.15,275194.84,67.24,72.48,73.62,74.22,468.45,533.28,536.44,536.74,536.82,0.47,cooking
2026-05-06 15:55:14,413,28.61,28.69,100546.95,273650.47,67.48,72.93,74.23,74.91,469.64,534.95,538.29,538.62,538.7,0.47,cooking
2026-05-06 15:55:19,414,28.61,28.69,100546.17,274089.94,67.24,72.84,74.27,75.01,467.61,532.92,536.39,536.74,536.82,0.48,cooking
2026-05-06 15:55:24,414,28.6,28.69,100545.64,275416.91,67.39,73.07,74.55,75.33,468.49,534.03,537.57,537.93,538.02,0.5,cooking
2026-05-06 15:55:29,412,28.59,28.73,100545.09,275639.31,67.44,73.16,74.68,75.47,468.71,534.34,537.92,538.29,538.38,0.5,cooking
2026-05-06 15:55:34,411,28.58,28.75,100545.41,275194.84,66.76,72.63,74.31,75.19,463.53,528.79,532.52,532.92,533,0.52,cooking
2026-05-06 15:55:39,412,28.57,28.78,100545.77,274310.22,65.88,71.97,73.87,74.86,456.67,521.46,525.41,525.84,525.94,0.53,cooking
2026-05-06 15:55:44,413,28.59,28.79,100545.12,275416.91,66.17,72.58,74.73,75.85,457.99,523.46,527.69,528.16,528.26,0.53,cooking
2026-05-06 15:55:49,411,28.61,28.81,100545.42,273870.03,66.65,73.14,75.33,76.48,461.26,527.25,531.54,532.03,532.13,0.51,cooking
2026-05-06 15:55:54,410,28.6,28.67,100543.88,272993.88,67.52,74.02,76.18,77.31,467.42,534.17,538.45,538.93,539.03,0.51,cooking
2026-05-06 15:55:59,412,28.59,28.54,100546.25,274751.81,67.01,73.34,75.39,76.45,464.14,530.23,534.37,534.83,534.93,0.5,cooking
2026-05-06 15:56:04,410,28.58,28.58,100545.64,275639.31,65.78,71.81,73.67,74.64,456.13,520.76,524.65,525.08,525.17,0.48,cooking
2026-05-06 15:56:09,409,28.59,28.65,100546.2,274751.81,65.44,71.24,72.93,73.81,454.24,518.28,521.97,522.37,522.46,0.47,cooking
2026-05-06 15:56:14,409,28.62,28.68,100545.84,274310.22,65.09,70.68,72.22,73.02,452.16,515.62,519.14,519.51,519.6,0.48,cooking
2026-05-06 15:56:19,409,28.65,28.68,100543.55,273431.25,65.1,70.66,72.16,72.95,452.38,515.8,519.29,519.65,519.73,0.49,cooking
2026-05-06 15:56:24,410,28.64,28.61,100542.47,275416.91,65.69,71.34,72.88,73.68,456.42,520.46,524.01,524.38,524.46,0.49,cooking
2026-05-06 15:56:29,412,28.63,28.47,100544.17,273431.25,65.66,71.26,72.77,73.56,456.24,520.19,523.71,524.07,524.16,0.49,cooking
2026-05-06 15:56:34,411,28.61,28.38,100544.45,275194.84,65.5,71.09,72.61,73.4,455.12,518.93,522.44,522.8,522.89,0.49,cooking
2026-05-06 15:56:39,409,28.58,28.53,100543.89,275862.06,65.24,70.74,72.18,72.93,453.52,516.97,520.4,520.75,520.83,0.5,cooking
2026-05-06 15:56:44,412,28.59,28.66,100543.9,273212.38,64.4,69.83,71.26,72,447.65,510.29,513.68,514.02,514.11,0.49,cooking
2026-05-06 15:56:49,411,28.58,28.7,100543.43,273431.25,63.91,69.35,70.82,71.58,444.11,506.35,509.76,510.12,510.2,0.5,normal
2026-05-06 15:56:54,412,28.57,28.72,100543.53,275639.31,63.65,69.2,70.76,71.57,442.06,504.21,507.72,508.09,508.18,0.51,normal
2026-05-06 15:56:59,411,28.56,28.74,100545.46,275194.84,63.95,69.55,71.13,71.96,444.03,506.51,510.06,510.44,510.52,0.49,normal
2026-05-06 15:57:04,412,28.54,28.74,100544.09,276981.34,63.84,69.38,70.92,71.72,443.41,505.71,509.21,509.58,509.66,0.48,normal
2026-05-06 15:57:09,412,28.53,28.77,100542.77,275416.91,63.57,69.09,70.64,71.44,441.54,503.59,507.08,507.45,507.53,0.48,normal
2026-05-06 15:57:14,412,28.53,28.76,100543.46,276756.75,63.1,68.55,70.06,70.85,438.3,499.85,503.29,503.65,503.73,0.47,normal
2026-05-06 15:57:19,410,28.53,28.76,100543.32,275862.06,61.57,66.9,68.39,69.16,427.62,487.7,491.07,491.42,491.5,0.47,normal
2026-05-06 15:57:24,411,28.54,28.79,100542.33,276532.53,60.79,65.95,67.33,68.05,422.47,481.65,484.88,485.21,485.29,0.47,normal
2026-05-06 15:57:29,411,28.54,28.77,100542.66,276085.19,60.5,65.45,66.67,67.3,420.95,479.59,482.64,482.94,483.02,0.46,normal
2026-05-06 15:57:34,411,28.53,28.82,100542.66,276756.75,60.78,65.64,66.78,67.37,423.14,481.91,484.87,485.16,485.23,0.48,normal
2026-05-06 15:57:39,411,28.53,28.86,100543.24,274973.16,61.24,66.06,67.14,67.7,426.5,485.61,488.52,488.8,488.87,0.48,normal
2026-05-06 15:57:44,410,28.56,28.88,100543.1,276532.53,61.72,66.55,67.61,68.16,429.94,489.47,492.38,492.66,492.73,0.47,normal
2026-05-06 15:57:49,412,28.57,28.89,100544.04,274973.16,62.26,67.14,68.22,68.78,433.64,493.71,496.65,496.93,497.01,0.48,normal
2026-05-06 15:57:54,412,28.57,28.88,100544.99,275862.06,61.89,66.76,67.85,68.42,431.05,490.79,493.73,494.02,494.09,0.48,normal
2026-05-06 15:57:59,412,28.56,28.87,100543.96,275639.31,61.11,66.03,67.2,67.8,425.38,484.51,487.51,487.81,487.88,0.49,normal
2026-05-06 15:58:04,410,28.59,28.88,100544.37,274089.94,60.87,65.75,66.9,67.49,423.74,482.62,485.59,485.89,485.96,0.48,normal
2026-05-06 15:58:09,412,28.59,28.87,100543.82,273870.03,61.57,66.53,67.7,68.31,428.59,488.17,491.19,491.49,491.56,0.49,normal
2026-05-06 15:58:14,412,28.61,28.79,100544.95,275862.06,61.42,66.41,67.61,68.24,427.42,486.9,489.96,490.26,490.34,0.49,normal
2026-05-06 15:58:19,416,28.62,28.74,100543.52,274310.22,61.22,66.17,67.34,67.96,426.09,485.35,488.37,488.67,488.75,0.49,normal
2026-05-06 15:58:24,416,28.63,28.73,100544.91,276085.19,60.88,65.78,66.93,67.53,423.79,482.69,485.68,485.97,486.05,0.49,normal
2026-05-06 15:58:29,414,28.61,28.7,100543.13,273870.03,60.3,65.16,66.32,66.92,419.66,478.01,480.99,481.28,481.35,0.49,normal
2026-05-06 15:58:34,414,28.6,28.7,100543.66,274310.22,60.04,64.98,66.21,66.85,417.62,475.85,478.9,479.21,479.28,0.52,normal
2026-05-06 15:58:39,413,28.59,28.72,100544.16,273870.03,59.94,65.17,66.65,67.42,416.2,474.74,478.06,478.41,478.49,0.52,normal
2026-05-06 15:58:44,414,28.58,28.66,100544.65,276085.19,58.99,64.37,66.02,66.87,409.11,467.03,470.5,470.88,470.96,0.52,normal
2026-05-06 15:58:49,414,28.55,28.67,100544.05,274751.81,59.13,64.65,66.41,67.33,409.72,467.96,471.56,471.95,472.04,0.52,normal
2026-05-06 15:58:54,416,28.55,28.72,100545.38,275194.84,59.52,65.06,66.82,67.74,412.44,471.04,474.65,475.05,475.14,0.5,normal
2026-05-06 15:58:59,413,28.55,28.78,100544.98,273212.38,59.69,65.27,67.04,67.96,413.61,472.39,476.03,476.42,476.51,0.51,normal
2026-05-06 15:59:04,415,28.56,28.81,100545.15,273870.03,58.82,64.28,66,66.9,407.71,465.6,469.14,469.53,469.62,0.5,normal
2026-05-06 15:59:09,415,28.55,28.85,100545.63,273650.47,56.91,62.06,63.61,64.42,394.73,450.55,453.86,454.22,454.3,0.5,normal
2026-05-06 15:59:14,413,28.56,28.89,100544.05,273650.47,56.7,61.62,62.99,63.71,393.79,449.12,452.23,452.56,452.63,0.48,normal
2026-05-06 15:59:19,413,28.57,28.93,100543.49,272340.44,57.14,62.01,63.32,64,397.07,452.72,455.77,456.09,456.16,0.49,normal
2026-05-06 15:59:24,410,28.57,28.91,100544.48,273650.47,57.33,62.2,63.5,64.18,398.42,454.23,457.28,457.59,457.67,0.49,normal
2026-05-06 15:59:29,411,28.6,28.9,100544.77,271258.28,57.52,62.45,63.79,64.5,399.62,455.68,458.78,459.1,459.18,0.49,normal
2026-05-06 15:59:34,409,28.62,28.86,100546.34,271690.09,56.98,61.88,63.22,63.92,395.83,451.38,454.46,454.78,454.86,0.5,normal
2026-05-06 15:59:39,410,28.62,28.79,100546.23,271690.09,56.37,61.17,62.45,63.12,391.78,446.67,449.67,449.98,450.05,0.47,normal
2026-05-06 15:59:44,411,28.59,28.72,100544.7,274089.94,56.38,61.02,62.18,62.79,392.17,446.86,449.73,450.02,450.09,0.46,normal
2026-05-06 15:59:49,409,28.57,28.69,100545.02,272993.88,56.08,60.61,61.68,62.25,390.32,444.6,447.37,447.64,447.71,0.47,normal
2026-05-06 15:59:54,411,28.57,28.65,100542.64,273650.47,54.99,59.36,60.35,60.87,382.92,436.05,438.69,438.95,439.02,0.48,normal
2026-05-06 15:59:59,413,28.58,28.67,100545.59,272993.88,54.48,58.72,59.63,60.11,379.56,432.07,434.62,434.86,434.92,0.46,normal
2026-05-06 16:00:04,413,28.57,28.67,100543.87,274310.22,54.66,58.87,59.76,60.22,380.9,433.53,436.05,436.29,436.35,0.46,normal
2026-05-06 16:00:09,412,28.56,28.69,100543.43,275194.84,54.79,59,59.87,60.33,381.89,434.63,437.14,437.38,437.44,0.47,normal
2026-05-06 16:00:15,412,28.57,28.7,100543.27,273650.47,55.06,59.3,60.2,60.66,383.67,436.69,439.23,439.47,439.53,0.5,normal
2026-05-06 16:00:20,413,28.6,28.7,100543.84,273212.38,54.75,59.16,60.2,60.74,381.05,434.03,436.72,436.99,437.05,0.5,normal
2026-05-06 16:00:25,412,28.6,28.7,100544.65,273650.47,54.23,58.69,59.79,60.37,377.24,429.83,432.58,432.86,432.92,0.51,normal
2026-05-06 16:00:30,412,28.61,28.67,100544.95,273870.03,53.87,58.29,59.39,59.97,374.74,426.98,429.71,429.98,430.05,0.49,normal
2026-05-06 16:00:35,411,28.6,28.64,100543.99,274751.81,53.48,57.84,58.9,59.45,372.14,423.95,426.63,426.89,426.96,0.49,normal
2026-05-06 16:00:40,410,28.6,28.6,100544.52,273650.47,53.99,58.36,59.4,59.94,375.77,428.03,430.7,430.97,431.03,0.5,normal
2026-05-06 16:00:45,412,28.58,28.58,100544.59,273870.03,53.51,57.88,58.95,59.51,372.29,424.15,426.84,427.11,427.17,0.5,normal
2026-05-06 16:00:50,412,28.57,28.62,100545.26,276085.19,52.97,57.34,58.44,59.01,368.41,419.8,422.5,422.78,422.84,0.51,normal
2026-05-06 16:00:55,414,28.56,28.67,100544.85,274751.81,53.18,57.63,58.78,59.38,369.74,421.41,424.18,424.46,424.53,0.51,normal
2026-05-06 16:01:00,413,28.56,28.73,100544.31,275639.31,53.96,58.6,59.88,60.54,374.87,427.48,430.41,430.71,430.78,0.51,normal
2026-05-06 16:01:05,413,28.56,28.76,100544.36,273870.03,54.1,58.8,60.12,60.8,375.72,428.53,431.5,431.82,431.89,0.51,normal
2026-05-06 16:01:10,415,28.54,28.63,100544.27,274310.22,53.55,58.24,59.56,60.25,371.85,424.17,427.14,427.45,427.52,0.51,normal
2026-05-06 16:01:15,414,28.53,28.51,100543.79,275639.31,52.24,56.75,58,58.65,362.9,413.86,416.7,417,417.07,0.49,normal
2026-05-06 16:01:20,414,28.52,28.56,100544.2,277206.28,50.54,54.88,56.07,56.69,351.14,400.41,403.14,403.42,403.49,0.49,normal
2026-05-06 16:01:25,415,28.53,28.63,100544.45,276756.75,49.22,53.42,54.56,55.15,342.04,389.98,392.62,392.89,392.95,0.5,normal
2026-05-06 16:01:30,417,28.54,28.69,100543.87,275416.91,49.5,53.72,54.85,55.44,344.01,392.22,394.86,395.13,395.2,0.5,normal
2026-05-06 16:01:35,417,28.58,28.71,100543.8,276981.34,49.92,54.13,55.24,55.82,346.98,395.54,398.17,398.44,398.5,0.5,normal
2026-05-06 16:01:40,416,28.6,28.72,100542.73,274973.16,50.49,54.8,55.96,56.57,350.83,400,402.71,402.99,403.05,0.5,normal
2026-05-06 16:01:45,416,28.61,28.68,100544.48,275194.84,50.97,55.31,56.48,57.09,354.17,403.81,406.53,406.81,406.88,0.48,normal
2026-05-06 16:01:50,414,28.58,28.62,100543.52,276981.34,50.74,55.03,56.16,56.76,352.65,402.01,404.69,404.97,405.04,0.49,normal
2026-05-06 16:01:55,413,28.56,28.62,100542.61,276981.34,49.43,53.61,54.71,55.29,343.62,391.71,394.32,394.59,394.65,0.49,normal
2026-05-06 16:02:00,413,28.54,28.55,100543.62,278791.19,49.25,53.37,54.43,54.99,342.43,390.29,392.85,393.11,393.17,0.48,normal
2026-05-06 16:02:05,412,28.53,28.49,100543.81,274751.81,49.29,53.37,54.4,54.94,342.77,390.61,393.14,393.4,393.46,0.49,normal
2026-05-06 16:02:10,414,28.51,28.41,100543.62,277206.28,48.91,52.92,53.92,54.44,340.22,387.64,390.12,390.37,390.43,0.49,normal
2026-05-06 16:02:15,415,28.5,28.43,100543.64,277883.31,48.41,52.39,53.37,53.89,336.77,383.72,386.17,386.42,386.48,0.49,normal
2026-05-06 16:02:20,414,28.49,28.49,100544.81,279019.06,47.24,51.15,52.14,52.65,328.56,374.42,376.83,377.08,377.14,0.5,normal
2026-05-06 16:02:25,414,28.49,28.53,100543.95,277657.28,45.92,49.73,50.7,51.21,319.34,363.92,366.28,366.52,366.58,0.51,normal
2026-05-06 16:02:30,414,28.5,28.56,100544.12,276532.53,46.41,50.32,51.34,51.88,322.62,367.75,370.19,370.44,370.5,0.51,normal
2026-05-06 16:02:35,414,28.49,28.57,100545.34,278563.66,46.96,50.92,51.96,52.51,326.39,372.07,374.54,374.8,374.86,0.49,normal
2026-05-06 16:02:40,414,28.48,28.56,100544.05,278336.5,47.71,51.74,52.8,53.35,331.66,378.07,380.58,380.84,380.9,0.5,normal
2026-05-06 16:02:45,414,28.47,28.58,100544.03,279019.06,47.66,51.79,52.94,53.54,331.06,377.57,380.18,380.45,380.51,0.52,normal
2026-05-06 16:02:50,413,28.46,28.59,100544.88,276981.34,47.69,52,53.3,53.98,330.83,377.6,380.37,380.67,380.74,0.51,normal
2026-05-06 16:02:55,414,28.46,28.62,100544.65,277431.59,47.44,51.78,53.11,53.8,328.98,375.58,378.37,378.68,378.74,0.51,normal
2026-05-06 16:03:00,413,28.47,28.66,100546.23,276981.34,47.42,51.71,53,53.68,328.94,375.45,378.21,378.51,378.57,0.5,normal
2026-05-06 16:03:05,413,28.47,28.7,100546.23,278336.5,47.07,51.29,52.53,53.18,326.64,372.75,375.45,375.74,375.8,0.5,normal
2026-05-06 16:03:10,413,28.46,28.69,100545.27,276756.75,47.14,51.29,52.48,53.1,327.3,373.39,376.02,376.3,376.37,0.5,normal
2026-05-06 16:03:15,412,28.46,28.65,100545.11,279019.06,47.92,52.06,53.2,53.8,332.88,379.62,382.23,382.5,382.57,0.48,normal
2026-05-06 16:03:20,412,28.46,28.58,100546.09,277657.28,48.88,53.07,54.21,54.8,339.58,387.22,389.85,390.13,390.19,0.49,normal
2026-05-06 16:03:25,413,28.45,28.48,100545.91,277883.31,49.53,53.74,54.86,55.45,344.21,392.43,395.07,395.34,395.4,0.48,normal
2026-05-06 16:03:30,414,28.44,28.36,100545.94,279247.34,49.11,53.3,54.42,55.01,341.29,389.12,391.75,392.02,392.08,0.5,normal
2026-05-06 16:03:35,412,28.43,28.39,100545.37,277206.28,47.88,51.97,53.08,53.65,332.69,379.33,381.9,382.16,382.23,0.5,normal
2026-05-06 16:03:40,412,28.43,28.5,100545.75,278791.19,47.13,51.18,52.3,52.88,327.38,373.33,375.89,376.15,376.21,0.52,normal
2026-05-06 16:03:45,410,28.45,28.58,100545.88,278791.19,46.52,50.61,51.78,52.39,322.99,368.46,371.06,371.34,371.4,0.52,normal
2026-05-06 16:03:50,410,28.48,28.63,100546.97,277883.31,45.59,49.65,50.84,51.46,316.4,361.03,363.63,363.91,363.97,0.52,normal
2026-05-06 16:03:55,409,28.49,28.63,100544.76,278336.5,45.54,49.67,50.92,51.57,315.89,360.58,363.23,363.52,363.58,0.52,normal
2026-05-06 16:04:00,409,28.49,28.61,100544.83,277883.31,45.83,50.17,51.59,52.32,317.43,362.65,365.5,365.81,365.88,0.53,normal
2026-05-06 16:04:05,408,28.47,28.56,100545.34,279705,46.06,50.46,51.9,52.66,318.92,364.41,367.3,367.62,367.69,0.52,normal
2026-05-06 16:04:10,406,28.48,28.55,100545.62,278563.66,46.13,50.53,51.97,52.73,319.47,365.02,367.91,368.23,368.3,0.53,normal
2026-05-06 16:04:15,408,28.49,28.58,100545.12,276308.69,45.89,50.28,51.72,52.47,317.78,363.11,365.99,366.31,366.38,0.52,normal
2026-05-06 16:04:20,407,28.5,28.63,100544.7,277883.31,45.21,49.51,50.91,51.65,313.08,357.71,360.53,360.84,360.91,0.51,normal
2026-05-06 16:04:25,407,28.52,28.65,100545.84,276756.75,44.12,48.25,49.56,50.24,305.75,349.2,351.89,352.18,352.25,0.49,normal
2026-05-06 16:04:30,406,28.5,28.6,100545.36,278791.19,43.17,47.12,48.34,48.97,299.32,341.73,344.29,344.56,344.62,0.5,normal
2026-05-06 16:04:35,406,28.47,28.59,100545.55,279475.97,43.33,47.22,48.37,48.97,300.62,343.07,345.57,345.83,345.89,0.49,normal
2026-05-06 16:04:40,406,28.45,28.62,100546.15,278791.19,42.97,46.78,47.88,48.45,298.3,340.34,342.76,343.02,343.08,0.49,normal
2026-05-06 16:04:45,407,28.44,28.64,100545.62,278791.19,42.43,46.15,47.2,47.75,294.6,336.06,338.42,338.67,338.72,0.48,normal
2026-05-06 16:04:50,408,28.44,28.66,100545.91,279934.38,42.49,46.21,47.26,47.81,295.05,336.56,338.91,339.16,339.22,0.49,normal
2026-05-06 16:04:55,407,28.44,28.68,100545.35,278563.66,42.32,46.08,47.18,47.75,293.74,335.17,337.56,337.82,337.88,0.51,normal
2026-05-06 16:05:00,407,28.44,28.7,100545.88,278791.19,41.84,45.6,46.72,47.31,290.26,331.27,333.69,333.95,334.01,0.51,normal
2026-05-06 16:05:05,409,28.44,28.71,100547.09,278109.72,41.46,45.19,46.3,46.88,287.66,328.3,330.7,330.95,331.01,0.51,normal
2026-05-06 16:05:10,409,28.45,28.71,100546.18,278109.72,42.13,45.92,47.05,47.63,292.33,333.62,336.05,336.31,336.37,0.48,normal
2026-05-06 16:05:15,411,28.44,28.64,100546.34,279475.97,42.2,45.9,46.96,47.52,292.97,334.22,336.57,336.82,336.88,0.49,normal
2026-05-06 16:05:20,411,28.43,28.51,100544.55,279475.97,42.57,46.24,47.25,47.78,295.68,337.2,339.51,339.75,339.81,0.48,normal
2026-05-06 16:05:25,412,28.43,28.57,100545.18,278109.72,43.51,47.13,48.06,48.55,302.54,344.8,347.05,347.28,347.33,0.48,normal
2026-05-06 16:05:30,410,28.44,28.6,100546.25,278336.5,42.91,46.42,47.28,47.73,298.58,340.17,342.33,342.55,342.6,0.48,normal
2026-05-06 16:05:35,408,28.42,28.64,100545.86,278336.5,42.49,45.95,46.79,47.23,295.66,336.82,338.95,339.16,339.21,0.48,normal
2026-05-06 16:05:40,409,28.41,28.67,100545.46,279934.38,42.15,45.61,46.47,46.92,293.23,334.11,336.24,336.45,336.5,0.49,normal
2026-05-06 16:05:45,410,28.41,28.7,100546.34,279934.38,42.19,45.63,46.47,46.91,293.56,334.45,336.56,336.77,336.82,0.49,normal
2026-05-06 16:05:50,411,28.41,28.68,100546.43,281087.03,41.37,44.75,45.58,46.01,287.87,327.96,330.04,330.25,330.3,0.49,normal
2026-05-06 16:05:55,409,28.4,28.67,100544.7,280164.16,40.46,43.73,44.51,44.92,281.59,320.76,322.76,322.96,323,0.48,normal
2026-05-06 16:06:00,408,28.39,28.66,100545.14,279247.34,39.58,42.72,43.44,43.82,275.62,313.86,315.76,315.95,316,0.47,normal
2026-05-06 16:06:06,409,28.4,28.67,100545.27,280624.84,39.97,43.11,43.8,44.16,278.41,316.98,318.87,319.05,319.1,0.47,normal
2026-05-06 16:06:11,409,28.41,28.67,100546.18,280394.31,40.04,43.19,43.88,44.24,278.91,317.54,319.44,319.62,319.67,0.49,normal
2026-05-06 16:06:16,410,28.41,28.68,100545.79,278791.19,40.28,43.48,44.22,44.6,280.43,319.35,321.3,321.49,321.54,0.5,normal
2026-05-06 16:06:21,408,28.4,28.6,100545.52,279019.06,40.74,43.99,44.73,45.12,283.67,323.04,325.01,325.2,325.25,0.49,normal
2026-05-06 16:06:26,408,28.38,28.57,100545.16,279247.34,40.18,43.39,44.13,44.51,279.75,318.59,320.54,320.73,320.77,0.49,normal
2026-05-06 16:06:31,409,28.36,28.6,100544.92,279705,39.83,43.06,43.85,44.26,277.15,315.72,317.71,317.91,317.96,0.5,normal
2026-05-06 16:06:36,408,28.35,28.65,100544.22,280164.16,40.56,43.9,44.74,45.18,282.11,321.46,323.53,323.74,323.79,0.49,normal
2026-05-06 16:06:41,407,28.36,28.68,100544.36,281087.03,41.03,44.43,45.3,45.75,285.36,325.19,327.3,327.52,327.57,0.49,normal
2026-05-06 16:06:46,407,28.36,28.71,100544.57,280394.31,40.78,44.12,44.94,45.37,283.71,323.25,325.3,325.51,325.56,0.48,normal
2026-05-06 16:06:51,409,28.36,28.72,100544.6,279475.97,40.37,43.66,44.46,44.88,280.91,320.03,322.05,322.25,322.3,0.49,normal
2026-05-06 16:06:56,409,28.38,28.72,100545.25,278791.19,39.48,42.67,43.43,43.82,274.82,313.03,314.98,315.17,315.22,0.49,normal
2026-05-06 16:07:01,408,28.38,28.66,100542.91,281318.69,38.57,41.67,42.4,42.79,268.5,305.82,307.71,307.9,307.94,0.49,normal
2026-05-06 16:07:06,407,28.37,28.62,100543.91,281783.16,38.22,41.26,41.96,42.32,266.15,303.08,304.93,305.11,305.15,0.48,normal
2026-05-06 16:07:11,407,28.37,28.64,100542.87,281550.72,38.57,41.57,42.23,42.57,268.67,305.85,307.66,307.83,307.88,0.48,normal
2026-05-06 16:07:16,409,28.36,28.66,100544.77,280624.84,38.23,41.17,41.79,42.11,266.39,303.2,304.96,305.12,305.17,0.48,normal
2026-05-06 16:07:21,410,28.35,28.65,100544.38,280394.31,37.83,40.78,41.42,41.75,263.58,300.05,301.83,302,302.04,0.48,normal
2026-05-06 16:07:26,410,28.34,28.65,100543.48,281087.03,37.75,40.72,41.38,41.73,262.92,299.35,301.15,301.32,301.37,0.47,normal
2026-05-06 16:07:31,410,28.34,28.68,100543.89,279934.38,37.86,40.81,41.45,41.79,263.74,300.24,302.02,302.19,302.23,0.47,normal
2026-05-06 16:07:36,409,28.36,28.68,100543.41,279475.97,38.62,41.62,42.27,42.6,269.11,306.33,308.13,308.3,308.34,0.49,normal
2026-05-06 16:07:41,408,28.37,28.67,100543.81,279934.38,39.18,42.27,42.96,43.32,272.87,310.69,312.56,312.74,312.78,0.51,normal
2026-05-06 16:07:46,410,28.36,28.63,100542.9,279705,39.03,42.2,42.96,43.36,271.65,309.45,311.38,311.58,311.62,0.5,normal
2026-05-06 16:07:51,409,28.37,28.6,100542.99,280394.31,38.7,41.91,42.73,43.15,269.1,306.68,308.67,308.87,308.92,0.5,normal
2026-05-06 16:07:56,410,28.37,28.53,100541.34,278336.5,39.2,42.53,43.43,43.89,272.45,310.62,312.7,312.92,312.97,0.51,normal
2026-05-06 16:08:01,408,28.37,28.59,100541.77,279247.34,39.2,42.57,43.49,43.97,272.38,310.59,312.71,312.93,312.98,0.49,normal
2026-05-06 16:08:06,408,28.38,28.66,100542.83,280164.16,38.94,42.28,43.19,43.66,270.58,308.53,310.63,310.85,310.9,0.5,normal
2026-05-06 16:08:11,408,28.41,28.69,100543.32,277883.31,39.26,42.68,43.64,44.14,272.61,310.94,313.11,313.33,313.39,0.51,normal
2026-05-06 16:08:16,408,28.43,28.72,100544.58,278336.5,38.94,42.36,43.34,43.85,270.31,308.37,310.55,310.78,310.83,0.49,normal
2026-05-06 16:08:21,408,28.41,28.73,100544.39,281087.03,39.53,43.02,44.02,44.55,274.41,313.07,315.29,315.52,315.57,0.49,normal
2026-05-06 16:08:26,408,28.41,28.74,100543.49,280624.84,39.66,43.22,44.28,44.83,275.19,314.05,316.34,316.58,316.64,0.52,normal
2026-05-06 16:08:31,409,28.4,28.67,100542.82,278791.19,38.49,42.03,43.13,43.7,266.82,304.66,306.95,307.2,307.25,0.51,normal
2026-05-06 16:08:36,409,28.4,28.61,100543.12,277657.28,37.68,41.12,42.18,42.73,261.28,298.29,300.51,300.75,300.8,0.49,normal
2026-05-06 16:08:41,409,28.4,28.61,100542.46,278791.19,37.22,40.62,41.66,42.2,258.14,294.69,296.89,297.12,297.18,0.5,normal
2026-05-06 16:08:46,409,28.38,28.57,100542.37,279247.34,36.79,40.13,41.14,41.67,255.15,291.25,293.4,293.63,293.68,0.49,normal
2026-05-06 16:08:51,411,28.38,28.57,100542.28,278791.19,37.05,40.38,41.38,41.9,257.04,293.36,295.5,295.73,295.78,0.5,normal
2026-05-06 16:08:56,412,28.37,28.56,100542.2,280164.16,36.95,40.28,41.28,41.79,256.38,292.6,294.74,294.97,295.02,0.5,normal
2026-05-06 16:09:01,412,28.36,28.63,100541.13,280164.16,37.34,40.69,41.68,42.2,259.05,295.64,297.78,298.01,298.07,0.49,normal
2026-05-06 16:09:06,413,28.37,28.68,100540.89,280394.31,36.93,40.2,41.15,41.65,256.36,292.49,294.58,294.8,294.85,0.5,normal
2026-05-06 16:09:11,414,28.36,28.71,100541.47,280394.31,35.95,39.09,39.98,40.44,249.63,284.75,286.74,286.95,286.99,0.49,normal
2026-05-06 16:09:16,412,28.36,28.73,100539.89,280855.72,35.36,38.36,39.15,39.57,245.8,280.22,282.09,282.28,282.33,0.47,normal
2026-05-06 16:09:21,411,28.36,28.71,100540.73,281087.03,35.32,38.21,38.92,39.29,245.77,280,281.78,281.96,282,0.48,normal
2026-05-06 16:09:26,411,28.35,28.68,100540.88,281087.03,35.04,37.85,38.51,38.85,243.94,277.84,279.55,279.72,279.76,0.49,normal
2026-05-06 16:09:31,412,28.33,28.69,100538.83,282015.97,34.61,37.35,37.96,38.28,241.06,274.48,276.14,276.3,276.34,0.48,normal
2026-05-06 16:09:36,411,28.34,28.68,100541.8,281318.69,34.59,37.27,37.85,38.15,240.98,274.31,275.92,276.07,276.11,0.48,normal
2026-05-06 16:09:41,413,28.35,28.67,100540.65,282482.75,34.16,36.74,37.25,37.52,238.21,271.04,272.56,272.7,272.74,0.47,normal
2026-05-06 16:09:46,413,28.38,28.67,100540.82,280394.31,33.61,36.1,36.57,36.81,234.42,266.66,268.12,268.26,268.29,0.47,normal
2026-05-06 16:09:51,414,28.38,28.64,100541.69,279705,33.7,36.18,36.63,36.86,235.11,267.4,268.85,268.98,269.02,0.47,normal
2026-05-06 16:09:56,414,28.42,28.59,100541.66,279247.34,33.01,35.44,35.88,36.12,230.31,261.95,263.37,263.5,263.53,0.48,normal
2026-05-06 16:10:01,415,28.42,28.51,100540.48,282015.97,32.73,35.15,35.59,35.83,228.35,259.73,261.14,261.27,261.31,0.48,normal
2026-05-06 16:10:06,417,28.43,28.42,100541.25,278563.66,32.54,34.95,35.4,35.63,226.96,258.16,259.57,259.7,259.74,0.49,normal
2026-05-06 16:10:11,416,28.4,28.32,100539.79,282482.75,32.15,34.56,35.02,35.27,224.22,255.09,256.51,256.64,256.67,0.48,normal
2026-05-06 16:10:16,418,28.39,28.34,100540.3,280164.16,31.43,33.84,34.34,34.6,219.04,249.29,250.73,250.86,250.9,0.49,normal
2026-05-06 16:10:21,419,28.38,28.34,100539.49,282716.72,31.43,33.85,34.36,34.63,219.01,249.28,250.73,250.86,250.9,0.48,normal
2026-05-06 16:10:26,418,28.38,28.37,100540.45,282015.97,31.12,33.54,34.05,34.32,216.85,246.84,248.29,248.43,248.47,0.49,normal
2026-05-06 16:10:31,417,28.37,28.37,100538.9,281087.03,32.05,34.58,35.15,35.45,223.21,254.15,255.69,255.83,255.87,0.49,normal
2026-05-06 16:10:36,417,28.36,28.29,100537.97,281550.72,32.51,35.11,35.72,36.03,226.33,257.76,259.34,259.5,259.54,0.49,normal
2026-05-06 16:10:41,418,28.34,28.25,100539.3,283185.84,33.19,35.92,36.6,36.96,230.9,263.09,264.78,264.95,264.99,0.5,normal
2026-05-06 16:10:46,416,28.33,28.2,100539.42,282482.75,33.45,36.25,36.98,37.36,232.58,265.09,266.84,267.01,267.06,0.49,normal
2026-05-06 16:10:51,415,28.33,28.19,100539.51,282951.09,33.46,36.26,36.99,37.37,232.63,265.15,266.89,267.07,267.11,0.49,normal
2026-05-06 16:10:56,413,28.32,28.17,100539.7,283420.97,33.65,36.49,37.24,37.63,233.88,266.61,268.38,268.56,268.61,0.5,normal
2026-05-06 16:11:01,413,28.32,28.16,100540.11,284840.06,34.11,36.99,37.75,38.14,237.08,270.26,272.06,272.24,272.28,0.49,normal
2026-05-06 16:11:06,413,28.33,28.16,100539.51,282015.97,33.72,36.56,37.31,37.69,234.38,267.17,268.95,269.13,269.17,0.49,normal
2026-05-06 16:11:11,416,28.33,28.15,100538.83,281783.16,33.87,36.71,37.45,37.84,235.5,268.43,270.2,270.38,270.42,0.49,normal
2026-05-06 16:11:16,418,28.33,28.15,100540.4,282015.97,33.97,36.85,37.61,38.01,236.1,269.16,270.96,271.14,271.19,0.5,normal
2026-05-06 16:11:21,416,28.34,28.15,100539.89,283420.97,33.86,36.73,37.48,37.88,235.36,268.31,270.1,270.28,270.32,0.5,normal
2026-05-06 16:11:26,415,28.34,28.08,100539.17,280624.84,34.19,37.17,38.01,38.44,237.47,270.86,272.74,272.94,272.98,0.51,normal
2026-05-06 16:11:31,417,28.33,27.98,100539.91,281318.69,33.34,36.27,37.1,37.54,231.49,264.07,265.93,266.13,266.17,0.5,normal
2026-05-06 16:11:36,415,28.32,27.98,100538.43,282482.75,32.71,35.56,36.37,36.79,227.12,259.07,260.88,261.07,261.11,0.5,normal
2026-05-06 16:11:41,415,28.32,28.06,100538.75,281318.69,32.78,35.66,36.48,36.91,227.63,259.67,261.5,261.69,261.73,0.5,normal
2026-05-06 16:11:46,415,28.34,28.13,100539.49,281783.16,32.34,35.17,35.98,36.4,224.57,256.17,257.96,258.15,258.2,0.49,normal
2026-05-06 16:11:52,414,28.34,28.14,100539.12,281087.03,33.37,36.23,37.01,37.42,231.85,264.37,266.17,266.36,266.4,0.48,normal
2026-05-06 16:11:57,412,28.34,28.15,100539.05,281087.03,34.4,37.35,38.15,38.57,239,272.52,274.38,274.57,274.61,0.5,normal
2026-05-06 16:12:02,411,28.34,28.11,100539.56,281318.69,35.03,38.02,38.82,39.24,243.47,277.59,279.46,279.65,279.69,0.49,normal
2026-05-06 16:12:07,410,28.35,28.15,100538.73,280164.16,35.34,38.39,39.23,39.66,245.49,279.96,281.88,282.08,282.13,0.49,normal
2026-05-06 16:12:12,410,28.34,28.15,100539.17,280855.72,34.8,37.85,38.71,39.16,241.64,275.64,277.57,277.78,277.83,0.49,normal
2026-05-06 16:12:17,409,28.32,28.16,100539.59,281550.72,33.58,36.54,37.4,37.84,233.14,265.98,267.86,268.06,268.11,0.5,normal
2026-05-06 16:12:22,409,28.32,28.12,100540.24,282015.97,32.93,35.92,36.84,37.31,228.36,260.68,262.61,262.82,262.87,0.5,normal
2026-05-06 16:12:27,408,28.32,28.12,100538.29,281550.72,32.4,35.34,36.24,36.71,224.67,256.47,258.37,258.58,258.63,0.51,normal
2026-05-06 16:12:32,410,28.33,28.12,100538.26,282951.09,32.37,35.36,36.3,36.79,224.37,256.2,258.15,258.36,258.4,0.52,normal
2026-05-06 16:12:37,412,28.34,28.09,100539.03,281783.16,32.86,35.91,36.87,37.37,227.77,260.1,262.08,262.3,262.34,0.51,normal
2026-05-06 16:12:42,414,28.35,28.06,100539.68,282482.75,32.75,35.8,36.77,37.28,226.93,259.17,261.16,261.38,261.43,0.5,normal
2026-05-06 16:12:47,413,28.35,28.03,100539.59,283892.44,32.77,35.87,36.88,37.4,227.01,259.34,261.37,261.6,261.64,0.5,normal
2026-05-06 16:12:52,413,28.36,28.05,100539.98,282015.97,32.21,35.25,36.23,36.74,223.16,254.92,256.91,257.13,257.17,0.5,normal
2026-05-06 16:12:57,412,28.37,28.05,100539.27,281550.72,31.67,34.59,35.49,35.97,219.56,250.7,252.59,252.79,252.84,0.49,normal
2026-05-06 16:13:02,413,28.37,28.04,100540.09,282015.97,31.31,34.19,35.08,35.55,217.1,247.87,249.74,249.94,249.98,0.51,normal
2026-05-06 16:13:07,414,28.36,27.99,100539.85,283892.44,31.21,34.15,35.1,35.59,216.24,247.01,248.93,249.15,249.19,0.51,normal
2026-05-06 16:13:12,414,28.36,27.98,100539.29,281550.72,30.95,33.95,34.95,35.48,214.22,244.84,246.82,247.04,247.09,0.53,normal
2026-05-06 16:13:17,414,28.37,28,100538.68,282716.72,30.74,33.75,34.78,35.32,212.69,243.15,245.15,245.37,245.42,0.51,normal
2026-05-06 16:13:22,414,28.37,28,100538.51,282015.97,30.59,33.57,34.58,35.11,211.71,242,243.97,244.19,244.24,0.51,normal
2026-05-06 16:13:27,413,28.36,27.93,100539.99,281783.16,30.84,33.81,34.81,35.32,213.48,243.98,245.94,246.16,246.2,0.5,normal
2026-05-06 16:13:32,410,28.36,27.96,100540.07,282015.97,30.34,33.21,34.14,34.63,210.16,240.09,241.97,242.18,242.22,0.48,normal
2026-05-06 16:13:37,408,28.36,27.97,100539.45,284128.75,29.51,32.24,33.09,33.54,204.59,233.62,235.38,235.58,235.62,0.49,normal
2026-05-06 16:13:42,407,28.36,28,100539.57,283892.44,29.42,32.2,33.1,33.58,203.75,232.77,234.59,234.79,234.84,0.5,normal
2026-05-06 16:13:47,407,28.36,28.02,100539.49,284128.75,29.61,32.47,33.43,33.93,204.93,234.22,236.11,236.32,236.37,0.49,normal
2026-05-06 16:13:52,409,28.36,28.05,100539.81,282951.09,30.18,33.06,34.02,34.51,208.95,238.76,240.65,240.87,240.91,0.48,normal
2026-05-06 16:13:57,408,28.36,28.05,100540.26,282716.72,30.65,33.5,34.4,34.87,212.42,242.6,244.45,244.65,244.7,0.47,normal
2026-05-06 16:14:02,408,28.35,28.03,100540.14,283656.5,30.4,33.19,34.05,34.49,210.77,240.64,242.44,242.64,242.68,0.49,normal
2026-05-06 16:14:07,407,28.34,28.03,100539.88,284840.06,29.65,32.34,33.15,33.57,205.66,234.76,236.49,236.67,236.71,0.49,normal
2026-05-06 16:14:12,406,28.35,28.05,100539.34,285077.94,29.36,31.99,32.76,33.17,203.69,232.45,234.14,234.32,234.36,0.5,normal
2026-05-06 16:14:17,406,28.36,28.07,100539.34,281783.16,29.21,31.81,32.57,32.96,202.76,231.35,233.01,233.19,233.23,0.5,normal
2026-05-06 16:14:22,405,28.37,28.08,100540.31,282015.97,28.76,31.29,32.01,32.38,199.67,227.78,229.38,229.55,229.59,0.5,normal
2026-05-06 16:14:27,407,28.37,28.07,100540.19,282482.75,28.07,30.5,31.17,31.52,194.95,222.33,223.87,224.03,224.06,0.5,normal
2026-05-06 16:14:32,407,28.37,28.07,100541.38,282015.97,27.56,29.94,30.6,30.94,191.4,218.28,219.79,219.94,219.98,0.5,normal
2026-05-06 16:14:37,408,28.37,28.05,100540.12,283892.44,27.06,29.39,30.03,30.37,187.99,214.38,215.85,216,216.04,0.49,normal
2026-05-06 16:14:42,409,28.36,28.05,100539.05,284128.75,26.78,29.09,29.73,30.06,186,212.11,213.57,213.72,213.76,0.49,normal
2026-05-06 16:14:47,410,28.36,28.08,100540.24,281087.03,27.2,29.53,30.17,30.5,189.02,215.53,216.99,217.15,217.18,0.49,normal
2026-05-06 16:14:52,410,28.36,28.12,100539.02,282951.09,28.07,30.49,31.15,31.49,195.04,222.41,223.93,224.09,224.12,0.49,normal
2026-05-06 16:14:57,408,28.37,28.13,100538.69,282249.19,28.05,30.44,31.08,31.41,194.93,222.24,223.74,223.89,223.93,0.48,normal
2026-05-06 16:15:02,407,28.37,28.1,100541.06,282951.09,28.04,30.36,30.94,31.25,195.03,222.24,223.67,223.82,223.85,0.47,normal
2026-05-06 16:15:07,407,28.37,28.06,100539.99,282482.75,28.27,30.57,31.12,31.41,196.75,224.13,225.54,225.68,225.71,0.48,normal
2026-05-06 16:15:12,408,28.37,27.98,100540.05,282716.72,27.97,30.23,30.76,31.04,194.71,221.78,223.15,223.29,223.32,0.49,normal
2026-05-06 16:15:17,408,28.38,27.97,100539.94,283656.5,27.41,29.58,30.07,30.33,190.86,217.34,218.65,218.78,218.81,0.47,normal
2026-05-06 16:15:22,410,28.38,27.99,100538.77,281550.72,26.75,28.84,29.3,29.54,186.37,212.17,213.43,213.55,213.58,0.47,normal
2026-05-06 16:15:27,410,28.39,28.01,100539.99,282015.97,27.78,29.93,30.39,30.62,193.56,220.32,221.61,221.73,221.76,0.49,normal
2026-05-06 16:15:32,412,28.4,28.04,100539.99,281087.03,28.5,30.71,31.18,31.43,198.61,226.07,227.39,227.52,227.55,0.48,normal
2026-05-06 16:15:37,412,28.4,28.01,100540.16,283185.84,29.03,31.25,31.71,31.94,202.32,230.26,231.58,231.7,231.74,0.48,normal
2026-05-06 16:15:42,410,28.39,27.98,100539.12,284128.75,29.5,31.73,32.18,32.41,205.66,234.01,235.34,235.46,235.49,0.48,normal
2026-05-06 16:15:47,410,28.38,27.97,100540.82,283185.84,29.18,31.37,31.8,32.02,203.5,231.53,232.82,232.94,232.97,0.47,normal
2026-05-06 16:15:52,409,28.38,27.96,100538.41,282951.09,28.83,30.99,31.41,31.63,201.06,228.75,230.02,230.14,230.17,0.48,normal
2026-05-06 16:15:57,410,28.4,27.96,100539.12,282482.75,28.46,30.6,31.01,31.23,198.47,225.8,227.06,227.18,227.21,0.48,normal
2026-05-06 16:16:02,412,28.4,27.94,100539.72,282716.72,27.89,29.96,30.35,30.55,194.58,221.33,222.54,222.65,222.68,0.47,normal
2026-05-06 16:16:07,413,28.4,27.96,100539.26,282015.97,27.28,29.28,29.63,29.82,190.39,216.51,217.67,217.78,217.81,0.47,normal
2026-05-06 16:16:12,412,28.39,28,100538.65,282482.75,26.51,28.43,28.76,28.93,185,210.37,211.48,211.58,211.6,0.48,normal
2026-05-06 16:16:17,408,28.38,27.99,100538.14,284602.56,26.61,28.55,28.89,29.07,185.73,211.21,212.33,212.43,212.46,0.48,normal
2026-05-06 16:16:22,406,28.36,28.01,100538.95,284602.56,26.76,28.72,29.06,29.24,186.76,212.39,213.52,213.63,213.65,0.49,normal
2026-05-06 16:16:27,408,28.37,28.01,100539.81,283185.84,26.85,28.81,29.15,29.33,187.4,213.11,214.25,214.35,214.38,0.48,normal
2026-05-06 16:16:32,406,28.37,28,100538.87,283420.97,26.53,28.45,28.78,28.95,185.2,210.59,211.7,211.8,211.82,0.48,normal
2026-05-06 16:16:37,406,28.36,28.01,100538.18,285554.94,26.3,28.19,28.5,28.66,183.59,208.73,209.82,209.92,209.94,0.49,normal
2026-05-06 16:16:42,406,28.37,27.99,100537.98,285316.25,26.45,28.37,28.7,28.88,184.62,209.93,211.05,211.15,211.17,0.49,normal
2026-05-06 16:16:47,405,28.37,27.99,100538.29,283185.84,26.68,28.65,29.01,29.2,186.17,211.75,212.9,213,213.03,0.5,normal
2026-05-06 16:16:52,405,28.36,27.98,100538.01,285554.94,26.44,28.4,28.77,28.95,184.46,209.82,210.96,211.07,211.1,0.49,normal
2026-05-06 16:16:57,407,28.36,27.98,100538.03,284365.47,26.27,28.23,28.6,28.79,183.22,208.43,209.58,209.68,209.71,0.49,normal
2026-05-06 16:17:02,409,28.38,27.99,100537.85,285794.03,25.71,27.65,28.03,28.23,179.23,203.93,205.08,205.18,205.21,0.49,normal
2026-05-06 16:17:07,408,28.37,27.99,100539.09,285077.94,25.32,27.23,27.6,27.8,176.54,200.86,201.99,202.09,202.12,0.48,normal
2026-05-06 16:17:12,408,28.39,27.99,100538.95,283185.84,24.98,26.86,27.22,27.42,174.18,198.18,199.28,199.39,199.41,0.48,normal
2026-05-06 16:17:17,409,28.4,27.97,100539.53,283656.5,24.33,26.14,26.48,26.66,169.66,193,194.07,194.17,194.19,0.49,normal
2026-05-06 16:17:22,409,28.4,27.96,100538.91,283656.5,24.81,26.65,27,27.18,173.03,196.83,197.91,198.01,198.04,0.5,normal
2026-05-06 16:17:27,407,28.41,27.93,100539.41,283420.97,24.94,26.8,27.15,27.33,173.94,197.87,198.96,199.06,199.09,0.49,normal
2026-05-06 16:17:32,407,28.4,27.94,100539.54,284365.47,25.29,27.18,27.54,27.72,176.39,200.67,201.78,201.88,201.91,0.5,normal
2026-05-06 16:17:38,406,28.39,27.95,100537.85,282951.09,25.54,27.44,27.81,28,178.1,202.61,203.73,203.84,203.86,0.5,normal
2026-05-06 16:17:43,405,28.38,27.97,100538.48,284840.06,25.83,27.77,28.15,28.35,180.08,204.89,206.03,206.14,206.17,0.49,normal
2026-05-06 16:17:48,404,28.38,27.98,100539.07,285316.25,25.57,27.52,27.92,28.13,178.24,202.84,204,204.11,204.14,0.49,normal
2026-05-06 16:17:53,404,28.38,27.97,100538.09,283656.5,25.49,27.45,27.85,28.06,177.65,202.19,203.35,203.46,203.49,0.49,normal
2026-05-06 16:17:58,401,28.38,27.98,100539.36,283420.97,25.53,27.47,27.86,28.06,178.02,202.56,203.71,203.82,203.84,0.48,normal
2026-05-06 16:18:03,401,28.38,27.97,100539.34,284365.47,25.4,27.29,27.64,27.83,177.2,201.56,202.67,202.77,202.8,0.47,normal
2026-05-06 16:18:08,403,28.39,27.94,100538.55,284840.06,24.91,26.72,27.04,27.21,173.82,197.67,198.72,198.82,198.84,0.47,normal
2026-05-06 16:18:13,403,28.39,27.96,100539.41,284128.75,24.7,26.46,26.75,26.9,172.44,196.04,197.05,197.14,197.17,0.47,normal
2026-05-06 16:18:18,404,28.36,27.95,100538.73,285316.25,24.24,25.95,26.21,26.35,169.29,192.42,193.4,193.48,193.51,0.48,normal
2026-05-06 16:18:23,402,28.35,27.95,100538.06,286754.41,24.14,25.83,26.08,26.22,168.62,191.64,192.6,192.68,192.7,0.48,normal
2026-05-06 16:18:28,403,28.36,27.98,100537.99,285316.25,24.39,26.09,26.34,26.47,170.41,193.66,194.62,194.7,194.72,0.48,normal
2026-05-06 16:18:33,403,28.35,27.96,100538.41,286513.72,23.95,25.6,25.83,25.95,167.35,190.15,191.08,191.16,191.18,0.48,normal
2026-05-06 16:18:38,406,28.35,27.94,100537.3,285794.03,23.32,24.93,25.16,25.28,162.91,185.12,186.03,186.11,186.13,0.48,normal
2026-05-06 16:18:43,405,28.35,27.94,100536.8,285316.25,22.73,24.3,24.52,24.63,158.83,180.48,181.36,181.44,181.46,0.48,normal
2026-05-06 16:18:48,405,28.35,27.95,100538.23,285794.03,22.44,24,24.23,24.35,156.75,178.14,179.02,179.1,179.12,0.48,normal
2026-05-06 16:18:53,405,28.35,27.98,100536.23,285794.03,22.72,24.31,24.54,24.66,158.7,180.36,181.26,181.34,181.36,0.48,normal
2026-05-06 16:18:58,403,28.35,27.98,100536.21,284602.56,23.1,24.71,24.95,25.08,161.37,183.4,184.31,184.39,184.41,0.48,normal
2026-05-06 16:19:03,402,28.35,28,100536.52,285077.94,23.45,25.1,25.35,25.48,163.78,186.15,187.09,187.17,187.19,0.48,normal
2026-05-06 16:19:08,402,28.34,27.99,100536.35,285316.25,23.3,24.96,25.22,25.35,162.72,184.97,185.92,186,186.02,0.48,normal
2026-05-06 16:19:13,400,28.34,28.02,100537.87,284602.56,22.84,24.48,24.76,24.9,159.46,181.3,182.24,182.33,182.35,0.48,normal
2026-05-06 16:19:18,402,28.34,28.01,100536.35,285554.94,23.18,24.85,25.13,25.28,161.83,184,184.96,185.04,185.07,0.46,normal
2026-05-06 16:19:23,403,28.35,28,100536.83,285077.94,22.97,24.63,24.9,25.04,160.38,182.35,183.3,183.38,183.41,0.46,normal
2026-05-06 16:19:28,403,28.34,28,100537.33,285554.94,22.84,24.5,24.78,24.93,159.41,181.26,182.22,182.31,182.33,0.48,normal
2026-05-06 16:19:33,403,28.31,27.99,100536.19,286995.53,23.24,24.96,25.28,25.45,162.15,184.44,185.44,185.53,185.56,0.48,normal
2026-05-06 16:19:38,403,28.31,27.99,100537.59,285077.94,22.86,24.56,24.89,25.06,159.41,181.35,182.35,182.44,182.47,0.47,normal
2026-05-06 16:19:43,402,28.31,28,100538.05,286513.72,22.33,24.01,24.34,24.51,155.72,177.17,178.16,178.25,178.28,0.49,normal
2026-05-06 16:19:48,402,28.31,28.01,100536.77,285794.03,22.17,23.85,24.19,24.37,154.57,175.89,176.88,176.98,177,0.49,normal
2026-05-06 16:19:53,402,28.32,28.01,100537.09,285316.25,22.07,23.75,24.1,24.28,153.81,175.04,176.04,176.14,176.16,0.49,normal
2026-05-06 16:19:58,402,28.33,28.01,100538.08,286273.41,22.22,23.93,24.28,24.47,154.87,176.26,177.28,177.37,177.4,0.49,normal
2026-05-06 16:20:03,401,28.34,28.01,100537.58,287478.94,22.57,24.31,24.68,24.88,157.23,178.97,180.02,180.12,180.15,0.5,normal
2026-05-06 16:20:08,399,28.32,27.99,100537.62,285794.03,22.75,24.5,24.87,25.06,158.56,180.47,181.51,181.61,181.64,0.49,normal
2026-05-06 16:20:13,401,28.32,27.99,100537.25,287721.28,22.8,24.56,24.92,25.11,158.93,180.89,181.93,182.03,182.06,0.5,normal
2026-05-06 16:20:18,399,28.33,28.02,100536.72,284602.56,22.95,24.73,25.11,25.31,159.9,182.01,183.08,183.18,183.21,0.5,normal
2026-05-06 16:20:23,400,28.33,28.03,100537.19,287478.94,23.25,25.07,25.46,25.67,162,184.42,185.51,185.62,185.65,0.5,normal
2026-05-06 16:20:28,399,28.35,28.01,100536.87,285554.94,23.41,25.22,25.6,25.8,163.12,185.67,186.75,186.85,186.88,0.48,normal
2026-05-06 16:20:33,399,28.35,27.95,100536.02,286273.41,22.6,24.31,24.66,24.84,157.53,179.25,180.27,180.37,180.39,0.49,normal
2026-05-06 16:20:38,400,28.35,27.93,100538.23,284840.06,21.72,23.35,23.67,23.83,151.5,172.36,173.32,173.41,173.43,0.48,normal
2026-05-06 16:20:43,401,28.35,27.93,100537.78,284365.47,21,22.56,22.85,23,146.47,166.61,167.53,167.61,167.63,0.48,normal
2026-05-06 16:20:48,402,28.35,27.95,100539.12,284365.47,21.24,22.81,23.1,23.25,148.18,168.54,169.46,169.55,169.57,0.48,normal
2026-05-06 16:20:53,402,28.34,27.96,100537.6,284365.47,21.37,22.95,23.24,23.39,149.07,169.56,170.48,170.56,170.59,0.49,normal
2026-05-06 16:20:58,400,28.34,28.04,100538.06,285316.25,20.9,22.46,22.75,22.9,145.77,165.82,166.74,166.82,166.84,0.5,normal
2026-05-06 16:21:03,401,28.34,28,100538.23,286033.53,20.53,22.11,22.43,22.6,143.11,162.87,163.8,163.89,163.91,0.52,normal
2026-05-06 16:21:08,398,28.34,27.97,100539.38,286033.53,20.62,22.27,22.66,22.86,143.58,163.51,164.52,164.62,164.64,0.53,normal
2026-05-06 16:21:13,400,28.34,27.96,100538.14,285316.25,21.12,22.87,23.31,23.54,146.87,167.37,168.46,168.57,168.59,0.52,normal
2026-05-06 16:21:18,400,28.34,27.93,100537.3,286995.53,21.06,22.84,23.3,23.55,146.38,166.86,167.97,168.09,168.11,0.51,normal
2026-05-06 16:21:23,400,28.34,27.92,100537.55,286513.72,20.66,22.4,22.86,23.1,143.6,163.7,164.78,164.9,164.92,0.51,normal
2026-05-06 16:21:28,402,28.34,27.92,100537.8,286033.53,20.21,21.91,22.36,22.59,140.47,160.12,161.18,161.29,161.32,0.5,normal
2026-05-06 16:21:33,399,28.35,27.92,100537.94,284840.06,20.1,21.77,22.2,22.42,139.75,159.27,160.31,160.41,160.44,0.49,normal
2026-05-06 16:21:38,400,28.36,27.91,100538.19,285794.03,20.17,21.83,22.24,22.46,140.34,159.91,160.93,161.03,161.06,0.49,normal
2026-05-06 16:21:43,399,28.35,27.9,100537.23,286033.53,20.13,21.75,22.13,22.33,140.1,159.58,160.57,160.67,160.69,0.47,normal
2026-05-06 16:21:48,400,28.35,27.88,100537.84,285794.03,19.66,21.2,21.55,21.73,136.9,155.87,156.8,156.89,156.91,0.47,normal
2026-05-06 16:21:53,401,28.33,27.89,100538.4,286033.53,19.05,20.51,20.81,20.97,132.81,151.14,152.01,152.09,152.11,0.47,normal
2026-05-06 16:21:58,400,28.34,27.91,100538.63,286754.41,18.51,19.9,20.16,20.3,129.11,146.88,147.69,147.77,147.79,0.47,normal
2026-05-06 16:22:03,398,28.35,27.9,100537.84,285316.25,18.37,19.73,19.99,20.12,128.1,145.72,146.52,146.6,146.62,0.47,normal
2026-05-06 16:22:08,395,28.35,27.87,100538.32,286754.41,18.74,20.13,20.39,20.52,130.73,148.7,149.51,149.59,149.61,0.47,normal
2026-05-06 16:22:13,399,28.35,27.89,100538.13,285077.94,19.35,20.8,21.07,21.22,134.98,153.56,154.4,154.48,154.5,0.48,normal
2026-05-06 16:22:18,400,28.35,27.93,100537.06,286033.53,19.6,21.07,21.36,21.51,136.65,155.47,156.35,156.43,156.45,0.47,normal
2026-05-06 16:22:23,401,28.36,27.93,100537.37,285077.94,19.79,21.27,21.56,21.71,137.98,156.98,157.85,157.93,157.96,0.46,normal
2026-05-06 16:22:28,402,28.36,27.86,100535.66,285554.94,19.5,20.96,21.23,21.38,136.04,154.75,155.61,155.69,155.71,0.46,normal
2026-05-06 16:22:33,401,28.37,27.8,100535.98,287964,18.62,20.01,20.28,20.41,129.89,147.76,148.57,148.65,148.67,0.47,normal
2026-05-06 16:22:38,402,28.36,27.77,100535.96,284840.06,18.2,19.56,19.82,19.96,126.9,144.37,145.17,145.25,145.27,0.47,normal
2026-05-06 16:22:43,402,28.36,27.74,100538.27,284128.75,18.12,19.47,19.73,19.86,126.36,143.75,144.55,144.62,144.64,0.46,normal
2026-05-06 16:22:48,401,28.35,27.75,100538.23,286273.41,18.49,19.86,20.13,20.26,128.93,146.67,147.48,147.55,147.57,0.47,normal
2026-05-06 16:22:53,401,28.36,27.81,100537.38,284840.06,19.32,20.76,21.03,21.17,134.78,153.32,154.16,154.24,154.26,0.46,normal
2026-05-06 16:22:58,401,28.36,27.86,100537.75,285554.94,19.39,20.83,21.1,21.24,135.27,153.86,154.71,154.79,154.81,0.46,normal
2026-05-06 16:23:03,401,28.35,27.91,100537.53,285554.94,19.81,21.27,21.54,21.68,138.21,157.2,158.06,158.13,158.15,0.46,normal
2026-05-06 16:23:08,402,28.35,27.93,100538.67,285077.94,20.29,21.8,22.09,22.24,141.53,161,161.89,161.97,162,0.47,normal
2026-05-06 16:23:13,401,28.35,27.86,100538.23,286995.53,20.31,21.85,22.16,22.33,141.61,161.14,162.05,162.14,162.16,0.48,normal
2026-05-06 16:23:18,403,28.36,27.86,100537.19,285316.25,20,21.53,21.84,22.01,139.39,158.63,159.54,159.63,159.65,0.48,normal
2026-05-06 16:23:24,401,28.36,27.85,100538.7,285077.94,19.48,20.98,21.29,21.45,135.8,154.55,155.44,155.53,155.55,0.48,normal
2026-05-06 16:23:29,399,28.37,27.86,100537.19,285554.94,19.11,20.59,20.91,21.07,133.15,151.56,152.45,152.54,152.56,0.48,normal
2026-05-06 16:23:34,399,28.36,27.84,100538.88,285077.94,18.86,20.34,20.68,20.85,131.32,149.53,150.43,150.51,150.53,0.49,normal
2026-05-06 16:23:39,399,28.37,27.84,100538.29,287237.03,18.46,19.92,20.26,20.43,128.53,146.36,147.25,147.34,147.36,0.48,normal
2026-05-06 16:23:44,401,28.38,27.86,100537.06,285077.94,18.49,19.97,20.32,20.5,128.68,146.57,147.47,147.56,147.58,0.49,normal
2026-05-06 16:23:49,402,28.38,27.87,100536.77,285554.94,18.07,19.55,19.91,20.09,125.74,143.25,144.16,144.25,144.27,0.49,normal
2026-05-06 16:23:54,402,28.38,27.87,100537.12,286033.53,18.15,19.65,20.02,20.22,126.2,143.82,144.74,144.84,144.86,0.5,normal
2026-05-06 16:23:59,403,28.38,27.86,100536.26,285794.03,18.89,20.5,20.93,21.15,131.3,149.69,150.7,150.8,150.83,0.51,normal
2026-05-06 16:24:04,403,28.39,27.86,100537.02,286033.53,19.22,20.9,21.37,21.61,133.5,152.27,153.33,153.44,153.47,0.51,normal
2026-05-06 16:24:09,403,28.38,27.83,100534.62,286033.53,19.4,21.15,21.67,21.94,134.56,153.58,154.7,154.82,154.85,0.52,normal
2026-05-06 16:24:14,405,28.37,27.83,100536.66,285554.94,19.58,21.4,21.98,22.28,135.71,154.99,156.17,156.3,156.33,0.51,normal
2026-05-06 16:24:19,403,28.35,27.86,100537.72,286513.72,19.46,21.31,21.91,22.23,134.76,153.97,155.18,155.31,155.34,0.51,normal
2026-05-06 16:24:24,406,28.36,27.87,100538.44,286033.53,19.12,20.98,21.61,21.93,132.35,151.28,152.51,152.64,152.67,0.52,normal
2026-05-06 16:24:29,405,28.35,27.86,100536.17,286033.53,19.3,21.18,21.82,22.15,133.53,152.65,153.89,154.03,154.06,0.52,normal
2026-05-06 16:24:34,405,28.35,27.86,100535.44,285794.03,19.38,21.23,21.84,22.16,134.2,153.34,154.56,154.7,154.72,0.51,normal
2026-05-06 16:24:39,404,28.35,27.84,100536.98,286273.41,19.23,21.02,21.59,21.89,133.25,152.18,153.35,153.48,153.51,0.49,normal
2026-05-06 16:24:44,403,28.36,27.84,100535.9,287721.28,19.18,20.92,21.45,21.73,133.05,151.88,153,153.12,153.14,0.49,normal
2026-05-06 16:24:49,405,28.37,27.86,100536.97,286754.41,19.4,21.14,21.66,21.92,134.62,153.63,154.74,154.86,154.89,0.49,normal
2026-05-06 16:24:54,404,28.39,27.87,100535.99,286273.41,19.34,21.06,21.57,21.83,134.23,153.17,154.27,154.39,154.41,0.5,normal
2026-05-06 16:24:59,405,28.39,27.86,100536.67,285554.94,18.98,20.66,21.14,21.39,131.79,150.35,151.42,151.53,151.55,0.5,normal
2026-05-06 16:25:04,406,28.39,27.86,100536.89,284840.06,18.77,20.39,20.83,21.07,130.37,148.67,149.69,149.8,149.82,0.49,normal
2026-05-06 16:25:09,406,28.38,27.82,100534.87,285077.94,18.53,20.07,20.47,20.67,128.86,146.86,147.81,147.91,147.93,0.48,normal
2026-05-06 16:25:14,405,28.39,27.8,100536.16,285077.94,18.42,19.92,20.28,20.47,128.18,146.02,146.93,147.03,147.05,0.49,normal
2026-05-06 16:25:19,404,28.41,27.79,100537.16,284840.06,18.26,19.72,20.06,20.23,127.14,144.79,145.68,145.77,145.79,0.49,normal
2026-05-06 16:25:24,404,28.39,27.79,100536.76,284602.56,17.88,19.29,19.6,19.76,124.55,141.8,142.65,142.73,142.75,0.49,normal
2026-05-06 16:25:29,404,28.39,27.82,100536.05,284365.47,17.67,19.03,19.33,19.48,123.08,140.11,140.93,141.01,141.03,0.49,normal
2026-05-06 16:25:34,403,28.38,27.83,100535.49,285316.25,17.81,19.17,19.46,19.6,124.12,141.26,142.07,142.15,142.17,0.49,normal
2026-05-06 16:25:39,404,28.38,27.82,100535.79,285554.94,18.04,19.39,19.66,19.8,125.78,143.1,143.9,143.97,143.99,0.48,normal
2026-05-06 16:25:44,404,28.37,27.82,100535.77,286033.53,17.81,19.12,19.36,19.48,124.28,141.35,142.12,142.19,142.21,0.48,normal
2026-05-06 16:25:49,403,28.38,27.85,100535.79,286273.41,17.3,18.55,18.76,18.87,120.75,137.3,138.02,138.09,138.11,0.48,normal
2026-05-06 16:25:54,403,28.39,27.85,100536.09,284840.06,16.97,18.18,18.38,18.48,118.52,134.73,135.43,135.49,135.51,0.47,normal
2026-05-06 16:25:59,401,28.39,27.85,100537.05,284840.06,18.24,19.52,19.71,19.81,127.39,144.78,145.51,145.57,145.59,0.47,normal
2026-05-06 16:26:04,400,28.38,27.83,100537.24,285316.25,18.7,20,20.2,20.3,130.63,148.45,149.19,149.25,149.27,0.48,normal
2026-05-06 16:26:09,400,28.37,27.83,100535.54,285794.03,19.02,20.37,20.58,20.69,132.87,151.03,151.79,151.86,151.88,0.49,normal
2026-05-06 16:26:14,399,28.36,27.85,100536.09,287237.03,19.02,20.37,20.58,20.7,132.8,150.96,151.74,151.8,151.82,0.48,normal
2026-05-06 16:26:19,398,28.37,27.88,100535.16,285794.03,18.62,19.95,20.17,20.28,130.04,147.83,148.59,148.66,148.68,0.48,normal
2026-05-06 16:26:24,399,28.36,27.86,100535.58,285554.94,18.41,19.72,19.94,20.05,128.52,146.11,146.86,146.93,146.95,0.48,normal
2026-05-06 16:26:29,400,28.36,27.83,100536.45,284840.06,18.12,19.41,19.62,19.73,126.5,143.81,144.56,144.62,144.64,0.48,normal
2026-05-06 16:26:34,399,28.35,27.84,100536.12,286754.41,18.01,19.28,19.48,19.59,125.76,142.95,143.68,143.75,143.76,0.47,normal
2026-05-06 16:26:39,400,28.36,27.83,100536.04,285794.03,17.63,18.88,19.06,19.16,123.17,140,140.7,140.76,140.78,0.48,normal
2026-05-06 16:26:44,400,28.39,27.83,100536.77,284840.06,17.42,18.67,18.87,18.98,121.65,138.3,139.02,139.08,139.1,0.49,normal
2026-05-06 16:26:49,399,28.41,27.84,100537.04,283420.97,17.48,18.76,18.98,19.1,121.96,138.7,139.45,139.51,139.53,0.49,normal
2026-05-06 16:26:54,399,28.42,27.81,100536.84,286513.72,17.08,18.37,18.63,18.76,119.09,135.5,136.27,136.34,136.36,0.5,normal
2026-05-06 16:26:59,401,28.43,27.73,100537.01,284128.75,16.85,18.16,18.44,18.59,117.39,133.63,134.41,134.49,134.51,0.5,normal
2026-05-06 16:27:04,400,28.43,27.7,100536.45,286513.72,16.47,17.79,18.1,18.26,114.66,130.59,131.39,131.47,131.49,0.51,normal
2026-05-06 16:27:09,400,28.43,27.68,100536.68,285077.94,16,17.31,17.63,17.8,111.29,126.81,127.61,127.69,127.71,0.5,normal
2026-05-06 16:27:14,399,28.42,27.66,100536.98,285316.25,15.33,16.6,16.91,17.08,106.67,121.55,122.32,122.4,122.42,0.49,normal
2026-05-06 16:27:19,397,28.43,27.65,100536.12,284840.06,14.76,15.96,16.25,16.41,102.67,116.97,117.71,117.78,117.8,0.48,normal
2026-05-06 16:27:24,397,28.43,27.69,100536.74,286273.41,14.63,15.81,16.09,16.23,101.81,115.97,116.69,116.76,116.78,0.49,normal
2026-05-06 16:27:29,398,28.45,27.73,100534.6,283420.97,14.72,15.88,16.15,16.29,102.47,116.68,117.39,117.46,117.48,0.49,normal
2026-05-06 16:27:34,396,28.46,27.74,100534.97,286273.41,14.74,15.89,16.14,16.27,102.67,116.88,117.58,117.64,117.66,0.49,normal
2026-05-06 16:27:39,397,28.48,27.74,100534.84,283420.97,14.86,16,16.23,16.36,103.58,117.89,118.56,118.63,118.64,0.49,normal
2026-05-06 16:27:44,398,28.49,27.67,100534.41,282951.09,14.97,16.1,16.33,16.44,104.39,118.78,119.45,119.51,119.53,0.49,normal
2026-05-06 16:27:49,397,28.49,27.68,100533.78,286033.53,14.63,15.72,15.93,16.04,102.06,116.1,116.74,116.8,116.81,0.49,normal
2026-05-06 16:27:54,398,28.5,27.69,100534.13,285077.94,14.28,15.34,15.54,15.65,99.61,113.31,113.93,113.99,114,0.49,normal
2026-05-06 16:27:59,397,28.51,27.66,100534.54,284840.06,14.61,15.7,15.92,16.03,101.88,115.91,116.55,116.61,116.63,0.49,normal
2026-05-06 16:28:04,399,28.53,27.67,100532.75,284602.56,14.97,16.1,16.32,16.44,104.36,118.74,119.41,119.47,119.49,0.49,normal
2026-05-06 16:28:09,400,28.54,27.7,100533.94,282951.09,15.65,16.86,17.12,17.25,109.07,124.15,124.88,124.94,124.96,0.49,normal
2026-05-14 07:21:22,443,25.55,33.22,99293.51,271042.88,2.1,2.71,3.1,3.31,13.58,16.19,16.69,16.76,16.77,0.61,normal
2026-05-14 07:21:27,472,25.3,33.02,99294.77,394985.53,2.18,2.79,3.2,3.42,14.07,16.77,17.28,17.36,17.37,0.62,normal
2026-05-14 07:21:32,462,26.08,31.54,99293.47,438356.16,2.13,2.74,3.13,3.34,13.8,16.44,16.94,17.01,17.02,0.62,normal
2026-05-14 07:21:37,470,26.43,30.34,99294.79,454404.25,2.08,2.66,3.04,3.24,13.45,16.02,16.5,16.57,16.58,0.62,normal
2026-05-14 07:21:42,473,26.49,29.57,99294.08,470696.41,2.14,2.74,3.13,3.33,13.87,16.5,16.99,17.06,17.07,0.61,normal
2026-05-14 07:21:47,464,26.58,29.13,99293.12,481995.75,2.14,2.73,3.12,3.32,13.89,16.53,17.01,17.08,17.09,0.61,normal
2026-05-14 07:21:52,464,26.74,28.93,99293.41,484046.31,2.16,2.76,3.15,3.35,14.06,16.72,17.2,17.27,17.28,0.6,normal
2026-05-14 07:21:58,466,26.69,28.58,99293.58,500000,1.97,2.5,2.85,3.03,12.8,15.21,15.65,15.71,15.72,0.6,normal
2026-05-14 07:22:03,467,26.68,28.35,99294.05,498175.62,1.89,2.4,2.73,2.9,12.28,14.59,15,15.06,15.07,0.61,normal
2026-05-14 07:22:08,469,26.72,28.21,99294.48,500000,1.8,2.29,2.6,2.77,11.7,13.9,14.3,14.36,14.37,0.61,normal
2026-05-14 07:22:13,472,26.62,28.1,99295.23,505928.84,1.71,2.18,2.48,2.64,11.12,13.21,13.59,13.64,13.65,0.61,normal
2026-05-14 07:22:18,473,26.49,28.04,99293.86,516649.84,1.77,2.25,2.57,2.73,11.49,13.66,14.06,14.11,14.12,0.61,normal
2026-05-14 07:22:23,470,26.62,28.12,99293.3,501837.78,1.85,2.36,2.69,2.86,12.02,14.29,14.71,14.76,14.77,0.61,normal
2026-05-14 07:22:28,470,26.7,28.14,99292.89,501101.06,1.88,2.39,2.73,2.91,12.21,14.51,14.94,15,15,0.61,normal
2026-05-14 07:22:33,470,26.87,28.22,99295.28,495643.75,1.98,2.53,2.89,3.08,12.87,15.31,15.76,15.82,15.83,0.62,normal
2026-05-14 07:22:38,471,26.94,28.1,99294.36,496364.53,2.09,2.68,3.06,3.25,13.58,16.16,16.64,16.7,16.72,0.61,normal
2026-05-14 07:22:43,469,26.87,27.94,99293.58,505180.06,2.18,2.79,3.19,3.39,14.14,16.83,17.33,17.4,17.41,0.61,normal
2026-05-14 07:22:48,468,26.78,27.84,99294.09,508946.31,2.28,2.92,3.34,3.55,14.78,17.6,18.12,18.2,18.21,0.61,normal
2026-05-14 07:22:53,468,26.69,27.85,99293.09,512384.28,2.56,3.29,3.76,4.01,16.56,19.73,20.33,20.42,20.43,0.62,normal
2026-05-14 07:22:58,468,26.71,27.87,99291.56,510468.59,2.63,3.39,3.89,4.16,17,20.28,20.91,21,21.01,0.62,normal
2026-05-14 07:23:03,470,26.64,27.93,99293.17,506679.88,2.46,3.17,3.65,3.9,15.84,18.91,19.5,19.59,19.6,0.62,normal
2026-05-14 07:23:08,469,26.6,28.01,99292.79,504433.5,2.33,3.02,3.48,3.72,15.03,17.96,18.53,18.61,18.62,0.63,normal
2026-05-14 07:23:13,469,26.63,28.11,99293.91,500733.5,2.21,2.88,3.32,3.55,14.23,17.02,17.57,17.65,17.66,0.63,normal
2026-05-14 07:23:18,470,26.66,28.18,99293.57,502946.97,2.11,2.75,3.18,3.4,13.57,16.24,16.77,16.85,16.86,0.63,normal
2026-05-14 07:23:23,469,26.69,28.2,99294.84,502206.97,1.97,2.57,2.97,3.18,12.65,15.14,15.63,15.71,15.72,0.63,normal
2026-05-14 07:23:28,470,26.73,28.19,99292.7,506304.09,1.88,2.46,2.84,3.05,12.1,14.49,14.96,15.03,15.04,0.63,normal
2026-05-14 07:23:33,471,26.67,28.1,99294.28,504433.5,1.82,2.38,2.76,2.96,11.69,14.01,14.47,14.54,14.55,0.63,normal
2026-05-14 07:23:38,469,26.61,28.12,99294.25,502576.69,1.82,2.38,2.76,2.96,11.64,13.96,14.42,14.49,14.5,0.63,normal
2026-05-14 07:23:43,470,26.66,28.18,99294.11,504806.5,1.75,2.29,2.65,2.84,11.19,13.41,13.86,13.92,13.93,0.62,normal
2026-05-14 07:23:48,469,26.65,28.2,99293.38,505554.19,1.6,2.1,2.43,2.6,10.28,12.32,12.73,12.79,12.8,0.62,normal
2026-05-14 07:23:53,471,26.65,28.26,99292.29,508946.31,1.53,1.99,2.31,2.47,9.79,11.73,12.12,12.18,12.18,0.63,normal
2026-05-14 07:23:58,472,26.53,28.36,99292.23,433347.44,3469.87,6307.25,8487.28,9624.38,18012.05,24793.27,27278.18,27655.02,27709.08,1.2,aerosol
2026-05-14 07:24:03,471,26.65,28.4,99292.11,398211.16,646.17,1144.45,1525.55,1724.32,3426.52,4649.05,5084.56,5150.5,5159.98,0.69,aerosol
2026-05-14 07:24:08,471,26.5,28.28,99292.64,394073.5,65.1,105.76,136.26,152.17,368.12,478.51,513.75,519.05,519.82,0.64,aerosol
2026-05-14 07:24:13,471,26.49,28.19,99293.34,341219.59,472.1,996.54,1407.52,1621.88,2118.53,3226.4,3689.69,3760.44,3770.49,1.27,aerosol
2026-05-14 07:24:18,472,26.49,28.2,99293.84,315076.94,561.25,1553.79,2347.38,2761.32,1632.64,3443.71,4328.4,4464.44,4483.6,1.22,aerosol
2026-05-14 07:24:23,471,26.61,28.24,99294.85,318903.78,287.68,895.93,1384.94,1640,597.98,1659.47,2202.96,2286.69,2298.45,1.12,aerosol
2026-05-14 07:24:28,477,26.43,28.2,99297.51,337842.28,314.31,1067.67,1675.32,1992.27,440.27,1718.88,2393.01,2496.99,2511.57,1.2,aerosol
2026-05-14 07:24:33,498,26.28,28.21,99295.23,351769.16,685.62,2467.26,3907.03,4658.02,628.43,3602.6,5198.25,5444.51,5479.03,1.06,aerosol
2026-05-14 07:24:38,497,26.14,28.33,99293.73,366893.59,430.71,1314.67,2024.72,2395.08,959.45,2512.93,3302.47,3424.07,3441.16,0.98,aerosol
2026-05-14 07:24:43,496,26.17,28.43,99294.06,387365.25,65.94,177.58,266.71,313.2,203.73,409.85,509.3,524.58,526.74,0.97,aerosol
2026-05-14 07:24:48,495,26.17,28.47,99294.96,401018.22,29.12,71.58,105.29,122.87,106.37,188.23,225.96,231.75,232.56,0.95,aerosol
2026-05-14 07:24:53,496,26.13,28.64,99295.38,415163.19,28.43,64.75,93.41,108.36,116.21,189.27,221.45,226.38,227.07,0.91,aerosol
2026-05-14 07:24:58,497,26.25,28.68,99295.44,423928.78,36.55,79.35,112.98,130.52,158.78,247.48,285.34,291.12,291.94,0.9,aerosol
2026-05-14 07:25:03,497,26.43,28.68,99296.17,433072.53,60.72,129.73,183.88,212.13,268.74,413.32,474.32,483.64,484.96,0.9,aerosol
2026-05-14 07:25:08,496,26.45,28.55,99295.21,445217.41,54.39,110.16,153.68,176.37,255.18,376.6,425.77,433.27,434.34,0.85,aerosol
2026-05-14 07:25:13,496,26.4,28.44,99294.02,457449.19,29.94,58.38,80.46,91.97,145.93,209.74,234.76,238.56,239.11,0.86,aerosol
2026-05-14 07:25:18,494,26.38,28.41,99291.96,465243.06,29.46,55.84,76.24,86.88,147.43,208.07,231.24,234.76,235.26,0.85,aerosol
2026-05-14 07:25:23,494,26.41,28.4,99291.28,473635.53,30.48,57,77.47,88.14,154.41,216.12,239.39,242.92,243.43,0.87,aerosol
2026-05-14 07:25:28,493,26.51,28.41,99292.4,472979.22,32.85,60.41,81.61,92.68,168.9,234.03,258.17,261.84,262.36,0.86,aerosol
2026-05-14 07:25:33,493,26.7,28.43,99292.63,475947,36.04,66.06,89.16,101.21,185.76,256.94,283.25,287.24,287.81,0.86,aerosol
2026-05-14 07:25:38,492,26.78,28.33,99293.76,480977,37.49,68.06,91.54,103.79,194.82,267.97,294.74,298.8,299.38,0.83,aerosol
2026-05-14 07:25:43,490,26.84,28.22,99293.63,479962.5,37.23,67.35,90.47,102.53,194.05,266.37,292.74,296.73,297.31,0.86,aerosol
2026-05-14 07:25:48,490,26.86,28.12,99294.21,484733.72,36.61,66.53,89.52,101.51,190.12,261.65,287.85,291.82,292.39,0.87,aerosol
2026-05-14 07:25:53,490,26.85,28.03,99295.19,492426.06,35.67,65.04,87.61,99.39,184.71,254.69,280.41,284.32,284.88,0.85,aerosol
2026-05-14 07:25:58,490,26.81,27.93,99296.09,501469.16,34.31,61.88,83.04,94.07,179.27,245.67,269.81,273.47,273.99,0.85,aerosol
2026-05-14 07:26:03,489,26.76,27.89,99293.92,504433.5,32.98,59.28,79.44,89.96,172.77,236.33,259.34,262.83,263.33,0.86,aerosol
2026-05-14 07:26:08,491,26.77,27.93,99292.49,504433.5,31.4,56.68,76.08,86.2,163.96,224.79,246.92,250.28,250.76,0.86,aerosol
2026-05-14 07:26:13,493,26.72,27.87,99293.47,520193.03,29.85,54.15,72.82,82.55,155.2,213.39,234.67,237.9,238.36,0.85,aerosol
2026-05-14 07:26:18,491,26.75,27.87,99292.52,520193.03,28.95,52.61,70.78,80.26,150.31,206.87,227.59,230.73,231.18,0.85,aerosol
2026-05-14 07:26:23,488,26.82,27.97,99292,514702.19,28.18,50.57,67.73,76.69,147.85,202.05,221.64,224.61,225.03,0.81,aerosol
2026-05-14 07:26:28,489,26.91,28.03,99292.7,513154.59,26.86,47.32,62.95,71.1,143.02,193.5,211.37,214.08,214.47,0.81,aerosol
2026-05-14 07:26:33,491,26.58,27.91,99292.84,524590.19,25.35,44.39,58.92,66.5,135.62,182.9,199.53,202.05,202.41,0.81,aerosol
2026-05-14 07:26:38,491,26.46,28.1,99293.55,522982.62,23.99,42.33,56.36,63.67,127.56,172.74,188.77,191.2,191.55,0.82,aerosol
2026-05-14 07:26:43,490,26.7,28.27,99292.54,520193.03,23.52,41.93,56.03,63.38,124.06,168.92,185.02,187.46,187.81,0.81,aerosol
2026-05-14 07:26:48,490,26.86,28.24,99294.73,522582.28,23.42,41.82,55.91,63.26,123.4,168.17,184.26,186.69,187.04,0.8,aerosol
2026-05-14 07:26:53,488,26.76,28.08,99296.12,534446.75,23.02,40.79,54.39,61.48,122.01,165.59,181.13,183.48,183.82,0.8,aerosol
2026-05-14 07:26:58,488,26.71,27.95,99296.22,542085.75,22.57,39.68,52.75,59.56,120.42,162.73,177.67,179.94,180.26,0.8,aerosol
2026-05-14 07:27:03,487,26.74,27.93,99295.38,541655.62,22.13,38.67,51.29,57.87,118.6,159.76,174.2,176.39,176.7,0.79,aerosol
2026-05-14 07:27:08,485,26.8,27.91,99295.55,540797.44,21.62,37.85,50.24,56.71,115.68,156,170.18,172.32,172.63,0.8,aerosol
2026-05-14 07:27:13,486,26.71,27.92,99296.18,552617.38,21.44,37.04,48.91,55.11,115.96,155.28,168.88,170.94,171.24,0.77,aerosol
2026-05-14 07:27:18,487,26.54,27.91,99291.73,559410,20.96,35.89,47.23,53.15,114.13,152.13,165.14,167.11,167.39,0.77,normal
2026-05-14 07:27:23,485,26.61,27.99,99291.48,557582.38,20.24,34.39,45.12,50.71,110.86,147.2,159.52,161.38,161.65,0.77,normal
2026-05-14 07:27:28,485,26.72,28.06,99291.4,546424.75,19.71,33.39,43.76,49.17,108.12,143.38,155.29,157.09,157.35,0.78,normal
2026-05-14 07:27:33,483,26.88,28.1,99292.84,540797.44,19.12,32.09,41.9,47.01,105.69,139.49,150.77,152.47,152.71,0.76,normal
2026-05-14 07:27:38,483,26.97,28.03,99292.67,541226.19,18.81,31.16,40.47,45.33,104.88,137.59,148.32,149.93,150.17,0.74,normal
2026-05-14 07:27:43,483,27.05,27.91,99294.39,529883.56,18.28,29.93,38.7,43.27,102.77,134.09,144.2,145.72,145.95,0.74,normal
2026-05-14 07:27:48,481,27.1,27.78,99296.25,529883.56,17.74,28.88,37.24,41.6,100.2,130.37,140.02,141.47,141.68,0.75,normal
2026-05-14 07:27:53,482,27.02,27.66,99294.59,530707.44,17.65,28.56,36.74,41,100.11,129.89,139.34,140.76,140.97,0.74,normal
2026-05-14 07:27:58,484,26.98,27.6,99293.91,530707.44,17.61,28.37,36.42,40.62,100.18,129.72,139.03,140.43,140.63,0.75,normal
2026-05-14 07:28:03,482,26.83,27.59,99292.57,541655.62,16.93,27.28,35.03,39.07,96.26,124.67,133.63,134.98,135.17,0.76,normal
2026-05-14 07:28:08,482,26.75,27.63,99292.34,555314.56,16.81,26.99,34.61,38.58,95.79,123.87,132.69,134.01,134.21,0.75,normal
2026-05-14 07:28:14,483,26.73,27.67,99292.49,549503.62,16.84,27.19,34.95,38.99,95.65,123.99,132.96,134.3,134.5,0.77,normal
2026-05-14 07:28:19,481,26.72,27.73,99291.62,549503.62,17.08,27.67,35.62,39.76,96.76,125.62,134.8,136.18,136.38,0.76,normal
2026-05-14 07:28:24,482,26.65,27.72,99292.05,561249.69,17.2,28.06,36.21,40.47,96.97,126.29,135.71,137.13,137.33,0.77,normal
2026-05-14 07:28:29,481,26.72,27.75,99292.08,555314.56,17.35,28.65,37.17,41.61,97,127.04,136.85,138.33,138.55,0.78,normal
2026-05-14 07:28:34,478,26.79,27.8,99292.27,552617.38,16.55,27.41,35.61,39.88,92.31,121.09,130.52,131.94,132.15,0.77,normal
2026-05-14 07:28:39,482,26.76,27.77,99293.05,551278.62,15.97,26.15,33.8,37.79,89.78,117.13,125.97,127.3,127.49,0.75,normal
2026-05-14 07:28:44,481,26.76,27.72,99292.21,556219.44,15.25,24.92,32.18,35.97,85.88,111.93,120.32,121.58,121.76,0.76,normal
2026-05-14 07:28:49,480,26.63,27.7,99293.23,565902.19,14.29,23.53,30.48,34.11,80.03,104.68,112.7,113.91,114.08,0.77,normal
2026-05-14 07:28:54,482,26.61,27.74,99293.08,564965.5,13.77,22.8,29.6,33.16,76.84,100.77,108.61,109.79,109.96,0.77,normal
2026-05-14 07:28:59,480,26.53,27.83,99292.46,567313,13.4,22.32,29.06,32.58,74.46,97.93,105.68,106.85,107.02,0.79,normal
2026-05-14 07:29:04,479,26.42,27.89,99292.12,567784.88,12.84,21.64,28.31,31.78,70.75,93.57,101.23,102.39,102.55,0.8,normal
2026-05-14 07:29:09,478,26.43,28.02,99293.81,564031.94,12.45,21.06,27.58,30.98,68.39,90.62,98.11,99.24,99.4,0.79,normal
2026-05-14 07:29:14,477,26.35,28.05,99292.58,571588.06,12.31,20.73,27.11,30.43,67.85,89.71,97.03,98.14,98.3,0.79,normal
2026-05-14 07:29:19,478,26.4,28.13,99291.42,559868.75,12.15,20.37,26.6,29.84,67.13,88.59,95.75,96.83,96.98,0.79,normal
2026-05-14 07:29:24,478,26.36,28.19,99292.42,565902.19,11.93,20.2,26.46,29.73,65.51,86.84,94.03,95.12,95.27,0.82,normal
2026-05-14 07:29:29,476,26.4,28.2,99292.66,562174.06,11.76,20.09,26.42,29.72,64.09,85.35,92.61,93.71,93.87,0.82,normal
2026-05-14 07:29:34,475,26.42,28.25,99292.03,555314.56,12.1,20.88,27.57,31.06,65.47,87.63,95.29,96.45,96.62,0.83,normal
2026-05-14 07:29:39,475,26.55,28.29,99292.42,551724.12,12.58,21.78,28.79,32.44,67.93,91.06,99.09,100.3,100.47,0.81,normal
2026-05-14 07:29:44,473,26.63,28.27,99291.7,553962.69,12.46,21.57,28.52,32.14,67.22,90.13,98.09,99.29,99.46,0.82,normal
2026-05-14 07:29:49,470,26.64,28.19,99292.66,552617.38,12.24,21.32,28.24,31.85,65.79,88.46,96.39,97.59,97.76,0.82,normal
2026-05-14 07:29:54,473,26.67,28.13,99291.2,558038.12,11.85,20.78,27.59,31.15,63.36,85.5,93.3,94.48,94.65,0.82,normal
2026-05-14 07:29:59,472,26.7,28.05,99291.2,558951.94,11.2,19.52,25.87,29.18,60.13,80.9,88.17,89.27,89.43,0.81,normal
2026-05-14 07:30:04,472,26.78,28.02,99292.88,552170.38,10.8,18.77,24.84,28.01,58.11,78.06,85.01,86.07,86.22,0.81,normal
2026-05-14 07:30:09,469,26.79,27.98,99291.4,545987.75,10.68,18.61,24.67,27.83,57.32,77.12,84.05,85.1,85.25,0.81,normal
2026-05-14 07:30:14,467,26.8,27.95,99292.2,550833.81,10.36,17.98,23.78,26.81,55.87,74.97,81.62,82.62,82.77,0.8,normal
2026-05-14 07:30:19,465,26.95,27.96,99293.79,547740.06,10.01,17.21,22.68,25.54,54.35,72.6,78.87,79.82,79.96,0.8,normal
2026-05-14 07:30:24,465,27.02,27.88,99293.59,552617.38,10,17.09,22.48,25.29,54.49,72.58,78.76,79.7,79.83,0.8,normal
2026-05-14 07:30:29,463,26.99,27.74,99292.12,553962.69,9.79,16.76,22.05,24.81,53.3,71.04,77.11,78.03,78.16,0.8,normal
2026-05-14 07:30:34,460,26.92,27.63,99292.98,557582.38,9.59,16.46,21.67,24.4,52.11,69.55,75.54,76.44,76.57,0.79,normal
2026-05-14 07:30:39,458,26.85,27.62,99293.09,553962.69,9.3,15.98,21.06,23.71,50.46,67.39,73.22,74.1,74.22,0.8,normal
2026-05-14 07:30:44,458,26.81,27.66,99293.09,556219.44,9.01,15.53,20.5,23.09,48.76,65.24,70.94,71.8,71.92,0.81,normal
2026-05-14 07:30:49,458,26.76,27.71,99293.76,559410,8.93,15.31,20.16,22.69,48.54,64.76,70.32,71.16,71.28,0.8,normal
2026-05-14 07:30:54,457,26.78,27.78,99293.18,560788.62,8.74,14.91,19.59,22.03,47.7,63.47,68.84,69.66,69.77,0.78,normal
2026-05-14 07:30:59,458,26.72,27.81,99293.45,562637.38,8.9,15.04,19.69,22.12,48.91,64.78,70.13,70.93,71.05,0.77,normal
2026-05-14 07:31:04,458,26.58,27.84,99294.5,573508.81,8.87,14.92,19.49,21.88,48.95,64.67,69.93,70.73,70.84,0.78,normal
2026-05-14 07:31:09,458,26.49,27.9,99293.26,581322.75,8.56,14.3,18.65,20.91,47.43,62.48,67.48,68.23,68.34,0.76,normal
2026-05-14 07:31:14,458,26.55,27.98,99291.88,565902.19,8.74,14.44,18.74,20.99,48.8,63.95,68.91,69.65,69.76,0.77,normal
2026-05-14 07:31:19,456,26.65,28.08,99294.16,565433.44,9.22,15.29,19.87,22.25,51.4,67.45,72.72,73.52,73.63,0.77,normal
2026-05-14 07:31:24,455,26.77,28.18,99293.83,556673,9.04,14.96,19.43,21.76,50.46,66.16,71.3,72.08,72.19,0.76,normal
2026-05-14 07:31:29,454,26.86,28.14,99292.84,555766.62,8.53,14.04,18.18,20.35,47.79,62.49,67.28,68,68.1,0.76,normal
2026-05-14 07:31:34,454,26.88,28.01,99292.18,553962.69,8.31,13.59,17.57,19.64,46.74,60.96,65.54,66.23,66.33,0.76,normal
2026-05-14 07:31:39,454,26.88,27.87,99292.66,550833.81,8.06,13.16,17,19,45.4,59.16,63.59,64.26,64.35,0.77,normal
2026-05-14 07:31:44,452,27,27.87,99294.25,553513.5,7.87,12.89,16.67,18.64,44.26,57.75,62.11,62.76,62.86,0.77,normal
2026-05-14 07:31:49,454,26.94,27.73,99293.85,558494.69,8.14,13.29,17.17,19.19,45.88,59.78,64.24,64.92,65.01,0.76,normal
2026-05-14 07:31:54,453,26.93,27.64,99294.19,560328.31,8.38,13.66,17.64,19.71,47.23,61.51,66.1,66.79,66.89,0.78,normal
2026-05-14 07:31:59,452,26.91,27.61,99293.35,558494.69,8.54,13.95,18.01,20.13,48.12,62.71,67.4,68.1,68.21,0.78,normal
2026-05-14 07:32:04,448,26.95,27.64,99293.8,557127.31,8.75,14.38,18.62,20.83,49.1,64.16,69.05,69.79,69.89,0.8,normal
2026-05-14 07:32:09,448,27.07,27.66,99294.23,552170.38,8.74,14.47,18.79,21.05,48.73,63.92,68.9,69.65,69.76,0.8,normal
2026-05-14 07:32:14,447,27.13,27.61,99295.05,549503.62,8.57,14.29,18.61,20.86,47.55,62.58,67.55,68.3,68.41,0.81,normal
2026-05-14 07:32:19,448,27.19,27.6,99292.61,544680.88,8.42,14.17,18.52,20.8,46.42,61.36,66.36,67.12,67.23,0.81,normal
2026-05-14 07:32:24,448,27.2,27.52,99293.08,540797.44,8.24,13.9,18.19,20.42,45.36,60.02,64.94,65.69,65.79,0.8,normal
2026-05-14 07:32:29,448,27.16,27.48,99295.16,547300.94,8.35,14.05,18.36,20.61,46.05,60.86,65.82,66.56,66.67,0.8,normal
2026-05-14 07:32:34,447,27.18,27.48,99294.68,545551.44,8.57,14.39,18.79,21.08,47.34,62.5,67.56,68.32,68.43,0.8,normal
2026-05-14 07:32:39,447,27.16,27.44,99294.48,547740.06,8.67,14.5,18.9,21.2,48.06,63.31,68.38,69.14,69.25,0.8,normal
2026-05-14 07:32:44,447,27.15,27.42,99294.98,545551.44,8.45,14.17,18.5,20.76,46.75,61.68,66.65,67.4,67.51,0.8,normal
2026-05-14 07:32:49,444,27.05,27.4,99293.35,551278.62,8.02,13.46,17.57,19.72,44.35,58.53,63.25,63.97,64.07,0.8,normal
2026-05-14 07:32:54,445,27.13,27.47,99294.71,541655.62,7.78,13.06,17.06,19.15,42.94,56.7,61.3,61.99,62.09,0.8,normal
2026-05-14 07:32:59,442,27.05,27.46,99293.3,547300.94,7.73,12.98,16.95,19.02,42.67,56.34,60.91,61.6,61.7,0.79,normal
2026-05-14 07:33:04,443,27.03,27.47,99294.31,549503.62,7.71,12.91,16.84,18.89,42.7,56.29,60.81,61.5,61.59,0.8,normal
2026-05-14 07:33:09,443,26.94,27.45,99293.36,553513.5,7.36,12.31,16.06,18.02,40.72,53.68,57.99,58.64,58.73,0.8,normal
2026-05-14 07:33:14,441,26.86,27.47,99292.77,554863.19,7.15,12,15.67,17.58,39.5,52.14,56.36,56.99,57.09,0.8,normal
2026-05-14 07:33:19,441,26.76,27.54,99290.86,556673,7.29,12.22,15.96,17.91,40.27,53.15,57.44,58.09,58.18,0.8,normal
2026-05-14 07:33:24,440,26.71,27.62,99291.88,558038.12,7.45,12.44,16.2,18.17,41.3,54.38,58.72,59.37,59.47,0.78,normal
2026-05-14 07:33:29,438,26.66,27.71,99293.62,555314.56,7.84,12.91,16.72,18.71,43.96,57.48,61.88,62.54,62.64,0.77,normal
2026-05-14 07:33:34,437,26.61,27.78,99293.24,566371.69,7.9,12.87,16.61,18.56,44.59,58.04,62.35,63,63.09,0.77,normal
2026-05-14 07:33:39,438,26.6,27.84,99292.62,559410,7.75,12.53,16.11,17.97,43.99,57.05,61.18,61.81,61.9,0.78,normal
2026-05-14 07:33:44,439,26.61,27.92,99293.25,556673,7.48,12.09,15.55,17.35,42.48,55.09,59.08,59.68,59.76,0.77,normal
2026-05-14 07:33:49,437,26.58,27.98,99292.42,561249.69,7.28,11.8,15.19,16.95,41.2,53.51,57.42,58.01,58.1,0.78,normal
2026-05-14 07:33:54,436,26.52,28.02,99292.24,560788.62,6.67,10.81,13.92,15.55,37.73,49.02,52.61,53.15,53.23,0.78,normal
2026-05-14 07:33:59,436,26.53,28.07,99292.7,560328.31,6.27,10.16,13.08,14.6,35.52,46.12,49.5,50,50.08,0.77,normal
2026-05-14 07:34:04,436,26.49,28.06,99290.96,567313,6.06,9.82,12.63,14.1,34.37,44.61,47.86,48.35,48.42,0.77,normal
2026-05-14 07:34:09,435,26.55,28.01,99294.29,569680.12,5.89,9.51,12.22,13.64,33.43,43.34,46.48,46.95,47.02,0.76,normal
2026-05-14 07:34:14,433,26.58,27.97,99294.12,568730.94,6.01,9.74,12.53,13.98,34.07,44.23,47.45,47.94,48.01,0.78,normal
2026-05-14 07:34:19,434,26.6,27.97,99293.48,561249.69,6.11,9.91,12.77,14.26,34.55,44.89,48.19,48.69,48.76,0.79,normal
2026-05-14 07:34:24,433,26.68,28.04,99293.92,560788.62,6.38,10.37,13.36,14.93,36.04,46.86,50.32,50.84,50.92,0.78,normal
2026-05-14 07:34:29,430,26.64,27.97,99293.88,568730.94,6.85,11.05,14.19,15.83,38.89,50.39,54.03,54.58,54.66,0.77,normal
2026-05-14 07:34:35,429,26.59,27.93,99293.09,571109.88,7.06,11.26,14.4,16.04,40.39,52.08,55.72,56.26,56.34,0.76,normal
2026-05-14 07:34:40,432,26.65,27.94,99293.13,568730.94,7.16,11.37,14.5,16.14,41.14,52.93,56.57,57.11,57.19,0.76,normal
2026-05-14 07:34:45,431,26.69,27.99,99292.31,567784.88,6.99,11.09,14.15,15.74,40.15,51.64,55.19,55.72,55.8,0.77,normal
2026-05-14 07:34:50,431,26.75,28.01,99291.84,558951.94,6.77,10.73,13.68,15.22,38.96,50.08,53.5,54.02,54.09,0.77,normal
2026-05-14 07:34:55,432,26.8,28.01,99292.36,561249.69,6.44,10.13,12.88,14.32,37.16,47.64,50.84,51.32,51.39,0.76,normal
2026-05-14 07:35:00,431,26.84,27.95,99291.2,556673,5.98,9.42,11.98,13.31,34.54,44.29,47.26,47.7,47.77,0.76,normal
2026-05-14 07:35:05,431,26.84,27.88,99292.17,557127.31,5.78,9.14,11.64,12.94,33.27,42.73,45.63,46.07,46.13,0.77,normal
2026-05-14 07:35:10,432,26.81,27.86,99292.45,564498.38,5.43,8.58,10.93,12.15,31.29,40.18,42.9,43.31,43.37,0.76,normal
2026-05-14 07:35:15,431,26.82,27.8,99291.45,557127.31,5.2,8.21,10.46,11.63,29.95,38.45,41.05,41.45,41.5,0.77,normal
2026-05-14 07:35:20,433,26.77,27.76,99291.38,562637.38,5.15,8.2,10.47,11.66,29.52,38.03,40.67,41.06,41.12,0.79,normal
2026-05-14 07:35:25,433,26.75,27.76,99292.43,564498.38,5.46,8.75,11.2,12.48,31.19,40.29,43.13,43.55,43.62,0.78,normal
2026-05-14 07:35:30,432,26.73,27.78,99291.33,561249.69,5.58,9.01,11.57,12.91,31.73,41.12,44.08,44.53,44.59,0.78,normal
2026-05-14 07:35:35,432,26.69,27.8,99291.24,561249.69,5.55,9.03,11.65,13.01,31.36,40.79,43.81,44.26,44.33,0.78,normal
2026-05-14 07:35:40,432,26.6,27.85,99292.19,563566.31,5.66,9.2,11.86,13.24,31.96,41.56,44.64,45.1,45.16,0.77,normal
2026-05-14 07:35:45,431,26.62,27.93,99292.02,562174.06,5.6,9.07,11.67,13.03,31.76,41.22,44.22,44.67,44.74,0.77,normal
2026-05-14 07:35:50,432,26.61,27.96,99291.96,562174.06,5.87,9.46,12.14,13.55,33.39,43.24,46.34,46.81,46.88,0.77,normal
2026-05-14 07:35:55,433,26.6,28.01,99291.55,562174.06,5.82,9.35,11.99,13.37,33.12,42.85,45.91,46.37,46.44,0.77,normal
2026-05-14 07:36:00,431,26.62,28.02,99291.41,563101.44,5.57,8.99,11.55,12.89,31.62,40.99,43.95,44.4,44.46,0.78,normal
2026-05-14 07:36:05,431,26.6,28.04,99291.43,564965.5,5.52,8.94,11.5,12.83,31.3,40.62,43.58,44.02,44.09,0.77,normal
2026-05-14 07:36:10,432,26.6,28.05,99291.3,564965.5,5.54,9.02,11.62,12.98,31.31,40.73,43.74,44.19,44.26,0.78,normal
2026-05-14 07:36:15,430,26.73,28.08,99291.11,557582.38,5.41,8.86,11.44,12.79,30.46,39.72,42.71,43.16,43.22,0.78,normal
2026-05-14 07:36:20,430,26.79,28.04,99291.23,558038.12,5.23,8.56,11.07,12.37,29.45,38.41,41.3,41.73,41.8,0.78,normal
2026-05-14 07:36:25,430,26.75,27.94,99290.28,555766.62,5.08,8.32,10.76,12.03,28.53,37.23,40.04,40.47,40.53,0.79,normal
2026-05-14 07:36:30,430,26.69,27.88,99291.84,554863.19,4.99,8.24,10.69,11.97,27.93,36.57,39.39,39.82,39.88,0.79,normal
2026-05-14 07:36:35,429,26.69,27.94,99291.33,557582.38,4.95,8.22,10.7,11.99,27.55,36.19,39.04,39.46,39.53,0.78,normal
2026-05-14 07:36:40,430,26.76,28,99292.18,557582.38,5.14,8.53,11.09,12.42,28.61,37.57,40.52,40.96,41.02,0.79,normal
2026-05-14 07:36:45,429,26.73,28.02,99292.12,556673,5.12,8.47,11,12.31,28.58,37.47,40.38,40.82,40.88,0.78,normal
2026-05-14 07:36:50,430,26.66,27.98,99292.72,561249.69,4.97,8.19,10.62,11.89,27.81,36.4,39.2,39.62,39.68,0.78,normal
2026-05-14 07:36:55,429,26.47,27.94,99292.7,573027.44,4.83,7.94,10.29,11.51,27.09,35.41,38.11,38.52,38.58,0.78,normal
2026-05-14 07:37:00,430,26.41,28.02,99293.36,578858.12,4.76,7.8,10.08,11.27,26.79,34.95,37.59,37.98,38.04,0.78,normal
2026-05-14 07:37:05,431,26.41,28.12,99292.49,577389.31,4.98,8.19,10.6,11.86,27.95,36.52,39.3,39.72,39.78,0.79,normal
2026-05-14 07:37:10,429,26.38,28.19,99293.42,580334.38,4.86,8.02,10.39,11.63,27.2,35.6,38.34,38.76,38.82,0.79,normal
2026-05-14 07:37:15,428,26.46,28.22,99292.6,575442.56,4.68,7.71,10,11.19,26.17,34.25,36.89,37.29,37.34,0.78,normal
2026-05-14 07:37:20,429,26.29,28.2,99291.54,590371.88,4.42,7.29,9.44,10.57,24.77,32.4,34.89,35.26,35.32,0.78,normal
2026-05-14 07:37:25,427,26.38,28.26,99291.47,573508.81,4.31,7.07,9.15,10.23,24.22,31.63,34.03,34.39,34.44,0.77,normal
2026-05-14 07:37:30,426,26.54,28.4,99292.48,567313,5.46,8.93,11.54,12.9,30.74,40.08,43.09,43.54,43.6,0.78,normal
2026-05-14 07:37:35,427,26.54,28.29,99292.25,570632.5,5.19,8.48,10.96,12.25,29.22,38.09,40.95,41.38,41.44,0.78,normal
2026-05-14 07:37:40,428,26.64,28.23,99290.79,562637.38,5.26,8.54,11.01,12.29,29.72,38.64,41.48,41.91,41.98,0.77,normal
2026-05-14 07:37:45,427,26.67,28.18,99291.28,564965.5,5.2,8.39,10.79,12.03,29.55,38.3,41.06,41.48,41.54,0.76,normal
2026-05-14 07:37:50,431,26.82,28.14,99291.25,556673,4.92,7.92,10.17,11.34,28.01,36.25,38.85,39.24,39.3,0.77,normal
2026-05-14 07:37:55,432,26.95,28.08,99292.89,552170.38,4.9,7.86,10.07,11.23,27.93,36.1,38.67,39.05,39.11,0.77,normal
2026-05-14 07:38:00,434,27.05,28.02,99294.93,550389.69,5.08,8.11,10.38,11.56,29.04,37.47,40.09,40.49,40.54,0.76,normal
2026-05-14 07:38:05,436,27.07,27.87,99293.74,545551.44,5.05,8.06,10.3,11.48,28.89,37.26,39.86,40.25,40.31,0.77,normal
2026-05-14 07:38:10,437,27.08,27.75,99293.12,552617.38,4.89,7.82,10.01,11.15,27.91,36.04,38.58,38.96,39.01,0.76,normal
2026-05-14 07:38:15,439,27.11,27.67,99294.98,553513.5,4.59,7.35,9.41,10.49,26.23,33.87,36.26,36.62,36.67,0.76,normal
2026-05-14 07:38:20,440,27.1,27.59,99293.04,553513.5,4.48,7.19,9.21,10.26,25.55,33.02,35.36,35.72,35.77,0.76,normal
2026-05-14 07:38:25,439,27.12,27.56,99295.06,549503.62,4.55,7.32,9.4,10.49,25.85,33.48,35.88,36.24,36.3,0.77,normal
2026-05-14 07:38:30,440,27.15,27.55,99293.77,545115.81,4.74,7.69,9.91,11.06,26.82,34.84,37.4,37.79,37.84,0.77,normal
2026-05-14 07:38:35,438,27.13,27.51,99295.5,545987.75,4.98,8.18,10.59,11.84,27.95,36.51,39.29,39.71,39.77,0.77,normal
2026-05-14 07:38:40,437,27.18,27.5,99294.8,539942,4.91,8.13,10.56,11.83,27.4,35.93,38.73,39.15,39.21,0.78,normal
2026-05-14 07:38:45,437,27.14,27.48,99294,534446.75,4.86,8.13,10.6,11.89,26.91,35.47,38.31,38.74,38.8,0.78,normal
2026-05-14 07:38:50,436,27.1,27.48,99293.55,531533.88,4.73,7.97,10.43,11.71,26.07,34.48,37.3,37.73,37.79,0.79,normal
2026-05-14 07:38:55,436,27.12,27.49,99293.82,532778.38,4.83,8.14,10.65,11.95,26.59,35.17,38.05,38.49,38.55,0.79,normal
2026-05-14 07:39:00,434,27.1,27.48,99293.85,529062.25,4.83,8.15,10.66,11.97,26.62,35.21,38.09,38.53,38.59,0.79,normal
2026-05-14 07:39:05,432,27.03,27.47,99293.02,540797.44,4.85,8.16,10.68,11.99,26.71,35.31,38.2,38.64,38.7,0.79,normal
2026-05-14 07:39:10,433,26.95,27.5,99292.9,544680.88,4.71,7.93,10.37,11.64,25.98,34.34,37.14,37.56,37.62,0.79,normal
2026-05-14 07:39:15,436,26.89,27.55,99292.02,545115.81,4.43,7.42,9.69,10.87,24.47,32.29,34.89,35.29,35.34,0.77,normal
2026-05-14 07:39:20,436,26.92,27.59,99292.28,548620.44,4.3,7.17,9.34,10.47,23.91,31.45,33.94,34.32,34.37,0.78,normal
2026-05-14 07:39:25,435,26.95,27.6,99292.03,545551.44,4.25,7.06,9.19,10.3,23.63,31.05,33.5,33.87,33.92,0.78,normal
2026-05-14 07:39:30,435,27.07,27.65,99292.67,537815.12,4.01,6.65,8.65,9.69,22.3,29.29,31.59,31.94,31.99,0.78,normal
2026-05-14 07:39:35,435,27.14,27.63,99294.5,540797.44,4.24,7.07,9.21,10.32,23.56,30.99,33.45,33.82,33.87,0.78,normal
2026-05-14 07:39:40,437,27.15,27.54,99295.42,539515.25,4.65,7.76,10.11,11.33,25.82,33.98,36.68,37.09,37.15,0.79,normal
2026-05-14 07:39:45,435,27.05,27.42,99294.44,546862.5,4.87,8.16,10.64,11.94,26.92,35.5,38.37,38.8,38.86,0.8,normal
2026-05-14 07:39:50,433,27.09,27.42,99294.65,543813.06,4.66,7.84,10.24,11.49,25.69,33.95,36.72,37.13,37.19,0.79,normal
2026-05-14 07:39:55,433,27.16,27.47,99295.45,539515.25,4.4,7.38,9.64,10.82,24.27,32.05,34.65,35.04,35.1,0.78,normal
2026-05-14 07:40:00,432,27.24,27.47,99293.73,541226.19,4.17,7,9.13,10.24,23.09,30.46,32.91,33.28,33.34,0.78,normal
2026-05-14 07:40:05,432,27.27,27.4,99293.76,539942,3.93,6.56,8.55,9.59,21.79,28.69,30.98,31.33,31.38,0.77,normal
2026-05-14 07:40:10,430,27.3,27.34,99295.79,540369.38,3.75,6.22,8.07,9.04,20.95,27.47,29.61,29.94,29.98,0.77,normal
2026-05-14 07:40:15,431,27.21,27.27,99294.41,552170.38,3.7,6.1,7.9,8.84,20.73,27.12,29.2,29.51,29.56,0.77,normal
2026-05-14 07:40:20,429,27.2,27.21,99293.51,551278.62,3.67,6.05,7.84,8.77,20.54,26.88,28.94,29.25,29.29,0.77,normal
2026-05-14 07:40:25,429,27.26,27.24,99293.67,542948.06,3.67,6.09,7.91,8.86,20.44,26.83,28.93,29.25,29.29,0.78,normal
2026-05-14 07:40:30,429,27.31,27.25,99293.03,538663.88,3.69,6.13,7.97,8.93,20.51,26.95,29.07,29.39,29.44,0.77,normal
2026-05-14 07:40:35,430,27.32,27.24,99294.18,542085.75,3.76,6.26,8.15,9.14,20.89,27.47,29.65,29.98,30.02,0.78,normal
2026-05-14 07:40:40,427,27.24,27.18,99293.39,544246.62,3.63,6.07,7.92,8.88,20.14,26.53,28.65,28.97,29.02,0.78,normal
2026-05-14 07:40:45,426,27.27,27.17,99294.3,544680.88,3.47,5.8,7.55,8.47,19.23,25.33,27.35,27.66,27.7,0.78,normal
2026-05-14 07:40:50,429,27.22,27.16,99294.35,549503.62,3.41,5.67,7.38,8.27,18.96,24.92,26.89,27.18,27.23,0.78,normal
2026-05-14 07:40:55,427,27.28,27.2,99293.95,542516.56,3.42,5.68,7.38,8.27,19.08,25.04,27,27.3,27.34,0.78,normal
2026-05-14 07:41:00,426,27.21,27.18,99292.8,547300.94,3.51,5.8,7.53,8.42,19.62,25.7,27.69,27.99,28.03,0.78,normal
2026-05-14 07:41:05,426,27.11,27.17,99293.81,554412.56,3.67,6.05,7.84,8.78,20.58,26.92,28.99,29.3,29.34,0.78,normal
2026-05-14 07:41:11,427,27.05,27.22,99293.38,553065.06,3.9,6.38,8.24,9.22,21.92,28.59,30.75,31.07,31.12,0.78,normal
2026-05-14 07:41:16,426,27.01,27.25,99293.2,553962.69,3.77,6.11,7.87,8.79,21.33,27.71,29.74,30.05,30.09,0.77,normal
2026-05-14 07:41:21,427,27.02,27.34,99293.44,549503.62,3.77,6.02,7.71,8.58,21.57,27.82,29.77,30.06,30.11,0.75,normal
2026-05-14 07:41:26,428,27.04,27.38,99293.49,548620.44,3.96,6.25,7.95,8.84,22.86,29.32,31.3,31.6,31.64,0.74,normal
2026-05-14 07:41:31,426,27.04,27.4,99292.68,549503.62,3.93,6.14,7.78,8.63,22.81,29.15,31.05,31.34,31.38,0.74,normal
2026-05-14 07:41:36,424,27.07,27.42,99292.52,543813.06,3.64,5.65,7.14,7.91,21.24,27.07,28.8,29.05,29.09,0.74,normal
2026-05-14 07:41:41,424,27.17,27.45,99294.73,542948.06,3.73,5.78,7.29,8.08,21.81,27.75,29.51,29.78,29.82,0.75,normal
2026-05-14 07:41:46,425,27.22,27.4,99293.45,545115.81,3.82,5.91,7.45,8.26,22.3,28.38,30.18,30.45,30.48,0.75,normal
2026-05-14 07:41:51,424,27.27,27.32,99293.83,541226.19,3.9,6.04,7.62,8.44,22.74,28.95,30.8,31.07,31.11,0.76,normal
2026-05-14 07:41:56,425,27.26,27.3,99293,538663.88,4.09,6.37,8.06,8.94,23.8,30.37,32.34,32.63,32.68,0.77,normal
2026-05-14 07:42:01,425,27.2,27.24,99293.45,540797.44,4.26,6.66,8.44,9.36,24.74,31.61,33.68,33.98,34.03,0.76,normal
2026-05-14 07:42:06,425,27.15,27.24,99294.35,542948.06,4.42,6.88,8.71,9.67,25.68,32.78,34.91,35.22,35.27,0.75,normal
2026-05-14 07:42:11,425,27.19,27.3,99292.77,539515.25,4.72,7.28,9.16,10.15,27.62,35.1,37.31,37.63,37.68,0.74,normal
2026-05-14 07:42:16,426,27.17,27.31,99292.98,542948.06,4.8,7.38,9.29,10.28,28.14,35.72,37.94,38.28,38.33,0.74,normal
2026-05-14 07:42:21,425,27.22,27.31,99292.97,536547,4.73,7.26,9.12,10.09,27.78,35.23,37.41,37.73,37.78,0.74,normal
2026-05-14 07:42:26,424,27.24,27.33,99291.73,538663.88,4.47,6.87,8.65,9.57,26.2,33.26,35.33,35.64,35.69,0.75,normal
2026-05-14 07:42:31,424,27.22,27.31,99291.48,537815.12,4.11,6.33,7.96,8.82,24.11,30.61,32.52,32.8,32.85,0.74,normal
2026-05-14 07:42:36,424,27.22,27.3,99291.36,537391.75,4.32,6.63,8.33,9.22,25.35,32.16,34.15,34.44,34.49,0.73,normal
2026-05-14 07:42:41,424,27.16,27.3,99290.94,541655.62,4.46,6.84,8.6,9.51,26.22,33.25,35.29,35.6,35.64,0.74,normal
2026-05-14 07:42:46,427,27.22,27.35,99291.14,539515.25,4.15,6.38,8.01,8.87,24.39,30.94,32.85,33.13,33.18,0.73,normal
2026-05-14 07:42:51,430,27.33,27.39,99291.29,534028.69,3.97,6.08,7.64,8.46,23.29,29.54,31.36,31.63,31.67,0.74,normal
2026-05-14 07:42:56,428,27.44,27.37,99293.57,531120.31,4.23,6.5,8.18,9.06,24.79,31.47,33.43,33.72,33.76,0.74,normal
2026-05-14 07:43:01,430,27.5,27.27,99293.01,530295.19,4.24,6.53,8.22,9.1,24.8,31.51,33.48,33.78,33.82,0.74,normal
2026-05-14 07:43:06,428,27.51,27.21,99293.6,529472.62,4.27,6.57,8.27,9.15,25.02,31.77,33.75,34.04,34.09,0.74,normal
2026-05-14 07:43:11,427,27.46,27.16,99293.33,530707.44,4.34,6.69,8.43,9.33,25.41,32.28,34.31,34.61,34.65,0.74,normal
2026-05-14 07:43:16,426,27.48,27.14,99292.2,531120.31,4.08,6.31,7.96,8.82,23.86,30.35,32.27,32.56,32.6,0.75,normal
2026-05-14 07:43:21,428,27.49,27.11,99291.41,528243.5,3.96,6.13,7.74,8.57,23.11,29.42,31.29,31.57,31.61,0.75,normal
2026-05-14 07:43:26,427,27.41,27.09,99293.41,531533.88,3.86,6,7.59,8.42,22.48,28.67,30.52,30.79,30.83,0.75,normal
2026-05-14 07:43:31,426,27.38,27.08,99292.91,529472.62,3.72,5.8,7.34,8.14,21.59,27.57,29.36,29.63,29.67,0.75,normal
2026-05-14 07:43:36,424,27.31,27.09,99292.84,527020.06,3.5,5.5,6.98,7.75,20.27,25.96,27.68,27.94,27.98,0.76,normal
2026-05-14 07:43:41,422,27.35,27.12,99292.4,522982.62,3.3,5.19,6.6,7.34,19.02,24.39,26.03,26.28,26.31,0.76,normal
2026-05-14 07:43:46,423,27.36,27.14,99291.3,524187.34,3.33,5.24,6.67,7.41,19.24,24.67,26.32,26.57,26.6,0.75,normal
2026-05-14 07:43:51,423,27.31,27.14,99292.65,528243.5,3.63,5.69,7.22,8.01,21.07,26.95,28.72,28.99,29.02,0.74,normal
2026-05-14 07:43:56,422,27.3,27.17,99289.67,524993.56,3.64,5.69,7.2,7.99,21.16,27.03,28.79,29.05,29.09,0.74,normal
2026-05-14 07:44:01,423,27.26,27.21,99290.95,529472.62,3.52,5.47,6.92,7.68,20.47,26.11,27.8,28.05,28.09,0.74,normal
2026-05-14 07:44:06,424,27.21,27.21,99290.16,531533.88,3.39,5.27,6.66,7.38,19.79,25.21,26.83,27.07,27.11,0.74,normal
2026-05-14 07:44:11,425,27.13,27.22,99292.1,533611.25,3.13,4.86,6.13,6.8,18.28,23.28,24.77,24.99,25.02,0.74,normal
2026-05-14 07:44:16,429,27.15,27.24,99291.92,535704.94,2.91,4.5,5.68,6.29,17.03,21.66,23.03,23.24,23.27,0.73,normal
2026-05-14 07:44:21,428,27.1,27.29,99291.31,534865.5,2.84,4.38,5.52,6.12,16.6,21.1,22.43,22.63,22.66,0.74,normal
2026-05-14 07:44:26,430,27.04,27.34,99292.23,539942,2.77,4.26,5.37,5.95,16.2,20.58,21.87,22.06,22.09,0.73,normal
2026-05-14 07:44:31,426,26.95,27.37,99291.16,540369.38,2.63,4.05,5.11,5.65,15.41,19.58,20.8,20.99,21.01,0.73,normal
2026-05-14 07:44:36,427,26.78,27.48,99289.91,543813.06,2.68,4.13,5.21,5.77,15.69,19.94,21.2,21.38,21.41,0.74,normal
2026-05-14 07:44:41,426,26.73,27.6,99289.48,545987.75,2.86,4.42,5.57,6.18,16.67,21.22,22.57,22.77,22.8,0.74,normal
2026-05-14 07:44:46,427,26.71,27.7,99289.88,544680.88,3.1,4.82,6.1,6.76,18.06,23.03,24.51,24.73,24.77,0.75,normal
2026-05-14 07:44:51,427,26.65,27.84,99289.46,544680.88,3.14,4.93,6.25,6.94,18.22,23.3,24.84,25.07,25.11,0.75,normal
2026-05-14 07:44:56,427,26.6,27.94,99291.13,545115.81,3.1,4.89,6.22,6.91,17.9,22.96,24.5,24.73,24.77,0.76,normal
2026-05-14 07:45:01,427,26.56,27.99,99289.45,553513.5,3.01,4.75,6.04,6.72,17.38,22.3,23.8,24.02,24.05,0.75,normal
2026-05-14 07:45:06,425,26.57,28.06,99290.14,550389.69,2.95,4.64,5.89,6.54,17.09,21.88,23.33,23.55,23.58,0.74,normal
2026-05-14 07:45:11,423,26.56,28.19,99289.07,545987.75,2.93,4.57,5.79,6.42,17.06,21.78,23.19,23.4,23.43,0.73,normal
2026-05-14 07:45:16,423,26.61,28.25,99289.99,550389.69,2.85,4.4,5.54,6.14,16.67,21.19,22.52,22.72,22.75,0.72,normal
2026-05-14 07:45:21,422,26.68,28.3,99289.13,544246.62,2.73,4.19,5.27,5.84,16,20.31,21.57,21.76,21.78,0.73,normal
2026-05-14 07:45:26,421,26.76,28.34,99287.86,538239.19,2.67,4.1,5.15,5.7,15.68,19.89,21.12,21.3,21.33,0.73,normal
2026-05-14 07:45:31,425,26.84,28.33,99289.23,538239.19,2.63,4.03,5.06,5.6,15.49,19.62,20.82,21,21.03,0.73,normal
2026-05-14 07:45:36,425,26.9,28.3,99289.59,539942,2.59,3.95,4.96,5.49,15.21,19.26,20.44,20.62,20.64,0.72,normal
2026-05-14 07:45:41,427,26.96,28.28,99290.58,535704.94,2.78,4.24,5.32,5.88,16.38,20.73,21.99,22.18,22.2,0.72,normal
2026-05-14 07:45:46,428,26.87,28.24,99290.68,542948.06,2.94,4.49,5.63,6.22,17.33,21.94,23.27,23.46,23.49,0.72,normal
2026-05-14 07:45:51,430,26.89,28.24,99290.65,541226.19,2.94,4.49,5.62,6.22,17.32,21.91,23.24,23.44,23.47,0.72,normal
2026-05-14 07:45:56,431,26.88,28.2,99288.82,544246.62,2.96,4.54,5.71,6.32,17.37,22.04,23.4,23.6,23.63,0.73,normal
2026-05-14 07:46:01,430,26.84,28.14,99289.83,547300.94,2.76,4.24,5.34,5.91,16.16,20.52,21.8,21.99,22.02,0.73,normal
2026-05-14 07:46:06,431,26.75,28.11,99288.61,554412.56,2.47,3.81,4.8,5.31,14.48,18.4,19.55,19.72,19.75,0.73,normal
2026-05-14 07:46:11,432,26.74,28.11,99287.73,552617.38,2.45,3.78,4.76,5.27,14.36,18.25,19.39,19.56,19.58,0.73,normal
2026-05-14 07:46:16,431,26.66,28.17,99286.48,546862.5,2.45,3.75,4.71,5.21,14.37,18.22,19.34,19.51,19.53,0.72,normal
2026-05-14 07:46:21,431,26.66,28.22,99287.63,546424.75,2.49,3.78,4.74,5.24,14.67,18.54,19.66,19.82,19.85,0.72,normal
2026-05-14 07:46:26,432,26.59,28.26,99287.73,542516.56,2.69,4.07,5.09,5.61,15.96,20.12,21.31,21.48,21.51,0.71,normal
2026-05-14 07:46:31,432,26.58,28.38,99287.84,546424.75,2.8,4.23,5.28,5.82,16.63,20.95,22.18,22.36,22.39,0.72,normal
2026-05-14 07:46:36,432,26.62,28.39,99288.49,546862.5,2.83,4.28,5.35,5.91,16.77,21.15,22.4,22.59,22.61,0.72,normal
2026-05-14 07:46:41,432,26.58,28.31,99287.75,551724.12,2.92,4.45,5.57,6.15,17.25,21.81,23.11,23.31,23.34,0.73,normal
2026-05-14 07:46:46,433,26.58,28.29,99288.18,551278.62,3.33,5.07,6.36,7.03,19.65,24.85,26.35,26.57,26.6,0.72,normal
2026-05-14 07:46:51,435,26.52,28.24,99288.55,555314.56,3.72,5.66,7.08,7.82,22,27.79,29.45,29.7,29.73,0.72,normal
2026-05-14 07:46:56,435,26.39,28.28,99287.43,554863.19,3.53,5.35,6.68,7.38,20.92,26.38,27.94,28.18,28.21,0.72,normal
2026-05-14 07:47:01,434,26.41,28.4,99288.45,553962.69,3.29,4.97,6.2,6.84,19.48,24.56,26,26.22,26.25,0.72,normal
2026-05-14 07:47:06,437,26.43,28.45,99288.57,557127.31,3.17,4.81,6.02,6.65,18.75,23.67,25.08,25.29,25.33,0.73,normal
2026-05-14 07:47:11,439,26.48,28.42,99289.23,555766.62,3.48,5.3,6.64,7.33,20.52,25.95,27.51,27.74,27.78,0.72,normal
2026-05-11 09:23:12,597,28.03,31.06,100222.96,297501.44,0.63,0.95,1.18,1.3,3.78,4.74,5.01,5.05,5.06,0.69,normal
2026-05-11 09:23:12,598,28.01,31.1,100219.44,294930.88,0.63,0.94,1.16,1.28,3.74,4.69,4.96,5,5,0.7,normal
2026-05-11 09:23:12,599,28,31.05,100215.2,296725.59,0.62,0.92,1.14,1.26,3.69,4.62,4.88,4.92,4.93,0.7,normal
2026-05-11 09:23:15,600,28,30.99,100213.5,296210.59,0.58,0.86,1.06,1.17,3.45,4.32,4.56,4.6,4.6,0.7,normal
2026-05-11 09:23:20,599,27.99,30.77,100215.43,299327.69,0.57,0.85,1.05,1.16,3.42,4.28,4.52,4.56,4.56,0.69,normal
2026-05-11 09:23:25,599,27.97,30.71,100217.6,299327.69,0.6,0.89,1.11,1.22,3.6,4.5,4.75,4.79,4.8,0.7,normal
2026-05-11 09:23:30,599,27.97,30.72,100217.46,298281.38,0.67,1,1.24,1.36,4.03,5.05,5.32,5.37,5.37,0.69,normal
2026-05-11 09:23:35,597,27.98,30.81,100217.22,297760.97,0.67,0.99,1.23,1.35,4.02,5.03,5.3,5.34,5.35,0.69,normal
2026-05-11 09:23:40,595,27.98,30.86,100216.62,297760.97,0.68,1,1.24,1.36,4.07,5.09,5.37,5.41,5.41,0.69,normal
2026-05-11 09:23:45,595,27.97,30.66,100217.01,300117.22,0.68,1.01,1.25,1.37,4.11,5.13,5.41,5.45,5.46,0.69,normal
2026-05-11 09:23:50,595,27.97,30.66,100218.72,298542.28,0.67,0.99,1.22,1.34,4.03,5.03,5.31,5.35,5.35,0.68,normal
2026-05-11 09:23:55,596,27.98,30.68,100219.07,298542.28,0.66,0.97,1.19,1.3,3.97,4.95,5.21,5.25,5.25,0.68,normal
2026-05-11 09:24:00,598,28,30.69,100218.43,297242.38,0.65,0.94,1.16,1.27,3.9,4.85,5.11,5.15,5.15,0.68,normal
2026-05-11 09:24:05,595,27.73,30.74,100216.95,244976.08,2296,4487.91,6190.27,7078.22,11163.86,16071.82,18000.54,18294.13,18336.04,1.48,aerosol
2026-05-11 09:24:10,603,27.54,31.24,100216.84,160050.02,4068.36,10970.61,16481.42,19355.85,12536.89,25273.4,31421.69,32366.62,32499.8,1.07,aerosol
2026-05-11 09:24:15,604,27.61,31.49,100218.99,143739.47,596.21,1323.43,1896.1,2194.8,2519.58,4005.59,4649.41,4747.89,4761.86,0.73,aerosol
2026-05-11 09:24:20,604,27.66,31.42,100218.8,140543.52,143.9,274.79,376.13,428.99,715.22,1014.15,1129.17,1146.65,1149.15,0.72,aerosol
2026-05-11 09:24:25,604,27.72,31.45,100218.84,142420.03,186.27,332.08,443.72,501.96,982.55,1337.87,1465.38,1484.69,1487.46,0.76,aerosol
2026-05-11 09:24:30,604,27.76,31.4,100216.54,147465.44,679.6,1187.46,1574.88,1776.96,3642.64,4906.73,5350.12,5417.19,5426.85,0.8,aerosol
2026-05-11 09:24:35,603,27.8,31.33,100218.16,151928.78,380.99,669.09,889.08,1003.83,2033.99,2747.19,2998.82,3036.9,3042.38,0.84,aerosol
2026-05-11 09:24:40,603,27.83,31.34,100219.5,156097.56,169.55,287.31,376.58,423.14,930.24,1233.65,1336.18,1351.65,1353.89,0.76,aerosol
2026-05-11 09:24:45,602,27.86,31.37,100217.18,161565.16,230.78,389.47,509.65,572.34,1270,1680.83,1818.94,1839.78,1842.79,0.78,aerosol
2026-05-11 09:24:50,600,27.88,31.28,100215.44,168587.42,179.65,301.96,394.5,442.77,991.62,1309.8,1416.2,1432.25,1434.57,0.75,aerosol
2026-05-11 09:24:55,600,27.91,31.12,100216.98,174090.45,270.88,453.33,591.24,663.18,1499.9,1977.01,2135.66,2159.58,2163.04,0.78,aerosol
2026-05-11 09:25:00,601,27.82,31.18,100218.09,177716.08,196.89,325.4,422.24,472.75,1100.09,1441.38,1552.98,1569.79,1572.22,0.78,aerosol
2026-05-11 09:25:05,602,27.83,31.6,100220.29,186861.31,105.64,172.05,221.92,247.93,596.32,776.04,833.62,842.28,843.54,0.79,aerosol
2026-05-11 09:25:10,606,27.87,31.61,100219.2,197378.56,91.71,151.32,196.23,219.66,512.99,671.63,723.39,731.19,732.32,0.81,aerosol
2026-05-11 09:25:15,608,27.88,31.36,100219.5,203497.61,87.13,146.08,190.65,213.91,481.8,635.61,686.88,694.62,695.73,0.8,aerosol
2026-05-11 09:25:20,610,27.89,31.21,100219.71,208596.45,80.82,137.3,180.14,202.48,442.63,587.71,636.9,644.32,645.39,0.8,aerosol
2026-05-11 09:25:25,611,27.91,31.16,100218.24,212757.11,96.37,163.62,214.63,241.23,527.95,700.83,759.39,768.24,769.51,0.79,aerosol
2026-05-11 09:25:30,612,27.93,31.11,100218.24,218476.64,87.08,145.8,190.2,213.36,481.95,635.42,686.5,694.2,695.31,0.77,aerosol
2026-05-11 09:25:35,612,27.94,31,100219.5,223629.61,83.33,137.72,178.71,200.1,465.56,610.01,657.25,664.36,665.39,0.76,aerosol
2026-05-11 09:25:40,615,27.95,30.96,100220.73,226749.33,79.43,129.02,166.23,185.64,449.2,583.88,626.86,633.33,634.27,0.75,aerosol
2026-05-11 09:25:45,621,27.92,31.04,100219.91,229802.52,77.53,125.9,162.2,181.13,438.53,569.94,611.86,618.17,619.09,0.76,aerosol
2026-05-11 09:25:50,652,27.9,31.12,100217.8,237807.7,83.01,136.05,175.94,196.74,466.51,608.87,654.89,661.82,662.82,0.76,aerosol
2026-05-11 09:25:55,653,27.93,31.03,100218.05,243925.67,88.31,145.43,188.45,210.88,494.61,647,696.59,704.06,705.14,0.78,aerosol
2026-05-11 09:26:00,657,27.96,30.93,100217.86,247104.25,91.52,152.9,199.27,223.46,507.4,668.24,721.6,729.65,730.81,0.79,aerosol
2026-05-11 09:26:05,658,27.98,30.8,100218.59,251473.48,114.58,192.64,251.71,282.51,632.34,835.34,903.25,913.49,914.97,0.8,aerosol
2026-05-11 09:26:10,659,27.99,30.69,100218.88,254853.16,101.56,171.39,224.27,251.85,558.93,739.72,800.49,809.66,810.98,0.82,aerosol
2026-05-11 09:26:15,660,27.99,30.61,100219.08,257351.09,99.15,165.88,216.32,242.63,549.1,723.67,781.7,790.45,791.72,0.77,aerosol
2026-05-11 09:26:20,660,27.99,30.54,100215.36,259306.16,107.22,174.71,225.39,251.83,605.04,787.57,846.09,854.89,856.17,0.74,aerosol
2026-05-11 09:26:25,662,28,30.64,100214.42,260493.52,104.08,168.78,217.3,242.61,589.29,765.38,821.44,829.88,831.1,0.77,aerosol
2026-05-11 09:26:30,662,28.01,30.67,100215.1,264121.75,94.43,154.1,198.93,222.31,532.31,693.37,745.12,752.91,754.04,0.78,aerosol
2026-05-11 09:26:35,664,28.01,30.74,100216.87,265353.72,108.29,177.12,228.86,255.84,609.51,794.75,854.45,863.44,864.74,0.75,aerosol
2026-05-11 09:26:40,663,28.03,30.85,100216.73,267432.75,92.07,150.03,193.56,216.27,519.49,676.24,726.5,734.06,735.16,0.77,aerosol
2026-05-11 09:26:45,664,28.04,30.95,100217.38,267432.75,68.97,111.68,143.71,160.41,390.84,507.31,544.33,549.89,550.7,0.74,aerosol
2026-05-11 09:26:50,663,28.04,30.99,100216.05,270398.72,60.08,97.13,124.89,139.37,340.83,442.08,474.17,479,479.7,0.75,aerosol
2026-05-11 09:26:55,661,28.07,30.99,100217.91,272123.31,58.15,93.77,120.44,134.35,330.47,428.14,458.99,463.63,464.3,0.74,aerosol
2026-05-11 09:27:00,661,28.07,30.99,100218.79,271906.53,55.12,88.28,113.07,126,314.73,406.51,435.21,439.52,440.15,0.73,aerosol
2026-05-11 09:27:05,662,28.09,30.97,100220.58,273870.03,51.98,84.07,108.11,120.66,294.87,382.51,410.31,414.48,415.09,0.77,aerosol
2026-05-11 09:27:10,663,28.08,30.93,100220.1,276308.69,50.62,83.08,107.5,120.24,284.21,371.18,399.35,403.59,404.21,0.79,aerosol
2026-05-11 09:27:15,663,28.09,30.9,100216.98,277206.28,48.8,81.19,105.65,118.4,271.32,356.63,384.79,389.03,389.65,0.78,aerosol
2026-05-11 09:27:20,663,28.09,30.88,100219,278563.66,46.22,77.1,100.43,112.59,256.52,337.6,364.44,368.49,369.07,0.78,aerosol
2026-05-11 09:27:25,662,28.1,30.86,100216.66,279705,43.22,72.31,94.31,105.78,239.36,315.46,340.76,344.58,345.13,0.77,aerosol
2026-05-11 09:27:31,659,28.1,30.82,100218.09,281087.03,40.73,67.63,87.93,98.51,226.84,297.86,321.23,324.76,325.27,0.76,aerosol
2026-05-11 09:27:36,658,28.1,30.77,100219.09,283656.5,37.79,61.81,79.87,89.29,212.65,277.29,298.13,301.27,301.72,0.75,aerosol
2026-05-11 09:27:41,655,28.08,30.5,100217.67,285794.03,36.56,58.62,75.11,83.71,208.64,269.6,288.69,291.55,291.97,0.73,aerosol
2026-05-11 09:27:46,654,28.06,30.33,100217.7,286754.41,123.25,192.92,244.64,271.62,714.5,913.72,973.83,982.84,984.15,0.73,aerosol
2026-05-11 09:27:51,651,28.03,30.03,100220.04,290661.38,60.53,93.36,117.62,130.27,354.21,450.2,478.47,482.7,483.31,0.71,aerosol
2026-05-11 09:27:56,650,28.01,29.88,100218.75,292655.03,59.12,90.94,114.43,126.68,346.54,439.96,467.35,471.45,472.04,0.73,aerosol
2026-05-11 09:28:01,652,28,29.91,100217.05,293915.03,52.65,81.01,101.94,112.86,308.58,391.8,416.21,419.86,420.4,0.72,aerosol
2026-05-11 09:28:06,650,28,29.98,100217.28,293409.75,50.33,77.54,97.63,108.11,294.75,374.44,397.87,401.37,401.88,0.72,aerosol
2026-05-11 09:28:11,646,28,30.11,100219.18,294168.34,49,75.29,94.68,104.79,287.48,364.79,387.41,390.79,391.29,0.72,aerosol
2026-05-11 09:28:16,643,27.99,30.24,100223.08,294168.34,53.78,81.91,102.61,113.41,317.16,401.06,425.25,428.86,429.39,0.74,aerosol
2026-05-11 09:28:21,639,27.97,30.28,100222.73,294422.09,62.23,95.13,119.36,132,366.24,463.78,492.07,496.3,496.91,0.74,aerosol
2026-05-11 09:28:26,637,27.98,30.43,100215.26,290661.38,43.85,67.42,84.82,93.9,257.11,326.37,346.66,349.69,350.13,0.75,aerosol
2026-05-11 09:28:31,636,27.98,30.52,100216.08,293157.75,34.46,53.73,68.02,75.47,200.24,255.66,272.28,274.77,275.14,0.76,aerosol
2026-05-11 09:28:36,635,27.96,30.41,100213.16,291904.22,34.84,54.87,69.77,77.54,201.13,257.9,275.2,277.79,278.17,0.75,aerosol
2026-05-11 09:28:41,635,27.96,30.67,100217.02,289429.06,40.31,63.38,80.54,89.48,233.01,298.55,318.47,321.46,321.89,0.73,aerosol
2026-05-11 09:28:46,633,27.97,30.86,100218.15,289183.84,42.37,65.86,83.27,92.34,246.71,314.58,334.84,337.87,338.31,0.71,aerosol
2026-05-11 09:28:51,632,27.99,30.97,100217.57,290167.19,47.32,72.45,90.97,100.62,278.2,352.52,374.13,377.36,377.84,0.71,aerosol
2026-05-11 09:28:56,629,28,30.83,100215.97,296983.75,49.36,74.99,93.83,103.66,291.62,368.37,390.39,393.68,394.16,0.71,aerosol
2026-05-11 09:29:01,630,28,30.4,100218.36,299065.41,44.26,68.16,85.81,95.01,259.27,329.32,349.89,352.97,353.42,0.75,aerosol
2026-05-11 09:29:06,630,27.99,30.09,100218.16,301442.44,32.28,50.23,63.54,70.48,187.83,239.62,255.1,257.42,257.75,0.76,aerosol
2026-05-11 09:29:11,630,27.97,29.96,100218.48,300910.97,27.64,43.2,54.75,60.78,160.34,204.93,218.36,220.37,220.66,0.76,aerosol
2026-05-11 09:29:16,627,27.96,30.24,100219.07,294676.25,30.26,48.29,61.75,68.77,173.17,223.32,238.91,241.26,241.6,0.8,aerosol
2026-05-11 09:29:21,624,27.97,30.63,100222.04,290661.38,30.03,48.81,62.9,70.25,169.76,220.71,236.99,239.44,239.79,0.8,aerosol
2026-05-11 09:29:26,623,27.97,30.87,100220.25,291405.81,47.76,77.59,99.97,111.64,270.05,351.04,376.89,380.78,381.35,0.76,aerosol
2026-05-11 09:29:31,622,27.96,30.89,100212.92,296467.88,35.04,56.19,72,80.24,199.94,258.37,276.67,279.42,279.82,0.77,aerosol
2026-05-11 09:29:36,620,27.96,30.46,100214.91,301442.44,35.34,56.72,72.71,81.05,201.47,260.47,278.98,281.76,282.16,0.78,aerosol
2026-05-11 09:29:41,619,27.95,30.18,100214.94,300910.97,24.75,39.81,51.09,56.98,140.85,182.29,195.34,197.3,197.59,0.77,aerosol
2026-05-11 09:29:46,619,27.97,30.14,100216.25,297760.97,20.96,33.49,42.85,47.73,119.84,154.63,165.47,167.09,167.33,0.76,aerosol
2026-05-11 09:29:51,619,27.98,30.27,100218.94,298281.38,19.08,30.64,39.29,43.79,108.77,140.65,150.66,152.16,152.38,0.77,aerosol
2026-05-11 09:29:56,619,27.98,30.12,100218.64,303317.53,17.53,28.47,36.68,40.96,99.13,128.85,138.33,139.75,139.96,0.78,aerosol
2026-05-11 09:30:01,618,27.96,29.9,100221.58,303587.31,17.62,28.7,37.03,41.37,99.41,129.39,139.01,140.45,140.66,0.78,aerosol
2026-05-11 09:30:06,619,27.95,30.07,100220.55,298542.28,19.51,31.95,41.31,46.19,109.69,143.12,153.92,155.54,155.78,0.78,aerosol
2026-05-11 09:30:11,617,27.94,30.22,100220.09,301708.91,27.48,44.76,57.74,64.51,155.08,201.84,216.83,219.08,219.41,0.77,aerosol
2026-05-11 09:30:16,618,27.95,30.07,100221.47,301975.81,24.91,40.51,52.22,58.33,140.74,183.04,196.57,198.6,198.9,0.78,aerosol
2026-05-11 09:30:21,616,27.96,30.35,100225.55,293662.19,23.51,37.93,48.73,54.37,133.57,173.08,185.58,187.45,187.73,0.75,aerosol
2026-05-11 09:30:26,617,27.95,30.83,100222.9,289674.69,22.24,35.29,45.02,50.1,127.8,164.39,175.67,177.36,177.61,0.73,aerosol
2026-05-11 09:30:31,617,27.97,30.94,100218.37,296983.75,20.72,32.74,41.69,46.35,119.35,153.25,163.64,165.19,165.42,0.73,aerosol
2026-05-11 09:30:36,616,27.98,30.58,100219.87,303048.25,19.85,30.84,38.98,43.22,115.62,147.39,156.86,158.28,158.49,0.71,aerosol
2026-05-11 09:30:41,615,27.98,30.07,100219.02,309365.56,18.76,28.85,36.29,40.18,110,139.64,148.32,149.62,149.81,0.71,aerosol
2026-05-11 09:30:46,616,27.96,29.74,100221.52,310773.91,18.12,27.6,34.57,38.2,106.88,135.14,143.29,144.5,144.68,0.71,aerosol
2026-05-11 09:30:51,616,27.94,29.67,100221.55,307969.94,19.34,29.12,36.29,40.03,114.86,144.58,152.98,154.23,154.41,0.71,aerosol
2026-05-11 09:30:56,617,27.94,29.94,100222.23,302779.41,21.76,32.48,40.3,44.38,129.93,162.99,172.17,173.54,173.74,0.7,aerosol
2026-05-11 09:31:01,615,27.94,30.27,100217.66,302511.09,39.4,58.57,72.54,79.83,235.83,295.37,311.78,314.23,314.59,0.73,aerosol
2026-05-11 09:31:06,615,27.93,30.18,100221.5,303857.56,47.3,71.21,88.72,97.86,280.97,353.64,374.16,377.21,377.66,0.75,aerosol
2026-05-11 09:31:11,614,27.91,30.2,100226.63,302511.09,40.67,61.79,77.32,85.42,240.22,303.47,321.62,324.33,324.72,0.74,aerosol
2026-05-11 09:31:16,612,27.93,30.37,100218.92,300381.34,41.93,64.15,80.51,89.05,246.67,312.46,331.57,334.42,334.84,0.75,aerosol
2026-05-11 09:31:21,612,27.95,30.56,100216.77,300381.34,29.66,46.32,58.68,65.12,172.18,219.98,234.35,236.5,236.82,0.78,aerosol
2026-05-11 09:31:26,611,27.95,30.56,100217.95,301442.44,23.96,38.01,48.49,53.95,137.65,177.06,189.2,191.03,191.29,0.77,aerosol
2026-05-11 09:31:31,609,27.93,30.53,100218.4,302243.22,21.86,34.69,44.26,49.24,125.58,161.55,172.64,174.31,174.55,0.75,aerosol
2026-05-11 09:31:36,610,27.91,30.6,100219.81,299327.69,21.26,33.59,42.77,47.56,122.5,157.29,167.94,169.54,169.77,0.76,aerosol
2026-05-11 09:31:41,609,27.9,30.63,100217.7,303048.25,21.81,34.22,43.44,48.24,126.23,161.59,172.3,173.91,174.14,0.73,aerosol
2026-05-11 09:31:46,607,27.93,30.59,100217.09,299327.69,22.7,35.07,44.22,48.99,132.71,168.79,179.45,181.04,181.27,0.73,aerosol
2026-05-11 09:31:51,607,27.94,30.76,100221.71,299327.69,21.88,33.67,42.37,46.91,128.23,162.82,172.97,174.48,174.71,0.73,aerosol
2026-05-11 09:31:56,607,27.96,30.88,100220.98,299853.59,19.71,30.17,37.88,41.91,115.87,146.82,155.82,157.17,157.36,0.73,aerosol
2026-05-11 09:32:01,605,27.95,30.79,100222.22,302779.41,17.73,27.35,34.47,38.18,103.72,131.85,140.14,141.38,141.56,0.75,aerosol
2026-05-11 09:32:07,605,27.95,30.63,100221.72,303857.56,16.21,25.26,31.97,35.47,94.24,120.29,128.1,129.27,129.44,0.75,aerosol
2026-05-11 09:32:11,603,27.96,30.37,100222.91,305489.25,15.22,23.97,30.48,33.87,87.89,112.68,120.24,121.37,121.54,0.76,aerosol
2026-05-11 09:32:16,604,27.95,30.28,100219.58,304128.31,14.67,23.34,29.82,33.2,84.08,108.31,115.81,116.94,117.1,0.77,aerosol
2026-05-11 09:32:21,603,27.97,30.47,100214.52,299327.69,14.57,23.23,29.7,33.07,83.43,107.55,115.04,116.17,116.33,0.76,aerosol
2026-05-11 09:32:26,603,27.99,30.75,100223.41,297760.97,14.47,22.96,29.3,32.6,83.13,106.94,114.28,115.38,115.54,0.76,aerosol
2026-05-11 09:32:31,602,28.01,30.93,100224.46,296210.59,14.45,22.95,29.28,32.59,82.97,106.77,114.11,115.22,115.38,0.76,aerosol
2026-05-11 09:32:36,603,28.02,31.02,100216.65,295441.44,14.06,22.16,28.19,31.33,81.1,104.04,111.04,112.09,112.24,0.75,aerosol
2026-05-11 09:32:41,602,28.04,31.07,100218.62,294422.09,14.06,22.06,27.99,31.09,81.41,104.21,111.1,112.14,112.29,0.75,aerosol
2026-05-11 09:32:46,602,28.03,31.1,100219.61,293662.19,14.13,22.16,28.13,31.24,81.81,104.71,111.64,112.68,112.83,0.74,aerosol
2026-05-11 09:32:51,603,28.02,30.79,100220.45,302511.09,14.25,22.1,27.91,30.94,83.12,105.88,112.64,113.65,113.8,0.72,aerosol
2026-05-11 09:32:56,602,28.02,30.16,100227.94,307692.31,14.49,22.28,28.02,31.02,84.95,107.84,114.54,115.54,115.69,0.73,aerosol
2026-05-11 09:33:01,602,28.03,29.89,100220.03,302779.41,14.41,21.84,27.3,30.15,85.25,107.59,113.97,114.92,115.06,0.7,aerosol
2026-05-11 09:33:06,601,28.02,29.9,100225.63,304399.53,14.77,21.97,27.23,29.97,88.32,110.67,116.84,117.76,117.89,0.69,aerosol
2026-05-11 09:33:11,601,28.01,29.96,100224.61,300910.97,16.24,24,29.64,32.58,97.56,121.9,128.54,129.53,129.67,0.7,aerosol
2026-05-11 09:33:16,598,28.02,30.2,100217.54,299590.41,17.76,26.07,32.09,35.23,107.14,133.53,140.62,141.68,141.83,0.69,aerosol
2026-05-11 09:33:21,597,28.03,30.52,100220.41,296983.75,19.06,27.78,34.08,37.37,115.43,143.48,150.92,152.02,152.19,0.7,aerosol
2026-05-11 09:33:27,596,28.02,30.68,100224.86,296725.59,20.41,29.92,36.82,40.41,123.16,153.44,161.57,162.77,162.95,0.72,aerosol
2026-05-11 09:33:32,596,28.04,30.82,100223.8,298281.38,19.75,29.46,36.55,40.25,117.99,147.97,156.29,157.53,157.71,0.75,aerosol
2026-05-11 09:33:37,595,28.03,30.37,100221.58,305762.91,19.2,29.01,36.2,39.95,113.78,143.41,151.83,153.09,153.27,0.74,aerosol
2026-05-11 09:33:42,593,28.03,30.02,100221.34,306037.06,19.15,29.19,36.57,40.42,112.92,142.82,151.45,152.74,152.93,0.74,aerosol
2026-05-11 09:33:47,591,28.03,30.02,100221.01,306862.44,18.44,28.16,35.32,39.06,108.54,137.41,145.77,147.02,147.2,0.73,aerosol
2026-05-11 09:33:52,593,28.05,29.84,100222.99,302511.09,18.93,28.57,35.64,39.33,112.3,141.48,149.75,150.99,151.17,0.72,aerosol
2026-05-11 09:33:57,593,28.05,30.17,100219.15,297760.97,18.96,28.61,35.69,39.38,112.48,141.71,149.99,151.23,151.41,0.73,aerosol
2026-05-11 09:34:02,593,28.07,30.35,100221.6,300117.22,18.32,27.73,34.64,38.25,108.43,136.78,144.87,146.07,146.25,0.72,aerosol
2026-05-11 09:34:07,592,28.05,30.63,100219.09,296210.59,17.53,26.4,32.9,36.3,104.11,131.06,138.67,139.81,139.98,0.71,aerosol
2026-05-11 09:34:12,591,28.08,30.82,100225.03,298281.38,17.17,25.82,32.16,35.47,102.04,128.39,135.81,136.92,137.08,0.72,aerosol
2026-05-11 09:34:17,587,28.06,30.68,100226.62,300381.34,16.82,25.51,31.89,35.22,99.5,125.6,133.06,134.17,134.33,0.74,aerosol
2026-05-11 09:34:22,589,28.06,30.68,100220.15,299590.41,17.34,26.35,32.98,36.43,102.4,129.37,137.11,138.27,138.44,0.73,aerosol
2026-05-11 09:34:27,589,28.06,30.76,100220.45,297760.97,16.65,25.43,31.89,35.27,98.04,124.11,131.66,132.78,132.95,0.75,aerosol
2026-05-11 09:34:32,588,28.06,30.85,100218.72,296983.75,15.67,24.05,30.23,33.45,92,116.68,123.89,124.97,125.13,0.76,aerosol
2026-05-11 09:34:37,586,28.04,30.98,100212.62,295953.75,15.48,24.06,30.42,33.73,90.16,114.95,122.35,123.46,123.62,0.77,aerosol
2026-05-11 09:34:42,587,27.97,31.11,100222.24,258324.92,998.38,1970.95,2727.27,3121.76,4807.76,6967.94,7824.21,7954.62,7973.22,1.36,aerosol
2026-05-11 09:34:47,588,27.84,31.33,100226.59,206576.56,968.33,2629.62,3956.52,4648.63,2939.68,5995.86,7475.94,7703.44,7735.5,1.26,aerosol
2026-05-11 09:34:52,587,27.7,31.6,100224.06,184040.27,1358.72,4349.99,6757.44,8013.16,2540.18,7712.14,10386.24,10798.36,10856.23,1.21,aerosol
2026-05-11 09:34:57,586,27.77,31.82,100219.41,196356.66,405.3,1383.9,2173.37,2585.16,550.49,2208.8,3084.57,3219.65,3238.59,1.23,aerosol
2026-05-11 09:35:02,586,27.71,31.93,100222.59,195121.95,584.7,2149.14,3414.23,4074.1,427.78,3024.48,4426.02,4642.37,4672.68,1.19,aerosol
2026-05-11 09:35:07,588,27.64,32.01,100218.27,195233.56,393.77,1564.51,2513.3,3008.19,6.9,1912.46,2962.33,3124.51,3147.22,1.24,aerosol
2026-05-11 09:35:12,589,27.72,32.01,100221.62,203497.61,192.65,778.62,1253.72,1501.54,0,921.63,1447.21,1528.42,1539.78,1.24,aerosol
2026-05-11 09:35:17,587,27.78,31.95,100220.1,210656.25,231.68,919.23,1476.43,1767.06,7.07,1126.55,1743.11,1838.35,1851.69,1.2,aerosol
2026-05-11 09:35:22,587,27.8,31.84,100219.95,216261.88,168.52,656.07,1050.98,1256.96,35.34,832.81,1269.92,1337.43,1346.88,1.23,aerosol
2026-05-11 09:35:27,588,27.83,31.62,100225.12,225998.67,131.39,505.69,808.78,966.86,41.53,655.49,991.02,1042.84,1050.1,1.16,aerosol
2026-05-11 09:35:32,587,27.84,31.19,100224.95,235836.02,86.09,323.86,516.27,616.63,45.12,437.39,650.47,683.37,687.98,1.15,aerosol
2026-05-11 09:35:37,588,27.86,31.14,100223.62,244976.08,62.49,227.06,360.1,429.49,52.03,326.03,473.44,496.19,499.38,1.13,aerosol
2026-05-11 09:35:42,588,27.89,31.04,100225.38,250550.53,37.11,129.97,204.95,244.06,42.61,198.81,281.95,294.77,296.57,1.12,aerosol
2026-05-11 09:35:47,587,27.91,30.91,100217.22,260891.72,40.78,140.95,221.8,263.97,51.32,220.46,310.12,323.95,325.89,1.13,aerosol
2026-05-11 09:35:52,587,27.91,30.75,100228.66,263713.62,45.78,157.61,247.85,294.92,59.08,248.12,348.21,363.65,365.82,1.14,aerosol
2026-05-11 09:35:57,584,27.9,30.84,100216.48,264326.28,65.78,225.31,354.03,421.17,87.62,357.72,500.49,522.52,525.61,1.13,aerosol
2026-05-11 09:36:02,582,27.9,31,100226.8,273431.25,59.94,202.04,316.62,376.39,87.73,329.46,456.6,476.21,478.96,1.1,aerosol
2026-05-11 09:36:07,584,27.88,31.03,100229.22,278563.66,54.97,178.87,278.65,330.69,95.87,308.97,419.76,436.84,439.24,1.1,aerosol
2026-05-11 09:36:12,586,27.89,31.12,100226.05,283656.5,44.77,142.09,220.38,261.22,86.72,255.47,342.45,355.86,357.74,1.08,aerosol
2026-05-11 09:36:17,586,27.92,31.09,100226.69,287721.28,33.66,103.57,159.76,189.06,72.97,195.49,257.95,267.57,268.92,1.06,aerosol
2026-05-11 09:36:22,586,27.91,30.99,100223.67,291405.81,31.31,92.56,141.69,167.31,77.01,185.91,240.58,248.99,250.18,1.05,aerosol
2026-05-11 09:36:27,587,27.94,31.04,100218.73,294676.25,30.22,88.07,134.44,158.63,77.33,180.74,232.37,240.31,241.43,1.05,aerosol
2026-05-11 09:36:32,587,27.97,31.04,100221.09,297760.97,30.11,85.79,130.38,153.64,81.73,182.14,231.81,239.45,240.53,1.02,aerosol
2026-05-11 09:36:37,586,27.98,30.96,100219.25,299853.59,29.89,82.61,124.76,146.74,87.26,183.52,230.51,237.74,238.76,1.01,aerosol
2026-05-11 09:36:42,585,28,30.94,100215.94,301176.47,28.93,79.31,119.57,140.57,86.05,178.36,223.25,230.15,231.13,1.04,aerosol
2026-05-11 09:36:47,587,28,30.97,100223.35,301975.81,28.38,78.25,118.12,138.91,83.31,174.47,218.91,225.75,226.71,1.06,aerosol
2026-05-11 09:36:52,587,27.99,30.97,100220.36,305216.09,27.82,78.47,119,140.14,77.48,169.19,214.35,221.29,222.27,1.08,aerosol
2026-05-11 09:36:57,585,28,30.97,100219.9,308248.03,26.98,76.87,116.83,137.66,73.25,163.23,207.73,214.58,215.54,1.08,aerosol
2026-05-11 09:37:02,584,28.02,30.96,100227.68,311057.09,27.03,78.9,120.48,142.17,68.85,161.51,207.8,214.93,215.93,1.1,aerosol
2026-05-11 09:37:07,585,28.01,30.91,100221.64,315368.03,26.48,78.85,120.87,142.79,63.71,156.57,203.33,210.52,211.54,1.11,aerosol
2026-05-11 09:37:12,587,28.02,30.89,100223.91,316831.69,25.07,75.94,116.78,138.09,57.24,146.88,192.31,199.31,200.29,1.11,aerosol
2026-05-11 09:37:17,587,28.05,30.84,100229.35,317716.41,24.59,73.84,113.37,133.99,57.71,144.78,188.75,195.52,196.47,1.08,aerosol
2026-05-11 09:37:22,587,28.07,30.81,100226.27,318606.09,24.52,71.37,108.93,128.51,62.92,146.71,188.52,194.95,195.86,1.04,aerosol
2026-05-11 09:37:27,587,28.09,30.79,100225.66,320100.03,24.65,68.37,103.33,121.56,71.43,151.14,190.11,196.1,196.94,0.98,aerosol
2026-05-11 09:37:32,587,28.08,30.77,100224.25,321003.12,24.82,65.98,98.83,115.96,78.71,155.15,191.81,197.44,198.23,0.99,aerosol
2026-05-11 09:37:37,587,28.09,30.75,100224.18,322824.72,24.66,64.01,95.35,111.7,81.96,155.83,190.84,196.22,196.98,0.99,aerosol
2026-05-11 09:37:42,587,28.09,30.75,100225.98,324976.19,24.93,63.8,94.73,110.87,85.08,158.53,193.11,198.41,199.16,1,aerosol
2026-05-11 09:37:47,587,28.09,30.46,100227.64,331928.69,25.05,63.36,93.83,109.72,87.24,160.05,194.12,199.34,200.08,0.98,normal
2026-05-11 09:37:52,585,28.08,30.19,100231.29,334203.66,24.73,61.33,90.4,105.57,89.07,159.33,191.85,196.84,197.55,0.96,normal
2026-05-11 09:37:57,585,28.06,30.03,100225.22,336178.59,24.15,58.63,85.98,100.25,89.99,156.91,187.54,192.23,192.9,0.97,normal
2026-05-11 09:38:02,586,28.05,30.06,100228.91,337842.28,23.44,56.6,82.9,96.61,88.1,152.65,182.09,186.61,187.25,0.96,normal
2026-05-11 09:38:07,584,28.05,30.15,100227.6,338848.44,23.28,55.66,81.32,94.7,88.79,152.15,180.9,185.31,185.93,0.96,normal
2026-05-11 09:38:12,584,28.05,30.18,100227.66,340538.75,22.81,54.03,78.76,91.65,88.22,149.62,177.33,181.58,182.18,0.94,normal
2026-05-11 09:38:17,583,28.02,30.02,100230.49,342246,21.81,50.87,73.85,85.83,86.31,143.96,169.73,173.68,174.24,0.94,normal
2026-05-11 09:38:22,581,28.02,30.13,100228.41,342246,20.83,47.96,69.4,80.58,83.87,138.09,162.15,165.83,166.36,0.92,normal
2026-05-11 09:38:27,581,28.03,30.4,100224.15,340538.75,19.88,45.44,65.62,76.14,80.84,132.15,154.8,158.27,158.76,0.94,normal
2026-05-11 09:38:32,581,28.04,30.53,100221.79,343278.59,19.34,44.38,64.15,74.47,78.28,128.42,150.61,154.01,154.49,0.93,normal
2026-05-11 09:38:37,583,28.05,30.52,100223.77,345712.34,18.88,43.06,62.15,72.11,77.01,125.61,147.05,150.33,150.79,0.93,normal
2026-05-11 09:38:42,582,28.06,30.33,100222.84,347826.09,18.79,42.4,61.03,70.75,77.7,125.47,146.39,149.59,150.05,0.92,normal
2026-05-11 09:38:47,583,28.06,30.3,100223.91,345013.47,18.25,40.79,58.55,67.81,76.42,122.28,142.25,145.3,145.73,0.9,normal
2026-05-11 09:38:52,580,28.07,30.48,100228.25,342933.69,17.28,38.12,54.51,63.06,73.65,116.39,134.83,137.65,138.05,0.9,normal
2026-05-11 09:38:57,583,27.85,30.57,100227.32,347472,16.58,36.1,51.45,59.46,71.72,112.11,129.38,132.02,132.39,0.9,normal
2026-05-11 09:39:02,582,27.55,30.8,100225.05,348536.41,16.09,35.04,49.93,57.7,69.61,108.81,125.57,128.13,128.5,0.93,normal
2026-05-11 09:39:07,581,27.39,30.99,100223.27,356173.91,15.08,33.5,48,55.57,63.69,101.31,117.61,120.1,120.46,0.96,normal
2026-05-11 09:39:12,583,27.15,31.29,100229.5,361454.28,14.58,32.97,47.47,55.03,60.18,97.32,113.61,116.1,116.45,0.96,normal
2026-05-11 09:39:17,584,27.3,31.46,100232.29,359929.69,14.7,33.63,48.57,56.37,59.71,97.68,114.46,117.02,117.39,0.95,normal
2026-05-11 09:39:23,583,27.39,31.62,100223.49,359929.69,14.5,33.25,48.07,55.79,58.7,96.27,112.9,115.44,115.81,0.94,normal
2026-05-11 09:39:28,585,27.42,31.61,100223.73,362991.84,14.24,32.66,47.2,54.79,57.67,94.57,110.89,113.39,113.75,0.94,normal
2026-05-11 09:39:33,586,27.45,31.53,100229.72,361454.28,13.9,31.85,46.02,53.41,56.37,92.34,108.25,110.69,111.03,0.94,normal
2026-05-11 09:39:38,587,27.43,31.57,100231.56,361454.28,13.64,31.5,45.6,52.96,54.76,90.39,106.22,108.64,108.98,0.94,normal
2026-05-11 09:39:43,587,27.46,31.63,100231.58,362991.84,13.72,31.82,46.13,53.6,54.68,90.71,106.76,109.22,109.57,0.94,normal
2026-05-11 09:39:48,586,27.4,31.46,100227.45,367684.03,13.61,31.26,45.2,52.47,54.98,90.31,105.96,108.35,108.69,0.94,normal
2026-05-11 09:39:53,589,27.41,31.39,100230.17,375229.03,13.5,30.21,43.39,50.26,56.44,90.41,105.22,107.48,107.8,0.9,normal
2026-05-11 09:39:58,589,27.45,31.4,100229.8,367684.03,13.48,29.35,41.82,48.32,58.35,91.18,105.21,107.36,107.66,0.9,normal
2026-05-11 09:40:03,589,27.5,31.44,100235.29,366106.53,13.43,28.84,40.93,47.24,59.12,91.29,104.91,106.99,107.28,0.91,normal
2026-05-11 09:40:08,589,27.41,31.11,100232.23,389353.62,13.15,27.99,39.63,45.7,58.47,89.64,102.75,104.75,105.04,0.92,normal
2026-05-11 09:40:13,589,27.29,30.88,100237.42,390467.12,13.04,27.71,39.2,45.2,58.12,88.96,101.92,103.9,104.18,0.92,normal
2026-05-11 09:40:18,587,27.18,30.9,100242.01,391811.75,12.83,27.27,38.58,44.49,57.17,87.53,100.28,102.23,102.5,0.92,normal
2026-05-11 09:40:23,587,27.14,31.04,100234.66,388910,12.63,27.1,38.46,44.39,55.6,85.84,98.63,100.59,100.86,0.95,normal
2026-05-11 09:40:28,587,27.17,31.26,100238.54,386706.94,12.33,26.68,37.95,43.83,53.76,83.56,96.25,98.19,98.47,0.93,normal
2026-05-11 09:40:33,586,27.13,31.21,100231.39,396361.53,11.81,25.53,36.3,41.91,51.61,80.12,92.24,94.1,94.36,0.93,normal
2026-05-11 09:40:38,587,27.07,31.16,100226.09,394985.53,11.2,24.06,34.16,39.43,49.23,76.08,87.46,89.19,89.44,0.92,normal
2026-05-11 09:40:43,588,27.06,31.2,100231.72,394985.53,10.91,23.13,32.71,37.71,48.71,74.45,85.25,86.9,87.13,0.91,normal
2026-05-11 09:40:48,588,27.1,31.27,100232.23,393846.16,10.65,22.51,31.81,36.66,47.69,72.72,83.2,84.8,85.03,0.92,normal
2026-05-11 09:40:53,588,27.14,31.33,100229.34,391138.28,10.4,22.15,31.37,36.18,46.19,70.86,81.25,82.84,83.06,0.92,normal
2026-05-11 09:40:58,589,27.12,31.24,100229.66,389131.69,10.53,22.81,32.45,37.48,45.88,71.36,82.22,83.88,84.11,0.94,normal
2026-05-11 09:41:03,588,27.11,31.08,100232.79,394985.53,11.08,24.24,34.59,39.99,47.67,74.81,86.45,88.23,88.48,0.93,normal
2026-05-11 09:41:08,589,27.1,31.02,100238.48,397979,11.34,24.89,35.55,41.11,48.6,76.49,88.48,90.31,90.57,0.95,normal
2026-05-11 09:41:13,590,27.12,30.98,100232.37,396822.31,11.46,25.21,36.02,41.66,49.01,77.26,89.42,91.28,91.55,0.94,normal
2026-05-11 09:41:18,591,27,30.96,100222.82,400547.62,11.37,24.98,35.69,41.27,48.7,76.69,88.74,90.58,90.84,0.94,normal
2026-05-11 09:41:23,590,27.04,31.03,100227.12,400078.12,11.38,25.08,35.87,41.49,48.49,76.62,88.75,90.6,90.86,0.96,normal
2026-05-11 09:41:28,592,27.06,31.03,100229.03,401253.91,12.23,27.46,39.47,45.73,50.89,81.79,95.29,97.35,97.64,0.97,normal
2026-05-11 09:41:33,590,27.13,31.03,100225.92,398676.28,12.39,28.35,40.95,47.52,50.31,82.33,96.47,98.64,98.95,1,normal
2026-05-11 09:41:38,587,27.17,31.03,100237.34,394301.12,12.76,29.33,42.41,49.24,51.51,84.65,99.34,101.59,101.91,0.96,normal
2026-05-11 09:41:43,585,27.16,31.01,100225.61,399142.47,12.81,29.57,42.81,49.72,51.43,84.88,99.74,102.02,102.34,0.97,normal
2026-05-11 09:41:48,587,27.1,30.81,100231.4,403626.34,12.46,28.42,41.01,47.58,50.88,82.94,97.08,99.25,99.55,0.95,normal
2026-05-11 09:41:53,584,27.09,30.72,100225.04,402436.62,12.08,27.26,39.23,45.48,49.97,80.67,94.12,96.18,96.47,0.95,normal
2026-05-11 09:41:58,583,27.08,30.7,100230.33,405303.78,11.68,26.18,37.62,43.59,48.7,78.16,91.01,92.98,93.25,0.92,normal
2026-05-11 09:42:03,583,27.04,30.69,100228.49,406268.59,11.24,25.02,35.88,41.54,47.31,75.42,87.62,89.49,89.75,0.93,normal
2026-05-11 09:42:08,581,27.04,30.66,100224.59,405063.28,10.93,24.56,35.3,40.9,45.51,73.15,85.22,87.07,87.33,0.96,normal
2026-05-11 09:42:13,579,27.03,30.67,100227.92,403149.59,10.51,23.87,34.41,39.91,43.15,70.08,81.91,83.72,83.98,0.96,normal
2026-05-11 09:42:18,579,27,30.72,100229.27,404823.09,10.33,23.58,34.04,39.5,42.1,68.72,80.46,82.26,82.52,0.96,normal
2026-05-11 09:42:23,579,26.89,30.59,100233.96,422093.97,10.15,23.13,33.38,38.73,41.42,67.53,79.03,80.79,81.04,0.95,normal
2026-05-11 09:42:28,577,26.79,30.46,100233.66,419500.22,9.68,22.08,31.86,36.97,39.53,64.45,75.43,77.11,77.35,0.95,normal
2026-05-11 09:42:33,576,26.64,30.52,100240.47,422093.97,9.45,21.46,30.93,35.88,38.75,62.95,73.59,75.22,75.45,0.94,normal
2026-05-11 09:42:38,572,26.56,30.54,100242.58,421312.5,9.25,20.93,30.14,34.94,38.14,61.73,72.07,73.66,73.88,0.95,normal
2026-05-11 09:42:43,570,26.52,30.72,100243.14,420275,9.34,21.34,30.81,35.75,38.05,62.14,72.77,74.4,74.63,0.95,normal
2026-05-11 09:42:48,568,26.53,30.84,100238.85,417192.91,9.27,21.68,31.5,36.62,36.55,61.13,72.14,73.83,74.06,0.98,normal
2026-05-11 09:42:53,568,26.53,30.9,100232.12,414658.84,9.06,21.49,31.33,36.47,34.99,59.42,70.45,72.14,72.38,0.98,normal
2026-05-11 09:42:58,566,26.55,30.9,100233.56,417703.44,8.65,20.68,30.22,35.19,33.01,56.55,67.23,68.87,69.1,0.98,normal
2026-05-11 09:43:03,565,26.57,30.89,100237.66,418215.22,8.45,20.21,29.52,34.38,32.25,55.25,65.69,67.29,67.51,0.98,normal
2026-05-11 09:43:08,564,26.61,30.88,100231.12,416938.12,8.47,20.22,29.54,34.39,32.35,55.37,65.81,67.4,67.63,0.98,normal
2026-05-11 09:43:13,563,26.65,30.85,100234.85,415668.75,8.31,19.93,29.14,33.94,31.52,54.22,64.54,66.12,66.35,0.99,normal
2026-05-11 09:43:18,564,26.67,30.77,100234.91,417703.44,8.39,20.01,29.21,34.01,32.11,54.88,65.19,66.77,66.99,0.96,normal
2026-05-11 09:43:23,564,26.7,30.7,100237.09,415922,8.62,20.35,29.63,34.47,33.53,56.64,67.04,68.63,68.86,0.96,normal
2026-05-11 09:43:28,564,26.63,30.6,100231.82,425779.62,8.59,20.2,29.4,34.19,33.56,56.49,66.79,68.37,68.6,0.96,normal
2026-05-11 09:43:33,562,26.58,30.54,100234.98,426844.53,8.48,19.96,29.05,33.79,33.09,55.76,65.94,67.51,67.73,0.96,normal
2026-05-11 09:43:38,562,26.55,30.58,100231.76,424984.44,7.95,18.75,27.3,31.75,30.99,52.28,61.86,63.33,63.53,0.96,normal
2026-05-11 09:43:43,562,26.56,30.62,100238.53,425514.22,7.68,18.21,26.54,30.89,29.7,50.39,59.73,61.16,61.37,0.97,normal
2026-05-11 09:43:48,561,26.45,30.57,100238.23,427378.97,7.24,17.24,25.15,29.28,27.83,47.43,56.3,57.66,57.85,0.96,normal
2026-05-11 09:43:53,559,26.33,30.49,100237.63,437233.12,6.98,16.56,24.14,28.1,26.97,45.79,54.29,55.6,55.78,0.96,normal
2026-05-11 09:43:58,558,26.32,30.6,100242.5,429260.12,6.92,16.29,23.7,27.57,26.99,45.48,53.79,55.07,55.25,0.95,normal
2026-05-11 09:44:03,560,26.33,30.79,100245.51,426045.34,6.79,15.83,22.98,26.71,26.88,44.82,52.84,54.07,54.24,0.94,normal
2026-05-11 09:44:08,557,26.37,30.89,100236.53,427378.97,6.98,16.11,23.32,27.07,28.06,46.27,54.36,55.6,55.78,0.94,normal
2026-05-11 09:44:13,557,26.38,30.77,100234.71,429800.62,7.05,16.16,23.35,27.1,28.57,46.82,54.89,56.13,56.3,0.94,normal
2026-05-11 09:44:18,555,26.4,30.66,100236.91,431430.38,7.12,16.17,23.31,27.04,29.21,47.45,55.47,56.7,56.87,0.94,normal
2026-05-11 09:44:23,552,26.38,30.58,100233.75,432523.75,7.16,16.23,23.38,27.11,29.49,47.78,55.81,57.04,57.21,0.94,normal
2026-05-11 09:44:28,551,26.39,30.53,100238.42,433072.53,7.33,16.66,24.02,27.86,30.02,48.81,57.08,58.34,58.52,0.95,normal
2026-05-11 09:44:33,550,26.36,30.45,100233.34,438637.81,7.49,17.19,24.85,28.84,30.3,49.72,58.32,59.63,59.82,0.96,normal
2026-05-11 09:44:38,547,26.35,30.43,100234.79,435559.34,7.46,17.22,24.92,28.94,29.94,49.42,58.07,59.39,59.58,0.96,normal
2026-05-06 21:20:01,512,31.02,27.91,100626,237311.7,4.07,4.36,4.41,4.44,28.39,32.28,32.45,32.47,32.47,0.49,normal
2026-05-06 21:20:06,514,31.03,27.78,100625.48,245504.67,3.87,4.16,4.2,4.23,27.02,30.73,30.9,30.91,30.91,0.49,normal
2026-05-06 21:20:12,514,31.02,27.75,100627.41,239476.14,3.64,3.91,3.95,3.98,25.4,28.88,29.04,29.05,29.06,0.49,normal
2026-05-06 21:20:17,514,31,27.86,100624.8,242366.86,3.49,3.75,3.79,3.82,24.38,27.73,27.88,27.89,27.89,0.49,normal
2026-05-06 21:20:22,513,31.01,27.9,100624.61,238639.02,3.31,3.55,3.6,3.62,23.1,26.27,26.41,26.43,26.43,0.49,normal
2026-05-06 21:20:27,513,31.02,27.9,100625.73,240997.88,3.25,3.48,3.53,3.55,22.65,25.76,25.9,25.91,25.91,0.5,normal
2026-05-06 21:20:32,513,31.02,27.81,100624.55,244800.38,3.28,3.52,3.56,3.59,22.87,26.01,26.15,26.17,26.17,0.49,normal
2026-05-06 21:20:37,512,31.02,27.78,100624,242711.55,3.39,3.64,3.69,3.71,23.65,26.9,27.04,27.06,27.06,0.5,normal
2026-05-06 21:20:42,513,31.02,27.73,100624.99,247104.25,3.55,3.81,3.86,3.89,24.75,28.16,28.31,28.33,28.33,0.5,normal
2026-05-06 21:20:47,511,31.04,27.46,100623.88,248724.8,3.72,3.99,4.05,4.08,25.91,29.48,29.64,29.66,29.66,0.5,normal
2026-05-06 21:20:52,510,31.03,27.31,100623.68,250918.89,3.75,4.03,4.08,4.11,26.13,29.73,29.89,29.91,29.91,0.5,normal
2026-05-06 21:20:57,511,31.03,27.61,100624.34,235510.58,3.75,4.03,4.09,4.11,26.15,29.75,29.92,29.94,29.94,0.5,normal
2026-05-06 21:21:02,512,31.01,28.12,100626.13,228571.42,3.83,4.12,4.18,4.21,26.72,30.41,30.58,30.59,30.6,0.51,normal
2026-05-06 21:21:07,511,31.01,28.21,100625.27,240658.05,4.16,4.48,4.55,4.58,29.02,33.03,33.21,33.23,33.24,0.51,normal
2026-05-06 21:21:12,511,30.99,27.83,100625.05,247283.27,4.24,4.57,4.64,4.68,29.57,33.65,33.85,33.87,33.88,0.51,normal
2026-05-06 21:21:17,512,30.98,27.59,100625.1,242366.86,3.99,4.3,4.37,4.4,27.76,31.61,31.8,31.81,31.82,0.51,normal
2026-05-06 21:21:22,513,30.98,27.75,100624.34,243057.2,3.67,3.96,4.02,4.06,25.54,29.09,29.26,29.28,29.28,0.51,normal
2026-05-06 21:21:27,514,30.97,27.67,100623.69,246746.98,3.51,3.79,3.85,3.89,24.45,27.84,28.01,28.03,28.03,0.5,normal
2026-05-06 21:21:32,514,30.98,27.63,100625.81,243403.84,3.41,3.68,3.75,3.78,23.75,27.05,27.22,27.23,27.24,0.51,normal
2026-05-06 21:21:37,512,30.97,27.86,100624.03,242366.86,3.49,3.77,3.84,3.88,24.31,27.69,27.86,27.88,27.88,0.51,normal
2026-05-06 21:21:42,514,30.97,27.96,100623.55,235186.03,3.65,3.95,4.02,4.06,25.42,28.95,29.14,29.15,29.16,0.51,normal
2026-05-06 21:21:47,514,30.98,28.01,100625.12,242366.86,3.9,4.22,4.3,4.34,27.11,30.89,31.09,31.11,31.11,0.51,normal
2026-05-06 21:21:52,514,30.99,27.99,100625.4,237476.81,4,4.33,4.42,4.46,27.78,31.66,31.87,31.89,31.9,0.51,normal
2026-05-06 21:21:57,513,30.99,27.99,100624.74,243403.84,3.9,4.23,4.32,4.36,27.07,30.86,31.07,31.09,31.1,0.51,normal
2026-05-06 21:22:02,512,31.04,27.87,100624.52,240997.88,3.76,4.08,4.17,4.22,26.13,29.79,30,30.02,30.02,0.52,normal
2026-05-06 21:22:07,513,31.04,27.52,100624.89,249451.89,3.58,3.89,3.98,4.03,24.84,28.34,28.54,28.56,28.56,0.52,normal
2026-05-06 21:22:12,513,31.03,27.13,100625.7,255808.14,3.39,3.69,3.77,3.82,23.52,26.83,27.02,27.04,27.05,0.51,normal
2026-05-06 21:22:17,510,31,26.92,100624.31,255043.59,3.19,3.47,3.55,3.59,22.15,25.27,25.45,25.47,25.47,0.51,normal
2026-05-06 21:22:22,508,31,27.22,100623.7,241851.67,2.92,3.17,3.25,3.28,20.27,23.12,23.28,23.3,23.3,0.5,normal
2026-05-06 21:22:27,506,30.98,27.75,100624.26,237146.83,2.9,3.15,3.22,3.25,20.12,22.94,23.1,23.12,23.12,0.5,normal
2026-05-06 21:22:32,506,30.95,27.63,100624.37,242539.08,3.18,3.45,3.52,3.56,22.07,25.17,25.34,25.36,25.36,0.51,normal
2026-05-06 21:22:37,506,30.94,27.75,100624.2,244624.94,3.25,3.52,3.6,3.64,22.56,25.73,25.9,25.92,25.92,0.51,normal
2026-05-06 21:22:42,506,30.95,27.67,100624.53,245681.38,3.27,3.55,3.63,3.67,22.74,25.92,26.1,26.12,26.12,0.51,normal
2026-05-06 21:22:47,505,30.94,27.82,100623.02,243230.41,3.1,3.36,3.43,3.47,21.53,24.55,24.71,24.73,24.73,0.51,normal
2026-05-06 21:22:52,506,30.95,27.78,100624.77,246746.98,3.05,3.3,3.37,3.41,21.18,24.15,24.31,24.33,24.33,0.5,normal
2026-05-06 21:22:57,508,30.94,27.63,100625.52,247283.27,3.18,3.45,3.52,3.55,22.13,25.22,25.39,25.41,25.41,0.5,normal
2026-05-06 21:23:02,507,30.91,27.47,100623.42,248906.17,3.15,3.41,3.48,3.51,21.9,24.96,25.12,25.13,25.14,0.5,normal
2026-05-06 21:23:07,507,30.9,27.45,100622.99,247462.55,3.2,3.47,3.53,3.56,22.28,25.39,25.55,25.57,25.57,0.49,normal
2026-05-06 21:23:12,506,30.89,27.55,100623.62,243230.41,3.07,3.32,3.38,3.41,21.37,24.35,24.5,24.51,24.52,0.49,normal
2026-05-06 21:23:17,504,30.89,27.7,100621.92,247821.88,3.27,3.53,3.59,3.63,22.8,25.97,26.12,26.14,26.14,0.49,normal
2026-05-06 21:23:22,504,30.89,27.7,100622.7,245328.22,3.78,4.07,4.14,4.17,26.32,29.96,30.14,30.16,30.16,0.48,normal
2026-05-06 21:23:27,504,30.88,27.79,100622.5,243403.84,3.77,4.06,4.12,4.15,26.27,29.9,30.07,30.09,30.09,0.48,normal
2026-05-06 21:23:32,503,30.89,27.86,100622.59,240997.88,3.82,4.1,4.16,4.19,26.6,30.27,30.44,30.46,30.46,0.48,normal
2026-05-06 21:23:37,502,30.89,28.2,100624.74,235999.08,3.82,4.11,4.16,4.19,26.65,30.32,30.49,30.5,30.51,0.48,normal
2026-05-06 21:23:42,505,30.88,28.47,100623.46,234539.62,3.68,3.95,4.01,4.03,25.68,29.21,29.37,29.38,29.39,0.48,normal
2026-05-06 21:23:47,506,30.88,28.54,100622.79,240827.84,3.62,3.88,3.93,3.96,25.24,28.71,28.86,28.88,28.88,0.48,normal
2026-05-06 21:23:52,505,30.9,28.2,100624.85,243230.41,3.73,4.01,4.06,4.08,26.04,29.62,29.78,29.79,29.8,0.48,normal
2026-05-06 21:23:57,504,30.89,28.08,100624.71,242366.86,3.72,3.99,4.04,4.07,25.96,29.53,29.68,29.7,29.7,0.48,normal
2026-05-06 21:24:02,502,30.9,27.82,100625.59,246568.75,3.65,3.91,3.95,3.98,25.44,28.93,29.08,29.1,29.1,0.48,normal
2026-05-06 21:24:07,503,30.92,27.88,100623.58,243057.2,3.66,3.92,3.96,3.98,25.54,29.03,29.19,29.2,29.2,0.48,normal
2026-05-06 21:24:12,503,30.92,28.08,100625.54,244449.75,3.62,3.88,3.92,3.94,25.31,28.77,28.92,28.93,28.93,0.49,normal
2026-05-06 21:24:17,504,30.93,27.82,100625.16,245681.38,3.96,4.24,4.28,4.3,27.64,31.42,31.58,31.59,31.6,0.49,normal
2026-05-06 21:24:22,503,30.93,27.9,100624.57,246925.48,4.19,4.48,4.52,4.55,29.26,33.25,33.42,33.43,33.44,0.48,normal
2026-05-06 21:24:27,501,30.94,27.62,100624.88,251288.34,4.09,4.37,4.41,4.43,28.57,32.46,32.62,32.63,32.64,0.47,normal
2026-05-06 21:24:32,501,30.94,27.44,100624.62,248724.8,4.14,4.42,4.46,4.48,28.95,32.89,33.05,33.06,33.06,0.47,normal
2026-05-06 21:24:37,500,30.92,27.59,100623.57,245504.67,3.95,4.21,4.24,4.26,27.59,31.33,31.48,31.49,31.5,0.47,normal
2026-05-06 21:24:42,497,30.94,27.57,100625.8,250000,3.8,4.05,4.08,4.1,26.6,30.2,30.34,30.35,30.36,0.47,normal
2026-05-06 21:24:47,498,30.94,27.39,100625.24,252403.25,3.78,4.03,4.06,4.07,26.46,30.04,30.18,30.19,30.19,0.47,normal
2026-05-06 21:24:52,499,30.94,27.26,100624.51,250183.23,3.7,3.94,3.97,3.98,25.87,29.37,29.5,29.51,29.52,0.47,normal
2026-05-06 21:24:57,497,31,27.33,100625.73,249087.81,3.53,3.77,3.79,3.8,24.72,28.06,28.19,28.2,28.21,0.48,normal
2026-05-06 21:25:02,496,31.03,27.22,100625.48,251658.89,3.43,3.65,3.68,3.69,23.97,27.22,27.35,27.36,27.36,0.48,normal
2026-05-06 21:25:07,496,31.02,27.1,100624.8,252777.09,3.43,3.65,3.68,3.69,23.95,27.21,27.33,27.34,27.34,0.48,normal
2026-05-06 21:25:12,496,31.01,26.94,100624.13,254663.02,3.35,3.57,3.6,3.61,23.39,26.57,26.69,26.7,26.71,0.48,normal
2026-05-06 21:25:17,494,31,26.93,100624.64,252216.75,3.33,3.56,3.58,3.6,23.29,26.46,26.58,26.59,26.6,0.48,normal
2026-05-06 21:25:22,495,30.99,26.93,100624.94,252403.25,3.48,3.72,3.75,3.76,24.34,27.65,27.78,27.79,27.79,0.48,normal
2026-05-06 21:25:27,494,30.99,27.16,100624.59,247821.88,3.35,3.58,3.61,3.63,23.44,26.63,26.76,26.77,26.77,0.49,normal
2026-05-06 21:25:32,493,30.99,27.23,100625.81,251473.48,3.23,3.45,3.48,3.5,22.57,25.65,25.77,25.78,25.78,0.48,normal
2026-05-06 21:25:37,493,30.99,27.05,100626.07,252964.42,3.18,3.4,3.43,3.44,22.21,25.23,25.36,25.37,25.37,0.48,normal
2026-05-06 21:25:42,495,30.98,26.98,100627.03,252216.75,3.3,3.52,3.55,3.57,23.04,26.17,26.3,26.31,26.31,0.48,normal
2026-05-06 21:25:47,495,30.99,27.13,100626.99,247642.08,3.26,3.48,3.51,3.52,22.76,25.86,25.98,25.99,25.99,0.48,normal
2026-05-06 21:25:52,496,30.96,27.3,100627.19,248362.84,3.26,3.49,3.52,3.53,22.81,25.92,26.04,26.05,26.06,0.49,normal
2026-05-06 21:25:57,498,30.95,27.19,100626.66,252216.75,3.24,3.47,3.5,3.51,22.67,25.75,25.88,25.89,25.89,0.49,normal
2026-05-06 21:26:02,499,30.96,27.14,100626.09,251473.48,3.19,3.41,3.44,3.46,22.31,25.35,25.47,25.48,25.48,0.48,normal
2026-05-06 21:26:07,500,30.95,27.27,100626.29,246213.03,2.98,3.19,3.21,3.23,20.85,23.69,23.8,23.81,23.82,0.48,normal
2026-05-06 21:26:12,499,30.94,27.52,100625.69,240319.17,2.86,3.05,3.08,3.09,19.98,22.69,22.8,22.81,22.81,0.48,normal
2026-05-06 21:26:17,500,30.93,27.6,100626.87,245858.34,2.74,2.92,2.95,2.96,19.15,21.75,21.85,21.86,21.86,0.48,normal
2026-05-06 21:26:22,503,30.94,27.52,100626.89,247462.55,2.89,3.09,3.11,3.12,20.23,22.98,23.08,23.09,23.09,0.48,normal
2026-05-06 21:26:28,501,30.93,27.51,100625.96,245858.34,3.64,3.88,3.91,3.92,25.43,28.88,29.01,29.03,29.03,0.47,normal
2026-05-06 21:26:33,503,30.93,27.38,100625.6,249817.03,3.8,4.05,4.08,4.09,26.58,30.19,30.33,30.34,30.34,0.47,normal
2026-05-06 21:26:38,503,30.91,27.46,100625.55,247642.08,3.65,3.89,3.91,3.93,25.5,28.96,29.09,29.1,29.11,0.47,normal
2026-05-06 21:26:43,505,30.92,27.43,100626.84,250183.23,3.55,3.79,3.81,3.82,24.85,28.21,28.34,28.35,28.36,0.47,normal
2026-05-06 21:26:48,504,30.91,27.4,100626.78,248001.94,3.35,3.56,3.59,3.6,23.41,26.58,26.7,26.71,26.71,0.47,normal
2026-05-06 21:26:53,502,30.91,27.36,100624.59,251473.48,3.29,3.51,3.53,3.54,23.05,26.17,26.29,26.3,26.3,0.47,normal
2026-05-06 21:26:58,502,30.94,27.38,100627.14,245152.02,3.47,3.7,3.72,3.73,24.32,27.6,27.73,27.74,27.74,0.47,normal
2026-05-06 21:27:03,502,30.94,27.38,100627.8,253528.09,3.44,3.67,3.69,3.7,24.11,27.37,27.49,27.5,27.5,0.47,normal
2026-05-06 21:27:08,502,30.95,27.24,100626.87,248906.17,3.34,3.55,3.57,3.58,23.34,26.5,26.61,26.62,26.62,0.46,normal
2026-05-06 21:27:13,502,30.94,27.58,100627.7,244800.38,3.24,3.45,3.47,3.48,22.7,25.76,25.87,25.88,25.89,0.47,normal
2026-05-06 21:27:18,501,30.94,27.54,100628.55,243057.2,3.15,3.35,3.36,3.37,22.04,25.01,25.12,25.13,25.13,0.46,normal
2026-05-06 21:27:23,501,30.91,27.48,100626.23,251473.48,3.09,3.29,3.3,3.31,21.66,24.58,24.69,24.69,24.7,0.46,normal
2026-05-06 21:27:28,500,30.86,27.19,100627.88,258129.56,2.97,3.16,3.17,3.18,20.82,23.63,23.73,23.74,23.74,0.46,normal
2026-05-06 21:27:33,500,30.8,26.93,100626.91,256000,2.93,3.12,3.13,3.14,20.54,23.31,23.4,23.41,23.41,0.46,normal
2026-05-06 21:27:38,501,30.8,26.85,100627.62,257934.52,2.74,2.91,2.92,2.92,19.16,21.74,21.83,21.84,21.84,0.46,normal
2026-05-06 21:27:43,499,30.81,26.93,100628.23,253905.28,2.58,2.74,2.75,2.76,18.09,20.53,20.61,20.62,20.62,0.46,normal
2026-05-06 21:27:48,499,30.81,27.11,100628.78,252403.25,2.61,2.78,2.79,2.79,18.3,20.76,20.85,20.86,20.86,0.46,normal
2026-05-06 21:27:53,499,30.79,27.27,100628.52,39714.55,2.64,2.81,2.82,2.82,18.51,21,21.09,21.09,21.1,0.47,normal
2026-05-06 21:27:58,499,30.5,32.34,100628.8,13733.91,15.61,16.6,16.68,16.72,109.31,124.06,124.58,124.62,124.63,0.48,normal
2026-05-06 21:28:03,498,30.44,38.56,100630.49,9993.75,37.39,40.17,40.68,40.95,260.85,296.71,298.34,298.49,298.53,0.54,normal
2026-05-06 21:28:08,500,29.75,47.4,100633.71,12756.63,21.32,23.45,24.2,24.59,147.37,168.55,169.97,170.13,170.17,0.57,normal
2026-05-06 21:28:13,502,29.78,54.92,100635.19,13637.33,20.66,23.54,24.93,25.66,140.93,162.54,164.65,164.92,164.97,0.6,normal
2026-05-06 21:28:18,506,29.81,54.66,100635.35,20388.66,21.64,26.3,29.12,30.59,143.62,168.46,172.16,172.68,172.76,0.65,normal
2026-05-06 21:28:23,509,29.81,51.44,100634.38,24251.61,22.04,28.88,33.48,35.88,141.26,169.37,175.03,175.85,175.97,0.67,normal
2026-05-06 21:28:28,508,29.74,47.21,100638.81,34482.76,19.1,26.51,31.73,34.45,118.84,145.18,151.43,152.35,152.49,0.68,normal
2026-05-06 21:28:33,509,29.7,43.76,100639.01,41131.11,14.12,20.53,25.15,27.56,85.64,106.36,111.82,112.63,112.75,0.7,normal
2026-05-06 21:28:38,510,29.71,40.33,100639.56,50334.25,10.51,15.76,19.59,21.59,62.61,78.67,83.17,83.84,83.93,0.7,normal
2026-05-06 21:28:43,513,29.76,39.02,100639.27,43880.7,9.28,14.24,17.9,19.81,54.51,69.13,73.4,74.04,74.13,0.71,normal
2026-05-06 21:28:48,514,28.91,49.25,100663.4,5684.85,28.1,44.56,56.83,63.23,161.47,207.66,221.89,224.03,224.34,0.79,normal
2026-05-06 21:28:53,515,27.48,72.21,100659.53,6083.65,167.41,320.66,439.35,501.26,829.8,1178.86,1313.54,1334.02,1336.95,1.07,normal
2026-05-06 21:28:58,519,27.6,81.32,100659.8,7590.13,36.9,84.81,122.64,142.38,148.99,244.84,287.31,293.81,294.73,1.05,normal
2026-05-06 21:29:03,520,27.6,84.08,100660.72,9052.33,11.93,30.24,44.8,52.39,41.41,76.17,92.45,94.95,95.3,1.05,normal
2026-05-06 21:29:08,523,27.71,85.13,100658.2,10155.51,9.01,23.99,35.94,42.17,28.5,56.3,69.64,71.69,71.98,1.02,normal
2026-05-06 21:29:13,526,27.56,85.31,100647.73,13663.54,9.59,26.1,39.29,46.17,29.02,59.36,74.07,76.33,76.65,1.01,normal
2026-05-06 21:29:18,526,27.53,85.61,100646.9,16456.67,9.88,27.42,41.45,48.76,28.58,60.55,76.18,78.59,78.93,1.03,normal
2026-05-06 21:29:23,527,27.57,85.89,100647.91,17510.26,10.12,28.6,43.4,51.12,28.01,61.45,77.93,80.47,80.83,1.03,normal
2026-05-06 21:29:28,529,27.7,86.17,100649.37,17582.42,10.12,28.6,43.39,51.1,28.06,61.49,77.97,80.5,80.86,1.01,normal
2026-05-06 21:29:33,531,27.87,86.29,100650.08,18058.69,9.51,26.48,40.06,47.14,27.28,58.18,73.31,75.64,75.97,0.99,normal
2026-05-06 21:29:38,533,27.96,86.02,100651.1,20846.91,8.54,23.34,35.17,41.34,25.56,52.72,65.91,67.94,68.22,0.98,normal
2026-05-06 21:29:43,535,28.03,84.99,100652.34,21157.03,7.38,19.88,29.87,35.07,22.76,45.84,56.98,58.69,58.93,0.98,normal
2026-05-06 21:29:48,537,28.09,82.62,100652.82,21694.92,6.51,17.45,26.19,30.74,20.34,40.59,50.33,51.83,52.04,0.98,normal
2026-05-06 21:29:53,539,28.11,79.09,100651.5,26495.55,5.79,15.35,22.98,26.96,18.48,36.26,44.77,46.08,46.27,0.97,normal
2026-05-06 21:29:58,543,27.97,71.83,100649.8,34427.11,5.1,13.38,19.99,23.43,16.59,32.06,39.44,40.57,40.73,0.97,normal
2026-05-06 21:30:03,548,27.78,66.34,100648.88,36519.26,4.56,11.87,17.7,20.74,15.04,28.75,35.26,36.26,36.4,0.97,normal
2026-05-06 21:30:08,550,27.59,63.18,100649.02,39937.6,4.34,11.27,16.79,19.67,14.38,27.39,33.56,34.5,34.64,0.97,normal
2026-05-06 21:30:13,553,27.49,61.7,100650.41,36456.85,4.36,11.19,16.62,19.45,14.85,27.73,33.8,34.74,34.87,0.95,normal
2026-05-06 21:30:18,555,27.38,60.27,100650,41250.4,4.52,11.41,16.89,19.75,15.76,28.87,35,35.94,36.07,0.94,normal
2026-05-06 21:30:23,555,27.34,59.07,100648.3,41012.5,4.54,11.3,16.67,19.48,16.22,29.17,35.18,36.11,36.24,0.93,normal
2026-05-06 21:30:28,557,27.35,60.2,100648.88,41210.56,4.48,10.97,16.12,18.8,16.46,29,34.76,35.65,35.77,0.92,normal
2026-05-06 21:30:33,556,27.35,58.8,100647.48,46209.39,4.47,10.72,15.68,18.27,16.93,29.14,34.7,35.55,35.67,0.91,normal
2026-05-06 21:30:38,558,27.35,57.43,100647.15,45960.5,4.4,10.4,15.15,17.63,17.11,28.93,34.25,35.07,35.18,0.9,normal
2026-05-06 21:30:43,558,27.3,55.82,100645.3,50965.56,4.38,10.17,14.75,17.13,17.44,28.95,34.09,34.87,34.99,0.89,normal
2026-05-06 21:30:48,557,27.31,54.49,100647.55,45960.5,4.44,10.04,14.46,16.76,18.35,29.66,34.62,35.38,35.49,0.86,normal
2026-05-06 21:30:53,559,27.32,56.2,100647.34,38461.54,4.56,10.08,14.42,16.69,19.41,30.72,35.6,36.35,36.45,0.86,normal
2026-05-06 21:30:58,560,27.28,52.56,100646.17,56725.02,4.66,10.11,14.4,16.64,20.23,31.54,36.36,37.1,37.2,0.86,normal
2026-05-06 21:31:03,560,27.33,49.84,100645.23,56387.66,4.68,10.03,14.22,16.41,20.64,31.82,36.55,37.27,37.37,0.85,normal
2026-05-06 21:31:08,560,27.41,49.94,100643.74,51026.51,4.81,10.17,14.38,16.57,21.52,32.83,37.57,38.3,38.4,0.84,normal
2026-05-06 21:31:13,561,27.5,52.6,100643.25,51832.36,4.77,10.01,14.11,16.25,21.59,32.7,37.32,38.03,38.13,0.83,normal
2026-05-06 21:31:18,561,27.59,54.86,100641.87,52761.75,4.82,9.96,13.99,16.09,22.13,33.16,37.7,38.4,38.49,0.83,normal
2026-05-06 21:31:23,561,27.68,55.75,100639.5,54549.33,4.81,9.83,13.74,15.78,22.39,33.23,37.66,38.33,38.43,0.82,normal
2026-05-06 21:31:28,559,27.68,50.85,100638.98,63194.27,4.76,9.59,13.35,15.31,22.47,33.03,37.28,37.93,38.02,0.81,normal
2026-05-06 21:31:33,558,27.69,45.66,100638.23,65024.13,4.7,9.35,12.97,14.85,22.45,32.71,36.81,37.43,37.52,0.8,normal
2026-05-06 21:31:38,557,27.7,42.59,100638.45,63334.98,4.59,9.01,12.43,14.22,22.27,32.13,36.01,36.6,36.69,0.8,normal
2026-05-06 21:31:43,557,27.7,41.02,100637.88,65473.14,4.58,8.85,12.16,13.88,22.49,32.14,35.89,36.46,36.55,0.78,normal
2026-05-06 21:31:48,557,27.73,40.06,100638.98,66649.31,4.98,9.38,12.79,14.57,25.01,35.19,39.06,39.65,39.73,0.77,normal
2026-05-06 21:31:53,557,27.78,40.26,100638.2,65222.93,4.94,9.16,12.4,14.1,25.25,35.13,38.83,39.39,39.47,0.77,normal
2026-05-06 21:31:58,557,27.82,39.81,100637.76,67068.38,4.82,8.74,11.76,13.33,25.04,34.44,37.88,38.4,38.47,0.75,normal
2026-05-06 21:32:03,556,27.88,39.7,100637.18,66081.57,4.89,8.7,11.62,13.14,25.81,35.11,38.44,38.95,39.02,0.75,normal
2026-05-06 21:32:08,557,27.91,40.65,100636.02,68085.11,4.86,8.49,11.27,12.71,26.03,35.07,38.24,38.72,38.79,0.74,normal
2026-05-06 21:32:13,556,27.96,40.26,100636.66,70041.04,4.85,8.3,10.93,12.3,26.41,35.21,38.22,38.67,38.74,0.72,normal
2026-05-06 21:32:18,555,28,39.51,100636.19,71568.35,4.76,8,10.46,11.74,26.26,34.69,37.51,37.94,38,0.71,normal
2026-05-06 21:32:23,554,28.05,38.88,100635.02,64144.32,4.37,7.23,9.4,10.53,24.35,31.94,34.43,34.81,34.86,0.71,normal
2026-05-06 21:32:28,553,28.11,39.37,100635.02,70737.77,4.09,6.73,8.71,9.75,22.95,29.99,32.28,32.63,32.68,0.71,normal
2026-05-06 21:32:33,561,27.97,38.26,100633.48,71991,4756.54,13089.96,19750.8,23225.09,14024.78,29268.57,36695.39,37837.25,37998.11,1.32,aerosol
2026-05-06 21:32:39,562,28.02,38.14,100635.17,72913.7,4026.36,10942.74,16467.22,19348.78,12202.49,24921.8,31083.88,32031.07,32164.54,1.03,aerosol
2026-05-06 21:32:44,561,28.04,38.26,100635.4,72295.96,1714.05,4154.27,6089.47,7098.87,6404.7,11144.65,13311.79,13644.08,13691.06,0.84,aerosol
2026-05-06 21:32:49,561,28.1,38.97,100635.22,75560.8,2561.5,6753.79,10096.66,11840.29,8261.71,16075.4,19807.62,20380.97,20461.83,1.2,aerosol
2026-05-06 21:32:54,560,28.23,38.72,100632.98,75227.74,1762.44,4230.66,6186.69,7206.96,6683.67,11502.69,13694.02,14029.94,14077.44,0.88,aerosol
2026-05-06 21:32:59,561,28.22,38.41,100633.14,73289.44,2776.68,6380.74,9227.28,10712.03,11212.93,18424.31,21619.26,22108.45,22177.74,1.01,aerosol
2026-05-06 21:33:04,562,28.17,37.76,100634.46,78335.38,4720.42,13393.71,20337.13,23958.81,12950.64,28618.29,36353.44,37543.36,37710.85,1.24,aerosol
2026-05-06 21:33:09,563,28.28,37.33,100634.66,78624.08,1823.81,4633.96,6869.65,8035.79,6301.96,11631.41,14130.64,14514.27,14568.43,0.84,aerosol
2026-05-06 21:33:14,564,28.17,36.77,100634.77,81399.05,3845.3,12904.25,20207.95,24017.55,5764.53,21195.92,29300.71,30550.54,30725.9,1.14,aerosol
2026-05-06 21:33:19,565,28.26,36.81,100633.46,80025.01,1730.57,4728.23,7123.31,8372.58,5184.95,10685.21,13356.28,13766.9,13824.75,0.84,aerosol
2026-05-06 21:33:24,565,28.36,36.48,100635.48,82341.59,361.15,814.98,1172.87,1359.55,1494.3,2412.26,2814.29,2875.82,2884.54,0.79,aerosol
2026-05-06 21:33:29,564,28.43,36.44,100634.7,60037.52,55.8,111.41,154.71,177.29,265.75,388.16,437.14,444.6,445.67,0.8,aerosol
2026-05-06 21:33:34,565,28.5,38.39,100635.27,29237.09,208.29,381.13,514.07,583.42,1075.16,1485.59,1637.03,1660.01,1663.3,0.79,aerosol
2026-05-06 21:33:39,564,28.53,39.59,100637.59,52664.06,94.88,171.24,229.83,260.39,495.49,679.27,746.1,756.23,757.68,0.83,aerosol
2026-05-06 21:33:44,566,28.54,38.57,100634.82,56990.2,75.46,135.52,181.57,205.59,395.66,540.92,593.47,601.44,602.58,0.84,aerosol
2026-05-06 21:33:49,566,28.59,37.55,100633.28,77835.21,60.61,109.63,147.27,166.9,315.89,433.62,476.54,483.05,483.99,0.83,aerosol
2026-05-06 21:33:54,571,28.66,36.7,100634.08,75694.85,133.04,241.13,324.14,367.43,692.32,951.39,1046.03,1060.38,1062.44,0.83,aerosol
2026-05-06 21:33:59,571,28.71,38.15,100634.06,70503.99,115.93,206.87,276.52,312.85,611.03,832.43,911.97,924.02,925.75,0.79,aerosol
2026-05-06 21:34:04,572,28.78,39.38,100635.19,70855.24,61.81,108.97,145.01,163.81,329.01,445.28,486.48,492.72,493.62,0.79,aerosol
2026-05-06 21:34:09,573,28.8,38.41,100634.54,79061.15,74.36,127.57,168,189.09,404.27,539.42,585.79,592.8,593.81,0.78,aerosol
2026-05-06 21:34:14,575,28.82,37.04,100633.17,83143.88,72.58,124.84,164.57,185.3,393.78,526.12,571.68,578.57,579.56,0.79,aerosol
2026-05-06 21:34:19,577,28.86,35.87,100632.82,86868,66.19,113.84,150.07,168.97,359.12,479.81,521.35,527.63,528.53,0.79,aerosol
2026-05-06 21:34:24,577,28.9,35.34,100635.69,86340.64,63.31,109.81,145.22,163.69,341.34,458.01,498.57,504.7,505.59,0.81,aerosol
2026-05-06 21:34:29,575,28.94,35.08,100636.19,84460.57,60.55,107.76,143.89,162.74,319.88,435.12,476.39,482.65,483.54,0.84,aerosol
2026-05-06 21:34:34,575,28.97,35.26,100637.16,89136.49,59.22,107.25,144.13,163.37,308.37,423.58,465.63,472.01,472.92,0.85,aerosol
2026-05-06 21:34:39,575,29.03,34.69,100635.66,90363.57,62.04,112.11,150.55,170.6,323.6,443.97,487.81,494.45,495.41,0.82,aerosol
2026-05-06 21:34:44,576,29.07,35.03,100636.55,89136.49,66.65,120.38,161.61,183.12,347.84,477.06,524.09,531.22,532.24,0.81,aerosol
2026-05-06 21:34:49,577,29.11,34.4,100635.5,95220.38,68.01,122.77,164.8,186.72,355.04,486.82,534.75,542.02,543.06,0.82,aerosol
2026-05-06 21:34:54,576,28.99,34.75,100634.27,95593.73,71.4,127.49,170.46,192.88,376.09,512.57,561.63,569.06,570.13,0.81,aerosol
2026-05-06 21:34:59,578,29.1,34.62,100635.26,97393.95,80.47,143.21,191.24,216.29,425.04,578.2,633.06,641.37,642.56,0.83,aerosol
2026-05-06 21:35:04,581,29.17,34.44,100634.28,99090.38,86.45,154.82,207.22,234.56,454.29,620.14,679.96,689.02,690.32,0.81,aerosol
2026-05-06 21:35:09,588,29.19,33.82,100634.75,100846.95,86.72,152.05,201.92,227.93,463.52,625.53,682.58,691.21,692.46,0.79,aerosol
2026-05-06 21:35:14,592,29.24,33.27,100636.26,102297.7,82.03,139.99,183.98,206.93,447.76,595.86,646.35,653.97,655.07,0.75,aerosol
2026-05-06 21:35:19,593,29.3,33.23,100635.56,103727.71,57.69,95.78,124.51,139.49,321.32,421.9,454.99,459.97,460.69,0.74,aerosol
2026-05-06 21:35:24,595,29.34,33.1,100634.32,102852.55,47.93,77.47,99.61,111.16,271.95,352.7,378.3,382.15,382.71,0.73,aerosol
2026-05-06 21:35:29,598,29.36,33.32,100634.83,104107.36,49,79.42,102.23,114.13,277.5,360.35,386.71,390.68,391.25,0.77,aerosol
2026-05-06 21:35:34,598,29.39,33.08,100632.67,104682.07,50.04,82.1,106.22,118.8,280.99,366.93,394.75,398.94,399.55,0.77,aerosol
2026-05-06 21:35:39,599,29.42,33.32,100632.55,103727.71,79.63,131.61,170.78,191.21,444.91,582.95,628.09,634.89,635.88,0.78,aerosol
2026-05-06 21:35:44,601,29.43,33.33,100634.27,104553.8,37.76,61.88,80.02,89.48,212.21,276.96,297.89,301.04,301.49,0.77,aerosol
2026-05-06 21:35:49,601,29.45,33.02,100635.2,105785.12,35.57,57.65,74.2,82.83,201.49,261.63,280.76,283.63,284.05,0.74,aerosol
2026-05-06 21:35:54,601,29.45,33.05,100633.52,105588.78,31.62,50.51,64.62,71.98,180.89,233.36,249.7,252.15,252.51,0.73,aerosol
2026-05-06 21:35:59,600,29.48,32.92,100634.09,105458.29,31.45,49.86,63.58,70.73,180.78,232.46,248.37,250.76,251.11,0.73,aerosol
2026-05-06 21:36:04,600,29.49,33.45,100634.24,104810.65,32.93,52.23,66.61,74.11,189.29,243.43,260.1,262.61,262.97,0.76,aerosol
2026-05-06 21:36:09,600,29.5,33.31,100635.45,105654.15,32.97,53.24,68.42,76.34,187.18,242.66,260.21,262.85,263.24,0.77,aerosol
2026-05-06 21:36:14,601,29.52,33.2,100635.26,106911.67,31.36,51.37,66.43,74.28,176.3,230.05,247.41,250.03,250.41,0.77,aerosol
2026-05-06 21:36:19,600,29.55,33.34,100634.11,105850.73,26.59,43.66,56.51,63.21,149.26,194.97,209.78,212.01,212.34,0.78,aerosol
2026-05-06 21:36:24,600,29.57,33.09,100633.77,107585.62,42.2,69.95,90.89,101.8,235.26,308.7,332.81,336.44,336.97,0.8,aerosol
2026-05-06 21:36:29,599,29.59,32.61,100634.97,107994.09,91.65,153.03,199.41,223.59,508.34,669.3,722.67,730.71,731.88,0.81,aerosol
2026-05-06 21:36:34,598,29.62,32.42,100635.13,107450.16,100.88,172.28,226.48,254.76,550.32,732.62,794.82,804.22,805.57,0.81,aerosol
2026-05-06 21:36:39,598,29.64,32.53,100634.24,108751.06,101.93,178.78,237.45,268.05,544.69,735.19,802.31,812.46,813.93,0.83,aerosol
2026-05-06 21:36:44,597,29.66,32.65,100634.3,110511.55,98.01,173.68,231.56,261.75,519.48,705.04,771.18,781.19,782.63,0.84,aerosol
2026-05-06 21:36:49,597,29.69,32.46,100635.16,110511.55,91.71,163.72,218.88,247.65,483.19,658.43,721.42,730.96,732.33,0.81,aerosol
2026-05-06 21:36:54,598,29.7,32.94,100635.59,111304.35,89.04,158.14,211.02,238.6,471.12,640.17,700.58,709.73,711.04,0.81,aerosol
2026-05-06 21:36:59,597,29.73,32.7,100636.05,111888.11,87.27,153.3,203.72,230.01,465.86,629.27,686.94,695.67,696.92,0.77,aerosol
2026-05-06 21:37:04,597,29.76,32.44,100634.77,112700.86,85.06,144.91,190.34,214.03,464.81,618.06,670.2,678.07,679.21,0.74,aerosol
2026-05-06 21:37:09,597,29.77,32.37,100634.23,112478.03,83.13,138.67,180.63,202.51,461.37,607.19,655.48,662.75,663.81,0.76,aerosol
2026-05-06 21:37:14,593,29.79,32.17,100632.62,113149.17,76.42,127.41,165.91,185.99,424.33,558.28,602.6,609.28,610.25,0.77,aerosol
2026-05-06 21:37:19,596,29.79,32.13,100630.31,114438.98,72.39,119.78,155.5,174.13,404.1,529.77,570.93,577.13,578.03,0.78,aerosol
2026-05-06 21:37:24,596,29.81,31.83,100631.15,115915.78,72.02,118.48,153.45,171.69,403.69,527.8,568.12,574.2,575.08,0.78,aerosol
2026-05-06 21:37:29,594,29.82,31.43,100632.56,118244.8,71.31,119.44,155.83,174.81,394.58,520.32,562.18,568.49,569.4,0.8,aerosol
2026-05-06 21:37:34,594,29.81,31.2,100631.45,118738.41,71.58,118.56,153.98,172.45,399.33,523.75,564.56,570.71,571.59,0.76,aerosol
2026-05-06 21:37:39,593,29.82,30.99,100631.94,117512.05,72.6,117.61,151.35,168.95,411.36,534.02,573.02,578.88,579.73,0.72,aerosol
2026-05-06 21:37:44,593,29.85,30.81,100631.52,116708.45,72.22,116.53,149.71,167.02,410.3,531.71,570.08,575.85,576.69,0.75,aerosol
2026-05-06 21:37:49,591,29.85,30.98,100632.68,117999.54,70.8,115.33,148.76,166.2,399.58,520.06,558.67,564.48,565.32,0.78,aerosol
2026-05-06 21:37:54,589,29.87,30.99,100632.83,119402.98,70.46,116.61,151.41,169.56,393.24,515.6,555.7,561.74,562.61,0.77,aerosol
2026-05-06 21:37:59,590,29.89,30.76,100631.18,118738.41,71.01,117.9,153.27,171.73,395.4,519.22,559.96,566.1,566.99,0.77,aerosol
2026-05-06 21:38:04,590,29.89,30.72,100631.06,119486.58,71.99,120.79,157.7,176.96,397.83,525.05,567.5,573.9,574.82,0.78,aerosol
2026-05-06 21:38:09,588,29.89,30.57,100631.15,119152.9,73.15,123.92,162.41,182.48,401.43,532.28,576.48,583.16,584.12,0.8,aerosol
2026-05-06 21:38:14,589,29.89,30.74,100631.45,119319.51,74.16,126.23,165.74,186.35,405.56,539.03,584.38,591.23,592.22,0.78,aerosol
2026-05-06 21:38:19,590,29.9,30.61,100630.87,119990.62,74.72,125.44,163.81,183.82,412.79,544.93,589.05,595.7,596.66,0.78,aerosol
2026-05-06 21:38:24,590,29.93,30.48,100632,121528.6,74.4,127.03,167,187.84,405.9,540.32,586.18,593.11,594.11,0.82,aerosol
2026-05-06 21:38:29,589,29.95,30.5,100632.13,118821.07,73.32,125.38,164.92,185.54,399.56,532.28,577.64,584.49,585.48,0.78,aerosol
2026-05-06 21:38:35,588,29.97,30.79,100631.98,119486.58,70.71,118.7,155,173.93,390.69,515.72,557.46,563.76,564.67,0.75,aerosol
2026-05-06 21:38:40,587,29.99,30.96,100633.24,118986.75,61.47,102.96,134.33,150.69,340.13,448.52,484.6,490.04,490.83,0.77,aerosol
2026-05-06 21:38:45,586,30.01,31.02,100632.71,119486.58,64.11,107.69,140.66,157.85,354.07,467.52,505.43,511.14,511.97,0.78,aerosol
2026-05-06 21:38:50,585,30.03,30.81,100632.59,120925.84,62.13,105.37,138.15,155.25,340.65,451.95,489.6,495.28,496.1,0.79,aerosol
2026-05-06 21:38:55,581,30.04,30.68,100632.61,120754.72,59.05,100.51,131.97,148.38,322.91,429.17,465.29,470.74,471.53,0.79,aerosol
2026-05-06 21:39:00,580,30.06,30.92,100633.72,120754.72,58.03,96.74,125.97,141.22,322.19,423.9,457.55,462.62,463.35,0.76,aerosol
2026-05-06 21:39:05,581,30.07,30.96,100633.2,120840.22,59.88,98.5,127.57,142.74,335.7,438.88,472.4,477.45,478.18,0.77,aerosol
2026-05-06 21:39:10,581,30.1,30.77,100632.5,121615.2,60.2,99.75,129.57,145.13,335.77,440.47,474.82,479.99,480.74,0.78,aerosol
2026-05-06 21:39:15,580,30.11,30.77,100633.5,122576.01,60.95,103.24,135.3,152.03,334.47,443.49,480.31,485.87,486.68,0.8,aerosol
2026-05-06 21:39:20,579,30.11,30.41,100633.35,123552.12,61.68,105.29,138.41,155.68,336.55,447.96,485.96,491.7,492.52,0.77,aerosol
2026-05-06 21:39:25,579,30.11,30.4,100631.92,123106.52,62.99,105.82,138.23,155.13,347.77,459.26,496.52,502.14,502.95,0.75,aerosol
2026-05-06 21:39:30,577,30.1,30.17,100632.41,123731.27,63.84,105.49,136.89,153.26,356.72,467.36,503.54,508.98,509.77,0.75,aerosol
2026-05-06 21:39:35,575,30.12,30,100632.08,123284.38,65.73,108.03,139.86,156.47,368.67,481.8,518.51,524.04,524.84,0.77,aerosol
2026-05-06 21:39:40,576,30.12,30.25,100632.47,121442.12,67.22,112.72,147.13,165.08,371.66,490.36,529.94,535.91,536.77,0.81,aerosol
2026-05-06 21:39:45,575,30.12,30.42,100632.77,122576.01,68.62,119.38,158.08,178.27,369,495.94,540.25,546.95,547.92,0.83,aerosol
2026-05-06 21:39:50,574,30.11,30.57,100631.7,123195.38,68.59,122.41,163.63,185.13,361.49,492.5,539.57,546.7,547.73,0.81,aerosol
2026-05-06 21:39:55,572,30.09,30.63,100632.7,124362.4,67.36,120.36,160.96,182.14,354.63,483.49,529.85,536.87,537.88,0.81,aerosol
2026-05-06 21:40:00,572,30.1,30.63,100633.09,125367.29,60.42,109.23,146.69,166.23,315.12,432.4,475.12,481.6,482.53,0.83,aerosol
2026-05-06 21:40:05,572,30.11,30.45,100634.36,125829.45,57.13,102.78,137.79,156.05,299.17,409.39,449.33,455.39,456.26,0.82,aerosol
2026-05-06 21:40:10,571,30.11,30.56,100635.55,127331.51,53.78,97.14,130.42,147.78,280.67,384.95,422.91,428.66,429.49,0.8,aerosol
2026-05-06 21:40:15,573,30.13,30.12,100633.68,128288.65,52.23,95.56,128.88,146.27,269.6,372.5,410.47,416.23,417.05,0.83,aerosol
2026-05-06 21:40:20,573,30.15,30.12,100633.08,127331.51,50.42,91.86,123.72,140.34,261.2,360.03,396.33,401.84,402.63,0.81,aerosol
2026-05-06 21:40:25,574,30.15,30.2,100633.91,126482.21,50.63,90.82,121.62,137.69,265.75,363.07,398.23,403.56,404.32,0.8,aerosol
2026-05-06 21:40:30,572,30.18,30.05,100630.83,128772.63,51.7,91.2,121.39,137.14,275.05,372.37,406.89,412.11,412.86,0.79,aerosol
2026-05-06 21:40:35,575,30.21,29.79,100632.99,128578.6,53.52,92.52,122.2,137.69,289.26,387.48,421.49,426.63,427.37,0.77,aerosol
2026-05-06 21:40:40,572,30.2,29.53,100631.55,129456.38,56,94.62,123.88,139.14,307.89,407.74,441.35,446.43,447.16,0.76,aerosol
2026-05-06 21:40:45,572,30.23,29.49,100634.33,127808.29,56.6,94.69,123.48,138.5,313.51,413.16,446.28,451.28,452,0.78,aerosol
2026-05-06 21:40:50,570,30.23,29.95,100632.34,126858.27,56.45,93.64,121.7,136.34,314.54,412.86,445.17,450.04,450.75,0.76,aerosol
2026-05-06 21:40:55,571,30.26,30.17,100632.09,128675.55,56.06,92.41,119.78,134.06,313.83,410.69,442.24,446.99,447.68,0.77,aerosol
2026-05-06 21:41:00,570,30.27,30,100632.67,128869.88,55.62,91.53,118.57,132.67,311.69,407.59,438.76,443.46,444.14,0.77,aerosol
2026-05-06 21:41:05,569,30.27,29.88,100631.91,128967.26,55.91,91.93,119.04,133.18,313.48,409.77,441.03,445.74,446.42,0.78,aerosol
2026-05-06 21:41:10,568,30.28,29.93,100631.42,127712.65,54.87,90.68,117.66,131.74,306.57,401.68,432.77,437.46,438.14,0.79,aerosol
2026-05-06 21:41:15,567,30.28,30.05,100632.34,129554.66,53.69,88.4,114.54,128.18,300.76,393.39,423.52,428.06,428.72,0.76,aerosol
2026-05-06 21:41:20,566,30.28,30,100632.76,129456.38,53.78,87.66,113.11,126.38,303.44,395.03,424.41,428.83,429.47,0.75,aerosol
2026-05-06 21:41:25,566,30.28,30.03,100631.68,128385.16,57.07,93.51,120.91,135.21,320.78,418.63,450.24,455,455.69,0.78,aerosol
2026-05-06 21:41:30,562,30.28,29.88,100632.55,130246.76,59.23,98.58,128.28,143.78,329.3,432.9,467.09,472.25,472.99,0.78,aerosol
2026-05-06 21:41:35,562,30.28,29.59,100631.4,130545.64,60.37,102.11,133.74,150.23,331.66,439.43,475.77,481.25,482.04,0.79,aerosol
2026-05-06 21:41:40,560,30.3,29.69,100631.59,131248.39,59.28,103.05,136.41,153.81,319.02,428.58,466.77,472.55,473.38,0.81,aerosol
2026-05-06 21:41:45,561,30.3,29.82,100631.59,131856.81,57.41,101.56,135.32,152.93,304.73,413.18,451.77,457.61,458.45,0.81,aerosol
2026-05-06 21:41:50,561,30.3,29.81,100631.95,131755.02,56.45,100.07,133.43,150.83,299.17,406.09,444.21,449.98,450.81,0.8,aerosol
2026-05-06 21:41:55,563,30.3,29.87,100632.39,131653.38,56.41,99.37,132.2,149.32,300.42,406.43,443.96,449.65,450.46,0.8,aerosol
2026-05-06 21:42:00,563,30.3,29.88,100634.41,132573.8,54.79,94.47,124.66,140.4,296.75,396.97,431.57,436.8,437.55,0.75,aerosol
2026-05-06 21:42:05,563,30.3,30.04,100632.88,132573.8,52.74,89.95,118.19,132.92,287.96,383.11,415.52,420.42,421.12,0.79,aerosol
2026-05-06 21:42:10,562,30.33,29.99,100632.29,132780.08,51.19,87.02,114.2,128.38,280.21,372.19,403.39,408.1,408.78,0.78,aerosol
2026-05-06 21:42:15,561,30.34,29.89,100632.8,134031.41,50.82,85.17,111.14,124.69,281.12,370.79,400.66,405.17,405.82,0.76,aerosol
2026-05-06 21:42:20,560,30.36,29.81,100632.81,133611.69,51.08,84.49,109.69,122.83,285.17,373.81,402.84,407.21,407.84,0.75,aerosol
2026-05-06 21:42:25,559,30.32,29.69,100632.88,134985.5,50.94,82.1,105.43,117.6,289.58,375.09,402.07,406.13,406.72,0.71,aerosol
2026-05-06 21:42:30,557,30.31,29.62,100633.05,135413.91,51.13,80.78,102.86,114.37,294.62,378.27,403.89,407.73,408.29,0.71,aerosol
2026-05-06 21:42:35,554,30.27,29.82,100629.91,136278.95,51.77,81.04,102.78,114.12,300.04,383.74,409,412.79,413.34,0.71,aerosol
2026-05-06 21:42:40,553,30.23,29.61,100630.05,135521.44,53.52,83.63,105.97,117.63,310.62,396.94,422.91,426.8,427.37,0.74,aerosol
2026-05-06 21:42:45,553,30.19,29.89,100631.24,136387.86,56.33,87.29,110.2,122.15,328.67,418.55,445.22,449.22,449.8,0.71,aerosol
2026-05-06 21:42:50,551,30.15,29.88,100631.59,136061.66,57.11,88.08,110.96,122.9,334.19,424.75,451.42,455.41,455.99,0.72,aerosol
2026-05-06 21:42:55,553,30.18,30.66,100631.23,132676.86,56.23,88.1,111.76,124.1,325.78,416.78,444.28,448.4,449,0.74,aerosol
2026-05-06 21:43:00,557,30.18,31.1,100631.22,136170.22,54.97,87.47,111.72,124.37,315.24,406.01,434.11,438.33,438.94,0.75,aerosol
2026-05-06 21:43:05,560,30.21,30.64,100630.76,137819.66,53.06,84.74,108.41,120.75,303.5,391.53,418.94,423.06,423.65,0.74,aerosol
2026-05-06 21:43:10,561,30.22,30.55,100629.41,136606.19,51.99,82.32,104.92,116.71,299.08,384.38,410.59,414.53,415.1,0.76,aerosol
2026-05-06 21:43:15,564,30.19,30.49,100632.16,139737.98,52.03,82.19,104.65,116.36,299.79,384.9,410.96,414.86,415.43,0.75,aerosol
2026-05-06 21:43:20,567,30.17,30.2,100631.9,141475.55,52.09,82.8,105.7,117.65,298.9,384.79,411.34,415.33,415.91,0.77,aerosol
2026-05-06 21:43:25,568,30.14,30.1,100631.64,141475.55,51.62,83.54,107.48,119.97,292.6,379.72,407.38,411.54,412.15,0.77,aerosol
2026-05-06 21:43:30,567,30.1,30.39,100632.97,138154.34,51.89,84.21,108.46,121.11,293.66,381.54,409.55,413.76,414.37,0.75,aerosol
2026-05-06 21:43:35,569,30.07,30.51,100632.16,140659.34,52.19,83.7,107.27,119.56,297.7,384.75,412.03,416.13,416.72,0.73,aerosol
2026-05-06 21:43:40,571,30.05,30.44,100630.85,139967.19,51.89,82.01,104.43,116.13,298.94,383.87,409.89,413.79,414.36,0.74,aerosol
2026-05-06 21:43:45,572,30.05,30.4,100631.59,140891.58,52.27,82.57,105.13,116.9,301.23,386.73,412.91,416.83,417.41,0.74,aerosol
2026-05-06 21:43:50,574,30.05,30.36,100631.3,139852.5,54.3,85.86,109.37,121.63,312.67,401.6,428.87,432.96,433.56,0.78,aerosol
2026-05-06 21:43:55,572,30.05,30.51,100631.35,140659.34,54.33,87.14,111.67,124.47,309.87,400.5,428.9,433.17,433.79,0.78,aerosol
2026-05-06 21:44:00,572,30.05,30.64,100632.15,142182.73,53.02,85.75,110.29,123.09,300.68,390.08,418.45,422.71,423.33,0.77,aerosol
2026-05-06 21:44:05,573,30.06,30.65,100632.44,141475.55,50.71,83.32,107.86,120.66,284.5,371.75,400.06,404.32,404.94,0.79,aerosol
2026-05-06 21:44:10,570,30.06,30.82,100631.65,141241.38,48.3,80.56,104.92,117.63,268.09,352.79,380.84,385.06,385.67,0.81,aerosol
2026-05-06 21:44:15,571,30.07,30.56,100630.66,142301.28,46.83,79.45,104.18,117.08,256.68,340.6,369.01,373.29,373.91,0.8,aerosol
2026-05-06 21:44:20,571,30.08,30.44,100632.14,141475.55,45.17,77.06,101.27,113.9,246.62,328.14,355.92,360.12,360.72,0.8,aerosol
2026-05-06 21:44:25,572,30.09,30.53,100631.42,142064.38,45.31,76.83,100.73,113.19,248.49,329.64,357.08,361.23,361.82,0.79,aerosol
2026-05-06 21:44:30,572,30.1,30.25,100631.41,142897.02,45.47,76.56,100.09,112.37,250.65,331.36,358.41,362.49,363.08,0.78,aerosol
2026-05-06 21:44:35,571,30.09,30.33,100631.3,142658.12,46.07,77.83,101.88,114.43,253.33,335.45,363.09,367.26,367.86,0.81,aerosol
2026-05-06 21:44:41,570,30.1,30.01,100630.7,144103.58,47.15,78.99,103.06,115.62,260.84,343.99,371.69,375.86,376.47,0.79,aerosol
2026-05-06 21:44:46,570,30.1,30.2,100630.61,142897.02,48.04,78.48,101.36,113.3,270.58,352.64,379.04,383.02,383.59,0.76,aerosol
2026-05-06 21:44:51,568,30.12,30.37,100631.88,144103.58,47.51,77,99.12,110.66,269.06,349.39,374.95,378.79,379.35,0.77,aerosol
